2026-06-17 09:01:24,538 [INFO] Activator:176 - 


2026-06-17 09:01:24,546 [INFO] Activator:177 - !SESSION log4j initialized
2026-06-17 09:01:45,628 [INFO] LogOutputStream:77 - [STDOUT_REDIRECT] 
2026-06-17 09:01:58,472 [INFO] ApplicationProperties:184 - Using Application install path: C:\ST\STM32CubeIDE_1.19.0\STM32CubeIDE\plugins\com.st.stm32cube.common.mx_6.15.0.202507011659
2026-06-17 09:01:58,522 [INFO] DbMcusXml:78 - Set database path to: C:\ST\STM32CubeIDE_1.19.0\STM32CubeIDE\plugins\com.st.stm32cube.common.mx_6.15.0.202507011659\\db\/mcu/
2026-06-17 09:01:58,523 [INFO] ApiDb:274 - Set plugin database path to: C:\ST\STM32CubeIDE_1.19.0\STM32CubeIDE\plugins\com.st.stm32cube.common.mx_6.15.0.202507011659\\db\/plugins/boardmanager/
2026-06-17 09:01:58,523 [WARN] ApiDb:259 - Overriding images path with different value:  => C:\ST\STM32CubeIDE_1.19.0\STM32CubeIDE\plugins\com.st.stm32cube.common.mx_6.15.0.202507011659\\db\/plugins/mcufinder/images/
2026-06-17 09:01:58,547 [INFO] ApiDb:250 - Set database path to: C:\Users\Usuario\.stmcufinder\plugins\mcufinder//mcu/
2026-06-17 09:01:58,550 [INFO] DbMcusAds:125 - Set database path to: C:\Users\Usuario\.stmcufinder\plugins\mcufinder//mcu/
2026-06-17 09:01:58,641 [INFO] CrossReferenceDbSqlite:203 - Set database path to: C:\Users\Usuario\.stmcufinder\plugins\mcufinder//mcu/cs/
2026-06-17 09:01:58,896 [INFO] RulesReader:64 - Compatibility file has been processed (317 Rules)
2026-06-17 09:01:59,099 [INFO] DbMcusXml:78 - Set database path to: C:\ST\STM32CubeIDE_1.19.0\STM32CubeIDE\plugins\com.st.stm32cube.common.mx_6.15.0.202507011659\\db\/mcu/
2026-06-17 09:01:59,099 [INFO] ApiDb:274 - Set plugin database path to: C:\ST\STM32CubeIDE_1.19.0\STM32CubeIDE\plugins\com.st.stm32cube.common.mx_6.15.0.202507011659\\db\/plugins/boardmanager/
2026-06-17 09:01:59,100 [INFO] ApiDb:261 - Set plugin images path to: C:\ST\STM32CubeIDE_1.19.0\STM32CubeIDE\plugins\com.st.stm32cube.common.mx_6.15.0.202507011659\\db\/plugins/mcufinder/images/
2026-06-17 09:01:59,100 [WARN] DbFile:41 - Overriding database path with different value: C:\Users\Usuario\.stmcufinder\plugins\mcufinder/ => C:\Users\Usuario\.stmcufinder\plugins\mcufinder
2026-06-17 09:01:59,100 [INFO] ApiDb:250 - Set database path to: C:\Users\Usuario\.stmcufinder\plugins\mcufinder//mcu/
2026-06-17 09:01:59,101 [WARN] DbFile:41 - Overriding database path with different value: C:\Users\Usuario\.stmcufinder\plugins\mcufinder/ => C:\Users\Usuario\.stmcufinder\plugins\mcufinder
2026-06-17 09:01:59,101 [INFO] DbMcusAds:125 - Set database path to: C:\Users\Usuario\.stmcufinder\plugins\mcufinder//mcu/
2026-06-17 09:01:59,101 [WARN] DbFile:41 - Overriding database path with different value: C:\Users\Usuario\.stmcufinder\plugins\mcufinder/ => C:\Users\Usuario\.stmcufinder\plugins\mcufinder
2026-06-17 09:01:59,101 [WARN] DbFile:41 - Overriding database path with different value: C:\Users\Usuario\.stmcufinder\plugins\mcufinder/ => C:\Users\Usuario\.stmcufinder\plugins\mcufinder
2026-06-17 09:01:59,101 [INFO] CrossReferenceDbSqlite:203 - Set database path to: C:\Users\Usuario\.stmcufinder\plugins\mcufinder//mcu/cs/
2026-06-17 09:01:59,301 [INFO] MainPanel:274 - HeapMemory: 268435456
2026-06-17 09:01:59,538 [INFO] DbMcusXml:78 - Set database path to: C:\ST\STM32CubeIDE_1.19.0\STM32CubeIDE\plugins\com.st.stm32cube.common.mx_6.15.0.202507011659\\db\/mcu/
2026-06-17 09:01:59,538 [INFO] ApiDb:274 - Set plugin database path to: C:\ST\STM32CubeIDE_1.19.0\STM32CubeIDE\plugins\com.st.stm32cube.common.mx_6.15.0.202507011659\\db\/plugins/boardmanager/
2026-06-17 09:01:59,538 [INFO] ApiDb:261 - Set plugin images path to: C:\ST\STM32CubeIDE_1.19.0\STM32CubeIDE\plugins\com.st.stm32cube.common.mx_6.15.0.202507011659\\db\/plugins/mcufinder/images/
2026-06-17 09:01:59,539 [WARN] DbFile:41 - Overriding database path with different value: C:\Users\Usuario\.stmcufinder\plugins\mcufinder/ => C:\Users\Usuario\.stmcufinder\plugins\mcufinder
2026-06-17 09:01:59,539 [INFO] ApiDb:250 - Set database path to: C:\Users\Usuario\.stmcufinder\plugins\mcufinder//mcu/
2026-06-17 09:01:59,540 [WARN] DbFile:41 - Overriding database path with different value: C:\Users\Usuario\.stmcufinder\plugins\mcufinder/ => C:\Users\Usuario\.stmcufinder\plugins\mcufinder
2026-06-17 09:01:59,540 [INFO] DbMcusAds:125 - Set database path to: C:\Users\Usuario\.stmcufinder\plugins\mcufinder//mcu/
2026-06-17 09:01:59,540 [WARN] DbFile:41 - Overriding database path with different value: C:\Users\Usuario\.stmcufinder\plugins\mcufinder/ => C:\Users\Usuario\.stmcufinder\plugins\mcufinder
2026-06-17 09:01:59,540 [WARN] DbFile:41 - Overriding database path with different value: C:\Users\Usuario\.stmcufinder\plugins\mcufinder/ => C:\Users\Usuario\.stmcufinder\plugins\mcufinder
2026-06-17 09:01:59,540 [INFO] CrossReferenceDbSqlite:203 - Set database path to: C:\Users\Usuario\.stmcufinder\plugins\mcufinder//mcu/cs/
2026-06-17 09:01:59,577 [INFO] ApplicationProperties:184 - Using Application install path: C:\ST\STM32CubeIDE_1.19.0\STM32CubeIDE\plugins\com.st.stm32cube.common.mx_6.15.0.202507011659
2026-06-17 09:01:59,580 [INFO] PluginManage:196 - Search for loadable plugins [exclusion list=, ]
2026-06-17 09:01:59,585 [INFO] PluginManage:310 - Check plugin analytics
2026-06-17 09:02:09,426 [INFO] AnalyticsPlugin:253 - Accepted Software Licenses: 
2026-06-17 09:02:09,426 [INFO] AnalyticsPlugin:255 - Accepted CMSIS Pack Licenses: 
2026-06-17 09:02:09,427 [INFO] AnalyticsPlugin:257 - Accepted Firmware Licenses: 
2026-06-17 09:02:09,433 [INFO] PluginManage:359 - Loaded plugin analytics (category:tool,tabindex:-1)
2026-06-17 09:02:09,433 [INFO] PluginManage:310 - Check plugin cadmodel
2026-06-17 09:02:09,445 [INFO] CADModel:105 - Init CAD model plugin
2026-06-17 09:02:09,445 [INFO] PluginManage:359 - Loaded plugin cadmodel (category:power,tabindex:5)
2026-06-17 09:02:09,445 [INFO] PluginManage:310 - Check plugin clock
2026-06-17 09:02:09,461 [INFO] PluginManage:359 - Loaded plugin clock (category:base,tabindex:2)
2026-06-17 09:02:09,462 [INFO] PluginManage:310 - Check plugin ddr
2026-06-17 09:02:09,466 [INFO] PluginManage:359 - Loaded plugin ddr (category:tool,tabindex:6)
2026-06-17 09:02:09,466 [INFO] PluginManage:310 - Check plugin filemanager
2026-06-17 09:02:09,778 [INFO] PluginManage:359 - Loaded plugin filemanager (category:base,tabindex:10)
2026-06-17 09:02:09,778 [INFO] PluginManage:310 - Check plugin ipmanager
2026-06-17 09:02:09,790 [INFO] PluginManage:359 - Loaded plugin ipmanager (category:base,tabindex:5)
2026-06-17 09:02:09,791 [INFO] PluginManage:310 - Check plugin lpbam
2026-06-17 09:02:09,802 [INFO] PluginManage:359 - Loaded plugin lpbam (category:base,tabindex:0)
2026-06-17 09:02:09,802 [INFO] PluginManage:310 - Check plugin memorymap
2026-06-17 09:02:09,834 [INFO] PluginManage:359 - Loaded plugin memorymap (category:base,tabindex:4)
2026-06-17 09:02:09,834 [INFO] PluginManage:310 - Check plugin pinoutandconfiguration
2026-06-17 09:02:09,853 [INFO] PluginManage:359 - Loaded plugin pinoutandconfiguration (category:base,tabindex:1)
2026-06-17 09:02:09,853 [INFO] PluginManage:310 - Check plugin pinoutconfig
2026-06-17 09:02:10,022 [WARN] SupportedApi:132 - Cannot load RTOS API schema: s4s-elt-must-match.1: The content of 'definitions' must match (annotation?, (simpleType | complexType)?, (unique | key | keyref)*)). A problem was found starting at: attribute.
2026-06-17 09:02:10,323 [INFO] PluginManage:359 - Loaded plugin pinoutconfig (category:base,tabindex:0)
2026-06-17 09:02:10,324 [INFO] PluginManage:310 - Check plugin power
2026-06-17 09:02:10,346 [INFO] PluginManage:359 - Loaded plugin power (category:power,tabindex:4)
2026-06-17 09:02:10,346 [INFO] PluginManage:310 - Check plugin projectmanager
2026-06-17 09:02:10,376 [INFO] PluginManage:359 - Loaded plugin projectmanager (category:projectmanager,tabindex:4)
2026-06-17 09:02:10,376 [INFO] PluginManage:310 - Check plugin rif
2026-06-17 09:02:10,391 [INFO] PluginManage:359 - Loaded plugin rif (category:base,tabindex:3)
2026-06-17 09:02:10,391 [INFO] PluginManage:310 - Check plugin thirdparty
2026-06-17 09:02:10,660 [INFO] PluginManage:359 - Loaded plugin thirdparty (category:base,tabindex:-1)
2026-06-17 09:02:10,660 [WARN] IntegrityCheckThread:84 - waiting for thirdparty lock release [integrity check]
2026-06-17 09:02:10,660 [INFO] IntegrityCheckThread:86 - entering critical section [integrity check]
2026-06-17 09:02:10,660 [INFO] PluginManage:310 - Check plugin tools
2026-06-17 09:02:10,661 [INFO] ThirdPartyUpdaterWithRetryManager:70 - Updater plugin not ready yet. [1/15]
2026-06-17 09:02:10,667 [INFO] PluginManage:359 - Loaded plugin tools (category:base,tabindex:7)
2026-06-17 09:02:10,667 [INFO] PluginManage:310 - Check plugin tutovideos
2026-06-17 09:02:11,100 [INFO] PluginManage:359 - Loaded plugin tutovideos (category:base,tabindex:-1)
2026-06-17 09:02:11,100 [INFO] PluginManage:310 - Check plugin updater
2026-06-17 09:02:11,141 [INFO] PluginManage:359 - Loaded plugin updater (category:base,tabindex:12)
2026-06-17 09:02:11,141 [INFO] PluginManage:310 - Check plugin userauth
2026-06-17 09:02:11,148 [INFO] UserAuth:118 - Init User Auth plugin
2026-06-17 09:02:11,150 [INFO] PluginManage:359 - Loaded plugin userauth (category:base,tabindex:14)
2026-06-17 09:02:11,150 [INFO] PluginManage:283 - PluginManage : Loaded plugins [18]
2026-06-17 09:02:11,523 [INFO] PinOutPanel:1589 - setPackage(No Configuration,No Configuration)
2026-06-17 09:02:11,697 [INFO] CADModel:165 - CPN selected for project level
2026-06-17 09:02:11,697 [INFO] CADModel:114 - Register for checkConnection events
2026-06-17 09:02:11,732 [INFO] IPUIPlugin:80 - create IPUIPlugin
2026-06-17 09:02:11,732 [INFO] PluginManager:220 - loadIPPluginJar : add adc
2026-06-17 09:02:11,738 [INFO] IPUIPlugin:80 - create IPUIPlugin
2026-06-17 09:02:11,739 [INFO] PluginManager:220 - loadIPPluginJar : add aes
2026-06-17 09:02:11,745 [INFO] IPUIPlugin:80 - create IPUIPlugin
2026-06-17 09:02:11,745 [INFO] PluginManager:220 - loadIPPluginJar : add can
2026-06-17 09:02:11,751 [INFO] IPUIPlugin:80 - create IPUIPlugin
2026-06-17 09:02:11,751 [INFO] PluginManager:220 - loadIPPluginJar : add comp
2026-06-17 09:02:11,762 [INFO] IPUIPlugin:80 - create IPUIPlugin
2026-06-17 09:02:11,763 [INFO] PluginManager:220 - loadIPPluginJar : add cryp
2026-06-17 09:02:11,769 [INFO] IPUIPlugin:80 - create IPUIPlugin
2026-06-17 09:02:11,769 [INFO] PluginManager:220 - loadIPPluginJar : add ddr_ctrl_phy
2026-06-17 09:02:11,774 [INFO] IPUIPlugin:80 - create IPUIPlugin
2026-06-17 09:02:11,775 [INFO] PluginManager:220 - loadIPPluginJar : add dfsdm
2026-06-17 09:02:11,784 [INFO] IPUIPlugin:80 - create IPUIPlugin
2026-06-17 09:02:11,785 [INFO] PluginManager:220 - loadIPPluginJar : add dma
2026-06-17 09:02:11,790 [INFO] IPUIPlugin:80 - create IPUIPlugin
2026-06-17 09:02:11,790 [INFO] PluginManager:220 - loadIPPluginJar : add dma3
2026-06-17 09:02:11,796 [INFO] IPUIPlugin:80 - create IPUIPlugin
2026-06-17 09:02:11,796 [INFO] PluginManager:220 - loadIPPluginJar : add extmemmanager
2026-06-17 09:02:11,799 [INFO] IPUIPlugin:80 - create IPUIPlugin
2026-06-17 09:02:11,799 [INFO] PluginManager:220 - loadIPPluginJar : add fatfs
2026-06-17 09:02:11,809 [INFO] IPUIPlugin:80 - create IPUIPlugin
2026-06-17 09:02:11,809 [INFO] PluginManager:220 - loadIPPluginJar : add fmc
2026-06-17 09:02:11,829 [INFO] IPUIPlugin:80 - create IPUIPlugin
2026-06-17 09:02:11,830 [INFO] PluginManager:220 - loadIPPluginJar : add freertos
2026-06-17 09:02:11,833 [INFO] IPUIPlugin:80 - create IPUIPlugin
2026-06-17 09:02:11,833 [INFO] PluginManager:220 - loadIPPluginJar : add genericplugin
2026-06-17 09:02:11,839 [INFO] IPUIPlugin:80 - create IPUIPlugin
2026-06-17 09:02:11,840 [INFO] PluginManager:220 - loadIPPluginJar : add gfxmmu
2026-06-17 09:02:11,849 [INFO] IPUIPlugin:80 - create IPUIPlugin
2026-06-17 09:02:11,849 [INFO] PluginManager:220 - loadIPPluginJar : add gic
2026-06-17 09:02:11,859 [INFO] IPUIPlugin:80 - create IPUIPlugin
2026-06-17 09:02:11,859 [INFO] PluginManager:220 - loadIPPluginJar : add gpio
2026-06-17 09:02:11,865 [INFO] IPUIPlugin:80 - create IPUIPlugin
2026-06-17 09:02:11,865 [INFO] PluginManager:220 - loadIPPluginJar : add gtzc
2026-06-17 09:02:11,873 [INFO] IPUIPlugin:80 - create IPUIPlugin
2026-06-17 09:02:11,873 [INFO] PluginManager:220 - loadIPPluginJar : add hash
2026-06-17 09:02:11,880 [INFO] IPUIPlugin:80 - create IPUIPlugin
2026-06-17 09:02:11,880 [INFO] PluginManager:220 - loadIPPluginJar : add i2c
2026-06-17 09:02:11,889 [INFO] IPUIPlugin:80 - create IPUIPlugin
2026-06-17 09:02:11,889 [INFO] PluginManager:220 - loadIPPluginJar : add i2s
2026-06-17 09:02:11,896 [INFO] IPUIPlugin:80 - create IPUIPlugin
2026-06-17 09:02:11,896 [INFO] PluginManager:220 - loadIPPluginJar : add i3c
2026-06-17 09:02:11,903 [INFO] IPUIPlugin:80 - create IPUIPlugin
2026-06-17 09:02:11,903 [INFO] PluginManager:220 - loadIPPluginJar : add ipddr
2026-06-17 09:02:11,916 [INFO] IPUIPlugin:80 - create IPUIPlugin
2026-06-17 09:02:11,916 [INFO] PluginManager:220 - loadIPPluginJar : add linkedlist
2026-06-17 09:02:11,923 [INFO] IPUIPlugin:80 - create IPUIPlugin
2026-06-17 09:02:11,923 [INFO] PluginManager:220 - loadIPPluginJar : add lorawan
2026-06-17 09:02:11,928 [INFO] IPUIPlugin:80 - create IPUIPlugin
2026-06-17 09:02:11,928 [INFO] PluginManager:220 - loadIPPluginJar : add ltdc
2026-06-17 09:02:11,938 [INFO] IPUIPlugin:80 - create IPUIPlugin
2026-06-17 09:02:11,938 [INFO] PluginManager:220 - loadIPPluginJar : add mdma
2026-06-17 09:02:11,945 [INFO] IPUIPlugin:80 - create IPUIPlugin
2026-06-17 09:02:11,946 [INFO] PluginManager:220 - loadIPPluginJar : add nvic
2026-06-17 09:02:11,953 [INFO] IPUIPlugin:80 - create IPUIPlugin
2026-06-17 09:02:11,953 [INFO] PluginManager:220 - loadIPPluginJar : add opamp
2026-06-17 09:02:11,966 [INFO] IPUIPlugin:80 - create IPUIPlugin
2026-06-17 09:02:11,966 [INFO] PluginManager:220 - loadIPPluginJar : add openamp
2026-06-17 09:02:11,972 [INFO] IPUIPlugin:80 - create IPUIPlugin
2026-06-17 09:02:11,972 [INFO] PluginManager:220 - loadIPPluginJar : add pdm2pcm
2026-06-17 09:02:11,984 [INFO] IPUIPlugin:80 - create IPUIPlugin
2026-06-17 09:02:11,989 [INFO] PluginManager:220 - loadIPPluginJar : add plateformsettings
2026-06-17 09:02:11,992 [INFO] IPUIPlugin:80 - create IPUIPlugin
2026-06-17 09:02:11,992 [INFO] PluginManager:220 - loadIPPluginJar : add quadspi
2026-06-17 09:02:11,997 [INFO] IPUIPlugin:80 - create IPUIPlugin
2026-06-17 09:02:11,998 [INFO] PluginManager:220 - loadIPPluginJar : add radio
2026-06-17 09:02:12,005 [INFO] IPUIPlugin:80 - create IPUIPlugin
2026-06-17 09:02:12,006 [INFO] PluginManager:220 - loadIPPluginJar : add resmgrutility
2026-06-17 09:02:12,011 [INFO] IPUIPlugin:80 - create IPUIPlugin
2026-06-17 09:02:12,011 [INFO] PluginManager:220 - loadIPPluginJar : add sai
2026-06-17 09:02:12,024 [INFO] IPUIPlugin:80 - create IPUIPlugin
2026-06-17 09:02:12,024 [INFO] PluginManager:220 - loadIPPluginJar : add spi
2026-06-17 09:02:12,036 [INFO] IPUIPlugin:80 - create IPUIPlugin
2026-06-17 09:02:12,036 [INFO] PluginManager:220 - loadIPPluginJar : add stm32_wpan
2026-06-17 09:02:12,040 [INFO] IPUIPlugin:80 - create IPUIPlugin
2026-06-17 09:02:12,041 [INFO] PluginManager:220 - loadIPPluginJar : add tim
2026-06-17 09:02:12,047 [INFO] IPUIPlugin:80 - create IPUIPlugin
2026-06-17 09:02:12,047 [INFO] PluginManager:220 - loadIPPluginJar : add touchsensing
2026-06-17 09:02:12,053 [INFO] IPUIPlugin:80 - create IPUIPlugin
2026-06-17 09:02:12,054 [INFO] PluginManager:220 - loadIPPluginJar : add tracer_emb
2026-06-17 09:02:12,058 [INFO] IPUIPlugin:80 - create IPUIPlugin
2026-06-17 09:02:12,058 [INFO] PluginManager:220 - loadIPPluginJar : add ts
2026-06-17 09:02:12,061 [INFO] IPUIPlugin:80 - create IPUIPlugin
2026-06-17 09:02:12,062 [INFO] PluginManager:220 - loadIPPluginJar : add tsc
2026-06-17 09:02:12,066 [INFO] IPUIPlugin:80 - create IPUIPlugin
2026-06-17 09:02:12,066 [INFO] PluginManager:220 - loadIPPluginJar : add ucpd
2026-06-17 09:02:12,071 [INFO] IPUIPlugin:80 - create IPUIPlugin
2026-06-17 09:02:12,071 [INFO] PluginManager:220 - loadIPPluginJar : add usart
2026-06-17 09:02:12,078 [INFO] IPUIPlugin:80 - create IPUIPlugin
2026-06-17 09:02:12,079 [INFO] PluginManager:220 - loadIPPluginJar : add usbx
2026-06-17 09:02:12,264 [FATAL] Updater:351 - Updater called before beeing initialized
2026-06-17 09:02:12,309 [INFO] RulesReader:64 - Compatibility file has been processed (317 Rules)
2026-06-17 09:02:12,340 [INFO] RulesReader:64 - Compatibility file has been processed (317 Rules)
2026-06-17 09:02:12,363 [INFO] CADModel:165 - CPN selected for project level
2026-06-17 09:02:12,363 [INFO] CADModel:114 - Register for checkConnection events
2026-06-17 09:02:12,364 [FATAL] Updater:351 - Updater called before beeing initialized
2026-06-17 09:02:12,364 [ERROR] CADModel:125 - Updater not yet initialized, retry later 
2026-06-17 09:02:12,655 [FATAL] Updater:351 - Updater called before beeing initialized
2026-06-17 09:02:12,658 [INFO] CADModel:165 - CPN selected for project level
2026-06-17 09:02:12,659 [INFO] CADModel:114 - Register for checkConnection events
2026-06-17 09:02:12,659 [FATAL] Updater:351 - Updater called before beeing initialized
2026-06-17 09:02:12,659 [ERROR] CADModel:125 - Updater not yet initialized, retry later 
2026-06-17 09:02:12,663 [FATAL] Updater:351 - Updater called before beeing initialized
2026-06-17 09:02:12,857 [FATAL] Updater:351 - Updater called before beeing initialized
2026-06-17 09:02:12,862 [INFO] DbMcusAds:53 - JSON generation date=Thu May 28 11:08:16 COT 2026 (1779984496462)
2026-06-17 09:02:12,862 [FATAL] Updater:351 - Updater called before beeing initialized
2026-06-17 09:02:12,940 [WARN] DetailPanel:346 - Failed to get advertising image, set to default
2026-06-17 09:02:13,116 [FATAL] Updater:351 - Updater called before beeing initialized
2026-06-17 09:02:13,120 [FATAL] Updater:351 - Updater called before beeing initialized
2026-06-17 09:02:13,120 [FATAL] Updater:351 - Updater called before beeing initialized
2026-06-17 09:02:13,121 [WARN] DetailPanel:346 - Failed to get advertising image, set to default
2026-06-17 09:02:13,124 [FATAL] Updater:351 - Updater called before beeing initialized
2026-06-17 09:02:13,213 [ERROR] Updater:1198 - MainUpdater not yet initialized. External WinMGr cannot be set.
2026-06-17 09:02:13,216 [INFO] Updater:1134 - Updater Version found : 6.15.0
2026-06-17 09:02:13,243 [INFO] ApplicationProperties:184 - Using Application install path: C:\ST\STM32CubeIDE_1.19.0\STM32CubeIDE\plugins\com.st.stm32cube.common.mx_6.15.0.202507011659
2026-06-17 09:02:13,662 [INFO] ThirdPartyUpdaterWithRetryManager:70 - Updater plugin not ready yet. [2/15]
2026-06-17 09:02:14,845 [ERROR] LogOutputStream:75 - [STDERR_REDIRECT] Jun 17, 2026 9:02:14 AM java.util.prefs.WindowsPreferences <init>
2026-06-17 09:02:14,847 [ERROR] LogOutputStream:75 - [STDERR_REDIRECT] WARNING: Could not open/create prefs root node Software\JavaSoft\Prefs at root 0xffffffff80000002. Windows RegCreateKeyEx(...) returned error code 5.
2026-06-17 09:02:14,847 [ERROR] LogOutputStream:75 - [STDERR_REDIRECT] 
2026-06-17 09:02:15,319 [INFO] MainUpdater:2872 - connection check result : 10
2026-06-17 09:02:15,320 [INFO] MainUpdater:289 - Updater Check For Update Now.
2026-06-17 09:02:15,320 [INFO] MicroXplorer:498 - Change Database Version : DB.6.0.150
2026-06-17 09:02:15,339 [INFO] McuFinderGlobals:63 - Set McuFinder mode to 2 (CubeIDE integrated)
2026-06-17 09:02:15,342 [INFO] UserAuth:487 - Internet connection configuration mode: 1
2026-06-17 09:02:15,411 [INFO] JxBrowserEngine:152 - Initiate JxBrowser Engine with user profile folder
2026-06-17 09:02:15,577 [INFO] CheckServerUpdateThread:120 - End of CheckServer Thread
2026-06-17 09:02:17,248 [WARN] PackLoader:240 - Cannot read IP mode file for STMicroelectronics.X-CUBE-AZRTOS-H7.3.5.0
2026-06-17 09:02:17,267 [WARN] PackLoader:240 - Cannot read IP mode file for STMicroelectronics.FP-SNS-MOTENVWB1.1.4.0
2026-06-17 09:02:17,290 [WARN] PackLoader:240 - Cannot read IP mode file for STMicroelectronics.FP-ATR-ASTRA1.2.0.2
2026-06-17 09:02:17,302 [ERROR] Engine:466 - C:\Users\Usuario\.stm32cubemx\thirdparties\pdsc\STMicroelectronics.X-CUBE-SMBUS.2.1.1.pdsc: PDSC version is not supported
2026-06-17 09:02:17,312 [WARN] PackLoader:240 - Cannot read IP mode file for STMicroelectronics.X-CUBE-SMBUS.2.1.0
2026-06-17 09:02:17,321 [WARN] PackLoader:240 - Cannot read IP mode file for STMicroelectronics.X-CUBE-ST60.1.0.0
2026-06-17 09:02:17,357 [WARN] PackLoader:240 - Cannot read IP mode file for STMicroelectronics.X-CUBE-AZRTOS-F7.1.1.0
2026-06-17 09:02:17,372 [WARN] PackLoader:240 - Cannot read IP mode file for STMicroelectronics.FP-SNS-MOTENV1.5.1.0
2026-06-17 09:02:17,411 [WARN] PackLoader:240 - Cannot read IP mode file for STMicroelectronics.X-CUBE-AZRTOS-H7.3.4.0
2026-06-17 09:02:17,431 [WARN] PackLoader:240 - Cannot read IP mode file for STMicroelectronics.X-CUBE-DISPLAY.3.0.0
2026-06-17 09:02:17,460 [WARN] PackLoader:240 - Cannot read IP mode file for STMicroelectronics.X-CUBE-GNSS1.7.1.1
2026-06-17 09:02:17,469 [WARN] PackLoader:240 - Cannot read IP mode file for STMicroelectronics.FP-SNS-MOTENVWB1.1.5.0
2026-06-17 09:02:17,487 [WARN] PackLoader:240 - Cannot read IP mode file for STMicroelectronics.X-CUBE-NFC10.1.0.0
2026-06-17 09:02:17,499 [WARN] PackLoader:240 - Cannot read IP mode file for STMicroelectronics.X-CUBE-ST60.1.1.0
2026-06-17 09:02:17,510 [WARN] PackLoader:240 - Cannot read IP mode file for STMicroelectronics.X-CUBE-GNSS1.7.1.0
2026-06-17 09:02:17,521 [WARN] PackLoader:240 - Cannot read IP mode file for STMicroelectronics.FP-SNS-SMARTAG2.1.2.0
2026-06-17 09:02:17,532 [WARN] PackLoader:240 - Cannot read IP mode file for STMicroelectronics.FP-SNS-FLIGHT1.5.1.0
2026-06-17 09:02:17,549 [INFO] LogOutputStream:77 - [STDOUT_REDIRECT] 1 : Invalid condition id : UX_CORESTACK_Condition cause : null
2026-06-17 09:02:17,550 [INFO] LogOutputStream:77 - [STDOUT_REDIRECT] 1 : Invalid condition id : UX_CORESTACK_Condition cause : null
2026-06-17 09:02:17,553 [INFO] LogOutputStream:77 - [STDOUT_REDIRECT] 1 : Invalid condition id : UX_CORESTACK_Condition cause : null
2026-06-17 09:02:17,555 [INFO] LogOutputStream:77 - [STDOUT_REDIRECT] 1 : Invalid condition id : UX_CORESTACK_Condition cause : null
2026-06-17 09:02:17,557 [INFO] LogOutputStream:77 - [STDOUT_REDIRECT] 1 : Invalid condition id : UX_CORESTACK_Condition cause : null
2026-06-17 09:02:17,563 [WARN] PackLoader:240 - Cannot read IP mode file for STMicroelectronics.X-CUBE-AZRTOS-WL.2.0.0
2026-06-17 09:02:17,573 [WARN] PackLoader:240 - Cannot read IP mode file for STMicroelectronics.FP-SNS-MOTENV1.5.0.0
2026-06-17 09:02:17,609 [WARN] PackLoader:240 - Cannot read IP mode file for STMicroelectronics.X-CUBE-AZRTOS-H7RS.1.2.0
2026-06-17 09:02:17,630 [WARN] PackLoader:240 - Cannot read IP mode file for WES.I-CUBE-Cesium.1.3.0
2026-06-17 09:02:17,641 [WARN] PackLoader:240 - Cannot read IP mode file for STMicroelectronics.X-CUBE-BLE2.3.3.0
2026-06-17 09:02:17,684 [WARN] PackLoader:240 - Cannot read IP mode file for STMicroelectronics.X-CUBE-NFC9.1.0.0
2026-06-17 09:02:17,696 [WARN] PackLoader:240 - Cannot read IP mode file for STMicroelectronics.X-CUBE-BLE1.7.1.0
2026-06-17 09:02:17,708 [WARN] PackLoader:240 - Cannot read IP mode file for STMicroelectronics.FP-SNS-STAIOTCFT.1.1.0
2026-06-17 09:02:17,779 [WARN] PackLoader:240 - Cannot read IP mode file for STMicroelectronics.X-CUBE-MEMS1.12.0.0
2026-06-17 09:02:18,304 [WARN] PackLoader:240 - Cannot read IP mode file for STMicroelectronics.X-CUBE-AZRTOS-G0.1.1.0
2026-06-17 09:02:18,318 [WARN] PackLoader:240 - Cannot read IP mode file for STMicroelectronics.X-CUBE-SAFEA1.1.2.2
2026-06-17 09:02:18,328 [WARN] PackLoader:240 - Cannot read IP mode file for STMicroelectronics.X-CUBE-NFC4.3.0.0
2026-06-17 09:02:18,343 [WARN] PackLoader:240 - Cannot read IP mode file for EmbeddedOffice.I-CUBE-FS-RTOS.1.0.1
2026-06-17 09:02:18,355 [WARN] PackLoader:240 - Cannot read IP mode file for STMicroelectronics.X-CUBE-WB05N.2.0.0
2026-06-17 09:02:18,367 [WARN] PackLoader:240 - Cannot read IP mode file for STMicroelectronics.X-CUBE-TCPP.4.2.0
2026-06-17 09:02:18,380 [WARN] PackLoader:240 - Cannot read IP mode file for RealThread.X-CUBE-RT-Thread_Nano.4.1.1
2026-06-17 09:02:18,389 [WARN] PackLoader:240 - Cannot read IP mode file for STMicroelectronics.FP-ATR-SIGFOX1.3.2.0
2026-06-17 09:02:18,401 [WARN] PackLoader:240 - Cannot read IP mode file for STMicroelectronics.X-CUBE-FREERTOS.1.5.0
2026-06-17 09:02:18,415 [WARN] PackLoader:240 - Cannot read IP mode file for STMicroelectronics.X-CUBE-NFC6.3.2.0
2026-06-17 09:02:18,429 [WARN] PackLoader:240 - Cannot read IP mode file for STMicroelectronics.X-CUBE-ST67W61.1.0.0
2026-06-17 09:02:18,497 [WARN] PackLoader:240 - Cannot read IP mode file for STMicroelectronics.X-CUBE-MEMS1.12.1.0
2026-06-17 09:02:18,740 [WARN] PackLoader:240 - Cannot read IP mode file for SEGGER.I-CUBE-embOS.1.3.1
2026-06-17 09:02:18,828 [WARN] PackLoader:240 - Cannot read IP mode file for STMicroelectronics.X-CUBE-ALGOBUILD.1.4.0
2026-06-17 09:02:18,898 [WARN] PackLoader:240 - Cannot read IP mode file for STMicroelectronics.X-CUBE-MEMS1.11.3.0
2026-06-17 09:02:19,079 [WARN] PackLoader:240 - Cannot read IP mode file for STMicroelectronics.X-CUBE-NFC13.1.0.0
2026-06-17 09:02:19,091 [WARN] PackLoader:240 - Cannot read IP mode file for STMicroelectronics.X-CUBE-PM33A1.1.0.0
2026-06-17 09:02:19,132 [WARN] PackLoader:240 - Cannot read IP mode file for STMicroelectronics.X-CUBE-AZRTOS-F4.1.1.0
2026-06-17 09:02:19,161 [WARN] PackLoader:240 - Cannot read IP mode file for STMicroelectronics.X-CUBE-ISPU.2.1.0
2026-06-17 09:02:19,190 [WARN] PackLoader:240 - Cannot read IP mode file for STMicroelectronics.X-CUBE-IPS.3.2.0
2026-06-17 09:02:19,219 [WARN] PackLoader:240 - Cannot read IP mode file for STMicroelectronics.eDS-WB_DPC_TT-BIDIR.2.1.1
2026-06-17 09:02:19,276 [WARN] PackLoader:240 - Cannot read IP mode file for STMicroelectronics.X-CUBE-AZRTOS-L5.2.0.0
2026-06-17 09:02:19,297 [WARN] PackLoader:240 - Cannot read IP mode file for STMicroelectronics.X-CUBE-NFC6.3.1.0
2026-06-17 09:02:19,309 [WARN] PackLoader:240 - Cannot read IP mode file for STMicroelectronics.X-CUBE-ALGOBUILD.1.5.0
2026-06-17 09:02:19,319 [WARN] PackLoader:240 - Cannot read IP mode file for STMicroelectronics.eDS-WB_DPC_VIENNA.1.2.0
2026-06-17 09:02:19,343 [WARN] PackLoader:240 - Cannot read IP mode file for STMicroelectronics.eDS-WB_DPC_3PH2L-BIDIR.1.1.1
2026-06-17 09:02:19,352 [ERROR] Engine:466 - C:\Users\Usuario\.stm32cubemx\thirdparties\pdsc\STMicroelectronics.X-CUBE-ST67W61.1.3.0.pdsc: PDSC version is not supported
2026-06-17 09:02:19,371 [WARN] PackLoader:240 - Cannot read IP mode file for STMicroelectronics.X-CUBE-FREERTOS.1.3.1
2026-06-17 09:02:19,385 [WARN] PackLoader:240 - Cannot read IP mode file for STMicroelectronics.X-CUBE-TOUCHGFX.4.26.1
2026-06-17 09:02:19,403 [WARN] PackLoader:240 - Cannot read IP mode file for STMicroelectronics.FP-SNS-STAIOTCFT.1.0.0
2026-06-17 09:02:19,420 [WARN] PackLoader:240 - Cannot read IP mode file for STMicroelectronics.X-CUBE-DPower.1.3.0
2026-06-17 09:02:19,458 [WARN] ConditionMgr:438 - getConditionDescription Invalid condition id : LAN8742 Phy interface Condition cause : null
2026-06-17 09:02:19,460 [WARN] PackLoader:240 - Cannot read IP mode file for STMicroelectronics.X-CUBE-AZRTOS-L4.2.0.0
2026-06-17 09:02:19,462 [WARN] ConditionMgr:1044 - genDependencies : Invalid condition id : LAN8742 Phy interface Condition cause : null
2026-06-17 09:02:19,463 [WARN] ConditionMgr:1044 - genDependencies : Invalid condition id : LAN8742 Phy interface Condition cause : null
2026-06-17 09:02:19,464 [WARN] ConditionMgr:1044 - genDependencies : Invalid condition id : LAN8742 Phy interface Condition cause : null
2026-06-17 09:02:19,480 [WARN] PackLoader:240 - Cannot read IP mode file for STMicroelectronics.X-CUBE-SFXS2LP1.4.0.0
2026-06-17 09:02:19,496 [WARN] PackLoader:240 - Cannot read IP mode file for STMicroelectronics.X-CUBE-WB05N.2.1.0
2026-06-17 09:02:19,512 [WARN] PackLoader:240 - Cannot read IP mode file for STMicroelectronics.X-CUBE-ST67W61.1.2.0
2026-06-17 09:02:19,532 [WARN] ConditionMgr:438 - getConditionDescription Invalid condition id : UX DEVICE CLASS RTOS Condition cause : null
2026-06-17 09:02:19,532 [WARN] ConditionMgr:438 - getConditionDescription Invalid condition id : UX DEVICE CLASS RTOS Condition cause : null
2026-06-17 09:02:19,535 [WARN] PackLoader:240 - Cannot read IP mode file for STMicroelectronics.X-CUBE-AZRTOS-WB.2.0.0
2026-06-17 09:02:19,536 [WARN] ConditionMgr:1044 - genDependencies : Invalid condition id : UX DEVICE CLASS RTOS Condition cause : null
2026-06-17 09:02:19,536 [WARN] ConditionMgr:1044 - genDependencies : Invalid condition id : UX DEVICE CLASS RTOS Condition cause : null
2026-06-17 09:02:19,537 [WARN] ConditionMgr:1044 - genDependencies : Invalid condition id : UX DEVICE CLASS RTOS Condition cause : null
2026-06-17 09:02:19,538 [WARN] ConditionMgr:1044 - genDependencies : Invalid condition id : UX DEVICE CLASS RTOS Condition cause : null
2026-06-17 09:02:19,538 [WARN] ConditionMgr:1044 - genDependencies : Invalid condition id : UX DEVICE CLASS RTOS Condition cause : null
2026-06-17 09:02:19,546 [WARN] PackLoader:240 - Cannot read IP mode file for STMicroelectronics.X-CUBE-GNSS1.7.0.1
2026-06-17 09:02:19,552 [WARN] PackLoader:240 - Cannot read IP mode file for STMicroelectronics.X-CUBE-TOUCHGFX.4.25.0
2026-06-17 09:02:19,562 [WARN] ConditionMgr:438 - getConditionDescription Invalid condition id : Cortex-A Device cause : null
2026-06-17 09:02:19,576 [WARN] ConditionMgr:1044 - genDependencies : Invalid condition id : Cortex-A Device cause : null
2026-06-17 09:02:19,577 [WARN] ConditionMgr:1044 - genDependencies : Invalid condition id : Cortex-A Device cause : null
2026-06-17 09:02:19,577 [WARN] ConditionMgr:1044 - genDependencies : Invalid condition id : Cortex-A Device cause : null
2026-06-17 09:02:19,589 [WARN] PackLoader:240 - Cannot read IP mode file for STMicroelectronics.X-CUBE-STSE01.2.0.0
2026-06-17 09:02:19,606 [WARN] PackLoader:240 - Cannot read IP mode file for STMicroelectronics.X-CUBE-SUBG2.5.0.0
2026-06-17 09:02:19,633 [WARN] PackLoader:240 - Cannot read IP mode file for STMicroelectronics.X-CUBE-AZRTOS-H7RS.1.1.0
2026-06-17 09:02:19,648 [WARN] PackLoader:240 - Cannot read IP mode file for Cesanta.I-CUBE-Mongoose.7.13.0
2026-06-17 09:02:19,663 [INFO] WebApp:169 - Instantiating new browser for Auth
2026-06-17 09:02:19,668 [WARN] PackLoader:240 - Cannot read IP mode file for STMicroelectronics.X-CUBE-AZRTOS-G4.2.0.0
2026-06-17 09:02:19,678 [WARN] PackLoader:240 - Cannot read IP mode file for STMicroelectronics.X-CUBE-NFC7.2.0.0
2026-06-17 09:02:19,697 [WARN] PackLoader:240 - Cannot read IP mode file for STMicroelectronics.X-CUBE-IPS.3.1.0
2026-06-17 09:02:19,728 [WARN] PackLoader:240 - Cannot read IP mode file for STMicroelectronics.X-CUBE-ALS.1.0.2
2026-06-17 09:02:19,748 [WARN] PackLoader:240 - Cannot read IP mode file for portGmbH.I-Cube-SoM-uGOAL.1.1.0
2026-06-17 09:02:19,773 [WARN] PackLoader:240 - Cannot read IP mode file for STMicroelectronics.X-CUBE-TOF1.3.4.3
2026-06-17 09:02:19,794 [INFO] ThirdParty:978 - Integrity check success = true
2026-06-17 09:02:19,794 [INFO] IntegrityCheckThread:100 - exiting critical section [integrity check]
2026-06-17 09:02:19,794 [INFO] IntegrityCheckThread:103 - End integrity checks thread
2026-06-17 09:02:21,160 [INFO] WebApp:463 - Apply proxy settings
2026-06-17 09:02:21,160 [INFO] WebApp:548 - Chromium requires no authentication
2026-06-17 09:02:21,749 [INFO] WebApp:491 - Direct internet connection detected
2026-06-17 09:02:22,065 [INFO] WebApp:900 - Register for checkConnection events
2026-06-17 09:02:22,065 [INFO] WebApp:463 - Apply proxy settings
2026-06-17 09:02:22,065 [INFO] WebApp:548 - Chromium requires no authentication
2026-06-17 09:02:22,067 [INFO] WebApp:491 - Direct internet connection detected
2026-06-17 09:02:23,546 [INFO] WebApp:191 - Connection restablished
2026-06-17 09:02:24,716 [INFO] WebApp:225 - Starting web application
2026-06-17 09:02:24,717 [INFO] WebApp:593 - Web application path used C:\ST\STM32CubeIDE_1.19.0\STM32CubeIDE\plugins\com.st.stm32cube.common.mx_6.15.0.202507011659\db\plugins\mcufinder\reactClient1\index.html
2026-06-17 09:02:26,669 [INFO] UserAuth:487 - Internet connection configuration mode: 1
2026-06-17 09:03:41,651 [INFO] McuFinderGlobals:63 - Set McuFinder mode to 2 (CubeIDE integrated)
2026-06-17 09:03:41,658 [INFO] MainUpdater:2872 - connection check result : 10
2026-06-17 09:03:42,279 [INFO] ApiDb:581 - Connected to CubeFinder SQLite database (C:\Users\Usuario\.stmcufinder\plugins\mcufinder\mcu\cube-finder-db.db)
2026-06-17 09:03:42,455 [INFO] ApiDb:668 - CubeFinder database Data Model version=2.1
2026-06-17 09:03:42,455 [INFO] ApiDb:669 - CubeFinder database Configuration version=3.0.42
2026-06-17 09:03:42,455 [INFO] ApiDb:670 - CubeFinder database generation date=2026-05-14 (1778746352)
2026-06-17 09:03:42,456 [INFO] ApiDb:671 - CubeFinder database FW Pack versions=[FP-ATR-ASTRA1_V2.0.0, FP-SNS-FLIGHT1_V5.1.0, FP-SNS-MOTENV1_V5.1.0, FP-SNS-MOTENVWB1_V1.5.0, FP-SNS-SMARTAG2_V1.2.0, FP-SNS-STBOX1_V2.1.0, STM32Cube_FW_C0_V1.4.0, STM32Cube_FW_F4_V1.28.3, STM32Cube_FW_F7_V1.17.4, STM32Cube_FW_G0_V1.6.3, STM32Cube_FW_G4_V1.6.2, STM32Cube_FW_H5_V1.6.0, STM32Cube_FW_H7RS_V1.3.0, STM32Cube_FW_H7_V1.13.0, STM32Cube_FW_L0_V1.12.2, STM32Cube_FW_L4_V1.18.2, STM32Cube_FW_L5_V1.6.0, STM32Cube_FW_N6_V1.3.0, STM32Cube_FW_U0_V1.3.0, STM32Cube_FW_U3_V1.3.0, STM32Cube_FW_U5_V1.8.0, STM32Cube_FW_WB0_V1.4.0, STM32Cube_FW_WBA_V1.9.0, STM32Cube_FW_WB_V1.24.0, STM32Cube_FW_WL3_V1.4.0, STM32Cube_FW_WL_V1.5.0, X-CUBE-ALGOBUILD_V1.4.0, X-CUBE-ALS_V1.0.2, X-CUBE-AZRTOS-F4_V1.1.0, X-CUBE-AZRTOS-F7_V1.1.0, X-CUBE-AZRTOS-G0_V1.1.0, X-CUBE-AZRTOS-G4_V2.0.0, X-CUBE-AZRTOS-H7RS_V1.1.0, X-CUBE-AZRTOS-H7_V3.5.0, X-CUBE-AZRTOS-L4_V2.0.0, X-CUBE-AZRTOS-L5_V2.0.0, X-CUBE-AZRTOS-WB_V2.0.0, X-CUBE-AZRTOS-WL_V2.0.0, X-CUBE-BLE1_V7.1.0, X-CUBE-BLE2_V3.3.0, X-CUBE-BLEMGR_V4.1.0, X-CUBE-EEPRMA1_V5.2.0, X-CUBE-FREERTOS_V1.5.0, X-CUBE-GNSS1_V7.1.1, X-CUBE-MEMS1_V12.1.0, X-CUBE-NFC4_V3.0.0, X-CUBE-NFC7_V2.0.0, X-CUBE-SFXS2LP1_V4.0.0, X-CUBE-ST67W61_V1.3.0, X-CUBE-SUBG2_V5.0.0, X-CUBE-TOF1_V3.4.3]
2026-06-17 09:03:47,312 [INFO] ApiDb:240 - Found 880 in-development CPN: [B-G473E-ZEST1S, B-WB1M-WPAN1, B-WBA5M-WPAN, B-WL5M-SUBG1, NUCLEO-C031C6, NUCLEO-C051C8, NUCLEO-C071RB, NUCLEO-C092RC, NUCLEO-H503RB, NUCLEO-H533RE, NUCLEO-H563ZI, NUCLEO-H7S3L8, NUCLEO-N657X0-Q, NUCLEO-U031R8, NUCLEO-U083RC, NUCLEO-U385RG-Q, NUCLEO-U545RE-Q, NUCLEO-U5A5ZJ-Q, NUCLEO-WB05KZ, NUCLEO-WB07CC, NUCLEO-WB09KE, NUCLEO-WBA52CG, NUCLEO-WBA55CG, NUCLEO-WL33CC1, NUCLEO-WL33CC2, STEVAL-PROTEUS1, STEVAL-SMARTAG2, STEVAL-STWINBX1, STM320518-EVAL, STM32C0116-DK, STM32C011D6Y3TR, STM32C011D6Y6TR, STM32C011F4P3, STM32C011F4P6, STM32C011F4U3, STM32C011F4U6TR, STM32C011F6P3, STM32C011F6P6, STM32C011F6U3, STM32C011F6U6TR, STM32C011J4M3, STM32C011J4M6, STM32C011J6M3, STM32C011J6M6, STM32C0316-DK, STM32C031C4T3, STM32C031C4T6, STM32C031C4U3, STM32C031C4U6, STM32C031C6T3, STM32C031C6T6, STM32C031C6U3, STM32C031C6U6, STM32C031F4P3, STM32C031F4P6, STM32C031F6P3, STM32C031F6P6, STM32C031G4U3, STM32C031G4U6, STM32C031G6U3, STM32C031G6U6, STM32C031K4T3, STM32C031K4T6, STM32C031K4U3, STM32C031K4U6, STM32C031K6T3, STM32C031K6T6, STM32C031K6U3, STM32C031K6U6, STM32C051C6T6, STM32C051C6U6, STM32C051C8T6, STM32C051C8U6, STM32C051D8Y6TR, STM32C051F6P6, STM32C051F8P6, STM32C051G6U6, STM32C051G8U6, STM32C051K6T6, STM32C051K6U6, STM32C051K8T6, STM32C071C8T6, STM32C071C8T6N, STM32C071C8U6, STM32C071C8U6N, STM32C071CBT6, STM32C071CBT6N, STM32C071CBU6, STM32C071CBU6N, STM32C071F8P6, STM32C071F8P6N, STM32C071FBP6, STM32C071FBP6N, STM32C071FBY6TR, STM32C071G8U6, STM32C071G8U6N, STM32C071GBU6, STM32C071GBU6N, STM32C071K8T6, STM32C071K8T6N, STM32C071K8U6, STM32C071K8U6N, STM32C071KBT6, STM32C071KBT6N, STM32C071KBU6, STM32C071KBU6N, STM32C071R8T6, STM32C071R8T6N, STM32C071RBI6N, STM32C071RBT6, STM32C071RBT6N, STM32C091CBT6, STM32C091CBU6, STM32C091CCT6, STM32C091CCU6, STM32C091ECY6TR, STM32C091FBP6, STM32C091FCP6, STM32C091GBU6, STM32C091GCU6, STM32C091KBT6, STM32C091KBU6, STM32C091KCT6, STM32C091KCU6, STM32C091RBT6, STM32C091RCI6, STM32C091RCT6, STM32C092CBT6, STM32C092CBU6, STM32C092CCT6, STM32C092CCU6, STM32C092ECY6TR, STM32C092FBP6, STM32C092FCP6, STM32C092GBU6, STM32C092GCU6, STM32C092KBT6, STM32C092KBU6, STM32C092KCT6, STM32C092KCU6, STM32C092RBT6, STM32C092RCI6, STM32C092RCT6, STM32G071K8TXN, STM32G071K8UXN, STM32G081GBU6N, STM32G081KBT6N, STM32G081KBUXN, STM32G0B1CCT6N, STM32G0B1KCT6, STM32G0B1NEY6TR, STM32G0B1RCT6N, STM32G0C1CCT6, STM32G0C1CCT6N, STM32G0C1CCU6N, STM32G0C1CET6N, STM32G0C1CEU6N, STM32G0C1KCT6, STM32G0C1NEY6TR, STM32G0C1RCI6N, STM32G0C1RCT6N, STM32G0C1REI6N, STM32G0C1RET6N, STM32G0C1VCI6, STM32G0C1VEI6, STM32G411C6T3, STM32G411C6T6, STM32G411C6U3, STM32G411C6U6, STM32G411C8T3, STM32G411C8T6, STM32G411C8U3, STM32G411C8U6, STM32G411CBT3, STM32G411CBT6, STM32G411CBU3, STM32G411CBU6, STM32G411K6T3, STM32G411K6T6, STM32G411K6U3, STM32G411K6U6, STM32G411K8T3, STM32G411K8T6, STM32G411K8U3, STM32G411K8U6, STM32G411KBT3, STM32G411KBT6, STM32G411KBU3, STM32G411KBU6, STM32G411M6T3, STM32G411M6T6, STM32G411M8T3, STM32G411M8T6, STM32G411MBT3, STM32G411MBT6, STM32G411R6T3, STM32G411R6T6, STM32G411R8T3, STM32G411R8T6, STM32G411RBT3, STM32G411RBT6, STM32G414CBT3, STM32G414CBT6, STM32G414CBU3, STM32G414CBU6, STM32G414CCT3, STM32G414CCT6, STM32G414CCU3, STM32G414CCU6, STM32G414MBT3, STM32G414MBT6, STM32G414MCT3, STM32G414MCT6, STM32G414RBT3, STM32G414RBT6, STM32G414RCT3, STM32G414RCT6, STM32G414VBT3, STM32G414VBT6, STM32G414VCT3, STM32G414VCT6, STM32G431CBT3Z, STM32G431RBT3Z, STM32G471CCT6, STM32G471CCU6, STM32G471CET3, STM32G471CET6, STM32G471CEU3, STM32G471CEU6, STM32G471MCT6, STM32G471MET3, STM32G471MET6, STM32G471MEY6TR, STM32G471QCT6, STM32G471QET3, STM32G471RCT6, STM32G471RET3, STM32G471RET6, STM32G471VCH6, STM32G471VCI6, STM32G471VCT6, STM32G471VEH3, STM32G471VEH6, STM32G471VEI3, STM32G471VEI6, STM32G471VET3, STM32G471VET6, STM32G473QET3Z, STM32G473RET3Z, STM32G474CCT6, STM32G491RET3Z, STM32H503CBT6, STM32H503CBU6, STM32H503EBY6TR, STM32H503KBU6, STM32H503RBT6, STM32H523CCT6, STM32H523CCU6, STM32H523CET6, STM32H523CEU6, STM32H523HEY6TR, STM32H523RCT6, STM32H523RET6, STM32H523VCI6, STM32H523VCT6, STM32H523VEI6, STM32H523VET6, STM32H523ZCJ6, STM32H523ZCT6, STM32H523ZEJ6, STM32H523ZET6, STM32H533CET6, STM32H533CEU6, STM32H533HEY6TR, STM32H533RET6, STM32H533VEI6, STM32H533VET6, STM32H533ZEJ6, STM32H533ZET6, STM32H562AGI6, STM32H562AII6, STM32H562IGK6, STM32H562IGT6, STM32H562IIK6, STM32H562IIT6, STM32H562RGT6, STM32H562RGV6, STM32H562RIT6, STM32H562RIV6, STM32H562VGT6, STM32H562VIT6, STM32H562ZGT6, STM32H562ZIT6, STM32H563AGI6, STM32H563AII3Q, STM32H563AII6, STM32H563IGK6, STM32H563IGT6, STM32H563IIK3Q, STM32H563IIK6, STM32H563IIT3Q, STM32H563IIT6, STM32H563MIY3QTR, STM32H563RGT6, STM32H563RGV6, STM32H563RIT6, STM32H563RIV6, STM32H563VGT6, STM32H563VIT3Q, STM32H563VIT6, STM32H563ZGT6, STM32H563ZIT3Q, STM32H563ZIT6, STM32H573AII3Q, STM32H573AII6, STM32H573I-DK, STM32H573IIK3Q, STM32H573IIK6, STM32H573IIT3Q, STM32H573IIT6, STM32H573MIY3QTR, STM32H573RIT6, STM32H573RIV6, STM32H573VIT3Q, STM32H573VIT6, STM32H573ZIT3Q, STM32H573ZIT6, STM32H7R3A8I6, STM32H7R3I8K6, STM32H7R3I8T6, STM32H7R3L8H6, STM32H7R3L8H6H, STM32H7R3R8V6, STM32H7R3V8H6, STM32H7R3V8T6, STM32H7R3V8Y6TR, STM32H7R3Z8J6, STM32H7R3Z8T6, STM32H7R7A8I6, STM32H7R7I8K6, STM32H7R7I8T6, STM32H7R7L8H6, STM32H7R7L8H6H, STM32H7R7Z8J6, STM32H7S3A8I6, STM32H7S3I8K6, STM32H7S3I8T6, STM32H7S3L8H6, STM32H7S3L8H6H, STM32H7S3R8V6, STM32H7S3V8H6, STM32H7S3V8T6, STM32H7S3V8Y6TR, STM32H7S3Z8J6, STM32H7S3Z8T6, STM32H7S78-DK, STM32H7S7A8I6, STM32H7S7I8K6, STM32H7S7I8T6, STM32H7S7L8H6, STM32H7S7L8H6H, STM32H7S7Z8J6, STM32L4R5QGI6STR, STM32MP131AAE3, STM32MP131AAF3, STM32MP131AAG3, STM32MP131CAE3, STM32MP131CAF3, STM32MP131CAG3, STM32MP131DAE7, STM32MP131DAF7, STM32MP131DAG7, STM32MP131FAE7, STM32MP131FAF7, STM32MP131FAG7, STM32MP133AAE3, STM32MP133AAF3, STM32MP133AAG3, STM32MP133CAE3, STM32MP133CAF3, STM32MP133CAG3, STM32MP133DAE7, STM32MP133DAF7, STM32MP133DAG7, STM32MP133FAE7, STM32MP133FAF7, STM32MP133FAG7, STM32MP135AAE3, STM32MP135AAF3, STM32MP135AAG3, STM32MP135CAE3, STM32MP135CAF3, STM32MP135CAG3, STM32MP135DAE7, STM32MP135DAF7, STM32MP135DAG7, STM32MP135F-DK, STM32MP135FAE7, STM32MP135FAF7, STM32MP135FAF7T, STM32MP135FAF7U, STM32MP135FAG7, STM32MP211AAL3, STM32MP211AAM3, STM32MP211AAN3, STM32MP211AAO3, STM32MP211CAL3, STM32MP211CAM3, STM32MP211CAN3, STM32MP211CAO3, STM32MP211DAL3, STM32MP211DAM3, STM32MP211DAN3, STM32MP211DAO3, STM32MP211FAL3, STM32MP211FAM3, STM32MP211FAN3, STM32MP211FAO3, STM32MP213AAL3, STM32MP213AAM3, STM32MP213AAN3, STM32MP213AAO3, STM32MP213CAL3, STM32MP213CAM3, STM32MP213CAN3, STM32MP213CAO3, STM32MP213DAL3, STM32MP213DAM3, STM32MP213DAN3, STM32MP213DAO3, STM32MP213FAL3, STM32MP213FAM3, STM32MP213FAN3, STM32MP213FAO3, STM32MP215AAL3, STM32MP215AAM3, STM32MP215AAN3, STM32MP215AAO3, STM32MP215CAL3, STM32MP215CAM3, STM32MP215CAN3, STM32MP215CAO3, STM32MP215DAL3, STM32MP215DAM3, STM32MP215DAN3, STM32MP215DAO3, STM32MP215F-DK, STM32MP215FAL3, STM32MP215FAM3, STM32MP215FAN3, STM32MP215FAO3, STM32MP231AAJ3, STM32MP231AAK3, STM32MP231AAL3, STM32MP231CAJ3, STM32MP231CAK3, STM32MP231CAL3, STM32MP231DAJ3, STM32MP231DAK3, STM32MP231DAL3, STM32MP231FAJ3, STM32MP231FAK3, STM32MP231FAL3, STM32MP233AAJ3, STM32MP233AAK3, STM32MP233AAL3, STM32MP233CAJ3, STM32MP233CAK3, STM32MP233CAL3, STM32MP233DAJ3, STM32MP233DAK3, STM32MP233DAL3, STM32MP233FAJ3, STM32MP233FAK3, STM32MP233FAL3, STM32MP235AAJ3, STM32MP235AAK3, STM32MP235AAL3, STM32MP235CAJ3, STM32MP235CAK3, STM32MP235CAL3, STM32MP235DAJ3, STM32MP235DAK3, STM32MP235DAL3, STM32MP235FAJ3, STM32MP235FAK3, STM32MP235FAL3, STM32MP251AAI3, STM32MP251AAK3, STM32MP251AAL3, STM32MP251CAI3, STM32MP251CAK3, STM32MP251CAL3, STM32MP251DAI3, STM32MP251DAK3, STM32MP251DAL3, STM32MP251FAI3, STM32MP251FAK3, STM32MP251FAL3, STM32MP253AAI3, STM32MP253AAK3, STM32MP253AAL3, STM32MP253CAI3, STM32MP253CAK3, STM32MP253CAL3, STM32MP253DAI3, STM32MP253DAK3, STM32MP253DAL3, STM32MP253FAI3, STM32MP253FAK3, STM32MP253FAL3, STM32MP255AAI3, STM32MP255AAK3, STM32MP255AAL3, STM32MP255CAI3, STM32MP255CAK3, STM32MP255CAL3, STM32MP255DAI3, STM32MP255DAK3, STM32MP255DAL3, STM32MP255FAI3, STM32MP255FAK3, STM32MP255FAL3, STM32MP257AAI3, STM32MP257AAK3, STM32MP257AAL3, STM32MP257CAI3, STM32MP257CAK3, STM32MP257CAL3, STM32MP257DAI3, STM32MP257DAK3, STM32MP257DAL3, STM32MP257F-DK, STM32MP257F-EV1, STM32MP257FAI3, STM32MP257FAK3, STM32MP257FAL3, STM32N645A0H3Q, STM32N645B0H3Q, STM32N645I0H3Q, STM32N645L0H3Q, STM32N645X0H3Q, STM32N645Z0H3Q, STM32N647A0H3Q, STM32N647B0H3Q, STM32N647I0H3Q, STM32N647L0H3Q, STM32N647X0H3Q, STM32N647Z0H3Q, STM32N655A0H3Q, STM32N655B0H3Q, STM32N655I0H3Q, STM32N655L0H3Q, STM32N655X0H3Q, STM32N655Z0H3Q, STM32N6570-DK, STM32N657A0H3Q, STM32N657B0H3Q, STM32N657I0H3Q, STM32N657L0H3Q, STM32N657X0H3Q, STM32N657Z0H3Q, STM32U031C6T6, STM32U031C6U6, STM32U031C8T6, STM32U031C8U6, STM32U031F4P6, STM32U031F6P6, STM32U031F8P6, STM32U031G6Y6TR, STM32U031G8Y6TR, STM32U031K4U6, STM32U031K6U6, STM32U031K8U6, STM32U031R6I6, STM32U031R6T6, STM32U031R8I6, STM32U031R8T6, STM32U073C8T6, STM32U073C8U6, STM32U073CBT6, STM32U073CBU6, STM32U073CCT6, STM32U073CCU6, STM32U073H8Y6TR, STM32U073HBY6TR, STM32U073HCY6TR, STM32U073K8U6, STM32U073KBU6, STM32U073KCU6, STM32U073M8I6, STM32U073M8T6, STM32U073MBI6, STM32U073MBT6, STM32U073MCI6, STM32U073MCT6, STM32U073R8I6, STM32U073R8T6, STM32U073RBI6, STM32U073RBT6, STM32U073RCI6, STM32U073RCT6, STM32U083C-DK, STM32U083CCT6, STM32U083CCU6, STM32U083HCY6TR, STM32U083KCU6, STM32U083MCI6, STM32U083MCT6, STM32U083RCI6, STM32U083RCT6, STM32U375CET6, STM32U375CET6Q, STM32U375CEU6, STM32U375CEU6Q, STM32U375CEY6QTR, STM32U375CGT6, STM32U375CGT6Q, STM32U375CGU6, STM32U375CGU6Q, STM32U375CGY6QTR, STM32U375KEU6, STM32U375KGU6, STM32U375REI6, STM32U375REI6Q, STM32U375RET6, STM32U375RET6Q, STM32U375REY6GTR, STM32U375REY6QTR, STM32U375RGI6, STM32U375RGI6Q, STM32U375RGT6, STM32U375RGT6Q, STM32U375RGY6GTR, STM32U375RGY6QTR, STM32U375VEI6, STM32U375VEI6Q, STM32U375VET6, STM32U375VET6Q, STM32U375VGI6, STM32U375VGI6Q, STM32U375VGT6, STM32U375VGT6Q, STM32U385CGT6, STM32U385CGT6Q, STM32U385CGU6, STM32U385CGU6Q, STM32U385CGY6QTR, STM32U385KGU6, STM32U385RGI6, STM32U385RGI6Q, STM32U385RGT6, STM32U385RGT6Q, STM32U385RGY6GTR, STM32U385RGY6QTR, STM32U385VGI6, STM32U385VGI6Q, STM32U385VGT6, STM32U385VGT6Q, STM32U535CBT6, STM32U535CBT6Q, STM32U535CBU6, STM32U535CBU6Q, STM32U535CCT6, STM32U535CCT6Q, STM32U535CCU6, STM32U535CCU6Q, STM32U535CET6, STM32U535CET6Q, STM32U535CEU6, STM32U535CEU6Q, STM32U535JEY6QTR, STM32U535NCY6QTR, STM32U535NEY6QTR, STM32U535RBI6, STM32U535RBI6Q, STM32U535RBT6, STM32U535RBT6Q, STM32U535RCI6, STM32U535RCI6Q, STM32U535RCT6, STM32U535RCT6Q, STM32U535REI6, STM32U535REI6Q, STM32U535RET6, STM32U535RET6Q, STM32U535VCI6, STM32U535VCI6Q, STM32U535VCT6, STM32U535VCT6Q, STM32U535VEI6, STM32U535VEI6Q, STM32U535VET6, STM32U535VET6Q, STM32U545CET6, STM32U545CET6Q, STM32U545CEU6, STM32U545CEU6Q, STM32U545JEY6QTR, STM32U545NEY6QTR, STM32U545REI6, STM32U545REI6Q, STM32U545RET6, STM32U545RET6Q, STM32U545VEI6, STM32U545VEI6Q, STM32U545VET6, STM32U545VET6Q, STM32U595AIH6, STM32U595AIH6Q, STM32U595AJH6, STM32U595AJH6Q, STM32U595QII6, STM32U595QII6Q, STM32U595QJI6, STM32U595QJI6Q, STM32U595RIT6, STM32U595RIT6Q, STM32U595RJT6, STM32U595RJT6Q, STM32U595VIT6, STM32U595VIT6Q, STM32U595VJT6, STM32U595VJT6Q, STM32U595ZIT6, STM32U595ZIT6Q, STM32U595ZIY6QTR, STM32U595ZJT6, STM32U595ZJT6Q, STM32U595ZJY6QTR, STM32U599BJY6QTR, STM32U599NIH6Q, STM32U599NJH6Q, STM32U599VIT6Q, STM32U599VJT6, STM32U599VJT6Q, STM32U599ZIT6Q, STM32U599ZIY6QTR, STM32U599ZJT6Q, STM32U599ZJY6QTR, STM32U5A5AJH6, STM32U5A5AJH6Q, STM32U5A5QII3Q , STM32U5A5QJI6, STM32U5A5QJI6Q, STM32U5A5RJT6, STM32U5A5RJT6Q, STM32U5A5VJT6, STM32U5A5VJT6Q, STM32U5A5ZJT6, STM32U5A5ZJT6Q, STM32U5A5ZJY6QTR, STM32U5A9BJY6QTR, STM32U5A9J-DK, STM32U5A9NJH6Q, STM32U5A9VJT6Q, STM32U5A9ZJT6Q, STM32U5A9ZJY6QTR, STM32U5F7VIT6, STM32U5F7VIT6Q, STM32U5F7VJT6, STM32U5F7VJT6Q, STM32U5F9BJY6QTR, STM32U5F9NJH6Q, STM32U5F9VIT6Q, STM32U5F9VJT6Q, STM32U5F9ZIJ6QTR, STM32U5F9ZIT6Q, STM32U5F9ZJJ6QTR, STM32U5F9ZJT6Q, STM32U5G7VJT6, STM32U5G7VJT6Q, STM32U5G9BJY6QTR, STM32U5G9J-DK1, STM32U5G9J-DK2, STM32U5G9NJH6Q, STM32U5G9VJT6Q, STM32U5G9ZJJ6QTR, STM32U5G9ZJT6Q, STM32WB05KZV6TR, STM32WB05KZV7TR, STM32WB05TZF6TR, STM32WB05TZF7TR, STM32WB06CCF6TR, STM32WB06CCF7TR, STM32WB06CCV6TR, STM32WB06CCV7TR, STM32WB06KCV6TR, STM32WB06KCV7TR, STM32WB07CCF6TR, STM32WB07CCF7TR, STM32WB07CCV6TR, STM32WB07CCV7TR, STM32WB07KCV6TR, STM32WB07KCV7TR, STM32WB09KEV6TR, STM32WB09KEV7TR, STM32WB09TEF6TR, STM32WB09TEF7TR, STM32WB1MMCH6, STM32WBA50KGU6, STM32WBA50KGU6TR, STM32WBA52CEU6, STM32WBA52CEU6TR, STM32WBA52CEU7, STM32WBA52CEU7TR, STM32WBA52CGU6, STM32WBA52CGU6TR, STM32WBA52CGU6U, STM32WBA52CGU7, STM32WBA52CGU7TR, STM32WBA52KEU6, STM32WBA52KEU6TR, STM32WBA52KGU6, STM32WBA52KGU6TR, STM32WBA54CEU6, STM32WBA54CEU6TR, STM32WBA54CEU7, STM32WBA54CEU7TR, STM32WBA54CGU6, STM32WBA54CGU6TR, STM32WBA54CGU7, STM32WBA54CGU7TR, STM32WBA54KEU6, STM32WBA54KEU6TR, STM32WBA54KEU7, STM32WBA54KEU7TR, STM32WBA54KGU6, STM32WBA54KGU6TR, STM32WBA54KGU7, STM32WBA54KGU7TR, STM32WBA55CEU6, STM32WBA55CEU6TR, STM32WBA55CEU7, STM32WBA55CEU7TR, STM32WBA55CGU6, STM32WBA55CGU6TR, STM32WBA55CGU6U, STM32WBA55CGU7, STM32WBA55CGU7TR, STM32WBA55G-DK1, STM32WBA55HEF6, STM32WBA55HEF7, STM32WBA55HGF6, STM32WBA55HGF7, STM32WBA55UEI6, STM32WBA55UEI6TR, STM32WBA55UEI7, STM32WBA55UEI7TR, STM32WBA55UGI6, STM32WBA55UGI6TR, STM32WBA55UGI7, STM32WBA55UGI7TR, STM32WBA5MMGH6TR, STM32WBA62MGF6, STM32WBA62MIF6, STM32WBA65MGF7, STM32WBA65MIF6, STM32WBA65MIF7, STM32WL30K8V6, STM32WL30KBV6, STM32WL31C8V6, STM32WL31CBV6, STM32WL31K8V6, STM32WL31KBV6, STM32WL33C8V6, STM32WL33C8V6X, STM32WL33CBV6, STM32WL33CBV6X, STM32WL33CCV6, STM32WL33CCV6A, STM32WL33CCV6X, STM32WL33K8V7, STM32WL33K8V7X, STM32WL33KBV7 , STM32WL33KBV7X, STM32WL33KCV7, STM32WL33KCV7X, STM32WL5MOCH6, STM32WL5MOCH6TR]
2026-06-17 09:03:47,322 [INFO] DbMcus:218 - Found 5086 MCUs, 4968 are supported
2026-06-17 09:03:47,324 [INFO] ApiDb:423 - Load user favorites file C:\Users\Usuario/.stm32cubeide/favorites.mcus.txt: 2 item(s)
2026-06-17 09:03:47,325 [INFO] ApiDb:427 - User favorites MCUs=[STM32F103C8T6, STM32F103RCT6]
2026-06-17 09:03:47,325 [INFO] DbMcus:224 - Set 2 / 2 favorites MCUs
2026-06-17 09:03:48,554 [INFO] ApiDb:668 - CubeFinder database Data Model version=2.1
2026-06-17 09:03:48,554 [INFO] ApiDb:669 - CubeFinder database Configuration version=3.0.42
2026-06-17 09:03:48,554 [INFO] ApiDb:670 - CubeFinder database generation date=2026-05-14 (1778746352)
2026-06-17 09:03:48,554 [INFO] ApiDb:671 - CubeFinder database FW Pack versions=[FP-ATR-ASTRA1_V2.0.0, FP-SNS-FLIGHT1_V5.1.0, FP-SNS-MOTENV1_V5.1.0, FP-SNS-MOTENVWB1_V1.5.0, FP-SNS-SMARTAG2_V1.2.0, FP-SNS-STBOX1_V2.1.0, STM32Cube_FW_C0_V1.4.0, STM32Cube_FW_F4_V1.28.3, STM32Cube_FW_F7_V1.17.4, STM32Cube_FW_G0_V1.6.3, STM32Cube_FW_G4_V1.6.2, STM32Cube_FW_H5_V1.6.0, STM32Cube_FW_H7RS_V1.3.0, STM32Cube_FW_H7_V1.13.0, STM32Cube_FW_L0_V1.12.2, STM32Cube_FW_L4_V1.18.2, STM32Cube_FW_L5_V1.6.0, STM32Cube_FW_N6_V1.3.0, STM32Cube_FW_U0_V1.3.0, STM32Cube_FW_U3_V1.3.0, STM32Cube_FW_U5_V1.8.0, STM32Cube_FW_WB0_V1.4.0, STM32Cube_FW_WBA_V1.9.0, STM32Cube_FW_WB_V1.24.0, STM32Cube_FW_WL3_V1.4.0, STM32Cube_FW_WL_V1.5.0, X-CUBE-ALGOBUILD_V1.4.0, X-CUBE-ALS_V1.0.2, X-CUBE-AZRTOS-F4_V1.1.0, X-CUBE-AZRTOS-F7_V1.1.0, X-CUBE-AZRTOS-G0_V1.1.0, X-CUBE-AZRTOS-G4_V2.0.0, X-CUBE-AZRTOS-H7RS_V1.1.0, X-CUBE-AZRTOS-H7_V3.5.0, X-CUBE-AZRTOS-L4_V2.0.0, X-CUBE-AZRTOS-L5_V2.0.0, X-CUBE-AZRTOS-WB_V2.0.0, X-CUBE-AZRTOS-WL_V2.0.0, X-CUBE-BLE1_V7.1.0, X-CUBE-BLE2_V3.3.0, X-CUBE-BLEMGR_V4.1.0, X-CUBE-EEPRMA1_V5.2.0, X-CUBE-FREERTOS_V1.5.0, X-CUBE-GNSS1_V7.1.1, X-CUBE-MEMS1_V12.1.0, X-CUBE-NFC4_V3.0.0, X-CUBE-NFC7_V2.0.0, X-CUBE-SFXS2LP1_V4.0.0, X-CUBE-ST67W61_V1.3.0, X-CUBE-SUBG2_V5.0.0, X-CUBE-TOF1_V3.4.3]
2026-06-17 09:03:48,667 [INFO] DbBoardsSqlite:226 - include board P-NUCLEO-WB55-NUCLEO as a kit item of type 'Nucleo-64'
2026-06-17 09:03:48,669 [INFO] DbBoardsSqlite:226 - include board P-NUCLEO-WB55-USBDONGLE as a kit item of type 'Nucleo USB Dongle'
2026-06-17 09:03:48,670 [INFO] DbBoardsSqlite:226 - include board STEVAL-IDP005V1 as a kit item of type 'Evaluation Board'
2026-06-17 09:03:48,670 [INFO] DbBoardsSqlite:226 - include board STEVAL-IDP005V2 as a kit item of type 'Evaluation Board'
2026-06-17 09:03:48,824 [INFO] ApiDb:240 - Found 880 in-development CPN: [B-G473E-ZEST1S, B-WB1M-WPAN1, B-WBA5M-WPAN, B-WL5M-SUBG1, NUCLEO-C031C6, NUCLEO-C051C8, NUCLEO-C071RB, NUCLEO-C092RC, NUCLEO-H503RB, NUCLEO-H533RE, NUCLEO-H563ZI, NUCLEO-H7S3L8, NUCLEO-N657X0-Q, NUCLEO-U031R8, NUCLEO-U083RC, NUCLEO-U385RG-Q, NUCLEO-U545RE-Q, NUCLEO-U5A5ZJ-Q, NUCLEO-WB05KZ, NUCLEO-WB07CC, NUCLEO-WB09KE, NUCLEO-WBA52CG, NUCLEO-WBA55CG, NUCLEO-WL33CC1, NUCLEO-WL33CC2, STEVAL-PROTEUS1, STEVAL-SMARTAG2, STEVAL-STWINBX1, STM320518-EVAL, STM32C0116-DK, STM32C011D6Y3TR, STM32C011D6Y6TR, STM32C011F4P3, STM32C011F4P6, STM32C011F4U3, STM32C011F4U6TR, STM32C011F6P3, STM32C011F6P6, STM32C011F6U3, STM32C011F6U6TR, STM32C011J4M3, STM32C011J4M6, STM32C011J6M3, STM32C011J6M6, STM32C0316-DK, STM32C031C4T3, STM32C031C4T6, STM32C031C4U3, STM32C031C4U6, STM32C031C6T3, STM32C031C6T6, STM32C031C6U3, STM32C031C6U6, STM32C031F4P3, STM32C031F4P6, STM32C031F6P3, STM32C031F6P6, STM32C031G4U3, STM32C031G4U6, STM32C031G6U3, STM32C031G6U6, STM32C031K4T3, STM32C031K4T6, STM32C031K4U3, STM32C031K4U6, STM32C031K6T3, STM32C031K6T6, STM32C031K6U3, STM32C031K6U6, STM32C051C6T6, STM32C051C6U6, STM32C051C8T6, STM32C051C8U6, STM32C051D8Y6TR, STM32C051F6P6, STM32C051F8P6, STM32C051G6U6, STM32C051G8U6, STM32C051K6T6, STM32C051K6U6, STM32C051K8T6, STM32C071C8T6, STM32C071C8T6N, STM32C071C8U6, STM32C071C8U6N, STM32C071CBT6, STM32C071CBT6N, STM32C071CBU6, STM32C071CBU6N, STM32C071F8P6, STM32C071F8P6N, STM32C071FBP6, STM32C071FBP6N, STM32C071FBY6TR, STM32C071G8U6, STM32C071G8U6N, STM32C071GBU6, STM32C071GBU6N, STM32C071K8T6, STM32C071K8T6N, STM32C071K8U6, STM32C071K8U6N, STM32C071KBT6, STM32C071KBT6N, STM32C071KBU6, STM32C071KBU6N, STM32C071R8T6, STM32C071R8T6N, STM32C071RBI6N, STM32C071RBT6, STM32C071RBT6N, STM32C091CBT6, STM32C091CBU6, STM32C091CCT6, STM32C091CCU6, STM32C091ECY6TR, STM32C091FBP6, STM32C091FCP6, STM32C091GBU6, STM32C091GCU6, STM32C091KBT6, STM32C091KBU6, STM32C091KCT6, STM32C091KCU6, STM32C091RBT6, STM32C091RCI6, STM32C091RCT6, STM32C092CBT6, STM32C092CBU6, STM32C092CCT6, STM32C092CCU6, STM32C092ECY6TR, STM32C092FBP6, STM32C092FCP6, STM32C092GBU6, STM32C092GCU6, STM32C092KBT6, STM32C092KBU6, STM32C092KCT6, STM32C092KCU6, STM32C092RBT6, STM32C092RCI6, STM32C092RCT6, STM32G071K8TXN, STM32G071K8UXN, STM32G081GBU6N, STM32G081KBT6N, STM32G081KBUXN, STM32G0B1CCT6N, STM32G0B1KCT6, STM32G0B1NEY6TR, STM32G0B1RCT6N, STM32G0C1CCT6, STM32G0C1CCT6N, STM32G0C1CCU6N, STM32G0C1CET6N, STM32G0C1CEU6N, STM32G0C1KCT6, STM32G0C1NEY6TR, STM32G0C1RCI6N, STM32G0C1RCT6N, STM32G0C1REI6N, STM32G0C1RET6N, STM32G0C1VCI6, STM32G0C1VEI6, STM32G411C6T3, STM32G411C6T6, STM32G411C6U3, STM32G411C6U6, STM32G411C8T3, STM32G411C8T6, STM32G411C8U3, STM32G411C8U6, STM32G411CBT3, STM32G411CBT6, STM32G411CBU3, STM32G411CBU6, STM32G411K6T3, STM32G411K6T6, STM32G411K6U3, STM32G411K6U6, STM32G411K8T3, STM32G411K8T6, STM32G411K8U3, STM32G411K8U6, STM32G411KBT3, STM32G411KBT6, STM32G411KBU3, STM32G411KBU6, STM32G411M6T3, STM32G411M6T6, STM32G411M8T3, STM32G411M8T6, STM32G411MBT3, STM32G411MBT6, STM32G411R6T3, STM32G411R6T6, STM32G411R8T3, STM32G411R8T6, STM32G411RBT3, STM32G411RBT6, STM32G414CBT3, STM32G414CBT6, STM32G414CBU3, STM32G414CBU6, STM32G414CCT3, STM32G414CCT6, STM32G414CCU3, STM32G414CCU6, STM32G414MBT3, STM32G414MBT6, STM32G414MCT3, STM32G414MCT6, STM32G414RBT3, STM32G414RBT6, STM32G414RCT3, STM32G414RCT6, STM32G414VBT3, STM32G414VBT6, STM32G414VCT3, STM32G414VCT6, STM32G431CBT3Z, STM32G431RBT3Z, STM32G471CCT6, STM32G471CCU6, STM32G471CET3, STM32G471CET6, STM32G471CEU3, STM32G471CEU6, STM32G471MCT6, STM32G471MET3, STM32G471MET6, STM32G471MEY6TR, STM32G471QCT6, STM32G471QET3, STM32G471RCT6, STM32G471RET3, STM32G471RET6, STM32G471VCH6, STM32G471VCI6, STM32G471VCT6, STM32G471VEH3, STM32G471VEH6, STM32G471VEI3, STM32G471VEI6, STM32G471VET3, STM32G471VET6, STM32G473QET3Z, STM32G473RET3Z, STM32G474CCT6, STM32G491RET3Z, STM32H503CBT6, STM32H503CBU6, STM32H503EBY6TR, STM32H503KBU6, STM32H503RBT6, STM32H523CCT6, STM32H523CCU6, STM32H523CET6, STM32H523CEU6, STM32H523HEY6TR, STM32H523RCT6, STM32H523RET6, STM32H523VCI6, STM32H523VCT6, STM32H523VEI6, STM32H523VET6, STM32H523ZCJ6, STM32H523ZCT6, STM32H523ZEJ6, STM32H523ZET6, STM32H533CET6, STM32H533CEU6, STM32H533HEY6TR, STM32H533RET6, STM32H533VEI6, STM32H533VET6, STM32H533ZEJ6, STM32H533ZET6, STM32H562AGI6, STM32H562AII6, STM32H562IGK6, STM32H562IGT6, STM32H562IIK6, STM32H562IIT6, STM32H562RGT6, STM32H562RGV6, STM32H562RIT6, STM32H562RIV6, STM32H562VGT6, STM32H562VIT6, STM32H562ZGT6, STM32H562ZIT6, STM32H563AGI6, STM32H563AII3Q, STM32H563AII6, STM32H563IGK6, STM32H563IGT6, STM32H563IIK3Q, STM32H563IIK6, STM32H563IIT3Q, STM32H563IIT6, STM32H563MIY3QTR, STM32H563RGT6, STM32H563RGV6, STM32H563RIT6, STM32H563RIV6, STM32H563VGT6, STM32H563VIT3Q, STM32H563VIT6, STM32H563ZGT6, STM32H563ZIT3Q, STM32H563ZIT6, STM32H573AII3Q, STM32H573AII6, STM32H573I-DK, STM32H573IIK3Q, STM32H573IIK6, STM32H573IIT3Q, STM32H573IIT6, STM32H573MIY3QTR, STM32H573RIT6, STM32H573RIV6, STM32H573VIT3Q, STM32H573VIT6, STM32H573ZIT3Q, STM32H573ZIT6, STM32H7R3A8I6, STM32H7R3I8K6, STM32H7R3I8T6, STM32H7R3L8H6, STM32H7R3L8H6H, STM32H7R3R8V6, STM32H7R3V8H6, STM32H7R3V8T6, STM32H7R3V8Y6TR, STM32H7R3Z8J6, STM32H7R3Z8T6, STM32H7R7A8I6, STM32H7R7I8K6, STM32H7R7I8T6, STM32H7R7L8H6, STM32H7R7L8H6H, STM32H7R7Z8J6, STM32H7S3A8I6, STM32H7S3I8K6, STM32H7S3I8T6, STM32H7S3L8H6, STM32H7S3L8H6H, STM32H7S3R8V6, STM32H7S3V8H6, STM32H7S3V8T6, STM32H7S3V8Y6TR, STM32H7S3Z8J6, STM32H7S3Z8T6, STM32H7S78-DK, STM32H7S7A8I6, STM32H7S7I8K6, STM32H7S7I8T6, STM32H7S7L8H6, STM32H7S7L8H6H, STM32H7S7Z8J6, STM32L4R5QGI6STR, STM32MP131AAE3, STM32MP131AAF3, STM32MP131AAG3, STM32MP131CAE3, STM32MP131CAF3, STM32MP131CAG3, STM32MP131DAE7, STM32MP131DAF7, STM32MP131DAG7, STM32MP131FAE7, STM32MP131FAF7, STM32MP131FAG7, STM32MP133AAE3, STM32MP133AAF3, STM32MP133AAG3, STM32MP133CAE3, STM32MP133CAF3, STM32MP133CAG3, STM32MP133DAE7, STM32MP133DAF7, STM32MP133DAG7, STM32MP133FAE7, STM32MP133FAF7, STM32MP133FAG7, STM32MP135AAE3, STM32MP135AAF3, STM32MP135AAG3, STM32MP135CAE3, STM32MP135CAF3, STM32MP135CAG3, STM32MP135DAE7, STM32MP135DAF7, STM32MP135DAG7, STM32MP135F-DK, STM32MP135FAE7, STM32MP135FAF7, STM32MP135FAF7T, STM32MP135FAF7U, STM32MP135FAG7, STM32MP211AAL3, STM32MP211AAM3, STM32MP211AAN3, STM32MP211AAO3, STM32MP211CAL3, STM32MP211CAM3, STM32MP211CAN3, STM32MP211CAO3, STM32MP211DAL3, STM32MP211DAM3, STM32MP211DAN3, STM32MP211DAO3, STM32MP211FAL3, STM32MP211FAM3, STM32MP211FAN3, STM32MP211FAO3, STM32MP213AAL3, STM32MP213AAM3, STM32MP213AAN3, STM32MP213AAO3, STM32MP213CAL3, STM32MP213CAM3, STM32MP213CAN3, STM32MP213CAO3, STM32MP213DAL3, STM32MP213DAM3, STM32MP213DAN3, STM32MP213DAO3, STM32MP213FAL3, STM32MP213FAM3, STM32MP213FAN3, STM32MP213FAO3, STM32MP215AAL3, STM32MP215AAM3, STM32MP215AAN3, STM32MP215AAO3, STM32MP215CAL3, STM32MP215CAM3, STM32MP215CAN3, STM32MP215CAO3, STM32MP215DAL3, STM32MP215DAM3, STM32MP215DAN3, STM32MP215DAO3, STM32MP215F-DK, STM32MP215FAL3, STM32MP215FAM3, STM32MP215FAN3, STM32MP215FAO3, STM32MP231AAJ3, STM32MP231AAK3, STM32MP231AAL3, STM32MP231CAJ3, STM32MP231CAK3, STM32MP231CAL3, STM32MP231DAJ3, STM32MP231DAK3, STM32MP231DAL3, STM32MP231FAJ3, STM32MP231FAK3, STM32MP231FAL3, STM32MP233AAJ3, STM32MP233AAK3, STM32MP233AAL3, STM32MP233CAJ3, STM32MP233CAK3, STM32MP233CAL3, STM32MP233DAJ3, STM32MP233DAK3, STM32MP233DAL3, STM32MP233FAJ3, STM32MP233FAK3, STM32MP233FAL3, STM32MP235AAJ3, STM32MP235AAK3, STM32MP235AAL3, STM32MP235CAJ3, STM32MP235CAK3, STM32MP235CAL3, STM32MP235DAJ3, STM32MP235DAK3, STM32MP235DAL3, STM32MP235FAJ3, STM32MP235FAK3, STM32MP235FAL3, STM32MP251AAI3, STM32MP251AAK3, STM32MP251AAL3, STM32MP251CAI3, STM32MP251CAK3, STM32MP251CAL3, STM32MP251DAI3, STM32MP251DAK3, STM32MP251DAL3, STM32MP251FAI3, STM32MP251FAK3, STM32MP251FAL3, STM32MP253AAI3, STM32MP253AAK3, STM32MP253AAL3, STM32MP253CAI3, STM32MP253CAK3, STM32MP253CAL3, STM32MP253DAI3, STM32MP253DAK3, STM32MP253DAL3, STM32MP253FAI3, STM32MP253FAK3, STM32MP253FAL3, STM32MP255AAI3, STM32MP255AAK3, STM32MP255AAL3, STM32MP255CAI3, STM32MP255CAK3, STM32MP255CAL3, STM32MP255DAI3, STM32MP255DAK3, STM32MP255DAL3, STM32MP255FAI3, STM32MP255FAK3, STM32MP255FAL3, STM32MP257AAI3, STM32MP257AAK3, STM32MP257AAL3, STM32MP257CAI3, STM32MP257CAK3, STM32MP257CAL3, STM32MP257DAI3, STM32MP257DAK3, STM32MP257DAL3, STM32MP257F-DK, STM32MP257F-EV1, STM32MP257FAI3, STM32MP257FAK3, STM32MP257FAL3, STM32N645A0H3Q, STM32N645B0H3Q, STM32N645I0H3Q, STM32N645L0H3Q, STM32N645X0H3Q, STM32N645Z0H3Q, STM32N647A0H3Q, STM32N647B0H3Q, STM32N647I0H3Q, STM32N647L0H3Q, STM32N647X0H3Q, STM32N647Z0H3Q, STM32N655A0H3Q, STM32N655B0H3Q, STM32N655I0H3Q, STM32N655L0H3Q, STM32N655X0H3Q, STM32N655Z0H3Q, STM32N6570-DK, STM32N657A0H3Q, STM32N657B0H3Q, STM32N657I0H3Q, STM32N657L0H3Q, STM32N657X0H3Q, STM32N657Z0H3Q, STM32U031C6T6, STM32U031C6U6, STM32U031C8T6, STM32U031C8U6, STM32U031F4P6, STM32U031F6P6, STM32U031F8P6, STM32U031G6Y6TR, STM32U031G8Y6TR, STM32U031K4U6, STM32U031K6U6, STM32U031K8U6, STM32U031R6I6, STM32U031R6T6, STM32U031R8I6, STM32U031R8T6, STM32U073C8T6, STM32U073C8U6, STM32U073CBT6, STM32U073CBU6, STM32U073CCT6, STM32U073CCU6, STM32U073H8Y6TR, STM32U073HBY6TR, STM32U073HCY6TR, STM32U073K8U6, STM32U073KBU6, STM32U073KCU6, STM32U073M8I6, STM32U073M8T6, STM32U073MBI6, STM32U073MBT6, STM32U073MCI6, STM32U073MCT6, STM32U073R8I6, STM32U073R8T6, STM32U073RBI6, STM32U073RBT6, STM32U073RCI6, STM32U073RCT6, STM32U083C-DK, STM32U083CCT6, STM32U083CCU6, STM32U083HCY6TR, STM32U083KCU6, STM32U083MCI6, STM32U083MCT6, STM32U083RCI6, STM32U083RCT6, STM32U375CET6, STM32U375CET6Q, STM32U375CEU6, STM32U375CEU6Q, STM32U375CEY6QTR, STM32U375CGT6, STM32U375CGT6Q, STM32U375CGU6, STM32U375CGU6Q, STM32U375CGY6QTR, STM32U375KEU6, STM32U375KGU6, STM32U375REI6, STM32U375REI6Q, STM32U375RET6, STM32U375RET6Q, STM32U375REY6GTR, STM32U375REY6QTR, STM32U375RGI6, STM32U375RGI6Q, STM32U375RGT6, STM32U375RGT6Q, STM32U375RGY6GTR, STM32U375RGY6QTR, STM32U375VEI6, STM32U375VEI6Q, STM32U375VET6, STM32U375VET6Q, STM32U375VGI6, STM32U375VGI6Q, STM32U375VGT6, STM32U375VGT6Q, STM32U385CGT6, STM32U385CGT6Q, STM32U385CGU6, STM32U385CGU6Q, STM32U385CGY6QTR, STM32U385KGU6, STM32U385RGI6, STM32U385RGI6Q, STM32U385RGT6, STM32U385RGT6Q, STM32U385RGY6GTR, STM32U385RGY6QTR, STM32U385VGI6, STM32U385VGI6Q, STM32U385VGT6, STM32U385VGT6Q, STM32U535CBT6, STM32U535CBT6Q, STM32U535CBU6, STM32U535CBU6Q, STM32U535CCT6, STM32U535CCT6Q, STM32U535CCU6, STM32U535CCU6Q, STM32U535CET6, STM32U535CET6Q, STM32U535CEU6, STM32U535CEU6Q, STM32U535JEY6QTR, STM32U535NCY6QTR, STM32U535NEY6QTR, STM32U535RBI6, STM32U535RBI6Q, STM32U535RBT6, STM32U535RBT6Q, STM32U535RCI6, STM32U535RCI6Q, STM32U535RCT6, STM32U535RCT6Q, STM32U535REI6, STM32U535REI6Q, STM32U535RET6, STM32U535RET6Q, STM32U535VCI6, STM32U535VCI6Q, STM32U535VCT6, STM32U535VCT6Q, STM32U535VEI6, STM32U535VEI6Q, STM32U535VET6, STM32U535VET6Q, STM32U545CET6, STM32U545CET6Q, STM32U545CEU6, STM32U545CEU6Q, STM32U545JEY6QTR, STM32U545NEY6QTR, STM32U545REI6, STM32U545REI6Q, STM32U545RET6, STM32U545RET6Q, STM32U545VEI6, STM32U545VEI6Q, STM32U545VET6, STM32U545VET6Q, STM32U595AIH6, STM32U595AIH6Q, STM32U595AJH6, STM32U595AJH6Q, STM32U595QII6, STM32U595QII6Q, STM32U595QJI6, STM32U595QJI6Q, STM32U595RIT6, STM32U595RIT6Q, STM32U595RJT6, STM32U595RJT6Q, STM32U595VIT6, STM32U595VIT6Q, STM32U595VJT6, STM32U595VJT6Q, STM32U595ZIT6, STM32U595ZIT6Q, STM32U595ZIY6QTR, STM32U595ZJT6, STM32U595ZJT6Q, STM32U595ZJY6QTR, STM32U599BJY6QTR, STM32U599NIH6Q, STM32U599NJH6Q, STM32U599VIT6Q, STM32U599VJT6, STM32U599VJT6Q, STM32U599ZIT6Q, STM32U599ZIY6QTR, STM32U599ZJT6Q, STM32U599ZJY6QTR, STM32U5A5AJH6, STM32U5A5AJH6Q, STM32U5A5QII3Q , STM32U5A5QJI6, STM32U5A5QJI6Q, STM32U5A5RJT6, STM32U5A5RJT6Q, STM32U5A5VJT6, STM32U5A5VJT6Q, STM32U5A5ZJT6, STM32U5A5ZJT6Q, STM32U5A5ZJY6QTR, STM32U5A9BJY6QTR, STM32U5A9J-DK, STM32U5A9NJH6Q, STM32U5A9VJT6Q, STM32U5A9ZJT6Q, STM32U5A9ZJY6QTR, STM32U5F7VIT6, STM32U5F7VIT6Q, STM32U5F7VJT6, STM32U5F7VJT6Q, STM32U5F9BJY6QTR, STM32U5F9NJH6Q, STM32U5F9VIT6Q, STM32U5F9VJT6Q, STM32U5F9ZIJ6QTR, STM32U5F9ZIT6Q, STM32U5F9ZJJ6QTR, STM32U5F9ZJT6Q, STM32U5G7VJT6, STM32U5G7VJT6Q, STM32U5G9BJY6QTR, STM32U5G9J-DK1, STM32U5G9J-DK2, STM32U5G9NJH6Q, STM32U5G9VJT6Q, STM32U5G9ZJJ6QTR, STM32U5G9ZJT6Q, STM32WB05KZV6TR, STM32WB05KZV7TR, STM32WB05TZF6TR, STM32WB05TZF7TR, STM32WB06CCF6TR, STM32WB06CCF7TR, STM32WB06CCV6TR, STM32WB06CCV7TR, STM32WB06KCV6TR, STM32WB06KCV7TR, STM32WB07CCF6TR, STM32WB07CCF7TR, STM32WB07CCV6TR, STM32WB07CCV7TR, STM32WB07KCV6TR, STM32WB07KCV7TR, STM32WB09KEV6TR, STM32WB09KEV7TR, STM32WB09TEF6TR, STM32WB09TEF7TR, STM32WB1MMCH6, STM32WBA50KGU6, STM32WBA50KGU6TR, STM32WBA52CEU6, STM32WBA52CEU6TR, STM32WBA52CEU7, STM32WBA52CEU7TR, STM32WBA52CGU6, STM32WBA52CGU6TR, STM32WBA52CGU6U, STM32WBA52CGU7, STM32WBA52CGU7TR, STM32WBA52KEU6, STM32WBA52KEU6TR, STM32WBA52KGU6, STM32WBA52KGU6TR, STM32WBA54CEU6, STM32WBA54CEU6TR, STM32WBA54CEU7, STM32WBA54CEU7TR, STM32WBA54CGU6, STM32WBA54CGU6TR, STM32WBA54CGU7, STM32WBA54CGU7TR, STM32WBA54KEU6, STM32WBA54KEU6TR, STM32WBA54KEU7, STM32WBA54KEU7TR, STM32WBA54KGU6, STM32WBA54KGU6TR, STM32WBA54KGU7, STM32WBA54KGU7TR, STM32WBA55CEU6, STM32WBA55CEU6TR, STM32WBA55CEU7, STM32WBA55CEU7TR, STM32WBA55CGU6, STM32WBA55CGU6TR, STM32WBA55CGU6U, STM32WBA55CGU7, STM32WBA55CGU7TR, STM32WBA55G-DK1, STM32WBA55HEF6, STM32WBA55HEF7, STM32WBA55HGF6, STM32WBA55HGF7, STM32WBA55UEI6, STM32WBA55UEI6TR, STM32WBA55UEI7, STM32WBA55UEI7TR, STM32WBA55UGI6, STM32WBA55UGI6TR, STM32WBA55UGI7, STM32WBA55UGI7TR, STM32WBA5MMGH6TR, STM32WBA62MGF6, STM32WBA62MIF6, STM32WBA65MGF7, STM32WBA65MIF6, STM32WBA65MIF7, STM32WL30K8V6, STM32WL30KBV6, STM32WL31C8V6, STM32WL31CBV6, STM32WL31K8V6, STM32WL31KBV6, STM32WL33C8V6, STM32WL33C8V6X, STM32WL33CBV6, STM32WL33CBV6X, STM32WL33CCV6, STM32WL33CCV6A, STM32WL33CCV6X, STM32WL33K8V7, STM32WL33K8V7X, STM32WL33KBV7 , STM32WL33KBV7X, STM32WL33KCV7, STM32WL33KCV7X, STM32WL5MOCH6, STM32WL5MOCH6TR]
2026-06-17 09:03:49,181 [INFO] BoardInfo:889 - No configuration file found for board NUCLEO-H5E5ZJ
2026-06-17 09:03:49,186 [INFO] DbBoards:161 - Board is not supported: NUCLEO-H5E5ZJ
2026-06-17 09:03:49,514 [INFO] BoardInfo:889 - No configuration file found for board NUCLEO-U3C5ZI-Q
2026-06-17 09:03:49,516 [INFO] DbBoards:161 - Board is not supported: NUCLEO-U3C5ZI-Q
2026-06-17 09:03:49,549 [INFO] BoardInfo:889 - No configuration file found for board NUCLEO-WBA25CE1
2026-06-17 09:03:49,552 [INFO] DbBoards:161 - Board is not supported: NUCLEO-WBA25CE1
2026-06-17 09:03:49,568 [INFO] BoardInfo:889 - No configuration file found for board NUCLEO-WL3RKB1
2026-06-17 09:03:49,570 [INFO] DbBoards:161 - Board is not supported: NUCLEO-WL3RKB1
2026-06-17 09:03:49,572 [INFO] BoardInfo:889 - No configuration file found for board NUCLEO-WL3RKB2
2026-06-17 09:03:49,574 [INFO] DbBoards:161 - Board is not supported: NUCLEO-WL3RKB2
2026-06-17 09:03:49,594 [INFO] BoardInfo:889 - No configuration file found for board P-NUCLEO-WB55
2026-06-17 09:03:49,597 [INFO] DbBoards:161 - Kit is not supported: P-NUCLEO-WB55
2026-06-17 09:03:49,618 [INFO] BoardInfo:889 - No configuration file found for board STEVAL-BFA001V1B
2026-06-17 09:03:49,626 [INFO] DbBoards:161 - Kit is not supported: STEVAL-BFA001V1B
2026-06-17 09:03:49,631 [INFO] BoardInfo:889 - No configuration file found for board STEVAL-BFA001V2B
2026-06-17 09:03:49,639 [INFO] DbBoards:161 - Kit is not supported: STEVAL-BFA001V2B
2026-06-17 09:03:50,526 [INFO] BoardInfo:889 - No configuration file found for board STM32H5F5J-DK
2026-06-17 09:03:50,536 [INFO] DbBoards:161 - Board is not supported: STM32H5F5J-DK
2026-06-17 09:03:51,374 [INFO] DbBoards:168 - Found 218 boards, 209 are supported
2026-06-17 09:03:51,375 [INFO] DbBoards:169 - Found 218 boards, 43 of them is supported for  Bsp
2026-06-17 09:03:51,389 [INFO] ApiDb:423 - Load user favorites file C:\Users\Usuario/.stm32cubeide/favorites.boards.txt: 0 item(s)
2026-06-17 09:03:51,389 [INFO] ApiDb:427 - User favorites Boards=[]
2026-06-17 09:03:51,390 [INFO] DbBoards:198 - Set 0 / 0 favorites Boards
2026-06-17 09:03:51,391 [INFO] McuFinderGlobals:76 - Set McuFinderConnectedMode to true
2026-06-17 09:03:51,410 [INFO] MultiScanPanel:200 - Auto-refresh data requested => check proxy status ongoing
2026-06-17 09:03:51,418 [INFO] FinderPluginLoader:96 - Searching for filters in installed packs
2026-06-17 09:03:57,963 [INFO] LoadUrlFilesThread:185 - End of LoadServerUrlFiles without Thread
2026-06-17 09:03:58,015 [INFO] DetailPanel:341 - Set advertising image to C:/Users/Usuario/STM32Cube/Repository/\en.prom-stm32wl3r-0526.jpg
2026-06-17 09:05:23,254 [INFO] MainUpdater:2872 - connection check result : 10
2026-06-17 09:05:23,254 [INFO] MainUpdater:2872 - connection check result : 10
2026-06-17 09:05:23,276 [INFO] MicroXplorer:468 - Change Database Path : 
2026-06-17 09:05:23,276 [INFO] MicroXplorer:498 - Change Database Version : DB.6.0.150
2026-06-17 09:05:23,287 [WARN] ThirdParty:871 - waiting for thirdparty lock release [close project]
2026-06-17 09:05:23,287 [INFO] ThirdParty:873 - entering critical section [close project]
2026-06-17 09:05:23,288 [INFO] ThirdParty:883 - exiting critical section [close project]
2026-06-17 09:05:23,291 [INFO] PinOutPanel:1589 - setPackage(No Configuration,No Configuration)
2026-06-17 09:05:23,293 [INFO] UtilMem:75 - Begin LoadConfig() Used Memory: 719950160 Bytes (1073741824)
2026-06-17 09:05:23,297 [INFO] MicroXplorer:468 - Change Database Path : 
2026-06-17 09:05:23,297 [INFO] MicroXplorer:498 - Change Database Version : DB.6.0.150
2026-06-17 09:05:23,297 [INFO] OpenFileManager:355 - Change cursor
2026-06-17 09:05:23,995 [INFO] Mcu:2029 - Initializing MCU STM32F103RCTx STM32F103RCTx STM32F103RCT6
2026-06-17 09:05:26,464 [INFO] Context:786 - Trying to add GPIOservice into a context  which must be forbidden
2026-06-17 09:05:26,905 [INFO] ImportTextPane:234 - (OptionalMessage_ERROR) Unable to find key (Mcu.ThirdPartyNb) in loaded IOC file
2026-06-17 09:05:26,905 [INFO] ImportTextPane:234 - (OptionalMessage_ERROR) Unable to find key (Mcu.PinsNb) in loaded IOC file
2026-06-17 09:05:26,906 [INFO] ImportTextPane:234 - (OptionalMessage_ERROR) Pin0 (VP_RIF_VS_RIF1) cannot be retrieved for this MCU
2026-06-17 09:05:26,907 [INFO] ImportTextPane:234 - (OptionalMessage_ERROR) Unable to find key (Mcu.IPNb) in loaded IOC file
2026-06-17 09:05:27,219 [INFO] RtosManager:558 - Registered RTOS mode: class=CMSIS, group=RTOS, mode=CMSIS_V1, owner=FREERTOS
2026-06-17 09:05:27,219 [INFO] RtosManager:558 - Registered RTOS mode: class=CMSIS, group=RTOS2, mode=CMSIS_V2, owner=FREERTOS
2026-06-17 09:05:27,220 [INFO] RtosManager:558 - Registered RTOS mode: class=RTOS, group=Core, mode=CMSIS_V1, owner=FREERTOS
2026-06-17 09:05:27,220 [INFO] RtosManager:558 - Registered RTOS mode: class=RTOS, group=Core, mode=CMSIS_V2, owner=FREERTOS
2026-06-17 09:05:27,220 [WARN] ModelIntegratedComponent:184 - Missing modes for component STMicroelectronics:FreeRTOS:0.0.1:STMicroelectronics:RTOS:FreeRTOS:Core:::10.2.0:
2026-06-17 09:05:27,261 [WARN] ModelIntegratedComponent:63 - No mode defined for component null
2026-06-17 09:05:27,262 [WARN] ModelIntegratedComponent:63 - No mode defined for component null
2026-06-17 09:05:27,262 [WARN] ModelIntegratedComponent:63 - No mode defined for component null
2026-06-17 09:05:27,262 [WARN] ModelIntegratedComponent:63 - No mode defined for component null
2026-06-17 09:05:27,263 [WARN] ModelIntegratedComponent:63 - No mode defined for component null
2026-06-17 09:05:27,263 [WARN] ModelIntegratedComponent:63 - No mode defined for component null
2026-06-17 09:05:27,263 [WARN] ModelIntegratedComponent:63 - No mode defined for component null
2026-06-17 09:05:27,263 [WARN] ModelIntegratedComponent:63 - No mode defined for component null
2026-06-17 09:05:27,263 [WARN] ModelIntegratedComponent:63 - No mode defined for component null
2026-06-17 09:05:27,263 [WARN] ModelIntegratedComponent:63 - No mode defined for component null
2026-06-17 09:05:27,263 [WARN] ModelIntegratedComponent:63 - No mode defined for component null
2026-06-17 09:05:27,263 [WARN] ModelIntegratedComponent:63 - No mode defined for component null
2026-06-17 09:05:27,263 [WARN] ModelIntegratedComponent:63 - No mode defined for component null
2026-06-17 09:05:27,264 [WARN] ModelIntegratedComponent:63 - No mode defined for component null
2026-06-17 09:05:27,264 [WARN] ModelIntegratedComponent:63 - No mode defined for component null
2026-06-17 09:05:27,264 [WARN] ModelIntegratedComponent:63 - No mode defined for component null
2026-06-17 09:05:27,264 [WARN] ModelIntegratedComponent:63 - No mode defined for component null
2026-06-17 09:05:27,264 [WARN] ModelIntegratedComponent:63 - No mode defined for component null
2026-06-17 09:05:27,264 [WARN] ModelIntegratedComponent:63 - No mode defined for component null
2026-06-17 09:05:27,264 [WARN] ModelIntegratedComponent:63 - No mode defined for component null
2026-06-17 09:05:27,265 [WARN] ModelIntegratedComponent:63 - No mode defined for component null
2026-06-17 09:05:27,265 [WARN] ModelIntegratedComponent:63 - No mode defined for component null
2026-06-17 09:05:27,265 [WARN] ModelIntegratedComponent:63 - No mode defined for component null
2026-06-17 09:05:27,265 [WARN] ModelIntegratedComponent:63 - No mode defined for component null
2026-06-17 09:05:27,265 [WARN] ModelIntegratedComponent:63 - No mode defined for component null
2026-06-17 09:05:27,265 [WARN] ModelIntegratedComponent:63 - No mode defined for component null
2026-06-17 09:05:27,265 [WARN] ModelIntegratedComponent:63 - No mode defined for component null
2026-06-17 09:05:27,265 [WARN] ModelIntegratedComponent:63 - No mode defined for component null
2026-06-17 09:05:27,265 [WARN] ModelIntegratedComponent:63 - No mode defined for component null
2026-06-17 09:05:27,265 [WARN] ModelIntegratedComponent:63 - No mode defined for component null
2026-06-17 09:05:27,266 [WARN] ModelIntegratedComponent:63 - No mode defined for component null
2026-06-17 09:05:27,266 [WARN] ModelIntegratedComponent:63 - No mode defined for component null
2026-06-17 09:05:27,266 [WARN] ModelIntegratedComponent:63 - No mode defined for component null
2026-06-17 09:05:27,266 [WARN] ModelIntegratedComponent:63 - No mode defined for component null
2026-06-17 09:05:27,266 [WARN] ModelIntegratedComponent:63 - No mode defined for component null
2026-06-17 09:05:27,266 [WARN] ModelPack:524 - Component already loaded: STMicroelectronics:HAL Drivers:0.0.0:STMicroelectronics:Device:STMicro_Driver:XSPI:HAL::0.0.1:HAL_XSPI
2026-06-17 09:05:27,606 [INFO] ThirdPartyModel:298 - Start build external matchings
2026-06-17 09:05:29,923 [INFO] ThirdPartyModel:316 - End build external matchings
2026-06-17 09:05:30,423 [INFO] UtilMem:75 - End LoadConfig() Used Memory: 701402960 Bytes (1073741824)
2026-06-17 09:05:30,472 [WARN] ThirdParty:833 - waiting for thirdparty lock release [change project]
2026-06-17 09:05:30,473 [INFO] ThirdParty:835 - entering critical section [change project]
2026-06-17 09:05:30,473 [INFO] ThirdParty:1030 - CMSIS Pack Vendor :STMicroelectronics X-CUBE-AZRTOS-H7 3.5.0
2026-06-17 09:05:30,474 [INFO] ThirdParty:1030 - CMSIS Pack Vendor :STMicroelectronics X-CUBE-PM33A1 1.0.0
2026-06-17 09:05:30,474 [INFO] ThirdParty:1030 - CMSIS Pack Vendor :STMicroelectronics USBPD 4.1
2026-06-17 09:05:30,474 [INFO] ThirdParty:1030 - CMSIS Pack Vendor :STMicroelectronics X-CUBE-NFC9 1.0.0
2026-06-17 09:05:30,475 [INFO] ThirdParty:1030 - CMSIS Pack Vendor :STMicroelectronics USB_HOST 2.0.0
2026-06-17 09:05:30,475 [INFO] ThirdParty:1030 - CMSIS Pack Vendor :STMicroelectronics FP-SNS-MOTENVWB1 1.4.0
2026-06-17 09:05:30,475 [INFO] ThirdParty:1030 - CMSIS Pack Vendor :STMicroelectronics X-CUBE-AZRTOS-F4 1.1.0
2026-06-17 09:05:30,475 [INFO] ThirdParty:1030 - CMSIS Pack Vendor :STMicroelectronics LIBJPEG 8.0.0
2026-06-17 09:05:30,475 [INFO] ThirdParty:1030 - CMSIS Pack Vendor :STMicroelectronics FP-ATR-ASTRA1 2.0.2
2026-06-17 09:05:30,475 [INFO] ThirdParty:1030 - CMSIS Pack Vendor :STMicroelectronics X-CUBE-BLE1 7.1.0
2026-06-17 09:05:30,475 [INFO] ThirdParty:1030 - CMSIS Pack Vendor :STMicroelectronics X-CUBE-SMBUS 2.1.0
2026-06-17 09:05:30,475 [INFO] ThirdParty:1030 - CMSIS Pack Vendor :STMicroelectronics USB_DEVICE 3.0.0
2026-06-17 09:05:30,475 [INFO] ThirdParty:1030 - CMSIS Pack Vendor :STMicroelectronics X-CUBE-ISPU 2.1.0
2026-06-17 09:05:30,477 [INFO] ThirdParty:1030 - CMSIS Pack Vendor :STMicroelectronics X-CUBE-IPS 3.2.0
2026-06-17 09:05:30,477 [INFO] ThirdParty:1030 - CMSIS Pack Vendor :STMicroelectronics eDS-WB_DPC_TT-BIDIR 2.1.1
2026-06-17 09:05:30,477 [INFO] ThirdParty:1030 - CMSIS Pack Vendor :STMicroelectronics X-CUBE-AZRTOS-WB 2.0.0
2026-06-17 09:05:30,478 [INFO] ThirdParty:1030 - CMSIS Pack Vendor :STMicroelectronics X-CUBE-ST60 1.0.0
2026-06-17 09:05:30,478 [INFO] ThirdParty:1030 - CMSIS Pack Vendor :STMicroelectronics X-CUBE-GNSS1 7.0.1
2026-06-17 09:05:30,479 [INFO] ThirdParty:1030 - CMSIS Pack Vendor :STMicroelectronics X-CUBE-AZRTOS-F7 1.1.0
2026-06-17 09:05:30,479 [INFO] ThirdParty:1030 - CMSIS Pack Vendor :STMicroelectronics X-CUBE-AZRTOS-L5 2.0.0
2026-06-17 09:05:30,479 [INFO] ThirdParty:1030 - CMSIS Pack Vendor :STMicroelectronics X-CUBE-TOUCHGFX 4.25.0
2026-06-17 09:05:30,479 [INFO] ThirdParty:1030 - CMSIS Pack Vendor :STMicroelectronics USB_DEVICE 2.0.0
2026-06-17 09:05:30,479 [INFO] ThirdParty:1030 - CMSIS Pack Vendor :STMicroelectronics X-CUBE-NFC6 3.1.0
2026-06-17 09:05:30,479 [INFO] ThirdParty:1030 - CMSIS Pack Vendor :STMicroelectronics FP-SNS-STAIOTCFT 1.1.0
2026-06-17 09:05:30,479 [INFO] ThirdParty:1030 - CMSIS Pack Vendor :quantropi X-CUBE-qispace-sdk-base 2.1.0
2026-06-17 09:05:30,479 [INFO] ThirdParty:1030 - CMSIS Pack Vendor :STMicroelectronics X-CUBE-MEMS1 12.0.0
2026-06-17 09:05:30,479 [INFO] ThirdParty:1030 - CMSIS Pack Vendor :STMicroelectronics X-CUBE-STSE01 2.0.0
2026-06-17 09:05:30,480 [INFO] ThirdParty:1030 - CMSIS Pack Vendor :STMicroelectronics X-CUBE-ALGOBUILD 1.5.0
2026-06-17 09:05:30,480 [INFO] ThirdParty:1030 - CMSIS Pack Vendor :STMicroelectronics FP-SNS-MOTENV1 5.1.0
2026-06-17 09:05:30,480 [INFO] ThirdParty:1030 - CMSIS Pack Vendor :STMicroelectronics FreeRTOS 0.0.1
2026-06-17 09:05:30,480 [INFO] ThirdParty:1030 - CMSIS Pack Vendor :STMicroelectronics X-CUBE-AZRTOS-G0 1.1.0
2026-06-17 09:05:30,480 [INFO] ThirdParty:1030 - CMSIS Pack Vendor :STMicroelectronics X-CUBE-SAFEA1 1.2.2
2026-06-17 09:05:30,480 [INFO] ThirdParty:1030 - CMSIS Pack Vendor :STMicroelectronics X-CUBE-NFC4 3.0.0
2026-06-17 09:05:30,480 [INFO] ThirdParty:1030 - CMSIS Pack Vendor :STMicroelectronics X-CUBE-SUBG2 5.0.0
2026-06-17 09:05:30,480 [INFO] ThirdParty:1030 - CMSIS Pack Vendor :STMicroelectronics X-CUBE-AZRTOS-H7RS 1.1.0
2026-06-17 09:05:30,480 [INFO] ThirdParty:1030 - CMSIS Pack Vendor :STMicroelectronics STM32_WPAN 1.0.0
2026-06-17 09:05:30,481 [INFO] ThirdParty:1030 - CMSIS Pack Vendor :STMicroelectronics eDS-WB_DPC_VIENNA 1.2.0
2026-06-17 09:05:30,481 [INFO] ThirdParty:1030 - CMSIS Pack Vendor :EmbeddedOffice I-CUBE-FS-RTOS 1.0.1
2026-06-17 09:05:30,481 [INFO] ThirdParty:1030 - CMSIS Pack Vendor :STMicroelectronics lwIP 2.0.3
2026-06-17 09:05:30,481 [INFO] ThirdParty:1030 - CMSIS Pack Vendor :Cesanta I-CUBE-Mongoose 7.13.0
2026-06-17 09:05:30,481 [INFO] ThirdParty:1030 - CMSIS Pack Vendor :STMicroelectronics eDS-WB_DPC_3PH2L-BIDIR 1.1.1
2026-06-17 09:05:30,481 [INFO] ThirdParty:1030 - CMSIS Pack Vendor :STMicroelectronics USB_HOST 1.0.0
2026-06-17 09:05:30,481 [INFO] ThirdParty:1030 - CMSIS Pack Vendor :STMicroelectronics X-CUBE-AZRTOS-G4 2.0.0
2026-06-17 09:05:30,481 [INFO] ThirdParty:1030 - CMSIS Pack Vendor :STMicroelectronics X-CUBE-WB05N 2.0.0
2026-06-17 09:05:30,481 [INFO] ThirdParty:1030 - CMSIS Pack Vendor :STMicroelectronics PDM2PCM 3.1.0
2026-06-17 09:05:30,481 [INFO] ThirdParty:1030 - CMSIS Pack Vendor :STMicroelectronics PDM2PCM 3.3.0
2026-06-17 09:05:30,481 [INFO] ThirdParty:1030 - CMSIS Pack Vendor :STMicroelectronics X-CUBE-AZRTOS-H7 3.4.0
2026-06-17 09:05:30,481 [INFO] ThirdParty:1030 - CMSIS Pack Vendor :STMicroelectronics X-CUBE-DISPLAY 3.0.0
2026-06-17 09:05:30,481 [INFO] ThirdParty:1030 - CMSIS Pack Vendor :STMicroelectronics X-CUBE-NFC7 2.0.0
2026-06-17 09:05:30,482 [INFO] ThirdParty:1030 - CMSIS Pack Vendor :STMicroelectronics X-CUBE-GNSS1 7.1.1
2026-06-17 09:05:30,482 [INFO] ThirdParty:1030 - CMSIS Pack Vendor :STMicroelectronics FP-SNS-MOTENVWB1 1.5.0
2026-06-17 09:05:30,482 [INFO] ThirdParty:1030 - CMSIS Pack Vendor :STMicroelectronics X-CUBE-TCPP 4.2.0
2026-06-17 09:05:30,482 [INFO] ThirdParty:1030 - CMSIS Pack Vendor :RealThread X-CUBE-RT-Thread_Nano 4.1.1
2026-06-17 09:05:30,482 [INFO] ThirdParty:1030 - CMSIS Pack Vendor :STMicroelectronics FP-ATR-SIGFOX1 3.2.0
2026-06-17 09:05:30,482 [INFO] ThirdParty:1030 - CMSIS Pack Vendor :STMicroelectronics X-CUBE-NFC10 1.0.0
2026-06-17 09:05:30,482 [INFO] ThirdParty:1030 - CMSIS Pack Vendor :STMicroelectronics X-CUBE-FREERTOS 1.3.1
2026-06-17 09:05:30,482 [INFO] ThirdParty:1030 - CMSIS Pack Vendor :STMicroelectronics HAL Drivers 0.0.0
2026-06-17 09:05:30,482 [INFO] ThirdParty:1030 - CMSIS Pack Vendor :STMicroelectronics X-CUBE-FREERTOS 1.5.0
2026-06-17 09:05:30,482 [INFO] ThirdParty:1030 - CMSIS Pack Vendor :STMicroelectronics MBEDTLS 2.16.2
2026-06-17 09:05:30,482 [INFO] ThirdParty:1030 - CMSIS Pack Vendor :STMicroelectronics X-CUBE-ST60 1.1.0
2026-06-17 09:05:30,483 [INFO] ThirdParty:1030 - CMSIS Pack Vendor :STMicroelectronics X-CUBE-IPS 3.1.0
2026-06-17 09:05:30,483 [INFO] ThirdParty:1030 - CMSIS Pack Vendor :STMicroelectronics X-CUBE-ALS 1.0.2
2026-06-17 09:05:30,483 [INFO] ThirdParty:1030 - CMSIS Pack Vendor :STMicroelectronics MBEDTLS 2.14.1
2026-06-17 09:05:30,483 [INFO] ThirdParty:1030 - CMSIS Pack Vendor :STMicroelectronics X-CUBE-GNSS1 7.1.0
2026-06-17 09:05:30,483 [INFO] ThirdParty:1030 - CMSIS Pack Vendor :STMicroelectronics X-CUBE-TOUCHGFX 4.26.1
2026-06-17 09:05:30,483 [INFO] ThirdParty:1030 - CMSIS Pack Vendor :portGmbH I-Cube-SoM-uGOAL 1.1.0
2026-06-17 09:05:30,483 [INFO] ThirdParty:1030 - CMSIS Pack Vendor :STMicroelectronics X-CUBE-NFC6 3.2.0
2026-06-17 09:05:30,483 [INFO] ThirdParty:1030 - CMSIS Pack Vendor :STMicroelectronics X-CUBE-ST67W61 1.0.0
2026-06-17 09:05:30,483 [INFO] ThirdParty:1030 - CMSIS Pack Vendor :STMicroelectronics FP-SNS-STAIOTCFT 1.0.0
2026-06-17 09:05:30,483 [INFO] ThirdParty:1030 - CMSIS Pack Vendor :STMicroelectronics ThreadX 1.0.0
2026-06-17 09:05:30,483 [INFO] ThirdParty:1030 - CMSIS Pack Vendor :STMicroelectronics FP-SNS-SMARTAG2 1.2.0
2026-06-17 09:05:30,483 [INFO] ThirdParty:1030 - CMSIS Pack Vendor :STMicroelectronics X-CUBE-MEMS1 12.1.0
2026-06-17 09:05:30,484 [INFO] ThirdParty:1030 - CMSIS Pack Vendor :STMicroelectronics FP-SNS-FLIGHT1 5.1.0
2026-06-17 09:05:30,484 [INFO] ThirdParty:1030 - CMSIS Pack Vendor :STMicroelectronics X-CUBE-AZRTOS-WL 2.0.0
2026-06-17 09:05:30,484 [INFO] ThirdParty:1030 - CMSIS Pack Vendor :SEGGER I-CUBE-embOS 1.3.1
2026-06-17 09:05:30,484 [INFO] ThirdParty:1030 - CMSIS Pack Vendor :STMicroelectronics X-CUBE-ALGOBUILD 1.4.0
2026-06-17 09:05:30,484 [INFO] ThirdParty:1030 - CMSIS Pack Vendor :STMicroelectronics X-CUBE-DPower 1.3.0
2026-06-17 09:05:30,484 [INFO] ThirdParty:1030 - CMSIS Pack Vendor :STMicroelectronics X-CUBE-MEMS1 11.3.0
2026-06-17 09:05:30,484 [INFO] ThirdParty:1030 - CMSIS Pack Vendor :STMicroelectronics FP-SNS-MOTENV1 5.0.0
2026-06-17 09:05:30,484 [INFO] ThirdParty:1030 - CMSIS Pack Vendor :STMicroelectronics USB_DEVICE 1.0.0
2026-06-17 09:05:30,484 [INFO] ThirdParty:1030 - CMSIS Pack Vendor :STMicroelectronics X-CUBE-AZRTOS-H7RS 1.2.0
2026-06-17 09:05:30,484 [INFO] ThirdParty:1030 - CMSIS Pack Vendor :STMicroelectronics X-CUBE-AZRTOS-L4 2.0.0
2026-06-17 09:05:30,484 [INFO] ThirdParty:1030 - CMSIS Pack Vendor :STMicroelectronics ThreadX 0.0.2
2026-06-17 09:05:30,485 [INFO] ThirdParty:1030 - CMSIS Pack Vendor :WES I-CUBE-Cesium 1.3.0
2026-06-17 09:05:30,485 [INFO] ThirdParty:1030 - CMSIS Pack Vendor :STMicroelectronics lwIP 2.1.2
2026-06-17 09:05:30,485 [INFO] ThirdParty:1030 - CMSIS Pack Vendor :STMicroelectronics X-CUBE-SFXS2LP1 4.0.0
2026-06-17 09:05:30,485 [INFO] ThirdParty:1030 - CMSIS Pack Vendor :STMicroelectronics X-CUBE-BLE2 3.3.0
2026-06-17 09:05:30,485 [INFO] ThirdParty:1030 - CMSIS Pack Vendor :Avnet-IOTCONNECT X-CUBE-iotc-st67-sdk 1.0.0
2026-06-17 09:05:30,485 [INFO] ThirdParty:1030 - CMSIS Pack Vendor :STMicroelectronics X-CUBE-TOF1 3.4.3
2026-06-17 09:05:30,485 [INFO] ThirdParty:1030 - CMSIS Pack Vendor :STMicroelectronics X-CUBE-NFC13 1.0.0
2026-06-17 09:05:30,486 [INFO] ThirdParty:1030 - CMSIS Pack Vendor :STMicroelectronics PDM2PCM 3.2.0
2026-06-17 09:05:30,487 [INFO] ThirdParty:1030 - CMSIS Pack Vendor :STMicroelectronics X-CUBE-WB05N 2.1.0
2026-06-17 09:05:30,487 [INFO] ThirdParty:1030 - CMSIS Pack Vendor :STMicroelectronics X-CUBE-ST67W61 1.2.0
2026-06-17 09:05:30,487 [INFO] ThirdParty:841 - exiting critical section [change project]
2026-06-17 09:05:31,112 [INFO] PinOutPanel:1589 - setPackage(No Configuration,No Configuration)
2026-06-17 09:05:31,115 [INFO] PinOutPanel:1589 - setPackage(STM32F103RCTx,LQFP64)
2026-06-17 09:05:32,488 [INFO] UtilMem:75 - Before build in PCC Used Memory: 677129400 Bytes (1073741824)
2026-06-17 09:05:34,991 [INFO] UtilMem:75 - After build in PCC Used Memory: 747564184 Bytes (1073741824)
2026-06-17 09:05:35,059 [INFO] IPUIPlugin:80 - create IPUIPlugin
2026-06-17 09:05:35,059 [INFO] IPUIPlugin:80 - create IPUIPlugin
2026-06-17 09:05:35,059 [INFO] IPUIPlugin:80 - create IPUIPlugin
2026-06-17 09:05:35,059 [INFO] IPUIPlugin:80 - create IPUIPlugin
2026-06-17 09:05:35,060 [INFO] IPUIPlugin:80 - create IPUIPlugin
2026-06-17 09:05:35,062 [INFO] IPUIPlugin:80 - create IPUIPlugin
2026-06-17 09:05:35,063 [INFO] IPUIPlugin:80 - create IPUIPlugin
2026-06-17 09:05:35,063 [INFO] IPUIPlugin:80 - create IPUIPlugin
2026-06-17 09:05:35,064 [INFO] IPUIPlugin:80 - create IPUIPlugin
2026-06-17 09:05:35,064 [INFO] IPUIPlugin:80 - create IPUIPlugin
2026-06-17 09:05:35,064 [INFO] IPUIPlugin:80 - create IPUIPlugin
2026-06-17 09:05:35,065 [INFO] IPUIPlugin:80 - create IPUIPlugin
2026-06-17 09:05:35,065 [INFO] IPUIPlugin:80 - create IPUIPlugin
2026-06-17 09:05:35,065 [INFO] IPUIPlugin:80 - create IPUIPlugin
2026-06-17 09:05:35,067 [INFO] IPUIPlugin:80 - create IPUIPlugin
2026-06-17 09:05:35,067 [INFO] IPUIPlugin:80 - create IPUIPlugin
2026-06-17 09:05:35,067 [INFO] IPUIPlugin:80 - create IPUIPlugin
2026-06-17 09:05:35,068 [INFO] IPUIPlugin:80 - create IPUIPlugin
2026-06-17 09:05:35,068 [INFO] IPUIPlugin:80 - create IPUIPlugin
2026-06-17 09:05:35,068 [INFO] IPUIPlugin:80 - create IPUIPlugin
2026-06-17 09:05:35,070 [INFO] IPUIPlugin:80 - create IPUIPlugin
2026-06-17 09:05:35,070 [INFO] IPUIPlugin:80 - create IPUIPlugin
2026-06-17 09:05:35,070 [INFO] IPUIPlugin:80 - create IPUIPlugin
2026-06-17 09:05:35,072 [INFO] IPUIPlugin:80 - create IPUIPlugin
2026-06-17 09:05:35,072 [INFO] IPUIPlugin:80 - create IPUIPlugin
2026-06-17 09:05:35,073 [INFO] IPUIPlugin:80 - create IPUIPlugin
2026-06-17 09:05:35,073 [INFO] IPUIPlugin:80 - create IPUIPlugin
2026-06-17 09:05:35,073 [INFO] IPUIPlugin:80 - create IPUIPlugin
2026-06-17 09:05:35,074 [INFO] IPUIPlugin:80 - create IPUIPlugin
2026-06-17 09:05:35,074 [INFO] IPUIPlugin:80 - create IPUIPlugin
2026-06-17 09:05:35,077 [INFO] IPUIPlugin:80 - create IPUIPlugin
2026-06-17 09:05:35,085 [INFO] IPUIPlugin:80 - create IPUIPlugin
2026-06-17 09:05:35,087 [INFO] IPUIPlugin:80 - create IPUIPlugin
2026-06-17 09:05:35,087 [INFO] IPUIPlugin:80 - create IPUIPlugin
2026-06-17 09:05:35,088 [INFO] IPUIPlugin:80 - create IPUIPlugin
2026-06-17 09:05:35,089 [INFO] IPUIPlugin:80 - create IPUIPlugin
2026-06-17 09:05:35,089 [INFO] IPUIPlugin:80 - create IPUIPlugin
2026-06-17 09:05:35,090 [INFO] IPUIPlugin:80 - create IPUIPlugin
2026-06-17 09:05:35,091 [INFO] IPUIPlugin:80 - create IPUIPlugin
2026-06-17 09:05:35,416 [INFO] CADModel:165 - CPN selected for project levelSTM32F103RCT6
2026-06-17 09:05:35,416 [INFO] CADModel:114 - Register for checkConnection events
2026-06-17 09:05:35,487 [INFO] OpenFileManager:386 - Restore cursor
2026-06-17 09:05:36,980 [INFO] UtilMem:75 - End SaveConfig() Used Memory: 851224560 Bytes (1073741824)
2026-06-17 09:05:37,091 [INFO] UtilMem:75 - End SaveConfig() Used Memory: 869281360 Bytes (1073741824)
2026-06-17 09:05:38,207 [INFO] BlockDiagram:2775 - set Specific Code input for plugin: NVIC
2026-06-17 09:05:38,207 [INFO] BlockDiagram:2775 - set Specific Code input for plugin: RCC
2026-06-17 09:05:38,211 [INFO] CodeGenerator:892 - code generatio: config db path: C:\ST\STM32CubeIDE_1.19.0\STM32CubeIDE\plugins\com.st.stm32cube.common.mx_6.15.0.202507011659\\db\
2026-06-17 09:05:38,794 [INFO] CodeEngine:265 - oldGeneratedFile, C:\Users\Usuario\Desktop\UNAL\2026-1\Control\proyectoControl\sensoresProyecto\MXTmpFiles\license.tmp_save
2026-06-17 09:05:39,752 [INFO] CodeEngine:289 - Generated code: C:\Users\Usuario\Desktop\UNAL\2026-1\Control\proyectoControl\sensoresProyecto\MXTmpFiles\license.tmp
2026-06-17 09:05:39,803 [INFO] CodeEngine:265 - oldGeneratedFile, C:\Users\Usuario\Desktop\UNAL\2026-1\Control\proyectoControl\sensoresProyecto\Core\Src\stm32f1xx_it.c_save
2026-06-17 09:05:40,106 [INFO] CodeEngine:289 - Generated code: C:\Users\Usuario\Desktop\UNAL\2026-1\Control\proyectoControl\sensoresProyecto\Core\Src\stm32f1xx_it.c
2026-06-17 09:05:40,121 [INFO] CodeEngine:265 - oldGeneratedFile, C:\Users\Usuario\Desktop\UNAL\2026-1\Control\proyectoControl\sensoresProyecto\Core\Inc\stm32f1xx_it.h_save
2026-06-17 09:05:40,312 [INFO] CodeEngine:289 - Generated code: C:\Users\Usuario\Desktop\UNAL\2026-1\Control\proyectoControl\sensoresProyecto\Core\Inc\stm32f1xx_it.h
2026-06-17 09:05:40,514 [INFO] CodeEngine:265 - oldGeneratedFile, C:\Users\Usuario\Desktop\UNAL\2026-1\Control\proyectoControl\sensoresProyecto\Core\Src\stm32f1xx_hal_msp.c_save
2026-06-17 09:05:40,766 [INFO] CodeEngine:289 - Generated code: C:\Users\Usuario\Desktop\UNAL\2026-1\Control\proyectoControl\sensoresProyecto\Core\Src\stm32f1xx_hal_msp.c
2026-06-17 09:05:40,779 [INFO] CodeEngine:265 - oldGeneratedFile, C:\Users\Usuario\Desktop\UNAL\2026-1\Control\proyectoControl\sensoresProyecto\MXTmpFiles\system.tmp_save
2026-06-17 09:05:40,899 [INFO] CodeEngine:289 - Generated code: C:\Users\Usuario\Desktop\UNAL\2026-1\Control\proyectoControl\sensoresProyecto\MXTmpFiles\system.tmp
2026-06-17 09:05:40,923 [INFO] CodeEngine:321 - oldGeneratedFile, C:\Users\Usuario\Desktop\UNAL\2026-1\Control\proyectoControl\sensoresProyecto\Core\Inc\stm32f1xx_hal_conf.h_save
2026-06-17 09:05:41,049 [INFO] CodeEngine:345 - Generated code: C:\Users\Usuario\Desktop\UNAL\2026-1\Control\proyectoControl\sensoresProyecto\Core\Inc\stm32f1xx_hal_conf.h
2026-06-17 09:05:41,114 [INFO] ApiDbMcu:532 - Load IP Config File for RCC
2026-06-17 09:05:41,139 [INFO] CodeEngine:265 - oldGeneratedFile, C:\Users\Usuario\Desktop\UNAL\2026-1\Control\proyectoControl\sensoresProyecto\Core\Inc\main.h_save
2026-06-17 09:05:41,317 [INFO] CodeEngine:289 - Generated code: C:\Users\Usuario\Desktop\UNAL\2026-1\Control\proyectoControl\sensoresProyecto\Core\Inc\main.h
2026-06-17 09:05:41,330 [INFO] CodeEngine:265 - oldGeneratedFile, C:\Users\Usuario\Desktop\UNAL\2026-1\Control\proyectoControl\sensoresProyecto\Core\Src\main.c_save
2026-06-17 09:05:41,544 [INFO] CodeEngine:289 - Generated code: C:\Users\Usuario\Desktop\UNAL\2026-1\Control\proyectoControl\sensoresProyecto\Core\Src\main.c
2026-06-17 09:05:42,231 [INFO] ProjectBuilder:3606 - Time for Copy HAL[1] : 384mS.
2026-06-17 09:05:42,248 [INFO] ProjectBuilder:5216 - Project Generator version: 4.7.0-B52
2026-06-17 09:05:42,374 [INFO] ConfigFileManager:1595 - The Die is : DIE414
2026-06-17 09:05:42,391 [INFO] ApiDbMcu:532 - Load IP Config File for FATFS
2026-06-17 09:05:42,405 [INFO] ApiDbMcu:532 - Load IP Config File for FREERTOS
2026-06-17 09:05:42,423 [INFO] ApiDbMcu:532 - Load IP Config File for USB_DEVICE
2026-06-17 09:05:43,080 [INFO] LogOutputStream:77 - [STDOUT_REDIRECT] 
2026-06-17 09:05:48,748 [INFO] ProjectBuilder:5496 - Time for Generating toolchain IDE Files: 6501mS.
2026-06-17 09:05:48,751 [INFO] ProjectBuilder:3463 - Time for Copy CMSIS : 2mS.
2026-06-17 09:05:48,756 [INFO] ProjectBuilder:3463 - Time for Copy CMSIS : 0mS.
2026-06-17 09:05:50,556 [INFO] McuFinderGlobals:76 - Set McuFinderConnectedMode to true
2026-06-17 09:05:50,567 [INFO] ApiDb:448 - Save user favorites file C:\Users\Usuario/.stm32cubeide/favorites.mcus.txt: 2 item(s)
2026-06-17 09:05:50,573 [INFO] ApiDb:452 - User favorites MCUs=[STM32F103C8T6, STM32F103RCT6]
2026-06-17 09:06:40,148 [INFO] MainUpdater:2872 - connection check result : 10
2026-06-17 09:06:40,148 [INFO] MainUpdater:2872 - connection check result : 10
2026-06-17 09:06:40,616 [INFO] MicroXplorer:468 - Change Database Path : 
2026-06-17 09:06:40,616 [INFO] MicroXplorer:498 - Change Database Version : DB.6.0.150
2026-06-17 09:06:40,635 [ERROR] ProjectManagerView:395 - 
java.lang.NullPointerException: Cannot invoke "javax.swing.JTextField.getText()" because the return value of "java.util.List.get(int)" is null
	at com.st.microxplorer.plugins.projectmanager.gui.ProjectChoiceTab$9.caretUpdate(ProjectChoiceTab.java:2706) ~[filemanager.jar:?]
	at javax.swing.text.JTextComponent.fireCaretUpdate(JTextComponent.java:408) ~[?:?]
	at javax.swing.text.JTextComponent$MutableCaretEvent.fire(JTextComponent.java:4484) ~[?:?]
	at javax.swing.text.JTextComponent$MutableCaretEvent.stateChanged(JTextComponent.java:4506) ~[?:?]
	at javax.swing.text.DefaultCaret.fireStateChanged(DefaultCaret.java:857) ~[?:?]
	at javax.swing.text.DefaultCaret.changeCaretPosition(DefaultCaret.java:1343) ~[?:?]
	at javax.swing.text.DefaultCaret.handleSetDot(DefaultCaret.java:1242) ~[?:?]
	at javax.swing.text.DefaultCaret.setDot(DefaultCaret.java:1223) ~[?:?]
	at javax.swing.text.DefaultCaret$Handler.insertUpdate(DefaultCaret.java:1819) ~[?:?]
	at javax.swing.text.AbstractDocument.fireInsertUpdate(AbstractDocument.java:227) ~[?:?]
	at javax.swing.text.AbstractDocument.handleInsertString(AbstractDocument.java:781) ~[?:?]
	at javax.swing.text.AbstractDocument.insertString(AbstractDocument.java:740) ~[?:?]
	at javax.swing.text.PlainDocument.insertString(PlainDocument.java:131) ~[?:?]
	at javax.swing.text.AbstractDocument.replace(AbstractDocument.java:699) ~[?:?]
	at javax.swing.text.JTextComponent.setText(JTextComponent.java:1725) ~[?:?]
	at com.st.microxplorer.plugins.projectmanager.gui.ProjectChoiceTab.createHeapStackFields(ProjectChoiceTab.java:993) ~[filemanager.jar:?]
	at com.st.microxplorer.plugins.projectmanager.gui.ProjectChoiceTab.buildLinkSettingsPanel(ProjectChoiceTab.java:3813) ~[filemanager.jar:?]
	at com.st.microxplorer.plugins.projectmanager.gui.ProjectChoiceTab.defineWindowsFields(ProjectChoiceTab.java:1987) ~[filemanager.jar:?]
	at com.st.microxplorer.plugins.projectmanager.gui.ProjectChoiceTab.updateSettings(ProjectChoiceTab.java:558) ~[filemanager.jar:?]
	at com.st.microxplorer.plugins.projectmanager.gui.ProjectSettingsPanel.UpdateDialog(ProjectSettingsPanel.java:247) ~[filemanager.jar:?]
	at com.st.microxplorer.plugins.projectmanager.ProjectManagerView.propertyChange(ProjectManagerView.java:392) ~[filemanager.jar:?]
	at java.beans.PropertyChangeSupport.fire(PropertyChangeSupport.java:343) ~[?:?]
	at java.beans.PropertyChangeSupport.firePropertyChange(PropertyChangeSupport.java:335) ~[?:?]
	at java.beans.PropertyChangeSupport.firePropertyChange(PropertyChangeSupport.java:268) ~[?:?]
	at com.st.microxplorer.util.MXPropertyChangeSupport.firePropertyChange(MXPropertyChangeSupport.java:54) ~[STM32CubeMX.jar:?]
	at com.st.microxplorer.mxsystem.MxSystem.closeConfig(MxSystem.java:899) ~[STM32CubeMX.jar:?]
	at com.st.microxplorer.maingui.MainPanel.closeConfig(MainPanel.java:792) ~[STM32CubeMX.jar:?]
	at com.st.microxplorer.plugins.filemanager.engine.OpenFileManager.loadConfigurationFile(OpenFileManager.java:288) ~[filemanager.jar:?]
	at com.st.microxplorer.plugins.filemanager.engine.MainFileManager.userLoadConfig(MainFileManager.java:364) ~[filemanager.jar:?]
	at com.st.microxplorer.plugins.filemanager.engine.MainFileManager.userLoadConfig(MainFileManager.java:342) ~[filemanager.jar:?]
	at com.st.microxplorer.plugins.filemanager.FileManagerView.getSpecificTask(FileManagerView.java:264) ~[filemanager.jar:?]
	at com.st.stm32cube.common.mx.editor.CubeMxEditor.getMxTabbedPaneInstance(CubeMxEditor.java:1198) ~[com.st.stm32cube.common.mx_6.15.0.202507011659/:?]
	at com.st.stm32cube.common.mx.editor.CubeMxEditor$12$1.createSwingComponent(CubeMxEditor.java:1068) ~[com.st.stm32cube.common.mx_6.15.0.202507011659/:?]
	at com.st.stm32cube.common.mx.oss.core.awtswtbridge.EmbeddedSwingComposite.doComponentCreation(EmbeddedSwingComposite.java:492) ~[com.st.stm32cube.common.mx.oss_6.15.0.202507011659/:?]
	at com.st.stm32cube.common.mx.oss.core.awtswtbridge.EmbeddedSwingComposite$4.run(EmbeddedSwingComposite.java:291) ~[com.st.stm32cube.common.mx.oss_6.15.0.202507011659/:?]
	at com.st.stm32cube.common.mx.oss.core.awtswtbridge.AwtEnvironment$2.run(AwtEnvironment.java:166) ~[com.st.stm32cube.common.mx.oss_6.15.0.202507011659/:?]
	at java.awt.event.InvocationEvent.dispatch(InvocationEvent.java:318) ~[?:?]
	at java.awt.EventQueue.dispatchEventImpl(EventQueue.java:773) ~[?:?]
	at java.awt.EventQueue$4.run(EventQueue.java:720) ~[?:?]
	at java.awt.EventQueue$4.run(EventQueue.java:714) ~[?:?]
	at java.security.AccessController.doPrivileged(AccessController.java:400) ~[?:?]
	at java.security.ProtectionDomain$JavaSecurityAccessImpl.doIntersectionPrivilege(ProtectionDomain.java:87) ~[?:?]
	at java.awt.EventQueue.dispatchEvent(EventQueue.java:742) ~[?:?]
	at java.awt.EventDispatchThread.pumpOneEventForFilters(EventDispatchThread.java:203) ~[?:?]
	at java.awt.EventDispatchThread.pumpEventsForFilter(EventDispatchThread.java:124) ~[?:?]
	at java.awt.EventDispatchThread.pumpEventsForHierarchy(EventDispatchThread.java:113) ~[?:?]
	at java.awt.EventDispatchThread.pumpEvents(EventDispatchThread.java:109) ~[?:?]
	at java.awt.EventDispatchThread.pumpEvents(EventDispatchThread.java:101) ~[?:?]
	at java.awt.EventDispatchThread.run(EventDispatchThread.java:90) ~[?:?]
2026-06-17 09:06:40,646 [WARN] ThirdParty:871 - waiting for thirdparty lock release [close project]
2026-06-17 09:06:40,647 [INFO] ThirdParty:873 - entering critical section [close project]
2026-06-17 09:06:40,647 [INFO] ThirdParty:883 - exiting critical section [close project]
2026-06-17 09:06:40,648 [INFO] PinOutPanel:1589 - setPackage(No Configuration,No Configuration)
2026-06-17 09:06:40,656 [INFO] UtilMem:75 - Begin LoadConfig() Used Memory: 960167408 Bytes (1073741824)
2026-06-17 09:06:40,658 [INFO] MicroXplorer:468 - Change Database Path : 
2026-06-17 09:06:40,658 [INFO] MicroXplorer:498 - Change Database Version : DB.6.0.150
2026-06-17 09:06:40,659 [INFO] OpenFileManager:355 - Change cursor
2026-06-17 09:06:40,676 [INFO] RulesReader:64 - Compatibility file has been processed (317 Rules)
2026-06-17 09:06:40,684 [INFO] Mcu:2029 - Initializing MCU STM32F103C(8-B)Tx STM32F103C8Tx STM32F103C8T6
2026-06-17 09:06:41,418 [INFO] Context:786 - Trying to add GPIOservice into a context  which must be forbidden
2026-06-17 09:06:41,714 [INFO] ImportTextPane:234 - (OptionalMessage_ERROR) Pin6 (VP_RIF_VS_RIF1) cannot be retrieved for this MCU
2026-06-17 09:06:41,904 [INFO] RtosManager:558 - Registered RTOS mode: class=CMSIS, group=RTOS, mode=CMSIS_V1, owner=FREERTOS
2026-06-17 09:06:41,904 [INFO] RtosManager:558 - Registered RTOS mode: class=CMSIS, group=RTOS2, mode=CMSIS_V2, owner=FREERTOS
2026-06-17 09:06:41,904 [INFO] RtosManager:558 - Registered RTOS mode: class=RTOS, group=Core, mode=CMSIS_V1, owner=FREERTOS
2026-06-17 09:06:41,904 [INFO] RtosManager:558 - Registered RTOS mode: class=RTOS, group=Core, mode=CMSIS_V2, owner=FREERTOS
2026-06-17 09:06:41,904 [WARN] ModelIntegratedComponent:184 - Missing modes for component STMicroelectronics:FreeRTOS:0.0.1:STMicroelectronics:RTOS:FreeRTOS:Core:::10.2.0:
2026-06-17 09:06:41,937 [WARN] ModelIntegratedComponent:63 - No mode defined for component null
2026-06-17 09:06:41,937 [WARN] ModelIntegratedComponent:63 - No mode defined for component null
2026-06-17 09:06:41,937 [WARN] ModelIntegratedComponent:63 - No mode defined for component null
2026-06-17 09:06:41,937 [WARN] ModelIntegratedComponent:63 - No mode defined for component null
2026-06-17 09:06:41,937 [WARN] ModelIntegratedComponent:63 - No mode defined for component null
2026-06-17 09:06:41,938 [WARN] ModelIntegratedComponent:63 - No mode defined for component null
2026-06-17 09:06:41,938 [WARN] ModelIntegratedComponent:63 - No mode defined for component null
2026-06-17 09:06:41,938 [WARN] ModelIntegratedComponent:63 - No mode defined for component null
2026-06-17 09:06:41,938 [WARN] ModelIntegratedComponent:63 - No mode defined for component null
2026-06-17 09:06:41,938 [WARN] ModelIntegratedComponent:63 - No mode defined for component null
2026-06-17 09:06:41,938 [WARN] ModelIntegratedComponent:63 - No mode defined for component null
2026-06-17 09:06:41,938 [WARN] ModelIntegratedComponent:63 - No mode defined for component null
2026-06-17 09:06:41,938 [WARN] ModelIntegratedComponent:63 - No mode defined for component null
2026-06-17 09:06:41,938 [WARN] ModelIntegratedComponent:63 - No mode defined for component null
2026-06-17 09:06:41,938 [WARN] ModelIntegratedComponent:63 - No mode defined for component null
2026-06-17 09:06:41,938 [WARN] ModelIntegratedComponent:63 - No mode defined for component null
2026-06-17 09:06:41,938 [WARN] ModelIntegratedComponent:63 - No mode defined for component null
2026-06-17 09:06:41,938 [WARN] ModelIntegratedComponent:63 - No mode defined for component null
2026-06-17 09:06:41,939 [WARN] ModelIntegratedComponent:63 - No mode defined for component null
2026-06-17 09:06:41,939 [WARN] ModelIntegratedComponent:63 - No mode defined for component null
2026-06-17 09:06:41,939 [WARN] ModelIntegratedComponent:63 - No mode defined for component null
2026-06-17 09:06:41,939 [WARN] ModelIntegratedComponent:63 - No mode defined for component null
2026-06-17 09:06:41,939 [WARN] ModelIntegratedComponent:63 - No mode defined for component null
2026-06-17 09:06:41,939 [WARN] ModelIntegratedComponent:63 - No mode defined for component null
2026-06-17 09:06:41,939 [WARN] ModelIntegratedComponent:63 - No mode defined for component null
2026-06-17 09:06:41,939 [WARN] ModelIntegratedComponent:63 - No mode defined for component null
2026-06-17 09:06:41,939 [WARN] ModelIntegratedComponent:63 - No mode defined for component null
2026-06-17 09:06:41,939 [WARN] ModelIntegratedComponent:63 - No mode defined for component null
2026-06-17 09:06:41,940 [WARN] ModelIntegratedComponent:63 - No mode defined for component null
2026-06-17 09:06:41,940 [WARN] ModelIntegratedComponent:63 - No mode defined for component null
2026-06-17 09:06:41,940 [WARN] ModelIntegratedComponent:63 - No mode defined for component null
2026-06-17 09:06:41,940 [WARN] ModelIntegratedComponent:63 - No mode defined for component null
2026-06-17 09:06:41,940 [WARN] ModelIntegratedComponent:63 - No mode defined for component null
2026-06-17 09:06:41,940 [WARN] ModelIntegratedComponent:63 - No mode defined for component null
2026-06-17 09:06:41,940 [WARN] ModelIntegratedComponent:63 - No mode defined for component null
2026-06-17 09:06:41,940 [WARN] ModelPack:524 - Component already loaded: STMicroelectronics:HAL Drivers:0.0.0:STMicroelectronics:Device:STMicro_Driver:XSPI:HAL::0.0.1:HAL_XSPI
2026-06-17 09:06:42,152 [INFO] ThirdPartyModel:298 - Start build external matchings
2026-06-17 09:06:44,135 [INFO] ThirdPartyModel:316 - End build external matchings
2026-06-17 09:06:44,419 [INFO] UtilMem:75 - End LoadConfig() Used Memory: 825522528 Bytes (1073741824)
2026-06-17 09:06:44,462 [WARN] ThirdParty:833 - waiting for thirdparty lock release [change project]
2026-06-17 09:06:44,464 [INFO] ThirdParty:835 - entering critical section [change project]
2026-06-17 09:06:44,464 [INFO] ThirdParty:1030 - CMSIS Pack Vendor :STMicroelectronics X-CUBE-AZRTOS-H7 3.5.0
2026-06-17 09:06:44,465 [INFO] ThirdParty:1030 - CMSIS Pack Vendor :STMicroelectronics X-CUBE-PM33A1 1.0.0
2026-06-17 09:06:44,465 [INFO] ThirdParty:1030 - CMSIS Pack Vendor :STMicroelectronics USBPD 4.1
2026-06-17 09:06:44,466 [INFO] ThirdParty:1030 - CMSIS Pack Vendor :STMicroelectronics X-CUBE-NFC9 1.0.0
2026-06-17 09:06:44,466 [INFO] ThirdParty:1030 - CMSIS Pack Vendor :STMicroelectronics USB_HOST 2.0.0
2026-06-17 09:06:44,467 [INFO] ThirdParty:1030 - CMSIS Pack Vendor :STMicroelectronics FP-SNS-MOTENVWB1 1.4.0
2026-06-17 09:06:44,468 [INFO] ThirdParty:1030 - CMSIS Pack Vendor :STMicroelectronics X-CUBE-AZRTOS-F4 1.1.0
2026-06-17 09:06:44,468 [INFO] ThirdParty:1030 - CMSIS Pack Vendor :STMicroelectronics LIBJPEG 8.0.0
2026-06-17 09:06:44,468 [INFO] ThirdParty:1030 - CMSIS Pack Vendor :STMicroelectronics FP-ATR-ASTRA1 2.0.2
2026-06-17 09:06:44,468 [INFO] ThirdParty:1030 - CMSIS Pack Vendor :STMicroelectronics X-CUBE-BLE1 7.1.0
2026-06-17 09:06:44,468 [INFO] ThirdParty:1030 - CMSIS Pack Vendor :STMicroelectronics X-CUBE-SMBUS 2.1.0
2026-06-17 09:06:44,468 [INFO] ThirdParty:1030 - CMSIS Pack Vendor :STMicroelectronics USB_DEVICE 3.0.0
2026-06-17 09:06:44,468 [INFO] ThirdParty:1030 - CMSIS Pack Vendor :STMicroelectronics X-CUBE-ISPU 2.1.0
2026-06-17 09:06:44,468 [INFO] ThirdParty:1030 - CMSIS Pack Vendor :STMicroelectronics X-CUBE-IPS 3.2.0
2026-06-17 09:06:44,468 [INFO] ThirdParty:1030 - CMSIS Pack Vendor :STMicroelectronics eDS-WB_DPC_TT-BIDIR 2.1.1
2026-06-17 09:06:44,468 [INFO] ThirdParty:1030 - CMSIS Pack Vendor :STMicroelectronics X-CUBE-AZRTOS-WB 2.0.0
2026-06-17 09:06:44,469 [INFO] ThirdParty:1030 - CMSIS Pack Vendor :STMicroelectronics X-CUBE-ST60 1.0.0
2026-06-17 09:06:44,469 [INFO] ThirdParty:1030 - CMSIS Pack Vendor :STMicroelectronics X-CUBE-GNSS1 7.0.1
2026-06-17 09:06:44,469 [INFO] ThirdParty:1030 - CMSIS Pack Vendor :STMicroelectronics X-CUBE-AZRTOS-F7 1.1.0
2026-06-17 09:06:44,469 [INFO] ThirdParty:1030 - CMSIS Pack Vendor :STMicroelectronics X-CUBE-AZRTOS-L5 2.0.0
2026-06-17 09:06:44,469 [INFO] ThirdParty:1030 - CMSIS Pack Vendor :STMicroelectronics X-CUBE-TOUCHGFX 4.25.0
2026-06-17 09:06:44,469 [INFO] ThirdParty:1030 - CMSIS Pack Vendor :STMicroelectronics USB_DEVICE 2.0.0
2026-06-17 09:06:44,469 [INFO] ThirdParty:1030 - CMSIS Pack Vendor :STMicroelectronics X-CUBE-NFC6 3.1.0
2026-06-17 09:06:44,469 [INFO] ThirdParty:1030 - CMSIS Pack Vendor :STMicroelectronics FP-SNS-STAIOTCFT 1.1.0
2026-06-17 09:06:44,469 [INFO] ThirdParty:1030 - CMSIS Pack Vendor :quantropi X-CUBE-qispace-sdk-base 2.1.0
2026-06-17 09:06:44,469 [INFO] ThirdParty:1030 - CMSIS Pack Vendor :STMicroelectronics X-CUBE-MEMS1 12.0.0
2026-06-17 09:06:44,469 [INFO] ThirdParty:1030 - CMSIS Pack Vendor :STMicroelectronics X-CUBE-STSE01 2.0.0
2026-06-17 09:06:44,469 [INFO] ThirdParty:1030 - CMSIS Pack Vendor :STMicroelectronics X-CUBE-ALGOBUILD 1.5.0
2026-06-17 09:06:44,469 [INFO] ThirdParty:1030 - CMSIS Pack Vendor :STMicroelectronics FP-SNS-MOTENV1 5.1.0
2026-06-17 09:06:44,469 [INFO] ThirdParty:1030 - CMSIS Pack Vendor :STMicroelectronics FreeRTOS 0.0.1
2026-06-17 09:06:44,469 [INFO] ThirdParty:1030 - CMSIS Pack Vendor :STMicroelectronics X-CUBE-AZRTOS-G0 1.1.0
2026-06-17 09:06:44,469 [INFO] ThirdParty:1030 - CMSIS Pack Vendor :STMicroelectronics X-CUBE-SAFEA1 1.2.2
2026-06-17 09:06:44,469 [INFO] ThirdParty:1030 - CMSIS Pack Vendor :STMicroelectronics X-CUBE-NFC4 3.0.0
2026-06-17 09:06:44,469 [INFO] ThirdParty:1030 - CMSIS Pack Vendor :STMicroelectronics X-CUBE-SUBG2 5.0.0
2026-06-17 09:06:44,469 [INFO] ThirdParty:1030 - CMSIS Pack Vendor :STMicroelectronics X-CUBE-AZRTOS-H7RS 1.1.0
2026-06-17 09:06:44,469 [INFO] ThirdParty:1030 - CMSIS Pack Vendor :STMicroelectronics STM32_WPAN 1.0.0
2026-06-17 09:06:44,469 [INFO] ThirdParty:1030 - CMSIS Pack Vendor :STMicroelectronics eDS-WB_DPC_VIENNA 1.2.0
2026-06-17 09:06:44,469 [INFO] ThirdParty:1030 - CMSIS Pack Vendor :EmbeddedOffice I-CUBE-FS-RTOS 1.0.1
2026-06-17 09:06:44,469 [INFO] ThirdParty:1030 - CMSIS Pack Vendor :STMicroelectronics lwIP 2.0.3
2026-06-17 09:06:44,469 [INFO] ThirdParty:1030 - CMSIS Pack Vendor :Cesanta I-CUBE-Mongoose 7.13.0
2026-06-17 09:06:44,469 [INFO] ThirdParty:1030 - CMSIS Pack Vendor :STMicroelectronics eDS-WB_DPC_3PH2L-BIDIR 1.1.1
2026-06-17 09:06:44,471 [INFO] ThirdParty:1030 - CMSIS Pack Vendor :STMicroelectronics USB_HOST 1.0.0
2026-06-17 09:06:44,471 [INFO] ThirdParty:1030 - CMSIS Pack Vendor :STMicroelectronics X-CUBE-AZRTOS-G4 2.0.0
2026-06-17 09:06:44,471 [INFO] ThirdParty:1030 - CMSIS Pack Vendor :STMicroelectronics X-CUBE-WB05N 2.0.0
2026-06-17 09:06:44,471 [INFO] ThirdParty:1030 - CMSIS Pack Vendor :STMicroelectronics PDM2PCM 3.1.0
2026-06-17 09:06:44,471 [INFO] ThirdParty:1030 - CMSIS Pack Vendor :STMicroelectronics PDM2PCM 3.3.0
2026-06-17 09:06:44,471 [INFO] ThirdParty:1030 - CMSIS Pack Vendor :STMicroelectronics X-CUBE-AZRTOS-H7 3.4.0
2026-06-17 09:06:44,471 [INFO] ThirdParty:1030 - CMSIS Pack Vendor :STMicroelectronics X-CUBE-DISPLAY 3.0.0
2026-06-17 09:06:44,471 [INFO] ThirdParty:1030 - CMSIS Pack Vendor :STMicroelectronics X-CUBE-NFC7 2.0.0
2026-06-17 09:06:44,471 [INFO] ThirdParty:1030 - CMSIS Pack Vendor :STMicroelectronics X-CUBE-GNSS1 7.1.1
2026-06-17 09:06:44,471 [INFO] ThirdParty:1030 - CMSIS Pack Vendor :STMicroelectronics FP-SNS-MOTENVWB1 1.5.0
2026-06-17 09:06:44,471 [INFO] ThirdParty:1030 - CMSIS Pack Vendor :STMicroelectronics X-CUBE-TCPP 4.2.0
2026-06-17 09:06:44,471 [INFO] ThirdParty:1030 - CMSIS Pack Vendor :RealThread X-CUBE-RT-Thread_Nano 4.1.1
2026-06-17 09:06:44,471 [INFO] ThirdParty:1030 - CMSIS Pack Vendor :STMicroelectronics FP-ATR-SIGFOX1 3.2.0
2026-06-17 09:06:44,471 [INFO] ThirdParty:1030 - CMSIS Pack Vendor :STMicroelectronics X-CUBE-NFC10 1.0.0
2026-06-17 09:06:44,471 [INFO] ThirdParty:1030 - CMSIS Pack Vendor :STMicroelectronics X-CUBE-FREERTOS 1.3.1
2026-06-17 09:06:44,471 [INFO] ThirdParty:1030 - CMSIS Pack Vendor :STMicroelectronics HAL Drivers 0.0.0
2026-06-17 09:06:44,471 [INFO] ThirdParty:1030 - CMSIS Pack Vendor :STMicroelectronics X-CUBE-FREERTOS 1.5.0
2026-06-17 09:06:44,471 [INFO] ThirdParty:1030 - CMSIS Pack Vendor :STMicroelectronics MBEDTLS 2.16.2
2026-06-17 09:06:44,471 [INFO] ThirdParty:1030 - CMSIS Pack Vendor :STMicroelectronics X-CUBE-ST60 1.1.0
2026-06-17 09:06:44,472 [INFO] ThirdParty:1030 - CMSIS Pack Vendor :STMicroelectronics X-CUBE-IPS 3.1.0
2026-06-17 09:06:44,472 [INFO] ThirdParty:1030 - CMSIS Pack Vendor :STMicroelectronics X-CUBE-ALS 1.0.2
2026-06-17 09:06:44,472 [INFO] ThirdParty:1030 - CMSIS Pack Vendor :STMicroelectronics MBEDTLS 2.14.1
2026-06-17 09:06:44,472 [INFO] ThirdParty:1030 - CMSIS Pack Vendor :STMicroelectronics X-CUBE-GNSS1 7.1.0
2026-06-17 09:06:44,472 [INFO] ThirdParty:1030 - CMSIS Pack Vendor :STMicroelectronics X-CUBE-TOUCHGFX 4.26.1
2026-06-17 09:06:44,472 [INFO] ThirdParty:1030 - CMSIS Pack Vendor :portGmbH I-Cube-SoM-uGOAL 1.1.0
2026-06-17 09:06:44,472 [INFO] ThirdParty:1030 - CMSIS Pack Vendor :STMicroelectronics X-CUBE-NFC6 3.2.0
2026-06-17 09:06:44,472 [INFO] ThirdParty:1030 - CMSIS Pack Vendor :STMicroelectronics X-CUBE-ST67W61 1.0.0
2026-06-17 09:06:44,472 [INFO] ThirdParty:1030 - CMSIS Pack Vendor :STMicroelectronics FP-SNS-STAIOTCFT 1.0.0
2026-06-17 09:06:44,472 [INFO] ThirdParty:1030 - CMSIS Pack Vendor :STMicroelectronics ThreadX 1.0.0
2026-06-17 09:06:44,472 [INFO] ThirdParty:1030 - CMSIS Pack Vendor :STMicroelectronics FP-SNS-SMARTAG2 1.2.0
2026-06-17 09:06:44,472 [INFO] ThirdParty:1030 - CMSIS Pack Vendor :STMicroelectronics X-CUBE-MEMS1 12.1.0
2026-06-17 09:06:44,472 [INFO] ThirdParty:1030 - CMSIS Pack Vendor :STMicroelectronics FP-SNS-FLIGHT1 5.1.0
2026-06-17 09:06:44,472 [INFO] ThirdParty:1030 - CMSIS Pack Vendor :STMicroelectronics X-CUBE-AZRTOS-WL 2.0.0
2026-06-17 09:06:44,472 [INFO] ThirdParty:1030 - CMSIS Pack Vendor :SEGGER I-CUBE-embOS 1.3.1
2026-06-17 09:06:44,472 [INFO] ThirdParty:1030 - CMSIS Pack Vendor :STMicroelectronics X-CUBE-ALGOBUILD 1.4.0
2026-06-17 09:06:44,472 [INFO] ThirdParty:1030 - CMSIS Pack Vendor :STMicroelectronics X-CUBE-DPower 1.3.0
2026-06-17 09:06:44,472 [INFO] ThirdParty:1030 - CMSIS Pack Vendor :STMicroelectronics X-CUBE-MEMS1 11.3.0
2026-06-17 09:06:44,472 [INFO] ThirdParty:1030 - CMSIS Pack Vendor :STMicroelectronics FP-SNS-MOTENV1 5.0.0
2026-06-17 09:06:44,472 [INFO] ThirdParty:1030 - CMSIS Pack Vendor :STMicroelectronics USB_DEVICE 1.0.0
2026-06-17 09:06:44,472 [INFO] ThirdParty:1030 - CMSIS Pack Vendor :STMicroelectronics X-CUBE-AZRTOS-H7RS 1.2.0
2026-06-17 09:06:44,473 [INFO] ThirdParty:1030 - CMSIS Pack Vendor :STMicroelectronics X-CUBE-AZRTOS-L4 2.0.0
2026-06-17 09:06:44,473 [INFO] ThirdParty:1030 - CMSIS Pack Vendor :STMicroelectronics ThreadX 0.0.2
2026-06-17 09:06:44,473 [INFO] ThirdParty:1030 - CMSIS Pack Vendor :WES I-CUBE-Cesium 1.3.0
2026-06-17 09:06:44,473 [INFO] ThirdParty:1030 - CMSIS Pack Vendor :STMicroelectronics lwIP 2.1.2
2026-06-17 09:06:44,473 [INFO] ThirdParty:1030 - CMSIS Pack Vendor :STMicroelectronics X-CUBE-SFXS2LP1 4.0.0
2026-06-17 09:06:44,473 [INFO] ThirdParty:1030 - CMSIS Pack Vendor :STMicroelectronics X-CUBE-BLE2 3.3.0
2026-06-17 09:06:44,474 [INFO] ThirdParty:1030 - CMSIS Pack Vendor :Avnet-IOTCONNECT X-CUBE-iotc-st67-sdk 1.0.0
2026-06-17 09:06:44,475 [INFO] ThirdParty:1030 - CMSIS Pack Vendor :STMicroelectronics X-CUBE-TOF1 3.4.3
2026-06-17 09:06:44,475 [INFO] ThirdParty:1030 - CMSIS Pack Vendor :STMicroelectronics X-CUBE-NFC13 1.0.0
2026-06-17 09:06:44,475 [INFO] ThirdParty:1030 - CMSIS Pack Vendor :STMicroelectronics PDM2PCM 3.2.0
2026-06-17 09:06:44,475 [INFO] ThirdParty:1030 - CMSIS Pack Vendor :STMicroelectronics X-CUBE-WB05N 2.1.0
2026-06-17 09:06:44,475 [INFO] ThirdParty:1030 - CMSIS Pack Vendor :STMicroelectronics X-CUBE-ST67W61 1.2.0
2026-06-17 09:06:44,476 [INFO] ThirdParty:841 - exiting critical section [change project]
2026-06-17 09:06:44,629 [INFO] PinOutPanel:1589 - setPackage(No Configuration,No Configuration)
2026-06-17 09:06:44,630 [INFO] PinOutPanel:1589 - setPackage(STM32F103C8Tx,LQFP48)
2026-06-17 09:06:44,800 [INFO] UtilMem:75 - Before build in PCC Used Memory: 910310312 Bytes (1073741824)
2026-06-17 09:06:45,104 [INFO] UtilMem:75 - After build in PCC Used Memory: 953301928 Bytes (1073741824)
2026-06-17 09:06:45,134 [INFO] IPUIPlugin:80 - create IPUIPlugin
2026-06-17 09:06:45,134 [INFO] IPUIPlugin:80 - create IPUIPlugin
2026-06-17 09:06:45,134 [INFO] IPUIPlugin:80 - create IPUIPlugin
2026-06-17 09:06:45,134 [INFO] IPUIPlugin:80 - create IPUIPlugin
2026-06-17 09:06:45,135 [INFO] IPUIPlugin:80 - create IPUIPlugin
2026-06-17 09:06:45,135 [INFO] IPUIPlugin:80 - create IPUIPlugin
2026-06-17 09:06:45,135 [INFO] IPUIPlugin:80 - create IPUIPlugin
2026-06-17 09:06:45,135 [INFO] IPUIPlugin:80 - create IPUIPlugin
2026-06-17 09:06:45,135 [INFO] IPUIPlugin:80 - create IPUIPlugin
2026-06-17 09:06:45,135 [INFO] IPUIPlugin:80 - create IPUIPlugin
2026-06-17 09:06:45,135 [INFO] IPUIPlugin:80 - create IPUIPlugin
2026-06-17 09:06:45,136 [INFO] IPUIPlugin:80 - create IPUIPlugin
2026-06-17 09:06:45,136 [INFO] IPUIPlugin:80 - create IPUIPlugin
2026-06-17 09:06:45,136 [INFO] IPUIPlugin:80 - create IPUIPlugin
2026-06-17 09:06:45,136 [INFO] IPUIPlugin:80 - create IPUIPlugin
2026-06-17 09:06:45,137 [INFO] IPUIPlugin:80 - create IPUIPlugin
2026-06-17 09:06:45,137 [INFO] IPUIPlugin:80 - create IPUIPlugin
2026-06-17 09:06:45,137 [INFO] IPUIPlugin:80 - create IPUIPlugin
2026-06-17 09:06:45,137 [INFO] IPUIPlugin:80 - create IPUIPlugin
2026-06-17 09:06:45,138 [INFO] IPUIPlugin:80 - create IPUIPlugin
2026-06-17 09:06:45,138 [INFO] IPUIPlugin:80 - create IPUIPlugin
2026-06-17 09:06:45,138 [INFO] IPUIPlugin:80 - create IPUIPlugin
2026-06-17 09:06:45,138 [INFO] IPUIPlugin:80 - create IPUIPlugin
2026-06-17 09:06:45,139 [INFO] IPUIPlugin:80 - create IPUIPlugin
2026-06-17 09:06:45,139 [INFO] IPUIPlugin:80 - create IPUIPlugin
2026-06-17 09:06:45,139 [INFO] IPUIPlugin:80 - create IPUIPlugin
2026-06-17 09:06:45,141 [INFO] IPUIPlugin:80 - create IPUIPlugin
2026-06-17 09:06:45,145 [WARN] IP:2250 - I2C_Coeff_DF not found: check if there is a RefParameter without a condition.
2026-06-17 09:06:45,146 [WARN] IP:2250 - Analog_Filter not found: check if there is a RefParameter without a condition.
2026-06-17 09:06:45,218 [INFO] CADModel:165 - CPN selected for project levelSTM32F103C8T6
2026-06-17 09:06:45,218 [INFO] CADModel:114 - Register for checkConnection events
2026-06-17 09:06:45,281 [INFO] OpenFileManager:386 - Restore cursor
2026-06-17 09:06:45,502 [WARN] IP:2250 - I2C_Coeff_DF not found: check if there is a RefParameter without a condition.
2026-06-17 09:06:45,502 [WARN] IP:2250 - Analog_Filter not found: check if there is a RefParameter without a condition.
2026-06-17 09:06:45,503 [WARN] IP:2250 - I2C_Coeff_DF not found: check if there is a RefParameter without a condition.
2026-06-17 09:06:45,503 [WARN] IP:2250 - Analog_Filter not found: check if there is a RefParameter without a condition.
2026-06-17 09:07:17,229 [INFO] MainUpdater:2872 - connection check result : 10
2026-06-17 09:07:17,229 [INFO] MainUpdater:2872 - connection check result : 10
2026-06-17 09:07:17,331 [INFO] MicroXplorer:468 - Change Database Path : 
2026-06-17 09:07:17,332 [INFO] MicroXplorer:498 - Change Database Version : DB.6.0.150
2026-06-17 09:07:17,354 [ERROR] ProjectManagerView:395 - 
java.lang.NullPointerException: Cannot invoke "javax.swing.JTextField.getText()" because the return value of "java.util.List.get(int)" is null
	at com.st.microxplorer.plugins.projectmanager.gui.ProjectChoiceTab$9.caretUpdate(ProjectChoiceTab.java:2706) ~[filemanager.jar:?]
	at javax.swing.text.JTextComponent.fireCaretUpdate(JTextComponent.java:408) ~[?:?]
	at javax.swing.text.JTextComponent$MutableCaretEvent.fire(JTextComponent.java:4484) ~[?:?]
	at javax.swing.text.JTextComponent$MutableCaretEvent.stateChanged(JTextComponent.java:4506) ~[?:?]
	at javax.swing.text.DefaultCaret.fireStateChanged(DefaultCaret.java:857) ~[?:?]
	at javax.swing.text.DefaultCaret.changeCaretPosition(DefaultCaret.java:1343) ~[?:?]
	at javax.swing.text.DefaultCaret.handleSetDot(DefaultCaret.java:1242) ~[?:?]
	at javax.swing.text.DefaultCaret.setDot(DefaultCaret.java:1223) ~[?:?]
	at javax.swing.text.DefaultCaret$Handler.insertUpdate(DefaultCaret.java:1819) ~[?:?]
	at javax.swing.text.AbstractDocument.fireInsertUpdate(AbstractDocument.java:227) ~[?:?]
	at javax.swing.text.AbstractDocument.handleInsertString(AbstractDocument.java:781) ~[?:?]
	at javax.swing.text.AbstractDocument.insertString(AbstractDocument.java:740) ~[?:?]
	at javax.swing.text.PlainDocument.insertString(PlainDocument.java:131) ~[?:?]
	at javax.swing.text.AbstractDocument.replace(AbstractDocument.java:699) ~[?:?]
	at javax.swing.text.JTextComponent.setText(JTextComponent.java:1725) ~[?:?]
	at com.st.microxplorer.plugins.projectmanager.gui.ProjectChoiceTab.createHeapStackFields(ProjectChoiceTab.java:993) ~[filemanager.jar:?]
	at com.st.microxplorer.plugins.projectmanager.gui.ProjectChoiceTab.buildLinkSettingsPanel(ProjectChoiceTab.java:3813) ~[filemanager.jar:?]
	at com.st.microxplorer.plugins.projectmanager.gui.ProjectChoiceTab.defineWindowsFields(ProjectChoiceTab.java:1987) ~[filemanager.jar:?]
	at com.st.microxplorer.plugins.projectmanager.gui.ProjectChoiceTab.updateSettings(ProjectChoiceTab.java:558) ~[filemanager.jar:?]
	at com.st.microxplorer.plugins.projectmanager.gui.ProjectSettingsPanel.UpdateDialog(ProjectSettingsPanel.java:247) ~[filemanager.jar:?]
	at com.st.microxplorer.plugins.projectmanager.ProjectManagerView.propertyChange(ProjectManagerView.java:392) ~[filemanager.jar:?]
	at java.beans.PropertyChangeSupport.fire(PropertyChangeSupport.java:343) ~[?:?]
	at java.beans.PropertyChangeSupport.firePropertyChange(PropertyChangeSupport.java:335) ~[?:?]
	at java.beans.PropertyChangeSupport.firePropertyChange(PropertyChangeSupport.java:268) ~[?:?]
	at com.st.microxplorer.util.MXPropertyChangeSupport.firePropertyChange(MXPropertyChangeSupport.java:54) ~[STM32CubeMX.jar:?]
	at com.st.microxplorer.mxsystem.MxSystem.closeConfig(MxSystem.java:899) ~[STM32CubeMX.jar:?]
	at com.st.microxplorer.maingui.MainPanel.closeConfig(MainPanel.java:792) ~[STM32CubeMX.jar:?]
	at com.st.microxplorer.plugins.filemanager.engine.OpenFileManager.loadConfigurationFile(OpenFileManager.java:288) ~[filemanager.jar:?]
	at com.st.microxplorer.plugins.filemanager.engine.MainFileManager.userLoadConfig(MainFileManager.java:364) ~[filemanager.jar:?]
	at com.st.microxplorer.plugins.filemanager.engine.MainFileManager.userLoadConfig(MainFileManager.java:342) ~[filemanager.jar:?]
	at com.st.microxplorer.plugins.filemanager.FileManagerView.getSpecificTask(FileManagerView.java:264) ~[filemanager.jar:?]
	at com.st.stm32cube.common.mx.editor.CubeMxEditor.getMxTabbedPaneInstance(CubeMxEditor.java:1198) ~[com.st.stm32cube.common.mx_6.15.0.202507011659/:?]
	at com.st.stm32cube.common.mx.editor.CubeMxEditor$12$1.createSwingComponent(CubeMxEditor.java:1068) ~[com.st.stm32cube.common.mx_6.15.0.202507011659/:?]
	at com.st.stm32cube.common.mx.oss.core.awtswtbridge.EmbeddedSwingComposite.doComponentCreation(EmbeddedSwingComposite.java:492) ~[com.st.stm32cube.common.mx.oss_6.15.0.202507011659/:?]
	at com.st.stm32cube.common.mx.oss.core.awtswtbridge.EmbeddedSwingComposite$4.run(EmbeddedSwingComposite.java:291) ~[com.st.stm32cube.common.mx.oss_6.15.0.202507011659/:?]
	at com.st.stm32cube.common.mx.oss.core.awtswtbridge.AwtEnvironment$2.run(AwtEnvironment.java:166) ~[com.st.stm32cube.common.mx.oss_6.15.0.202507011659/:?]
	at java.awt.event.InvocationEvent.dispatch(InvocationEvent.java:318) ~[?:?]
	at java.awt.EventQueue.dispatchEventImpl(EventQueue.java:773) ~[?:?]
	at java.awt.EventQueue$4.run(EventQueue.java:720) ~[?:?]
	at java.awt.EventQueue$4.run(EventQueue.java:714) ~[?:?]
	at java.security.AccessController.doPrivileged(AccessController.java:400) ~[?:?]
	at java.security.ProtectionDomain$JavaSecurityAccessImpl.doIntersectionPrivilege(ProtectionDomain.java:87) ~[?:?]
	at java.awt.EventQueue.dispatchEvent(EventQueue.java:742) ~[?:?]
	at java.awt.EventDispatchThread.pumpOneEventForFilters(EventDispatchThread.java:203) ~[?:?]
	at java.awt.EventDispatchThread.pumpEventsForFilter(EventDispatchThread.java:124) ~[?:?]
	at java.awt.EventDispatchThread.pumpEventsForHierarchy(EventDispatchThread.java:113) ~[?:?]
	at java.awt.EventDispatchThread.pumpEvents(EventDispatchThread.java:109) ~[?:?]
	at java.awt.EventDispatchThread.pumpEvents(EventDispatchThread.java:101) ~[?:?]
	at java.awt.EventDispatchThread.run(EventDispatchThread.java:90) ~[?:?]
2026-06-17 09:07:17,357 [WARN] ThirdParty:871 - waiting for thirdparty lock release [close project]
2026-06-17 09:07:17,358 [INFO] ThirdParty:873 - entering critical section [close project]
2026-06-17 09:07:17,358 [INFO] ThirdParty:883 - exiting critical section [close project]
2026-06-17 09:07:17,360 [INFO] PinOutPanel:1589 - setPackage(No Configuration,No Configuration)
2026-06-17 09:07:17,365 [INFO] UtilMem:75 - Begin LoadConfig() Used Memory: 887832168 Bytes (1073741824)
2026-06-17 09:07:17,366 [INFO] MicroXplorer:468 - Change Database Path : 
2026-06-17 09:07:17,366 [INFO] MicroXplorer:498 - Change Database Version : DB.6.0.150
2026-06-17 09:07:17,366 [INFO] OpenFileManager:355 - Change cursor
2026-06-17 09:07:17,379 [INFO] Mcu:2029 - Initializing MCU STM32F103R(C-D-E)Tx STM32F103RCTx STM32F103RCT6
2026-06-17 09:07:18,804 [INFO] Context:786 - Trying to add GPIOservice into a context  which must be forbidden
2026-06-17 09:07:19,039 [INFO] ImportTextPane:234 - (OptionalMessage_ERROR) Pin0 (VP_RIF_VS_RIF1) cannot be retrieved for this MCU
2026-06-17 09:07:19,130 [INFO] RtosManager:558 - Registered RTOS mode: class=CMSIS, group=RTOS, mode=CMSIS_V1, owner=FREERTOS
2026-06-17 09:07:19,130 [INFO] RtosManager:558 - Registered RTOS mode: class=CMSIS, group=RTOS2, mode=CMSIS_V2, owner=FREERTOS
2026-06-17 09:07:19,130 [INFO] RtosManager:558 - Registered RTOS mode: class=RTOS, group=Core, mode=CMSIS_V1, owner=FREERTOS
2026-06-17 09:07:19,130 [INFO] RtosManager:558 - Registered RTOS mode: class=RTOS, group=Core, mode=CMSIS_V2, owner=FREERTOS
2026-06-17 09:07:19,131 [WARN] ModelIntegratedComponent:184 - Missing modes for component STMicroelectronics:FreeRTOS:0.0.1:STMicroelectronics:RTOS:FreeRTOS:Core:::10.2.0:
2026-06-17 09:07:19,144 [WARN] ModelIntegratedComponent:63 - No mode defined for component null
2026-06-17 09:07:19,145 [WARN] ModelIntegratedComponent:63 - No mode defined for component null
2026-06-17 09:07:19,145 [WARN] ModelIntegratedComponent:63 - No mode defined for component null
2026-06-17 09:07:19,145 [WARN] ModelIntegratedComponent:63 - No mode defined for component null
2026-06-17 09:07:19,145 [WARN] ModelIntegratedComponent:63 - No mode defined for component null
2026-06-17 09:07:19,145 [WARN] ModelIntegratedComponent:63 - No mode defined for component null
2026-06-17 09:07:19,145 [WARN] ModelIntegratedComponent:63 - No mode defined for component null
2026-06-17 09:07:19,145 [WARN] ModelIntegratedComponent:63 - No mode defined for component null
2026-06-17 09:07:19,145 [WARN] ModelIntegratedComponent:63 - No mode defined for component null
2026-06-17 09:07:19,145 [WARN] ModelIntegratedComponent:63 - No mode defined for component null
2026-06-17 09:07:19,145 [WARN] ModelIntegratedComponent:63 - No mode defined for component null
2026-06-17 09:07:19,145 [WARN] ModelIntegratedComponent:63 - No mode defined for component null
2026-06-17 09:07:19,145 [WARN] ModelIntegratedComponent:63 - No mode defined for component null
2026-06-17 09:07:19,145 [WARN] ModelIntegratedComponent:63 - No mode defined for component null
2026-06-17 09:07:19,145 [WARN] ModelIntegratedComponent:63 - No mode defined for component null
2026-06-17 09:07:19,145 [WARN] ModelIntegratedComponent:63 - No mode defined for component null
2026-06-17 09:07:19,146 [WARN] ModelIntegratedComponent:63 - No mode defined for component null
2026-06-17 09:07:19,146 [WARN] ModelIntegratedComponent:63 - No mode defined for component null
2026-06-17 09:07:19,146 [WARN] ModelIntegratedComponent:63 - No mode defined for component null
2026-06-17 09:07:19,146 [WARN] ModelIntegratedComponent:63 - No mode defined for component null
2026-06-17 09:07:19,146 [WARN] ModelIntegratedComponent:63 - No mode defined for component null
2026-06-17 09:07:19,146 [WARN] ModelIntegratedComponent:63 - No mode defined for component null
2026-06-17 09:07:19,146 [WARN] ModelIntegratedComponent:63 - No mode defined for component null
2026-06-17 09:07:19,146 [WARN] ModelIntegratedComponent:63 - No mode defined for component null
2026-06-17 09:07:19,146 [WARN] ModelIntegratedComponent:63 - No mode defined for component null
2026-06-17 09:07:19,146 [WARN] ModelIntegratedComponent:63 - No mode defined for component null
2026-06-17 09:07:19,146 [WARN] ModelIntegratedComponent:63 - No mode defined for component null
2026-06-17 09:07:19,146 [WARN] ModelIntegratedComponent:63 - No mode defined for component null
2026-06-17 09:07:19,146 [WARN] ModelIntegratedComponent:63 - No mode defined for component null
2026-06-17 09:07:19,146 [WARN] ModelIntegratedComponent:63 - No mode defined for component null
2026-06-17 09:07:19,146 [WARN] ModelIntegratedComponent:63 - No mode defined for component null
2026-06-17 09:07:19,146 [WARN] ModelIntegratedComponent:63 - No mode defined for component null
2026-06-17 09:07:19,146 [WARN] ModelIntegratedComponent:63 - No mode defined for component null
2026-06-17 09:07:19,146 [WARN] ModelIntegratedComponent:63 - No mode defined for component null
2026-06-17 09:07:19,146 [WARN] ModelIntegratedComponent:63 - No mode defined for component null
2026-06-17 09:07:19,146 [WARN] ModelPack:524 - Component already loaded: STMicroelectronics:HAL Drivers:0.0.0:STMicroelectronics:Device:STMicro_Driver:XSPI:HAL::0.0.1:HAL_XSPI
2026-06-17 09:07:19,349 [INFO] ThirdPartyModel:298 - Start build external matchings
2026-06-17 09:07:21,003 [INFO] ThirdPartyModel:316 - End build external matchings
2026-06-17 09:07:21,261 [INFO] UtilMem:75 - End LoadConfig() Used Memory: 862958440 Bytes (1073741824)
2026-06-17 09:07:21,311 [WARN] ThirdParty:833 - waiting for thirdparty lock release [change project]
2026-06-17 09:07:21,311 [INFO] ThirdParty:835 - entering critical section [change project]
2026-06-17 09:07:21,311 [INFO] ThirdParty:1030 - CMSIS Pack Vendor :STMicroelectronics X-CUBE-AZRTOS-H7 3.5.0
2026-06-17 09:07:21,311 [INFO] ThirdParty:1030 - CMSIS Pack Vendor :STMicroelectronics X-CUBE-PM33A1 1.0.0
2026-06-17 09:07:21,311 [INFO] ThirdParty:1030 - CMSIS Pack Vendor :STMicroelectronics USBPD 4.1
2026-06-17 09:07:21,311 [INFO] ThirdParty:1030 - CMSIS Pack Vendor :STMicroelectronics X-CUBE-NFC9 1.0.0
2026-06-17 09:07:21,311 [INFO] ThirdParty:1030 - CMSIS Pack Vendor :STMicroelectronics USB_HOST 2.0.0
2026-06-17 09:07:21,311 [INFO] ThirdParty:1030 - CMSIS Pack Vendor :STMicroelectronics FP-SNS-MOTENVWB1 1.4.0
2026-06-17 09:07:21,311 [INFO] ThirdParty:1030 - CMSIS Pack Vendor :STMicroelectronics X-CUBE-AZRTOS-F4 1.1.0
2026-06-17 09:07:21,311 [INFO] ThirdParty:1030 - CMSIS Pack Vendor :STMicroelectronics LIBJPEG 8.0.0
2026-06-17 09:07:21,311 [INFO] ThirdParty:1030 - CMSIS Pack Vendor :STMicroelectronics FP-ATR-ASTRA1 2.0.2
2026-06-17 09:07:21,311 [INFO] ThirdParty:1030 - CMSIS Pack Vendor :STMicroelectronics X-CUBE-BLE1 7.1.0
2026-06-17 09:07:21,311 [INFO] ThirdParty:1030 - CMSIS Pack Vendor :STMicroelectronics X-CUBE-SMBUS 2.1.0
2026-06-17 09:07:21,311 [INFO] ThirdParty:1030 - CMSIS Pack Vendor :STMicroelectronics USB_DEVICE 3.0.0
2026-06-17 09:07:21,312 [INFO] ThirdParty:1030 - CMSIS Pack Vendor :STMicroelectronics X-CUBE-ISPU 2.1.0
2026-06-17 09:07:21,312 [INFO] ThirdParty:1030 - CMSIS Pack Vendor :STMicroelectronics X-CUBE-IPS 3.2.0
2026-06-17 09:07:21,312 [INFO] ThirdParty:1030 - CMSIS Pack Vendor :STMicroelectronics eDS-WB_DPC_TT-BIDIR 2.1.1
2026-06-17 09:07:21,312 [INFO] ThirdParty:1030 - CMSIS Pack Vendor :STMicroelectronics X-CUBE-AZRTOS-WB 2.0.0
2026-06-17 09:07:21,312 [INFO] ThirdParty:1030 - CMSIS Pack Vendor :STMicroelectronics X-CUBE-ST60 1.0.0
2026-06-17 09:07:21,312 [INFO] ThirdParty:1030 - CMSIS Pack Vendor :STMicroelectronics X-CUBE-GNSS1 7.0.1
2026-06-17 09:07:21,312 [INFO] ThirdParty:1030 - CMSIS Pack Vendor :STMicroelectronics X-CUBE-AZRTOS-F7 1.1.0
2026-06-17 09:07:21,312 [INFO] ThirdParty:1030 - CMSIS Pack Vendor :STMicroelectronics X-CUBE-AZRTOS-L5 2.0.0
2026-06-17 09:07:21,312 [INFO] ThirdParty:1030 - CMSIS Pack Vendor :STMicroelectronics X-CUBE-TOUCHGFX 4.25.0
2026-06-17 09:07:21,312 [INFO] ThirdParty:1030 - CMSIS Pack Vendor :STMicroelectronics USB_DEVICE 2.0.0
2026-06-17 09:07:21,312 [INFO] ThirdParty:1030 - CMSIS Pack Vendor :STMicroelectronics X-CUBE-NFC6 3.1.0
2026-06-17 09:07:21,312 [INFO] ThirdParty:1030 - CMSIS Pack Vendor :STMicroelectronics FP-SNS-STAIOTCFT 1.1.0
2026-06-17 09:07:21,313 [INFO] ThirdParty:1030 - CMSIS Pack Vendor :quantropi X-CUBE-qispace-sdk-base 2.1.0
2026-06-17 09:07:21,313 [INFO] ThirdParty:1030 - CMSIS Pack Vendor :STMicroelectronics X-CUBE-MEMS1 12.0.0
2026-06-17 09:07:21,313 [INFO] ThirdParty:1030 - CMSIS Pack Vendor :STMicroelectronics X-CUBE-STSE01 2.0.0
2026-06-17 09:07:21,313 [INFO] ThirdParty:1030 - CMSIS Pack Vendor :STMicroelectronics X-CUBE-ALGOBUILD 1.5.0
2026-06-17 09:07:21,313 [INFO] ThirdParty:1030 - CMSIS Pack Vendor :STMicroelectronics FP-SNS-MOTENV1 5.1.0
2026-06-17 09:07:21,313 [INFO] ThirdParty:1030 - CMSIS Pack Vendor :STMicroelectronics FreeRTOS 0.0.1
2026-06-17 09:07:21,313 [INFO] ThirdParty:1030 - CMSIS Pack Vendor :STMicroelectronics X-CUBE-AZRTOS-G0 1.1.0
2026-06-17 09:07:21,313 [INFO] ThirdParty:1030 - CMSIS Pack Vendor :STMicroelectronics X-CUBE-SAFEA1 1.2.2
2026-06-17 09:07:21,313 [INFO] ThirdParty:1030 - CMSIS Pack Vendor :STMicroelectronics X-CUBE-NFC4 3.0.0
2026-06-17 09:07:21,313 [INFO] ThirdParty:1030 - CMSIS Pack Vendor :STMicroelectronics X-CUBE-SUBG2 5.0.0
2026-06-17 09:07:21,313 [INFO] ThirdParty:1030 - CMSIS Pack Vendor :STMicroelectronics X-CUBE-AZRTOS-H7RS 1.1.0
2026-06-17 09:07:21,313 [INFO] ThirdParty:1030 - CMSIS Pack Vendor :STMicroelectronics STM32_WPAN 1.0.0
2026-06-17 09:07:21,313 [INFO] ThirdParty:1030 - CMSIS Pack Vendor :STMicroelectronics eDS-WB_DPC_VIENNA 1.2.0
2026-06-17 09:07:21,314 [INFO] ThirdParty:1030 - CMSIS Pack Vendor :EmbeddedOffice I-CUBE-FS-RTOS 1.0.1
2026-06-17 09:07:21,314 [INFO] ThirdParty:1030 - CMSIS Pack Vendor :STMicroelectronics lwIP 2.0.3
2026-06-17 09:07:21,314 [INFO] ThirdParty:1030 - CMSIS Pack Vendor :Cesanta I-CUBE-Mongoose 7.13.0
2026-06-17 09:07:21,314 [INFO] ThirdParty:1030 - CMSIS Pack Vendor :STMicroelectronics eDS-WB_DPC_3PH2L-BIDIR 1.1.1
2026-06-17 09:07:21,314 [INFO] ThirdParty:1030 - CMSIS Pack Vendor :STMicroelectronics USB_HOST 1.0.0
2026-06-17 09:07:21,314 [INFO] ThirdParty:1030 - CMSIS Pack Vendor :STMicroelectronics X-CUBE-AZRTOS-G4 2.0.0
2026-06-17 09:07:21,314 [INFO] ThirdParty:1030 - CMSIS Pack Vendor :STMicroelectronics X-CUBE-WB05N 2.0.0
2026-06-17 09:07:21,314 [INFO] ThirdParty:1030 - CMSIS Pack Vendor :STMicroelectronics PDM2PCM 3.1.0
2026-06-17 09:07:21,314 [INFO] ThirdParty:1030 - CMSIS Pack Vendor :STMicroelectronics PDM2PCM 3.3.0
2026-06-17 09:07:21,314 [INFO] ThirdParty:1030 - CMSIS Pack Vendor :STMicroelectronics X-CUBE-AZRTOS-H7 3.4.0
2026-06-17 09:07:21,314 [INFO] ThirdParty:1030 - CMSIS Pack Vendor :STMicroelectronics X-CUBE-DISPLAY 3.0.0
2026-06-17 09:07:21,315 [INFO] ThirdParty:1030 - CMSIS Pack Vendor :STMicroelectronics X-CUBE-NFC7 2.0.0
2026-06-17 09:07:21,315 [INFO] ThirdParty:1030 - CMSIS Pack Vendor :STMicroelectronics X-CUBE-GNSS1 7.1.1
2026-06-17 09:07:21,315 [INFO] ThirdParty:1030 - CMSIS Pack Vendor :STMicroelectronics FP-SNS-MOTENVWB1 1.5.0
2026-06-17 09:07:21,315 [INFO] ThirdParty:1030 - CMSIS Pack Vendor :STMicroelectronics X-CUBE-TCPP 4.2.0
2026-06-17 09:07:21,317 [INFO] ThirdParty:1030 - CMSIS Pack Vendor :RealThread X-CUBE-RT-Thread_Nano 4.1.1
2026-06-17 09:07:21,317 [INFO] ThirdParty:1030 - CMSIS Pack Vendor :STMicroelectronics FP-ATR-SIGFOX1 3.2.0
2026-06-17 09:07:21,317 [INFO] ThirdParty:1030 - CMSIS Pack Vendor :STMicroelectronics X-CUBE-NFC10 1.0.0
2026-06-17 09:07:21,317 [INFO] ThirdParty:1030 - CMSIS Pack Vendor :STMicroelectronics X-CUBE-FREERTOS 1.3.1
2026-06-17 09:07:21,317 [INFO] ThirdParty:1030 - CMSIS Pack Vendor :STMicroelectronics HAL Drivers 0.0.0
2026-06-17 09:07:21,317 [INFO] ThirdParty:1030 - CMSIS Pack Vendor :STMicroelectronics X-CUBE-FREERTOS 1.5.0
2026-06-17 09:07:21,318 [INFO] ThirdParty:1030 - CMSIS Pack Vendor :STMicroelectronics MBEDTLS 2.16.2
2026-06-17 09:07:21,318 [INFO] ThirdParty:1030 - CMSIS Pack Vendor :STMicroelectronics X-CUBE-ST60 1.1.0
2026-06-17 09:07:21,318 [INFO] ThirdParty:1030 - CMSIS Pack Vendor :STMicroelectronics X-CUBE-IPS 3.1.0
2026-06-17 09:07:21,318 [INFO] ThirdParty:1030 - CMSIS Pack Vendor :STMicroelectronics X-CUBE-ALS 1.0.2
2026-06-17 09:07:21,318 [INFO] ThirdParty:1030 - CMSIS Pack Vendor :STMicroelectronics MBEDTLS 2.14.1
2026-06-17 09:07:21,318 [INFO] ThirdParty:1030 - CMSIS Pack Vendor :STMicroelectronics X-CUBE-GNSS1 7.1.0
2026-06-17 09:07:21,318 [INFO] ThirdParty:1030 - CMSIS Pack Vendor :STMicroelectronics X-CUBE-TOUCHGFX 4.26.1
2026-06-17 09:07:21,319 [INFO] ThirdParty:1030 - CMSIS Pack Vendor :portGmbH I-Cube-SoM-uGOAL 1.1.0
2026-06-17 09:07:21,319 [INFO] ThirdParty:1030 - CMSIS Pack Vendor :STMicroelectronics X-CUBE-NFC6 3.2.0
2026-06-17 09:07:21,319 [INFO] ThirdParty:1030 - CMSIS Pack Vendor :STMicroelectronics X-CUBE-ST67W61 1.0.0
2026-06-17 09:07:21,319 [INFO] ThirdParty:1030 - CMSIS Pack Vendor :STMicroelectronics FP-SNS-STAIOTCFT 1.0.0
2026-06-17 09:07:21,319 [INFO] ThirdParty:1030 - CMSIS Pack Vendor :STMicroelectronics ThreadX 1.0.0
2026-06-17 09:07:21,319 [INFO] ThirdParty:1030 - CMSIS Pack Vendor :STMicroelectronics FP-SNS-SMARTAG2 1.2.0
2026-06-17 09:07:21,319 [INFO] ThirdParty:1030 - CMSIS Pack Vendor :STMicroelectronics X-CUBE-MEMS1 12.1.0
2026-06-17 09:07:21,319 [INFO] ThirdParty:1030 - CMSIS Pack Vendor :STMicroelectronics FP-SNS-FLIGHT1 5.1.0
2026-06-17 09:07:21,319 [INFO] ThirdParty:1030 - CMSIS Pack Vendor :STMicroelectronics X-CUBE-AZRTOS-WL 2.0.0
2026-06-17 09:07:21,319 [INFO] ThirdParty:1030 - CMSIS Pack Vendor :SEGGER I-CUBE-embOS 1.3.1
2026-06-17 09:07:21,320 [INFO] ThirdParty:1030 - CMSIS Pack Vendor :STMicroelectronics X-CUBE-ALGOBUILD 1.4.0
2026-06-17 09:07:21,320 [INFO] ThirdParty:1030 - CMSIS Pack Vendor :STMicroelectronics X-CUBE-DPower 1.3.0
2026-06-17 09:07:21,320 [INFO] ThirdParty:1030 - CMSIS Pack Vendor :STMicroelectronics X-CUBE-MEMS1 11.3.0
2026-06-17 09:07:21,320 [INFO] ThirdParty:1030 - CMSIS Pack Vendor :STMicroelectronics FP-SNS-MOTENV1 5.0.0
2026-06-17 09:07:21,320 [INFO] ThirdParty:1030 - CMSIS Pack Vendor :STMicroelectronics USB_DEVICE 1.0.0
2026-06-17 09:07:21,320 [INFO] ThirdParty:1030 - CMSIS Pack Vendor :STMicroelectronics X-CUBE-AZRTOS-H7RS 1.2.0
2026-06-17 09:07:21,320 [INFO] ThirdParty:1030 - CMSIS Pack Vendor :STMicroelectronics X-CUBE-AZRTOS-L4 2.0.0
2026-06-17 09:07:21,320 [INFO] ThirdParty:1030 - CMSIS Pack Vendor :STMicroelectronics ThreadX 0.0.2
2026-06-17 09:07:21,320 [INFO] ThirdParty:1030 - CMSIS Pack Vendor :WES I-CUBE-Cesium 1.3.0
2026-06-17 09:07:21,320 [INFO] ThirdParty:1030 - CMSIS Pack Vendor :STMicroelectronics lwIP 2.1.2
2026-06-17 09:07:21,320 [INFO] ThirdParty:1030 - CMSIS Pack Vendor :STMicroelectronics X-CUBE-SFXS2LP1 4.0.0
2026-06-17 09:07:21,321 [INFO] ThirdParty:1030 - CMSIS Pack Vendor :STMicroelectronics X-CUBE-BLE2 3.3.0
2026-06-17 09:07:21,321 [INFO] ThirdParty:1030 - CMSIS Pack Vendor :Avnet-IOTCONNECT X-CUBE-iotc-st67-sdk 1.0.0
2026-06-17 09:07:21,321 [INFO] ThirdParty:1030 - CMSIS Pack Vendor :STMicroelectronics X-CUBE-TOF1 3.4.3
2026-06-17 09:07:21,322 [INFO] ThirdParty:1030 - CMSIS Pack Vendor :STMicroelectronics X-CUBE-NFC13 1.0.0
2026-06-17 09:07:21,322 [INFO] ThirdParty:1030 - CMSIS Pack Vendor :STMicroelectronics PDM2PCM 3.2.0
2026-06-17 09:07:21,322 [INFO] ThirdParty:1030 - CMSIS Pack Vendor :STMicroelectronics X-CUBE-WB05N 2.1.0
2026-06-17 09:07:21,322 [INFO] ThirdParty:1030 - CMSIS Pack Vendor :STMicroelectronics X-CUBE-ST67W61 1.2.0
2026-06-17 09:07:21,322 [INFO] ThirdParty:841 - exiting critical section [change project]
2026-06-17 09:07:21,561 [INFO] PinOutPanel:1589 - setPackage(No Configuration,No Configuration)
2026-06-17 09:07:21,562 [INFO] PinOutPanel:1589 - setPackage(STM32F103RCTx,LQFP64)
2026-06-17 09:07:21,811 [INFO] UtilMem:75 - Before build in PCC Used Memory: 990708792 Bytes (1073741824)
2026-06-17 09:07:22,091 [INFO] UtilMem:75 - After build in PCC Used Memory: 716054744 Bytes (1073741824)
2026-06-17 09:07:22,121 [INFO] IPUIPlugin:80 - create IPUIPlugin
2026-06-17 09:07:22,121 [INFO] IPUIPlugin:80 - create IPUIPlugin
2026-06-17 09:07:22,122 [INFO] IPUIPlugin:80 - create IPUIPlugin
2026-06-17 09:07:22,122 [INFO] IPUIPlugin:80 - create IPUIPlugin
2026-06-17 09:07:22,123 [INFO] IPUIPlugin:80 - create IPUIPlugin
2026-06-17 09:07:22,123 [INFO] IPUIPlugin:80 - create IPUIPlugin
2026-06-17 09:07:22,123 [INFO] IPUIPlugin:80 - create IPUIPlugin
2026-06-17 09:07:22,124 [INFO] IPUIPlugin:80 - create IPUIPlugin
2026-06-17 09:07:22,124 [INFO] IPUIPlugin:80 - create IPUIPlugin
2026-06-17 09:07:22,124 [INFO] IPUIPlugin:80 - create IPUIPlugin
2026-06-17 09:07:22,124 [INFO] IPUIPlugin:80 - create IPUIPlugin
2026-06-17 09:07:22,124 [INFO] IPUIPlugin:80 - create IPUIPlugin
2026-06-17 09:07:22,124 [INFO] IPUIPlugin:80 - create IPUIPlugin
2026-06-17 09:07:22,124 [INFO] IPUIPlugin:80 - create IPUIPlugin
2026-06-17 09:07:22,124 [INFO] IPUIPlugin:80 - create IPUIPlugin
2026-06-17 09:07:22,124 [INFO] IPUIPlugin:80 - create IPUIPlugin
2026-06-17 09:07:22,125 [INFO] IPUIPlugin:80 - create IPUIPlugin
2026-06-17 09:07:22,125 [INFO] IPUIPlugin:80 - create IPUIPlugin
2026-06-17 09:07:22,125 [INFO] IPUIPlugin:80 - create IPUIPlugin
2026-06-17 09:07:22,125 [INFO] IPUIPlugin:80 - create IPUIPlugin
2026-06-17 09:07:22,126 [INFO] IPUIPlugin:80 - create IPUIPlugin
2026-06-17 09:07:22,126 [INFO] IPUIPlugin:80 - create IPUIPlugin
2026-06-17 09:07:22,126 [INFO] IPUIPlugin:80 - create IPUIPlugin
2026-06-17 09:07:22,126 [INFO] IPUIPlugin:80 - create IPUIPlugin
2026-06-17 09:07:22,126 [INFO] IPUIPlugin:80 - create IPUIPlugin
2026-06-17 09:07:22,126 [INFO] IPUIPlugin:80 - create IPUIPlugin
2026-06-17 09:07:22,127 [INFO] IPUIPlugin:80 - create IPUIPlugin
2026-06-17 09:07:22,127 [INFO] IPUIPlugin:80 - create IPUIPlugin
2026-06-17 09:07:22,127 [INFO] IPUIPlugin:80 - create IPUIPlugin
2026-06-17 09:07:22,127 [INFO] IPUIPlugin:80 - create IPUIPlugin
2026-06-17 09:07:22,127 [INFO] IPUIPlugin:80 - create IPUIPlugin
2026-06-17 09:07:22,128 [INFO] IPUIPlugin:80 - create IPUIPlugin
2026-06-17 09:07:22,128 [INFO] IPUIPlugin:80 - create IPUIPlugin
2026-06-17 09:07:22,128 [INFO] IPUIPlugin:80 - create IPUIPlugin
2026-06-17 09:07:22,128 [INFO] IPUIPlugin:80 - create IPUIPlugin
2026-06-17 09:07:22,129 [INFO] IPUIPlugin:80 - create IPUIPlugin
2026-06-17 09:07:22,129 [INFO] IPUIPlugin:80 - create IPUIPlugin
2026-06-17 09:07:22,129 [INFO] IPUIPlugin:80 - create IPUIPlugin
2026-06-17 09:07:22,129 [INFO] IPUIPlugin:80 - create IPUIPlugin
2026-06-17 09:07:22,185 [INFO] CADModel:165 - CPN selected for project levelSTM32F103RCT6
2026-06-17 09:07:22,185 [INFO] CADModel:114 - Register for checkConnection events
2026-06-17 09:07:22,252 [INFO] OpenFileManager:386 - Restore cursor
2026-06-17 09:07:31,799 [WARN] IP:2250 - I2C_Coeff_DF not found: check if there is a RefParameter without a condition.
2026-06-17 09:07:31,799 [WARN] IP:2250 - Analog_Filter not found: check if there is a RefParameter without a condition.
2026-06-17 09:07:31,801 [WARN] IP:2250 - I2C_Coeff_DF not found: check if there is a RefParameter without a condition.
2026-06-17 09:07:31,801 [WARN] IP:2250 - Analog_Filter not found: check if there is a RefParameter without a condition.
2026-06-17 09:07:31,802 [WARN] IP:2250 - I2C_Coeff_DF not found: check if there is a RefParameter without a condition.
2026-06-17 09:07:31,802 [WARN] IP:2250 - Analog_Filter not found: check if there is a RefParameter without a condition.
2026-06-17 09:07:31,985 [WARN] IP:2250 - I2C_Coeff_DF not found: check if there is a RefParameter without a condition.
2026-06-17 09:07:31,985 [WARN] IP:2250 - Analog_Filter not found: check if there is a RefParameter without a condition.
2026-06-17 09:07:31,989 [WARN] IP:2250 - I2C_Coeff_DF not found: check if there is a RefParameter without a condition.
2026-06-17 09:07:31,990 [WARN] IP:2250 - Analog_Filter not found: check if there is a RefParameter without a condition.
2026-06-17 09:07:32,392 [WARN] IP:2250 - I2C_Coeff_DF not found: check if there is a RefParameter without a condition.
2026-06-17 09:07:32,397 [WARN] IP:2250 - Analog_Filter not found: check if there is a RefParameter without a condition.
2026-06-17 09:07:32,813 [WARN] IP:2250 - I2C_Coeff_DF not found: check if there is a RefParameter without a condition.
2026-06-17 09:07:32,813 [WARN] IP:2250 - Analog_Filter not found: check if there is a RefParameter without a condition.
2026-06-17 09:07:32,813 [WARN] IP:2250 - I2C_Coeff_DF not found: check if there is a RefParameter without a condition.
2026-06-17 09:07:32,813 [WARN] IP:2250 - Analog_Filter not found: check if there is a RefParameter without a condition.
2026-06-17 09:07:32,900 [WARN] IP:2250 - I2C_Coeff_DF not found: check if there is a RefParameter without a condition.
2026-06-17 09:07:32,900 [WARN] IP:2250 - Analog_Filter not found: check if there is a RefParameter without a condition.
2026-06-17 09:07:38,768 [INFO] WebApp:194 - Connection lost
2026-06-17 09:07:39,223 [INFO] WebApp:191 - Connection restablished
2026-06-17 09:07:59,895 [INFO] UtilMem:75 - End SaveConfig() Used Memory: 756470968 Bytes (1073741824)
2026-06-17 09:08:01,115 [INFO] UtilMem:75 - End SaveConfig() Used Memory: 780096304 Bytes (1073741824)
2026-06-17 09:08:02,563 [INFO] UtilMem:75 - End SaveConfig() Used Memory: 818874104 Bytes (1073741824)
2026-06-17 09:08:03,030 [INFO] BlockDiagram:2775 - set Specific Code input for plugin: NVIC
2026-06-17 09:08:03,030 [INFO] BlockDiagram:2775 - set Specific Code input for plugin: USART
2026-06-17 09:08:03,031 [INFO] BlockDiagram:2775 - set Specific Code input for plugin: SYS
2026-06-17 09:08:03,033 [INFO] BlockDiagram:2775 - set Specific Code input for plugin: GPIO
2026-06-17 09:08:03,033 [INFO] BlockDiagram:2775 - set Specific Code input for plugin: RCC
2026-06-17 09:08:03,033 [INFO] BlockDiagram:2775 - set Specific Code input for plugin: I2C
2026-06-17 09:08:03,051 [INFO] CodeGenerator:892 - code generatio: config db path: C:\ST\STM32CubeIDE_1.19.0\STM32CubeIDE\plugins\com.st.stm32cube.common.mx_6.15.0.202507011659\\db\
2026-06-17 09:08:03,055 [WARN] IP:2250 - I2C_Coeff_DF not found: check if there is a RefParameter without a condition.
2026-06-17 09:08:03,056 [WARN] IP:2250 - Analog_Filter not found: check if there is a RefParameter without a condition.
2026-06-17 09:08:03,347 [INFO] CodeEngine:265 - oldGeneratedFile, C:\Users\Usuario\Desktop\UNAL\2026-1\Control\proyectoControl\sensoresProyecto\MXTmpFiles\license.tmp_save
2026-06-17 09:08:03,952 [INFO] CodeEngine:289 - Generated code: C:\Users\Usuario\Desktop\UNAL\2026-1\Control\proyectoControl\sensoresProyecto\MXTmpFiles\license.tmp
2026-06-17 09:08:04,383 [INFO] CodeEngine:265 - oldGeneratedFile, C:\Users\Usuario\Desktop\UNAL\2026-1\Control\proyectoControl\sensoresProyecto\MXTmpFiles\gpio.tmp_save
2026-06-17 09:08:04,860 [INFO] CodeEngine:289 - Generated code: C:\Users\Usuario\Desktop\UNAL\2026-1\Control\proyectoControl\sensoresProyecto\MXTmpFiles\gpio.tmp
2026-06-17 09:08:05,062 [INFO] CodeEngine:265 - oldGeneratedFile, C:\Users\Usuario\Desktop\UNAL\2026-1\Control\proyectoControl\sensoresProyecto\Core\Src\stm32f1xx_it.c_save
2026-06-17 09:08:05,241 [INFO] CodeEngine:289 - Generated code: C:\Users\Usuario\Desktop\UNAL\2026-1\Control\proyectoControl\sensoresProyecto\Core\Src\stm32f1xx_it.c
2026-06-17 09:08:05,260 [INFO] CodeEngine:265 - oldGeneratedFile, C:\Users\Usuario\Desktop\UNAL\2026-1\Control\proyectoControl\sensoresProyecto\Core\Inc\stm32f1xx_it.h_save
2026-06-17 09:08:05,468 [INFO] CodeEngine:289 - Generated code: C:\Users\Usuario\Desktop\UNAL\2026-1\Control\proyectoControl\sensoresProyecto\Core\Inc\stm32f1xx_it.h
2026-06-17 09:08:05,500 [INFO] CodeEngine:265 - oldGeneratedFile, C:\Users\Usuario\Desktop\UNAL\2026-1\Control\proyectoControl\sensoresProyecto\Core\Src\stm32f1xx_hal_msp.c_save
2026-06-17 09:08:05,757 [INFO] CodeEngine:289 - Generated code: C:\Users\Usuario\Desktop\UNAL\2026-1\Control\proyectoControl\sensoresProyecto\Core\Src\stm32f1xx_hal_msp.c
2026-06-17 09:08:05,768 [INFO] CodeEngine:265 - oldGeneratedFile, C:\Users\Usuario\Desktop\UNAL\2026-1\Control\proyectoControl\sensoresProyecto\MXTmpFiles\system.tmp_save
2026-06-17 09:08:05,868 [INFO] CodeEngine:289 - Generated code: C:\Users\Usuario\Desktop\UNAL\2026-1\Control\proyectoControl\sensoresProyecto\MXTmpFiles\system.tmp
2026-06-17 09:08:05,896 [INFO] CodeEngine:321 - oldGeneratedFile, C:\Users\Usuario\Desktop\UNAL\2026-1\Control\proyectoControl\sensoresProyecto\Core\Inc\stm32f1xx_hal_conf.h_save
2026-06-17 09:08:05,986 [INFO] CodeEngine:345 - Generated code: C:\Users\Usuario\Desktop\UNAL\2026-1\Control\proyectoControl\sensoresProyecto\Core\Inc\stm32f1xx_hal_conf.h
2026-06-17 09:08:06,026 [INFO] ApiDbMcu:532 - Load IP Config File for I2C2
2026-06-17 09:08:06,030 [INFO] ApiDbMcu:532 - Load IP Config File for USART1
2026-06-17 09:08:06,033 [INFO] ApiDbMcu:532 - Load IP Config File for RCC
2026-06-17 09:08:06,057 [INFO] CodeEngine:265 - oldGeneratedFile, C:\Users\Usuario\Desktop\UNAL\2026-1\Control\proyectoControl\sensoresProyecto\Core\Inc\main.h_save
2026-06-17 09:08:06,166 [INFO] CodeEngine:289 - Generated code: C:\Users\Usuario\Desktop\UNAL\2026-1\Control\proyectoControl\sensoresProyecto\Core\Inc\main.h
2026-06-17 09:08:06,183 [INFO] CodeEngine:265 - oldGeneratedFile, C:\Users\Usuario\Desktop\UNAL\2026-1\Control\proyectoControl\sensoresProyecto\Core\Src\main.c_save
2026-06-17 09:08:06,467 [INFO] CodeEngine:289 - Generated code: C:\Users\Usuario\Desktop\UNAL\2026-1\Control\proyectoControl\sensoresProyecto\Core\Src\main.c
2026-06-17 09:08:07,506 [INFO] ProjectBuilder:3606 - Time for Copy HAL[1] : 753mS.
2026-06-17 09:08:07,518 [INFO] ProjectBuilder:5216 - Project Generator version: 4.7.0-B52
2026-06-17 09:08:07,693 [INFO] ConfigFileManager:1595 - The Die is : DIE414
2026-06-17 09:08:07,697 [INFO] ApiDbMcu:532 - Load IP Config File for FATFS
2026-06-17 09:08:07,704 [INFO] ApiDbMcu:532 - Load IP Config File for FREERTOS
2026-06-17 09:08:07,710 [INFO] ApiDbMcu:532 - Load IP Config File for USB_DEVICE
2026-06-17 09:08:10,846 [INFO] ProjectBuilder:5496 - Time for Generating toolchain IDE Files: 3327mS.
2026-06-17 09:08:10,849 [INFO] ProjectBuilder:3463 - Time for Copy CMSIS : 1mS.
2026-06-17 09:08:10,856 [INFO] ProjectBuilder:3463 - Time for Copy CMSIS : 0mS.
2026-06-17 09:19:18,023 [INFO] MainUpdater:2872 - connection check result : 10
2026-06-17 09:19:18,024 [INFO] MainUpdater:2872 - connection check result : 10
2026-06-17 09:19:18,165 [INFO] MicroXplorer:468 - Change Database Path : 
2026-06-17 09:19:18,165 [INFO] MicroXplorer:498 - Change Database Version : DB.6.0.150
2026-06-17 09:19:18,202 [ERROR] ProjectManagerView:395 - 
java.lang.NullPointerException: Cannot invoke "javax.swing.JTextField.getText()" because the return value of "java.util.List.get(int)" is null
	at com.st.microxplorer.plugins.projectmanager.gui.ProjectChoiceTab$9.caretUpdate(ProjectChoiceTab.java:2706) ~[filemanager.jar:?]
	at javax.swing.text.JTextComponent.fireCaretUpdate(JTextComponent.java:408) ~[?:?]
	at javax.swing.text.JTextComponent$MutableCaretEvent.fire(JTextComponent.java:4484) ~[?:?]
	at javax.swing.text.JTextComponent$MutableCaretEvent.stateChanged(JTextComponent.java:4506) ~[?:?]
	at javax.swing.text.DefaultCaret.fireStateChanged(DefaultCaret.java:857) ~[?:?]
	at javax.swing.text.DefaultCaret.changeCaretPosition(DefaultCaret.java:1343) ~[?:?]
	at javax.swing.text.DefaultCaret.handleSetDot(DefaultCaret.java:1242) ~[?:?]
	at javax.swing.text.DefaultCaret.setDot(DefaultCaret.java:1223) ~[?:?]
	at javax.swing.text.DefaultCaret$Handler.insertUpdate(DefaultCaret.java:1819) ~[?:?]
	at javax.swing.text.AbstractDocument.fireInsertUpdate(AbstractDocument.java:227) ~[?:?]
	at javax.swing.text.AbstractDocument.handleInsertString(AbstractDocument.java:781) ~[?:?]
	at javax.swing.text.AbstractDocument.insertString(AbstractDocument.java:740) ~[?:?]
	at javax.swing.text.PlainDocument.insertString(PlainDocument.java:131) ~[?:?]
	at javax.swing.text.AbstractDocument.replace(AbstractDocument.java:699) ~[?:?]
	at javax.swing.text.JTextComponent.setText(JTextComponent.java:1725) ~[?:?]
	at com.st.microxplorer.plugins.projectmanager.gui.ProjectChoiceTab.createHeapStackFields(ProjectChoiceTab.java:993) ~[filemanager.jar:?]
	at com.st.microxplorer.plugins.projectmanager.gui.ProjectChoiceTab.buildLinkSettingsPanel(ProjectChoiceTab.java:3813) ~[filemanager.jar:?]
	at com.st.microxplorer.plugins.projectmanager.gui.ProjectChoiceTab.defineWindowsFields(ProjectChoiceTab.java:1987) ~[filemanager.jar:?]
	at com.st.microxplorer.plugins.projectmanager.gui.ProjectChoiceTab.updateSettings(ProjectChoiceTab.java:558) ~[filemanager.jar:?]
	at com.st.microxplorer.plugins.projectmanager.gui.ProjectSettingsPanel.UpdateDialog(ProjectSettingsPanel.java:247) ~[filemanager.jar:?]
	at com.st.microxplorer.plugins.projectmanager.ProjectManagerView.propertyChange(ProjectManagerView.java:392) ~[filemanager.jar:?]
	at java.beans.PropertyChangeSupport.fire(PropertyChangeSupport.java:343) ~[?:?]
	at java.beans.PropertyChangeSupport.firePropertyChange(PropertyChangeSupport.java:335) ~[?:?]
	at java.beans.PropertyChangeSupport.firePropertyChange(PropertyChangeSupport.java:268) ~[?:?]
	at com.st.microxplorer.util.MXPropertyChangeSupport.firePropertyChange(MXPropertyChangeSupport.java:54) ~[STM32CubeMX.jar:?]
	at com.st.microxplorer.mxsystem.MxSystem.closeConfig(MxSystem.java:899) ~[STM32CubeMX.jar:?]
	at com.st.microxplorer.maingui.MainPanel.closeConfig(MainPanel.java:792) ~[STM32CubeMX.jar:?]
	at com.st.microxplorer.plugins.filemanager.engine.OpenFileManager.loadConfigurationFile(OpenFileManager.java:288) ~[filemanager.jar:?]
	at com.st.microxplorer.plugins.filemanager.engine.MainFileManager.userLoadConfig(MainFileManager.java:364) ~[filemanager.jar:?]
	at com.st.microxplorer.plugins.filemanager.engine.MainFileManager.userLoadConfig(MainFileManager.java:342) ~[filemanager.jar:?]
	at com.st.microxplorer.plugins.filemanager.FileManagerView.getSpecificTask(FileManagerView.java:264) ~[filemanager.jar:?]
	at com.st.stm32cube.common.mx.editor.CubeMxEditor.getMxTabbedPaneInstance(CubeMxEditor.java:1198) ~[com.st.stm32cube.common.mx_6.15.0.202507011659/:?]
	at com.st.stm32cube.common.mx.editor.CubeMxEditor$12$1.createSwingComponent(CubeMxEditor.java:1068) ~[com.st.stm32cube.common.mx_6.15.0.202507011659/:?]
	at com.st.stm32cube.common.mx.oss.core.awtswtbridge.EmbeddedSwingComposite.doComponentCreation(EmbeddedSwingComposite.java:492) ~[com.st.stm32cube.common.mx.oss_6.15.0.202507011659/:?]
	at com.st.stm32cube.common.mx.oss.core.awtswtbridge.EmbeddedSwingComposite$4.run(EmbeddedSwingComposite.java:291) ~[com.st.stm32cube.common.mx.oss_6.15.0.202507011659/:?]
	at com.st.stm32cube.common.mx.oss.core.awtswtbridge.AwtEnvironment$2.run(AwtEnvironment.java:166) ~[com.st.stm32cube.common.mx.oss_6.15.0.202507011659/:?]
	at java.awt.event.InvocationEvent.dispatch(InvocationEvent.java:318) ~[?:?]
	at java.awt.EventQueue.dispatchEventImpl(EventQueue.java:773) ~[?:?]
	at java.awt.EventQueue$4.run(EventQueue.java:720) ~[?:?]
	at java.awt.EventQueue$4.run(EventQueue.java:714) ~[?:?]
	at java.security.AccessController.doPrivileged(AccessController.java:400) ~[?:?]
	at java.security.ProtectionDomain$JavaSecurityAccessImpl.doIntersectionPrivilege(ProtectionDomain.java:87) ~[?:?]
	at java.awt.EventQueue.dispatchEvent(EventQueue.java:742) ~[?:?]
	at java.awt.EventDispatchThread.pumpOneEventForFilters(EventDispatchThread.java:203) ~[?:?]
	at java.awt.EventDispatchThread.pumpEventsForFilter(EventDispatchThread.java:124) ~[?:?]
	at java.awt.EventDispatchThread.pumpEventsForHierarchy(EventDispatchThread.java:113) ~[?:?]
	at java.awt.EventDispatchThread.pumpEvents(EventDispatchThread.java:109) ~[?:?]
	at java.awt.EventDispatchThread.pumpEvents(EventDispatchThread.java:101) ~[?:?]
	at java.awt.EventDispatchThread.run(EventDispatchThread.java:90) ~[?:?]
2026-06-17 09:19:18,207 [WARN] ThirdParty:871 - waiting for thirdparty lock release [close project]
2026-06-17 09:19:18,207 [INFO] ThirdParty:873 - entering critical section [close project]
2026-06-17 09:19:18,207 [INFO] ThirdParty:883 - exiting critical section [close project]
2026-06-17 09:19:18,208 [INFO] PinOutPanel:1589 - setPackage(No Configuration,No Configuration)
2026-06-17 09:19:18,211 [INFO] UtilMem:75 - Begin LoadConfig() Used Memory: 780184848 Bytes (1073741824)
2026-06-17 09:19:18,211 [INFO] MicroXplorer:468 - Change Database Path : 
2026-06-17 09:19:18,211 [INFO] MicroXplorer:498 - Change Database Version : DB.6.0.150
2026-06-17 09:19:18,212 [INFO] OpenFileManager:355 - Change cursor
2026-06-17 09:19:18,245 [INFO] RulesReader:64 - Compatibility file has been processed (317 Rules)
2026-06-17 09:19:18,251 [INFO] Mcu:2029 - Initializing MCU STM32F103R(C-D-E)Tx STM32F103RCTx STM32F103RCT6
2026-06-17 09:19:20,015 [INFO] Context:786 - Trying to add GPIOservice into a context  which must be forbidden
2026-06-17 09:19:20,631 [INFO] ImportTextPane:234 - (OptionalMessage_ERROR) Pin7 (VP_RIF_VS_RIF1) cannot be retrieved for this MCU
2026-06-17 09:19:21,318 [INFO] RtosManager:558 - Registered RTOS mode: class=CMSIS, group=RTOS, mode=CMSIS_V1, owner=FREERTOS
2026-06-17 09:19:21,318 [INFO] RtosManager:558 - Registered RTOS mode: class=CMSIS, group=RTOS2, mode=CMSIS_V2, owner=FREERTOS
2026-06-17 09:19:21,318 [INFO] RtosManager:558 - Registered RTOS mode: class=RTOS, group=Core, mode=CMSIS_V1, owner=FREERTOS
2026-06-17 09:19:21,318 [INFO] RtosManager:558 - Registered RTOS mode: class=RTOS, group=Core, mode=CMSIS_V2, owner=FREERTOS
2026-06-17 09:19:21,318 [WARN] ModelIntegratedComponent:184 - Missing modes for component STMicroelectronics:FreeRTOS:0.0.1:STMicroelectronics:RTOS:FreeRTOS:Core:::10.2.0:
2026-06-17 09:19:21,368 [WARN] ModelIntegratedComponent:63 - No mode defined for component null
2026-06-17 09:19:21,368 [WARN] ModelIntegratedComponent:63 - No mode defined for component null
2026-06-17 09:19:21,368 [WARN] ModelIntegratedComponent:63 - No mode defined for component null
2026-06-17 09:19:21,368 [WARN] ModelIntegratedComponent:63 - No mode defined for component null
2026-06-17 09:19:21,368 [WARN] ModelIntegratedComponent:63 - No mode defined for component null
2026-06-17 09:19:21,368 [WARN] ModelIntegratedComponent:63 - No mode defined for component null
2026-06-17 09:19:21,368 [WARN] ModelIntegratedComponent:63 - No mode defined for component null
2026-06-17 09:19:21,368 [WARN] ModelIntegratedComponent:63 - No mode defined for component null
2026-06-17 09:19:21,368 [WARN] ModelIntegratedComponent:63 - No mode defined for component null
2026-06-17 09:19:21,368 [WARN] ModelIntegratedComponent:63 - No mode defined for component null
2026-06-17 09:19:21,368 [WARN] ModelIntegratedComponent:63 - No mode defined for component null
2026-06-17 09:19:21,368 [WARN] ModelIntegratedComponent:63 - No mode defined for component null
2026-06-17 09:19:21,368 [WARN] ModelIntegratedComponent:63 - No mode defined for component null
2026-06-17 09:19:21,368 [WARN] ModelIntegratedComponent:63 - No mode defined for component null
2026-06-17 09:19:21,368 [WARN] ModelIntegratedComponent:63 - No mode defined for component null
2026-06-17 09:19:21,368 [WARN] ModelIntegratedComponent:63 - No mode defined for component null
2026-06-17 09:19:21,368 [WARN] ModelIntegratedComponent:63 - No mode defined for component null
2026-06-17 09:19:21,369 [WARN] ModelIntegratedComponent:63 - No mode defined for component null
2026-06-17 09:19:21,369 [WARN] ModelIntegratedComponent:63 - No mode defined for component null
2026-06-17 09:19:21,369 [WARN] ModelIntegratedComponent:63 - No mode defined for component null
2026-06-17 09:19:21,369 [WARN] ModelIntegratedComponent:63 - No mode defined for component null
2026-06-17 09:19:21,369 [WARN] ModelIntegratedComponent:63 - No mode defined for component null
2026-06-17 09:19:21,369 [WARN] ModelIntegratedComponent:63 - No mode defined for component null
2026-06-17 09:19:21,369 [WARN] ModelIntegratedComponent:63 - No mode defined for component null
2026-06-17 09:19:21,369 [WARN] ModelIntegratedComponent:63 - No mode defined for component null
2026-06-17 09:19:21,370 [WARN] ModelIntegratedComponent:63 - No mode defined for component null
2026-06-17 09:19:21,370 [WARN] ModelIntegratedComponent:63 - No mode defined for component null
2026-06-17 09:19:21,370 [WARN] ModelIntegratedComponent:63 - No mode defined for component null
2026-06-17 09:19:21,370 [WARN] ModelIntegratedComponent:63 - No mode defined for component null
2026-06-17 09:19:21,371 [WARN] ModelIntegratedComponent:63 - No mode defined for component null
2026-06-17 09:19:21,373 [WARN] ModelIntegratedComponent:63 - No mode defined for component null
2026-06-17 09:19:21,374 [WARN] ModelIntegratedComponent:63 - No mode defined for component null
2026-06-17 09:19:21,377 [WARN] ModelIntegratedComponent:63 - No mode defined for component null
2026-06-17 09:19:21,378 [WARN] ModelIntegratedComponent:63 - No mode defined for component null
2026-06-17 09:19:21,379 [WARN] ModelIntegratedComponent:63 - No mode defined for component null
2026-06-17 09:19:21,381 [WARN] ModelPack:524 - Component already loaded: STMicroelectronics:HAL Drivers:0.0.0:STMicroelectronics:Device:STMicro_Driver:XSPI:HAL::0.0.1:HAL_XSPI
2026-06-17 09:19:22,054 [INFO] ThirdPartyModel:298 - Start build external matchings
2026-06-17 09:19:25,229 [INFO] ThirdPartyModel:316 - End build external matchings
2026-06-17 09:19:25,742 [INFO] UtilMem:75 - End LoadConfig() Used Memory: 684168328 Bytes (1073741824)
2026-06-17 09:19:25,826 [WARN] ThirdParty:833 - waiting for thirdparty lock release [change project]
2026-06-17 09:19:25,827 [INFO] ThirdParty:835 - entering critical section [change project]
2026-06-17 09:19:25,827 [INFO] ThirdParty:1030 - CMSIS Pack Vendor :STMicroelectronics X-CUBE-AZRTOS-H7 3.5.0
2026-06-17 09:19:25,827 [INFO] ThirdParty:1030 - CMSIS Pack Vendor :STMicroelectronics X-CUBE-PM33A1 1.0.0
2026-06-17 09:19:25,827 [INFO] ThirdParty:1030 - CMSIS Pack Vendor :STMicroelectronics USBPD 4.1
2026-06-17 09:19:25,827 [INFO] ThirdParty:1030 - CMSIS Pack Vendor :STMicroelectronics X-CUBE-NFC9 1.0.0
2026-06-17 09:19:25,827 [INFO] ThirdParty:1030 - CMSIS Pack Vendor :STMicroelectronics USB_HOST 2.0.0
2026-06-17 09:19:25,827 [INFO] ThirdParty:1030 - CMSIS Pack Vendor :STMicroelectronics FP-SNS-MOTENVWB1 1.4.0
2026-06-17 09:19:25,827 [INFO] ThirdParty:1030 - CMSIS Pack Vendor :STMicroelectronics X-CUBE-AZRTOS-F4 1.1.0
2026-06-17 09:19:25,827 [INFO] ThirdParty:1030 - CMSIS Pack Vendor :STMicroelectronics LIBJPEG 8.0.0
2026-06-17 09:19:25,827 [INFO] ThirdParty:1030 - CMSIS Pack Vendor :STMicroelectronics FP-ATR-ASTRA1 2.0.2
2026-06-17 09:19:25,827 [INFO] ThirdParty:1030 - CMSIS Pack Vendor :STMicroelectronics X-CUBE-BLE1 7.1.0
2026-06-17 09:19:25,827 [INFO] ThirdParty:1030 - CMSIS Pack Vendor :STMicroelectronics X-CUBE-SMBUS 2.1.0
2026-06-17 09:19:25,827 [INFO] ThirdParty:1030 - CMSIS Pack Vendor :STMicroelectronics USB_DEVICE 3.0.0
2026-06-17 09:19:25,827 [INFO] ThirdParty:1030 - CMSIS Pack Vendor :STMicroelectronics X-CUBE-ISPU 2.1.0
2026-06-17 09:19:25,827 [INFO] ThirdParty:1030 - CMSIS Pack Vendor :STMicroelectronics X-CUBE-IPS 3.2.0
2026-06-17 09:19:25,828 [INFO] ThirdParty:1030 - CMSIS Pack Vendor :STMicroelectronics eDS-WB_DPC_TT-BIDIR 2.1.1
2026-06-17 09:19:25,828 [INFO] ThirdParty:1030 - CMSIS Pack Vendor :STMicroelectronics X-CUBE-AZRTOS-WB 2.0.0
2026-06-17 09:19:25,828 [INFO] ThirdParty:1030 - CMSIS Pack Vendor :STMicroelectronics X-CUBE-ST60 1.0.0
2026-06-17 09:19:25,828 [INFO] ThirdParty:1030 - CMSIS Pack Vendor :STMicroelectronics X-CUBE-GNSS1 7.0.1
2026-06-17 09:19:25,828 [INFO] ThirdParty:1030 - CMSIS Pack Vendor :STMicroelectronics X-CUBE-AZRTOS-F7 1.1.0
2026-06-17 09:19:25,828 [INFO] ThirdParty:1030 - CMSIS Pack Vendor :STMicroelectronics X-CUBE-AZRTOS-L5 2.0.0
2026-06-17 09:19:25,828 [INFO] ThirdParty:1030 - CMSIS Pack Vendor :STMicroelectronics X-CUBE-TOUCHGFX 4.25.0
2026-06-17 09:19:25,828 [INFO] ThirdParty:1030 - CMSIS Pack Vendor :STMicroelectronics USB_DEVICE 2.0.0
2026-06-17 09:19:25,828 [INFO] ThirdParty:1030 - CMSIS Pack Vendor :STMicroelectronics X-CUBE-NFC6 3.1.0
2026-06-17 09:19:25,828 [INFO] ThirdParty:1030 - CMSIS Pack Vendor :STMicroelectronics FP-SNS-STAIOTCFT 1.1.0
2026-06-17 09:19:25,828 [INFO] ThirdParty:1030 - CMSIS Pack Vendor :quantropi X-CUBE-qispace-sdk-base 2.1.0
2026-06-17 09:19:25,828 [INFO] ThirdParty:1030 - CMSIS Pack Vendor :STMicroelectronics X-CUBE-MEMS1 12.0.0
2026-06-17 09:19:25,828 [INFO] ThirdParty:1030 - CMSIS Pack Vendor :STMicroelectronics X-CUBE-STSE01 2.0.0
2026-06-17 09:19:25,828 [INFO] ThirdParty:1030 - CMSIS Pack Vendor :STMicroelectronics X-CUBE-ALGOBUILD 1.5.0
2026-06-17 09:19:25,828 [INFO] ThirdParty:1030 - CMSIS Pack Vendor :STMicroelectronics FP-SNS-MOTENV1 5.1.0
2026-06-17 09:19:25,828 [INFO] ThirdParty:1030 - CMSIS Pack Vendor :STMicroelectronics FreeRTOS 0.0.1
2026-06-17 09:19:25,828 [INFO] ThirdParty:1030 - CMSIS Pack Vendor :STMicroelectronics X-CUBE-AZRTOS-G0 1.1.0
2026-06-17 09:19:25,828 [INFO] ThirdParty:1030 - CMSIS Pack Vendor :STMicroelectronics X-CUBE-SAFEA1 1.2.2
2026-06-17 09:19:25,828 [INFO] ThirdParty:1030 - CMSIS Pack Vendor :STMicroelectronics X-CUBE-NFC4 3.0.0
2026-06-17 09:19:25,828 [INFO] ThirdParty:1030 - CMSIS Pack Vendor :STMicroelectronics X-CUBE-SUBG2 5.0.0
2026-06-17 09:19:25,828 [INFO] ThirdParty:1030 - CMSIS Pack Vendor :STMicroelectronics X-CUBE-AZRTOS-H7RS 1.1.0
2026-06-17 09:19:25,828 [INFO] ThirdParty:1030 - CMSIS Pack Vendor :STMicroelectronics STM32_WPAN 1.0.0
2026-06-17 09:19:25,828 [INFO] ThirdParty:1030 - CMSIS Pack Vendor :STMicroelectronics eDS-WB_DPC_VIENNA 1.2.0
2026-06-17 09:19:25,828 [INFO] ThirdParty:1030 - CMSIS Pack Vendor :EmbeddedOffice I-CUBE-FS-RTOS 1.0.1
2026-06-17 09:19:25,828 [INFO] ThirdParty:1030 - CMSIS Pack Vendor :STMicroelectronics lwIP 2.0.3
2026-06-17 09:19:25,828 [INFO] ThirdParty:1030 - CMSIS Pack Vendor :Cesanta I-CUBE-Mongoose 7.13.0
2026-06-17 09:19:25,828 [INFO] ThirdParty:1030 - CMSIS Pack Vendor :STMicroelectronics eDS-WB_DPC_3PH2L-BIDIR 1.1.1
2026-06-17 09:19:25,828 [INFO] ThirdParty:1030 - CMSIS Pack Vendor :STMicroelectronics USB_HOST 1.0.0
2026-06-17 09:19:25,828 [INFO] ThirdParty:1030 - CMSIS Pack Vendor :STMicroelectronics X-CUBE-AZRTOS-G4 2.0.0
2026-06-17 09:19:25,829 [INFO] ThirdParty:1030 - CMSIS Pack Vendor :STMicroelectronics X-CUBE-WB05N 2.0.0
2026-06-17 09:19:25,829 [INFO] ThirdParty:1030 - CMSIS Pack Vendor :STMicroelectronics PDM2PCM 3.1.0
2026-06-17 09:19:25,829 [INFO] ThirdParty:1030 - CMSIS Pack Vendor :STMicroelectronics PDM2PCM 3.3.0
2026-06-17 09:19:25,829 [INFO] ThirdParty:1030 - CMSIS Pack Vendor :STMicroelectronics X-CUBE-AZRTOS-H7 3.4.0
2026-06-17 09:19:25,829 [INFO] ThirdParty:1030 - CMSIS Pack Vendor :STMicroelectronics X-CUBE-DISPLAY 3.0.0
2026-06-17 09:19:25,829 [INFO] ThirdParty:1030 - CMSIS Pack Vendor :STMicroelectronics X-CUBE-NFC7 2.0.0
2026-06-17 09:19:25,829 [INFO] ThirdParty:1030 - CMSIS Pack Vendor :STMicroelectronics X-CUBE-GNSS1 7.1.1
2026-06-17 09:19:25,829 [INFO] ThirdParty:1030 - CMSIS Pack Vendor :STMicroelectronics FP-SNS-MOTENVWB1 1.5.0
2026-06-17 09:19:25,829 [INFO] ThirdParty:1030 - CMSIS Pack Vendor :STMicroelectronics X-CUBE-TCPP 4.2.0
2026-06-17 09:19:25,829 [INFO] ThirdParty:1030 - CMSIS Pack Vendor :RealThread X-CUBE-RT-Thread_Nano 4.1.1
2026-06-17 09:19:25,829 [INFO] ThirdParty:1030 - CMSIS Pack Vendor :STMicroelectronics FP-ATR-SIGFOX1 3.2.0
2026-06-17 09:19:25,829 [INFO] ThirdParty:1030 - CMSIS Pack Vendor :STMicroelectronics X-CUBE-NFC10 1.0.0
2026-06-17 09:19:25,829 [INFO] ThirdParty:1030 - CMSIS Pack Vendor :STMicroelectronics X-CUBE-FREERTOS 1.3.1
2026-06-17 09:19:25,829 [INFO] ThirdParty:1030 - CMSIS Pack Vendor :STMicroelectronics HAL Drivers 0.0.0
2026-06-17 09:19:25,829 [INFO] ThirdParty:1030 - CMSIS Pack Vendor :STMicroelectronics X-CUBE-FREERTOS 1.5.0
2026-06-17 09:19:25,829 [INFO] ThirdParty:1030 - CMSIS Pack Vendor :STMicroelectronics MBEDTLS 2.16.2
2026-06-17 09:19:25,829 [INFO] ThirdParty:1030 - CMSIS Pack Vendor :STMicroelectronics X-CUBE-ST60 1.1.0
2026-06-17 09:19:25,829 [INFO] ThirdParty:1030 - CMSIS Pack Vendor :STMicroelectronics X-CUBE-IPS 3.1.0
2026-06-17 09:19:25,829 [INFO] ThirdParty:1030 - CMSIS Pack Vendor :STMicroelectronics X-CUBE-ALS 1.0.2
2026-06-17 09:19:25,829 [INFO] ThirdParty:1030 - CMSIS Pack Vendor :STMicroelectronics MBEDTLS 2.14.1
2026-06-17 09:19:25,829 [INFO] ThirdParty:1030 - CMSIS Pack Vendor :STMicroelectronics X-CUBE-GNSS1 7.1.0
2026-06-17 09:19:25,829 [INFO] ThirdParty:1030 - CMSIS Pack Vendor :STMicroelectronics X-CUBE-TOUCHGFX 4.26.1
2026-06-17 09:19:25,829 [INFO] ThirdParty:1030 - CMSIS Pack Vendor :portGmbH I-Cube-SoM-uGOAL 1.1.0
2026-06-17 09:19:25,829 [INFO] ThirdParty:1030 - CMSIS Pack Vendor :STMicroelectronics X-CUBE-NFC6 3.2.0
2026-06-17 09:19:25,829 [INFO] ThirdParty:1030 - CMSIS Pack Vendor :STMicroelectronics X-CUBE-ST67W61 1.0.0
2026-06-17 09:19:25,829 [INFO] ThirdParty:1030 - CMSIS Pack Vendor :STMicroelectronics FP-SNS-STAIOTCFT 1.0.0
2026-06-17 09:19:25,829 [INFO] ThirdParty:1030 - CMSIS Pack Vendor :STMicroelectronics ThreadX 1.0.0
2026-06-17 09:19:25,829 [INFO] ThirdParty:1030 - CMSIS Pack Vendor :STMicroelectronics FP-SNS-SMARTAG2 1.2.0
2026-06-17 09:19:25,829 [INFO] ThirdParty:1030 - CMSIS Pack Vendor :STMicroelectronics X-CUBE-MEMS1 12.1.0
2026-06-17 09:19:25,830 [INFO] ThirdParty:1030 - CMSIS Pack Vendor :STMicroelectronics FP-SNS-FLIGHT1 5.1.0
2026-06-17 09:19:25,830 [INFO] ThirdParty:1030 - CMSIS Pack Vendor :STMicroelectronics X-CUBE-AZRTOS-WL 2.0.0
2026-06-17 09:19:25,830 [INFO] ThirdParty:1030 - CMSIS Pack Vendor :SEGGER I-CUBE-embOS 1.3.1
2026-06-17 09:19:25,830 [INFO] ThirdParty:1030 - CMSIS Pack Vendor :STMicroelectronics X-CUBE-ALGOBUILD 1.4.0
2026-06-17 09:19:25,830 [INFO] ThirdParty:1030 - CMSIS Pack Vendor :STMicroelectronics X-CUBE-DPower 1.3.0
2026-06-17 09:19:25,830 [INFO] ThirdParty:1030 - CMSIS Pack Vendor :STMicroelectronics X-CUBE-MEMS1 11.3.0
2026-06-17 09:19:25,830 [INFO] ThirdParty:1030 - CMSIS Pack Vendor :STMicroelectronics FP-SNS-MOTENV1 5.0.0
2026-06-17 09:19:25,830 [INFO] ThirdParty:1030 - CMSIS Pack Vendor :STMicroelectronics USB_DEVICE 1.0.0
2026-06-17 09:19:25,830 [INFO] ThirdParty:1030 - CMSIS Pack Vendor :STMicroelectronics X-CUBE-AZRTOS-H7RS 1.2.0
2026-06-17 09:19:25,830 [INFO] ThirdParty:1030 - CMSIS Pack Vendor :STMicroelectronics X-CUBE-AZRTOS-L4 2.0.0
2026-06-17 09:19:25,830 [INFO] ThirdParty:1030 - CMSIS Pack Vendor :STMicroelectronics ThreadX 0.0.2
2026-06-17 09:19:25,830 [INFO] ThirdParty:1030 - CMSIS Pack Vendor :WES I-CUBE-Cesium 1.3.0
2026-06-17 09:19:25,830 [INFO] ThirdParty:1030 - CMSIS Pack Vendor :STMicroelectronics lwIP 2.1.2
2026-06-17 09:19:25,830 [INFO] ThirdParty:1030 - CMSIS Pack Vendor :STMicroelectronics X-CUBE-SFXS2LP1 4.0.0
2026-06-17 09:19:25,830 [INFO] ThirdParty:1030 - CMSIS Pack Vendor :STMicroelectronics X-CUBE-BLE2 3.3.0
2026-06-17 09:19:25,831 [INFO] ThirdParty:1030 - CMSIS Pack Vendor :Avnet-IOTCONNECT X-CUBE-iotc-st67-sdk 1.0.0
2026-06-17 09:19:25,831 [INFO] ThirdParty:1030 - CMSIS Pack Vendor :STMicroelectronics X-CUBE-TOF1 3.4.3
2026-06-17 09:19:25,831 [INFO] ThirdParty:1030 - CMSIS Pack Vendor :STMicroelectronics X-CUBE-NFC13 1.0.0
2026-06-17 09:19:25,831 [INFO] ThirdParty:1030 - CMSIS Pack Vendor :STMicroelectronics PDM2PCM 3.2.0
2026-06-17 09:19:25,831 [INFO] ThirdParty:1030 - CMSIS Pack Vendor :STMicroelectronics X-CUBE-WB05N 2.1.0
2026-06-17 09:19:25,831 [INFO] ThirdParty:1030 - CMSIS Pack Vendor :STMicroelectronics X-CUBE-ST67W61 1.2.0
2026-06-17 09:19:25,831 [INFO] ThirdParty:841 - exiting critical section [change project]
2026-06-17 09:19:26,258 [INFO] PinOutPanel:1589 - setPackage(No Configuration,No Configuration)
2026-06-17 09:19:26,259 [INFO] PinOutPanel:1589 - setPackage(STM32F103RCTx,LQFP64)
2026-06-17 09:19:27,049 [INFO] UtilMem:75 - Before build in PCC Used Memory: 808426632 Bytes (1073741824)
2026-06-17 09:19:27,531 [INFO] UtilMem:75 - After build in PCC Used Memory: 853515400 Bytes (1073741824)
2026-06-17 09:19:27,566 [INFO] IPUIPlugin:80 - create IPUIPlugin
2026-06-17 09:19:27,566 [INFO] IPUIPlugin:80 - create IPUIPlugin
2026-06-17 09:19:27,566 [INFO] IPUIPlugin:80 - create IPUIPlugin
2026-06-17 09:19:27,567 [INFO] IPUIPlugin:80 - create IPUIPlugin
2026-06-17 09:19:27,567 [INFO] IPUIPlugin:80 - create IPUIPlugin
2026-06-17 09:19:27,567 [INFO] IPUIPlugin:80 - create IPUIPlugin
2026-06-17 09:19:27,568 [INFO] IPUIPlugin:80 - create IPUIPlugin
2026-06-17 09:19:27,568 [INFO] IPUIPlugin:80 - create IPUIPlugin
2026-06-17 09:19:27,568 [INFO] IPUIPlugin:80 - create IPUIPlugin
2026-06-17 09:19:27,568 [INFO] IPUIPlugin:80 - create IPUIPlugin
2026-06-17 09:19:27,568 [INFO] IPUIPlugin:80 - create IPUIPlugin
2026-06-17 09:19:27,568 [INFO] IPUIPlugin:80 - create IPUIPlugin
2026-06-17 09:19:27,569 [INFO] IPUIPlugin:80 - create IPUIPlugin
2026-06-17 09:19:27,569 [INFO] IPUIPlugin:80 - create IPUIPlugin
2026-06-17 09:19:27,571 [INFO] IPUIPlugin:80 - create IPUIPlugin
2026-06-17 09:19:27,571 [INFO] IPUIPlugin:80 - create IPUIPlugin
2026-06-17 09:19:27,571 [INFO] IPUIPlugin:80 - create IPUIPlugin
2026-06-17 09:19:27,572 [INFO] IPUIPlugin:80 - create IPUIPlugin
2026-06-17 09:19:27,572 [INFO] IPUIPlugin:80 - create IPUIPlugin
2026-06-17 09:19:27,572 [INFO] IPUIPlugin:80 - create IPUIPlugin
2026-06-17 09:19:27,572 [INFO] IPUIPlugin:80 - create IPUIPlugin
2026-06-17 09:19:27,573 [INFO] IPUIPlugin:80 - create IPUIPlugin
2026-06-17 09:19:27,573 [INFO] IPUIPlugin:80 - create IPUIPlugin
2026-06-17 09:19:27,573 [INFO] IPUIPlugin:80 - create IPUIPlugin
2026-06-17 09:19:27,573 [INFO] IPUIPlugin:80 - create IPUIPlugin
2026-06-17 09:19:27,574 [INFO] IPUIPlugin:80 - create IPUIPlugin
2026-06-17 09:19:27,574 [INFO] IPUIPlugin:80 - create IPUIPlugin
2026-06-17 09:19:27,574 [INFO] IPUIPlugin:80 - create IPUIPlugin
2026-06-17 09:19:27,575 [INFO] IPUIPlugin:80 - create IPUIPlugin
2026-06-17 09:19:27,575 [INFO] IPUIPlugin:80 - create IPUIPlugin
2026-06-17 09:19:27,575 [INFO] IPUIPlugin:80 - create IPUIPlugin
2026-06-17 09:19:27,576 [INFO] IPUIPlugin:80 - create IPUIPlugin
2026-06-17 09:19:27,576 [INFO] IPUIPlugin:80 - create IPUIPlugin
2026-06-17 09:19:27,577 [INFO] IPUIPlugin:80 - create IPUIPlugin
2026-06-17 09:19:27,577 [INFO] IPUIPlugin:80 - create IPUIPlugin
2026-06-17 09:19:27,577 [INFO] IPUIPlugin:80 - create IPUIPlugin
2026-06-17 09:19:27,578 [INFO] IPUIPlugin:80 - create IPUIPlugin
2026-06-17 09:19:27,579 [INFO] IPUIPlugin:80 - create IPUIPlugin
2026-06-17 09:19:27,579 [INFO] IPUIPlugin:80 - create IPUIPlugin
2026-06-17 09:19:27,678 [INFO] CADModel:165 - CPN selected for project levelSTM32F103RCT6
2026-06-17 09:19:27,679 [INFO] CADModel:114 - Register for checkConnection events
2026-06-17 09:19:27,756 [INFO] OpenFileManager:386 - Restore cursor
2026-06-17 09:20:00,487 [INFO] MainUpdater:2872 - connection check result : 10
2026-06-17 09:20:00,487 [INFO] MainUpdater:2872 - connection check result : 10
2026-06-17 09:20:00,690 [INFO] MicroXplorer:468 - Change Database Path : 
2026-06-17 09:20:00,690 [INFO] MicroXplorer:498 - Change Database Version : DB.6.0.150
2026-06-17 09:20:00,704 [ERROR] ProjectManagerView:395 - 
java.lang.NullPointerException: Cannot invoke "javax.swing.JTextField.getText()" because the return value of "java.util.List.get(int)" is null
	at com.st.microxplorer.plugins.projectmanager.gui.ProjectChoiceTab$9.caretUpdate(ProjectChoiceTab.java:2706) ~[filemanager.jar:?]
	at javax.swing.text.JTextComponent.fireCaretUpdate(JTextComponent.java:408) ~[?:?]
	at javax.swing.text.JTextComponent$MutableCaretEvent.fire(JTextComponent.java:4484) ~[?:?]
	at javax.swing.text.JTextComponent$MutableCaretEvent.stateChanged(JTextComponent.java:4506) ~[?:?]
	at javax.swing.text.DefaultCaret.fireStateChanged(DefaultCaret.java:857) ~[?:?]
	at javax.swing.text.DefaultCaret.changeCaretPosition(DefaultCaret.java:1343) ~[?:?]
	at javax.swing.text.DefaultCaret.handleSetDot(DefaultCaret.java:1242) ~[?:?]
	at javax.swing.text.DefaultCaret.setDot(DefaultCaret.java:1223) ~[?:?]
	at javax.swing.text.DefaultCaret$Handler.insertUpdate(DefaultCaret.java:1819) ~[?:?]
	at javax.swing.text.AbstractDocument.fireInsertUpdate(AbstractDocument.java:227) ~[?:?]
	at javax.swing.text.AbstractDocument.handleInsertString(AbstractDocument.java:781) ~[?:?]
	at javax.swing.text.AbstractDocument.insertString(AbstractDocument.java:740) ~[?:?]
	at javax.swing.text.PlainDocument.insertString(PlainDocument.java:131) ~[?:?]
	at javax.swing.text.AbstractDocument.replace(AbstractDocument.java:699) ~[?:?]
	at javax.swing.text.JTextComponent.setText(JTextComponent.java:1725) ~[?:?]
	at com.st.microxplorer.plugins.projectmanager.gui.ProjectChoiceTab.createHeapStackFields(ProjectChoiceTab.java:993) ~[filemanager.jar:?]
	at com.st.microxplorer.plugins.projectmanager.gui.ProjectChoiceTab.buildLinkSettingsPanel(ProjectChoiceTab.java:3813) ~[filemanager.jar:?]
	at com.st.microxplorer.plugins.projectmanager.gui.ProjectChoiceTab.defineWindowsFields(ProjectChoiceTab.java:1987) ~[filemanager.jar:?]
	at com.st.microxplorer.plugins.projectmanager.gui.ProjectChoiceTab.updateSettings(ProjectChoiceTab.java:558) ~[filemanager.jar:?]
	at com.st.microxplorer.plugins.projectmanager.gui.ProjectSettingsPanel.UpdateDialog(ProjectSettingsPanel.java:247) ~[filemanager.jar:?]
	at com.st.microxplorer.plugins.projectmanager.ProjectManagerView.propertyChange(ProjectManagerView.java:392) ~[filemanager.jar:?]
	at java.beans.PropertyChangeSupport.fire(PropertyChangeSupport.java:343) ~[?:?]
	at java.beans.PropertyChangeSupport.firePropertyChange(PropertyChangeSupport.java:335) ~[?:?]
	at java.beans.PropertyChangeSupport.firePropertyChange(PropertyChangeSupport.java:268) ~[?:?]
	at com.st.microxplorer.util.MXPropertyChangeSupport.firePropertyChange(MXPropertyChangeSupport.java:54) ~[STM32CubeMX.jar:?]
	at com.st.microxplorer.mxsystem.MxSystem.closeConfig(MxSystem.java:899) ~[STM32CubeMX.jar:?]
	at com.st.microxplorer.maingui.MainPanel.closeConfig(MainPanel.java:792) ~[STM32CubeMX.jar:?]
	at com.st.microxplorer.plugins.filemanager.engine.OpenFileManager.loadConfigurationFile(OpenFileManager.java:288) ~[filemanager.jar:?]
	at com.st.microxplorer.plugins.filemanager.engine.MainFileManager.userLoadConfig(MainFileManager.java:364) ~[filemanager.jar:?]
	at com.st.microxplorer.plugins.filemanager.engine.MainFileManager.userLoadConfig(MainFileManager.java:342) ~[filemanager.jar:?]
	at com.st.microxplorer.plugins.filemanager.FileManagerView.getSpecificTask(FileManagerView.java:264) ~[filemanager.jar:?]
	at com.st.stm32cube.common.mx.editor.CubeMxEditor.getMxTabbedPaneInstance(CubeMxEditor.java:1198) ~[com.st.stm32cube.common.mx_6.15.0.202507011659/:?]
	at com.st.stm32cube.common.mx.editor.CubeMxEditor$12$1.createSwingComponent(CubeMxEditor.java:1068) ~[com.st.stm32cube.common.mx_6.15.0.202507011659/:?]
	at com.st.stm32cube.common.mx.oss.core.awtswtbridge.EmbeddedSwingComposite.doComponentCreation(EmbeddedSwingComposite.java:492) ~[com.st.stm32cube.common.mx.oss_6.15.0.202507011659/:?]
	at com.st.stm32cube.common.mx.oss.core.awtswtbridge.EmbeddedSwingComposite$4.run(EmbeddedSwingComposite.java:291) ~[com.st.stm32cube.common.mx.oss_6.15.0.202507011659/:?]
	at com.st.stm32cube.common.mx.oss.core.awtswtbridge.AwtEnvironment$2.run(AwtEnvironment.java:166) ~[com.st.stm32cube.common.mx.oss_6.15.0.202507011659/:?]
	at java.awt.event.InvocationEvent.dispatch(InvocationEvent.java:318) ~[?:?]
	at java.awt.EventQueue.dispatchEventImpl(EventQueue.java:773) ~[?:?]
	at java.awt.EventQueue$4.run(EventQueue.java:720) ~[?:?]
	at java.awt.EventQueue$4.run(EventQueue.java:714) ~[?:?]
	at java.security.AccessController.doPrivileged(AccessController.java:400) ~[?:?]
	at java.security.ProtectionDomain$JavaSecurityAccessImpl.doIntersectionPrivilege(ProtectionDomain.java:87) ~[?:?]
	at java.awt.EventQueue.dispatchEvent(EventQueue.java:742) ~[?:?]
	at java.awt.EventDispatchThread.pumpOneEventForFilters(EventDispatchThread.java:203) ~[?:?]
	at java.awt.EventDispatchThread.pumpEventsForFilter(EventDispatchThread.java:124) ~[?:?]
	at java.awt.EventDispatchThread.pumpEventsForHierarchy(EventDispatchThread.java:113) ~[?:?]
	at java.awt.EventDispatchThread.pumpEvents(EventDispatchThread.java:109) ~[?:?]
	at java.awt.EventDispatchThread.pumpEvents(EventDispatchThread.java:101) ~[?:?]
	at java.awt.EventDispatchThread.run(EventDispatchThread.java:90) ~[?:?]
2026-06-17 09:20:00,706 [WARN] ThirdParty:871 - waiting for thirdparty lock release [close project]
2026-06-17 09:20:00,706 [INFO] ThirdParty:873 - entering critical section [close project]
2026-06-17 09:20:00,706 [INFO] ThirdParty:883 - exiting critical section [close project]
2026-06-17 09:20:00,708 [INFO] PinOutPanel:1589 - setPackage(No Configuration,No Configuration)
2026-06-17 09:20:00,714 [INFO] UtilMem:75 - Begin LoadConfig() Used Memory: 837236512 Bytes (1073741824)
2026-06-17 09:20:00,715 [INFO] MicroXplorer:468 - Change Database Path : 
2026-06-17 09:20:00,715 [INFO] MicroXplorer:498 - Change Database Version : DB.6.0.150
2026-06-17 09:20:00,716 [INFO] OpenFileManager:355 - Change cursor
2026-06-17 09:20:00,765 [INFO] Mcu:2029 - Initializing MCU STM32F103R(C-D-E)Tx STM32F103RCTx STM32F103RCT6
2026-06-17 09:20:02,090 [INFO] Context:786 - Trying to add GPIOservice into a context  which must be forbidden
2026-06-17 09:20:02,405 [INFO] ImportTextPane:234 - (OptionalMessage_ERROR) Pin6 (VP_RIF_VS_RIF1) cannot be retrieved for this MCU
2026-06-17 09:20:02,526 [INFO] RtosManager:558 - Registered RTOS mode: class=CMSIS, group=RTOS, mode=CMSIS_V1, owner=FREERTOS
2026-06-17 09:20:02,527 [INFO] RtosManager:558 - Registered RTOS mode: class=CMSIS, group=RTOS2, mode=CMSIS_V2, owner=FREERTOS
2026-06-17 09:20:02,527 [INFO] RtosManager:558 - Registered RTOS mode: class=RTOS, group=Core, mode=CMSIS_V1, owner=FREERTOS
2026-06-17 09:20:02,527 [INFO] RtosManager:558 - Registered RTOS mode: class=RTOS, group=Core, mode=CMSIS_V2, owner=FREERTOS
2026-06-17 09:20:02,527 [WARN] ModelIntegratedComponent:184 - Missing modes for component STMicroelectronics:FreeRTOS:0.0.1:STMicroelectronics:RTOS:FreeRTOS:Core:::10.2.0:
2026-06-17 09:20:02,540 [WARN] ModelIntegratedComponent:63 - No mode defined for component null
2026-06-17 09:20:02,540 [WARN] ModelIntegratedComponent:63 - No mode defined for component null
2026-06-17 09:20:02,540 [WARN] ModelIntegratedComponent:63 - No mode defined for component null
2026-06-17 09:20:02,540 [WARN] ModelIntegratedComponent:63 - No mode defined for component null
2026-06-17 09:20:02,540 [WARN] ModelIntegratedComponent:63 - No mode defined for component null
2026-06-17 09:20:02,540 [WARN] ModelIntegratedComponent:63 - No mode defined for component null
2026-06-17 09:20:02,540 [WARN] ModelIntegratedComponent:63 - No mode defined for component null
2026-06-17 09:20:02,541 [WARN] ModelIntegratedComponent:63 - No mode defined for component null
2026-06-17 09:20:02,541 [WARN] ModelIntegratedComponent:63 - No mode defined for component null
2026-06-17 09:20:02,541 [WARN] ModelIntegratedComponent:63 - No mode defined for component null
2026-06-17 09:20:02,541 [WARN] ModelIntegratedComponent:63 - No mode defined for component null
2026-06-17 09:20:02,541 [WARN] ModelIntegratedComponent:63 - No mode defined for component null
2026-06-17 09:20:02,541 [WARN] ModelIntegratedComponent:63 - No mode defined for component null
2026-06-17 09:20:02,541 [WARN] ModelIntegratedComponent:63 - No mode defined for component null
2026-06-17 09:20:02,541 [WARN] ModelIntegratedComponent:63 - No mode defined for component null
2026-06-17 09:20:02,541 [WARN] ModelIntegratedComponent:63 - No mode defined for component null
2026-06-17 09:20:02,541 [WARN] ModelIntegratedComponent:63 - No mode defined for component null
2026-06-17 09:20:02,541 [WARN] ModelIntegratedComponent:63 - No mode defined for component null
2026-06-17 09:20:02,541 [WARN] ModelIntegratedComponent:63 - No mode defined for component null
2026-06-17 09:20:02,541 [WARN] ModelIntegratedComponent:63 - No mode defined for component null
2026-06-17 09:20:02,541 [WARN] ModelIntegratedComponent:63 - No mode defined for component null
2026-06-17 09:20:02,541 [WARN] ModelIntegratedComponent:63 - No mode defined for component null
2026-06-17 09:20:02,541 [WARN] ModelIntegratedComponent:63 - No mode defined for component null
2026-06-17 09:20:02,542 [WARN] ModelIntegratedComponent:63 - No mode defined for component null
2026-06-17 09:20:02,542 [WARN] ModelIntegratedComponent:63 - No mode defined for component null
2026-06-17 09:20:02,542 [WARN] ModelIntegratedComponent:63 - No mode defined for component null
2026-06-17 09:20:02,542 [WARN] ModelIntegratedComponent:63 - No mode defined for component null
2026-06-17 09:20:02,542 [WARN] ModelIntegratedComponent:63 - No mode defined for component null
2026-06-17 09:20:02,542 [WARN] ModelIntegratedComponent:63 - No mode defined for component null
2026-06-17 09:20:02,542 [WARN] ModelIntegratedComponent:63 - No mode defined for component null
2026-06-17 09:20:02,542 [WARN] ModelIntegratedComponent:63 - No mode defined for component null
2026-06-17 09:20:02,542 [WARN] ModelIntegratedComponent:63 - No mode defined for component null
2026-06-17 09:20:02,542 [WARN] ModelIntegratedComponent:63 - No mode defined for component null
2026-06-17 09:20:02,542 [WARN] ModelIntegratedComponent:63 - No mode defined for component null
2026-06-17 09:20:02,543 [WARN] ModelIntegratedComponent:63 - No mode defined for component null
2026-06-17 09:20:02,543 [WARN] ModelPack:524 - Component already loaded: STMicroelectronics:HAL Drivers:0.0.0:STMicroelectronics:Device:STMicro_Driver:XSPI:HAL::0.0.1:HAL_XSPI
2026-06-17 09:20:02,850 [INFO] ThirdPartyModel:298 - Start build external matchings
2026-06-17 09:20:04,783 [INFO] ThirdPartyModel:316 - End build external matchings
2026-06-17 09:20:05,135 [INFO] UtilMem:75 - End LoadConfig() Used Memory: 959083544 Bytes (1073741824)
2026-06-17 09:20:05,230 [WARN] ThirdParty:833 - waiting for thirdparty lock release [change project]
2026-06-17 09:20:05,230 [INFO] ThirdParty:835 - entering critical section [change project]
2026-06-17 09:20:05,230 [INFO] ThirdParty:1030 - CMSIS Pack Vendor :STMicroelectronics X-CUBE-AZRTOS-H7 3.5.0
2026-06-17 09:20:05,230 [INFO] ThirdParty:1030 - CMSIS Pack Vendor :STMicroelectronics X-CUBE-PM33A1 1.0.0
2026-06-17 09:20:05,230 [INFO] ThirdParty:1030 - CMSIS Pack Vendor :STMicroelectronics USBPD 4.1
2026-06-17 09:20:05,230 [INFO] ThirdParty:1030 - CMSIS Pack Vendor :STMicroelectronics X-CUBE-NFC9 1.0.0
2026-06-17 09:20:05,230 [INFO] ThirdParty:1030 - CMSIS Pack Vendor :STMicroelectronics USB_HOST 2.0.0
2026-06-17 09:20:05,230 [INFO] ThirdParty:1030 - CMSIS Pack Vendor :STMicroelectronics FP-SNS-MOTENVWB1 1.4.0
2026-06-17 09:20:05,230 [INFO] ThirdParty:1030 - CMSIS Pack Vendor :STMicroelectronics X-CUBE-AZRTOS-F4 1.1.0
2026-06-17 09:20:05,230 [INFO] ThirdParty:1030 - CMSIS Pack Vendor :STMicroelectronics LIBJPEG 8.0.0
2026-06-17 09:20:05,230 [INFO] ThirdParty:1030 - CMSIS Pack Vendor :STMicroelectronics FP-ATR-ASTRA1 2.0.2
2026-06-17 09:20:05,230 [INFO] ThirdParty:1030 - CMSIS Pack Vendor :STMicroelectronics X-CUBE-BLE1 7.1.0
2026-06-17 09:20:05,230 [INFO] ThirdParty:1030 - CMSIS Pack Vendor :STMicroelectronics X-CUBE-SMBUS 2.1.0
2026-06-17 09:20:05,230 [INFO] ThirdParty:1030 - CMSIS Pack Vendor :STMicroelectronics USB_DEVICE 3.0.0
2026-06-17 09:20:05,230 [INFO] ThirdParty:1030 - CMSIS Pack Vendor :STMicroelectronics X-CUBE-ISPU 2.1.0
2026-06-17 09:20:05,230 [INFO] ThirdParty:1030 - CMSIS Pack Vendor :STMicroelectronics X-CUBE-IPS 3.2.0
2026-06-17 09:20:05,230 [INFO] ThirdParty:1030 - CMSIS Pack Vendor :STMicroelectronics eDS-WB_DPC_TT-BIDIR 2.1.1
2026-06-17 09:20:05,230 [INFO] ThirdParty:1030 - CMSIS Pack Vendor :STMicroelectronics X-CUBE-AZRTOS-WB 2.0.0
2026-06-17 09:20:05,230 [INFO] ThirdParty:1030 - CMSIS Pack Vendor :STMicroelectronics X-CUBE-ST60 1.0.0
2026-06-17 09:20:05,230 [INFO] ThirdParty:1030 - CMSIS Pack Vendor :STMicroelectronics X-CUBE-GNSS1 7.0.1
2026-06-17 09:20:05,230 [INFO] ThirdParty:1030 - CMSIS Pack Vendor :STMicroelectronics X-CUBE-AZRTOS-F7 1.1.0
2026-06-17 09:20:05,230 [INFO] ThirdParty:1030 - CMSIS Pack Vendor :STMicroelectronics X-CUBE-AZRTOS-L5 2.0.0
2026-06-17 09:20:05,231 [INFO] ThirdParty:1030 - CMSIS Pack Vendor :STMicroelectronics X-CUBE-TOUCHGFX 4.25.0
2026-06-17 09:20:05,231 [INFO] ThirdParty:1030 - CMSIS Pack Vendor :STMicroelectronics USB_DEVICE 2.0.0
2026-06-17 09:20:05,231 [INFO] ThirdParty:1030 - CMSIS Pack Vendor :STMicroelectronics X-CUBE-NFC6 3.1.0
2026-06-17 09:20:05,231 [INFO] ThirdParty:1030 - CMSIS Pack Vendor :STMicroelectronics FP-SNS-STAIOTCFT 1.1.0
2026-06-17 09:20:05,231 [INFO] ThirdParty:1030 - CMSIS Pack Vendor :quantropi X-CUBE-qispace-sdk-base 2.1.0
2026-06-17 09:20:05,231 [INFO] ThirdParty:1030 - CMSIS Pack Vendor :STMicroelectronics X-CUBE-MEMS1 12.0.0
2026-06-17 09:20:05,231 [INFO] ThirdParty:1030 - CMSIS Pack Vendor :STMicroelectronics X-CUBE-STSE01 2.0.0
2026-06-17 09:20:05,231 [INFO] ThirdParty:1030 - CMSIS Pack Vendor :STMicroelectronics X-CUBE-ALGOBUILD 1.5.0
2026-06-17 09:20:05,231 [INFO] ThirdParty:1030 - CMSIS Pack Vendor :STMicroelectronics FP-SNS-MOTENV1 5.1.0
2026-06-17 09:20:05,231 [INFO] ThirdParty:1030 - CMSIS Pack Vendor :STMicroelectronics FreeRTOS 0.0.1
2026-06-17 09:20:05,231 [INFO] ThirdParty:1030 - CMSIS Pack Vendor :STMicroelectronics X-CUBE-AZRTOS-G0 1.1.0
2026-06-17 09:20:05,231 [INFO] ThirdParty:1030 - CMSIS Pack Vendor :STMicroelectronics X-CUBE-SAFEA1 1.2.2
2026-06-17 09:20:05,231 [INFO] ThirdParty:1030 - CMSIS Pack Vendor :STMicroelectronics X-CUBE-NFC4 3.0.0
2026-06-17 09:20:05,231 [INFO] ThirdParty:1030 - CMSIS Pack Vendor :STMicroelectronics X-CUBE-SUBG2 5.0.0
2026-06-17 09:20:05,231 [INFO] ThirdParty:1030 - CMSIS Pack Vendor :STMicroelectronics X-CUBE-AZRTOS-H7RS 1.1.0
2026-06-17 09:20:05,231 [INFO] ThirdParty:1030 - CMSIS Pack Vendor :STMicroelectronics STM32_WPAN 1.0.0
2026-06-17 09:20:05,231 [INFO] ThirdParty:1030 - CMSIS Pack Vendor :STMicroelectronics eDS-WB_DPC_VIENNA 1.2.0
2026-06-17 09:20:05,231 [INFO] ThirdParty:1030 - CMSIS Pack Vendor :EmbeddedOffice I-CUBE-FS-RTOS 1.0.1
2026-06-17 09:20:05,231 [INFO] ThirdParty:1030 - CMSIS Pack Vendor :STMicroelectronics lwIP 2.0.3
2026-06-17 09:20:05,231 [INFO] ThirdParty:1030 - CMSIS Pack Vendor :Cesanta I-CUBE-Mongoose 7.13.0
2026-06-17 09:20:05,231 [INFO] ThirdParty:1030 - CMSIS Pack Vendor :STMicroelectronics eDS-WB_DPC_3PH2L-BIDIR 1.1.1
2026-06-17 09:20:05,231 [INFO] ThirdParty:1030 - CMSIS Pack Vendor :STMicroelectronics USB_HOST 1.0.0
2026-06-17 09:20:05,231 [INFO] ThirdParty:1030 - CMSIS Pack Vendor :STMicroelectronics X-CUBE-AZRTOS-G4 2.0.0
2026-06-17 09:20:05,231 [INFO] ThirdParty:1030 - CMSIS Pack Vendor :STMicroelectronics X-CUBE-WB05N 2.0.0
2026-06-17 09:20:05,231 [INFO] ThirdParty:1030 - CMSIS Pack Vendor :STMicroelectronics PDM2PCM 3.1.0
2026-06-17 09:20:05,231 [INFO] ThirdParty:1030 - CMSIS Pack Vendor :STMicroelectronics PDM2PCM 3.3.0
2026-06-17 09:20:05,231 [INFO] ThirdParty:1030 - CMSIS Pack Vendor :STMicroelectronics X-CUBE-AZRTOS-H7 3.4.0
2026-06-17 09:20:05,231 [INFO] ThirdParty:1030 - CMSIS Pack Vendor :STMicroelectronics X-CUBE-DISPLAY 3.0.0
2026-06-17 09:20:05,231 [INFO] ThirdParty:1030 - CMSIS Pack Vendor :STMicroelectronics X-CUBE-NFC7 2.0.0
2026-06-17 09:20:05,231 [INFO] ThirdParty:1030 - CMSIS Pack Vendor :STMicroelectronics X-CUBE-GNSS1 7.1.1
2026-06-17 09:20:05,231 [INFO] ThirdParty:1030 - CMSIS Pack Vendor :STMicroelectronics FP-SNS-MOTENVWB1 1.5.0
2026-06-17 09:20:05,231 [INFO] ThirdParty:1030 - CMSIS Pack Vendor :STMicroelectronics X-CUBE-TCPP 4.2.0
2026-06-17 09:20:05,231 [INFO] ThirdParty:1030 - CMSIS Pack Vendor :RealThread X-CUBE-RT-Thread_Nano 4.1.1
2026-06-17 09:20:05,231 [INFO] ThirdParty:1030 - CMSIS Pack Vendor :STMicroelectronics FP-ATR-SIGFOX1 3.2.0
2026-06-17 09:20:05,231 [INFO] ThirdParty:1030 - CMSIS Pack Vendor :STMicroelectronics X-CUBE-NFC10 1.0.0
2026-06-17 09:20:05,232 [INFO] ThirdParty:1030 - CMSIS Pack Vendor :STMicroelectronics X-CUBE-FREERTOS 1.3.1
2026-06-17 09:20:05,232 [INFO] ThirdParty:1030 - CMSIS Pack Vendor :STMicroelectronics HAL Drivers 0.0.0
2026-06-17 09:20:05,232 [INFO] ThirdParty:1030 - CMSIS Pack Vendor :STMicroelectronics X-CUBE-FREERTOS 1.5.0
2026-06-17 09:20:05,232 [INFO] ThirdParty:1030 - CMSIS Pack Vendor :STMicroelectronics MBEDTLS 2.16.2
2026-06-17 09:20:05,232 [INFO] ThirdParty:1030 - CMSIS Pack Vendor :STMicroelectronics X-CUBE-ST60 1.1.0
2026-06-17 09:20:05,232 [INFO] ThirdParty:1030 - CMSIS Pack Vendor :STMicroelectronics X-CUBE-IPS 3.1.0
2026-06-17 09:20:05,232 [INFO] ThirdParty:1030 - CMSIS Pack Vendor :STMicroelectronics X-CUBE-ALS 1.0.2
2026-06-17 09:20:05,232 [INFO] ThirdParty:1030 - CMSIS Pack Vendor :STMicroelectronics MBEDTLS 2.14.1
2026-06-17 09:20:05,232 [INFO] ThirdParty:1030 - CMSIS Pack Vendor :STMicroelectronics X-CUBE-GNSS1 7.1.0
2026-06-17 09:20:05,232 [INFO] ThirdParty:1030 - CMSIS Pack Vendor :STMicroelectronics X-CUBE-TOUCHGFX 4.26.1
2026-06-17 09:20:05,232 [INFO] ThirdParty:1030 - CMSIS Pack Vendor :portGmbH I-Cube-SoM-uGOAL 1.1.0
2026-06-17 09:20:05,232 [INFO] ThirdParty:1030 - CMSIS Pack Vendor :STMicroelectronics X-CUBE-NFC6 3.2.0
2026-06-17 09:20:05,232 [INFO] ThirdParty:1030 - CMSIS Pack Vendor :STMicroelectronics X-CUBE-ST67W61 1.0.0
2026-06-17 09:20:05,232 [INFO] ThirdParty:1030 - CMSIS Pack Vendor :STMicroelectronics FP-SNS-STAIOTCFT 1.0.0
2026-06-17 09:20:05,232 [INFO] ThirdParty:1030 - CMSIS Pack Vendor :STMicroelectronics ThreadX 1.0.0
2026-06-17 09:20:05,232 [INFO] ThirdParty:1030 - CMSIS Pack Vendor :STMicroelectronics FP-SNS-SMARTAG2 1.2.0
2026-06-17 09:20:05,232 [INFO] ThirdParty:1030 - CMSIS Pack Vendor :STMicroelectronics X-CUBE-MEMS1 12.1.0
2026-06-17 09:20:05,232 [INFO] ThirdParty:1030 - CMSIS Pack Vendor :STMicroelectronics FP-SNS-FLIGHT1 5.1.0
2026-06-17 09:20:05,232 [INFO] ThirdParty:1030 - CMSIS Pack Vendor :STMicroelectronics X-CUBE-AZRTOS-WL 2.0.0
2026-06-17 09:20:05,232 [INFO] ThirdParty:1030 - CMSIS Pack Vendor :SEGGER I-CUBE-embOS 1.3.1
2026-06-17 09:20:05,232 [INFO] ThirdParty:1030 - CMSIS Pack Vendor :STMicroelectronics X-CUBE-ALGOBUILD 1.4.0
2026-06-17 09:20:05,232 [INFO] ThirdParty:1030 - CMSIS Pack Vendor :STMicroelectronics X-CUBE-DPower 1.3.0
2026-06-17 09:20:05,232 [INFO] ThirdParty:1030 - CMSIS Pack Vendor :STMicroelectronics X-CUBE-MEMS1 11.3.0
2026-06-17 09:20:05,232 [INFO] ThirdParty:1030 - CMSIS Pack Vendor :STMicroelectronics FP-SNS-MOTENV1 5.0.0
2026-06-17 09:20:05,232 [INFO] ThirdParty:1030 - CMSIS Pack Vendor :STMicroelectronics USB_DEVICE 1.0.0
2026-06-17 09:20:05,232 [INFO] ThirdParty:1030 - CMSIS Pack Vendor :STMicroelectronics X-CUBE-AZRTOS-H7RS 1.2.0
2026-06-17 09:20:05,232 [INFO] ThirdParty:1030 - CMSIS Pack Vendor :STMicroelectronics X-CUBE-AZRTOS-L4 2.0.0
2026-06-17 09:20:05,233 [INFO] ThirdParty:1030 - CMSIS Pack Vendor :STMicroelectronics ThreadX 0.0.2
2026-06-17 09:20:05,233 [INFO] ThirdParty:1030 - CMSIS Pack Vendor :WES I-CUBE-Cesium 1.3.0
2026-06-17 09:20:05,233 [INFO] ThirdParty:1030 - CMSIS Pack Vendor :STMicroelectronics lwIP 2.1.2
2026-06-17 09:20:05,233 [INFO] ThirdParty:1030 - CMSIS Pack Vendor :STMicroelectronics X-CUBE-SFXS2LP1 4.0.0
2026-06-17 09:20:05,233 [INFO] ThirdParty:1030 - CMSIS Pack Vendor :STMicroelectronics X-CUBE-BLE2 3.3.0
2026-06-17 09:20:05,233 [INFO] ThirdParty:1030 - CMSIS Pack Vendor :Avnet-IOTCONNECT X-CUBE-iotc-st67-sdk 1.0.0
2026-06-17 09:20:05,233 [INFO] ThirdParty:1030 - CMSIS Pack Vendor :STMicroelectronics X-CUBE-TOF1 3.4.3
2026-06-17 09:20:05,233 [INFO] ThirdParty:1030 - CMSIS Pack Vendor :STMicroelectronics X-CUBE-NFC13 1.0.0
2026-06-17 09:20:05,233 [INFO] ThirdParty:1030 - CMSIS Pack Vendor :STMicroelectronics PDM2PCM 3.2.0
2026-06-17 09:20:05,233 [INFO] ThirdParty:1030 - CMSIS Pack Vendor :STMicroelectronics X-CUBE-WB05N 2.1.0
2026-06-17 09:20:05,233 [INFO] ThirdParty:1030 - CMSIS Pack Vendor :STMicroelectronics X-CUBE-ST67W61 1.2.0
2026-06-17 09:20:05,233 [INFO] ThirdParty:841 - exiting critical section [change project]
2026-06-17 09:20:05,582 [INFO] PinOutPanel:1589 - setPackage(No Configuration,No Configuration)
2026-06-17 09:20:05,583 [INFO] PinOutPanel:1589 - setPackage(STM32F103RCTx,LQFP64)
2026-06-17 09:20:05,850 [INFO] UtilMem:75 - Before build in PCC Used Memory: 778450968 Bytes (1073741824)
2026-06-17 09:20:06,136 [INFO] UtilMem:75 - After build in PCC Used Memory: 821442584 Bytes (1073741824)
2026-06-17 09:20:06,165 [INFO] IPUIPlugin:80 - create IPUIPlugin
2026-06-17 09:20:06,165 [INFO] IPUIPlugin:80 - create IPUIPlugin
2026-06-17 09:20:06,166 [INFO] IPUIPlugin:80 - create IPUIPlugin
2026-06-17 09:20:06,166 [INFO] IPUIPlugin:80 - create IPUIPlugin
2026-06-17 09:20:06,166 [INFO] IPUIPlugin:80 - create IPUIPlugin
2026-06-17 09:20:06,166 [INFO] IPUIPlugin:80 - create IPUIPlugin
2026-06-17 09:20:06,166 [INFO] IPUIPlugin:80 - create IPUIPlugin
2026-06-17 09:20:06,166 [INFO] IPUIPlugin:80 - create IPUIPlugin
2026-06-17 09:20:06,166 [INFO] IPUIPlugin:80 - create IPUIPlugin
2026-06-17 09:20:06,167 [INFO] IPUIPlugin:80 - create IPUIPlugin
2026-06-17 09:20:06,167 [INFO] IPUIPlugin:80 - create IPUIPlugin
2026-06-17 09:20:06,168 [INFO] IPUIPlugin:80 - create IPUIPlugin
2026-06-17 09:20:06,168 [INFO] IPUIPlugin:80 - create IPUIPlugin
2026-06-17 09:20:06,168 [INFO] IPUIPlugin:80 - create IPUIPlugin
2026-06-17 09:20:06,169 [INFO] IPUIPlugin:80 - create IPUIPlugin
2026-06-17 09:20:06,169 [INFO] IPUIPlugin:80 - create IPUIPlugin
2026-06-17 09:20:06,169 [INFO] IPUIPlugin:80 - create IPUIPlugin
2026-06-17 09:20:06,169 [INFO] IPUIPlugin:80 - create IPUIPlugin
2026-06-17 09:20:06,169 [INFO] IPUIPlugin:80 - create IPUIPlugin
2026-06-17 09:20:06,170 [INFO] IPUIPlugin:80 - create IPUIPlugin
2026-06-17 09:20:06,170 [INFO] IPUIPlugin:80 - create IPUIPlugin
2026-06-17 09:20:06,170 [INFO] IPUIPlugin:80 - create IPUIPlugin
2026-06-17 09:20:06,170 [INFO] IPUIPlugin:80 - create IPUIPlugin
2026-06-17 09:20:06,170 [INFO] IPUIPlugin:80 - create IPUIPlugin
2026-06-17 09:20:06,170 [INFO] IPUIPlugin:80 - create IPUIPlugin
2026-06-17 09:20:06,171 [INFO] IPUIPlugin:80 - create IPUIPlugin
2026-06-17 09:20:06,171 [INFO] IPUIPlugin:80 - create IPUIPlugin
2026-06-17 09:20:06,171 [INFO] IPUIPlugin:80 - create IPUIPlugin
2026-06-17 09:20:06,171 [INFO] IPUIPlugin:80 - create IPUIPlugin
2026-06-17 09:20:06,171 [INFO] IPUIPlugin:80 - create IPUIPlugin
2026-06-17 09:20:06,171 [INFO] IPUIPlugin:80 - create IPUIPlugin
2026-06-17 09:20:06,172 [INFO] IPUIPlugin:80 - create IPUIPlugin
2026-06-17 09:20:06,172 [INFO] IPUIPlugin:80 - create IPUIPlugin
2026-06-17 09:20:06,172 [INFO] IPUIPlugin:80 - create IPUIPlugin
2026-06-17 09:20:06,172 [INFO] IPUIPlugin:80 - create IPUIPlugin
2026-06-17 09:20:06,172 [INFO] IPUIPlugin:80 - create IPUIPlugin
2026-06-17 09:20:06,173 [INFO] IPUIPlugin:80 - create IPUIPlugin
2026-06-17 09:20:06,173 [INFO] IPUIPlugin:80 - create IPUIPlugin
2026-06-17 09:20:06,173 [INFO] IPUIPlugin:80 - create IPUIPlugin
2026-06-17 09:20:06,177 [WARN] IP:2250 - I2C_Coeff_DF not found: check if there is a RefParameter without a condition.
2026-06-17 09:20:06,177 [WARN] IP:2250 - Analog_Filter not found: check if there is a RefParameter without a condition.
2026-06-17 09:20:06,294 [INFO] CADModel:165 - CPN selected for project levelSTM32F103RCT6
2026-06-17 09:20:06,294 [INFO] CADModel:114 - Register for checkConnection events
2026-06-17 09:20:06,362 [INFO] OpenFileManager:386 - Restore cursor
2026-06-17 09:20:06,593 [WARN] IP:2250 - I2C_Coeff_DF not found: check if there is a RefParameter without a condition.
2026-06-17 09:20:06,593 [WARN] IP:2250 - Analog_Filter not found: check if there is a RefParameter without a condition.
2026-06-17 09:20:06,593 [WARN] IP:2250 - I2C_Coeff_DF not found: check if there is a RefParameter without a condition.
2026-06-17 09:20:06,594 [WARN] IP:2250 - Analog_Filter not found: check if there is a RefParameter without a condition.
2026-06-17 09:20:11,315 [INFO] MainUpdater:2872 - connection check result : 10
2026-06-17 09:20:11,315 [INFO] MainUpdater:2872 - connection check result : 10
2026-06-17 09:20:11,448 [INFO] MicroXplorer:468 - Change Database Path : 
2026-06-17 09:20:11,448 [INFO] MicroXplorer:498 - Change Database Version : DB.6.0.150
2026-06-17 09:20:11,458 [ERROR] ProjectManagerView:395 - 
java.lang.NullPointerException: Cannot invoke "javax.swing.JTextField.getText()" because the return value of "java.util.List.get(int)" is null
	at com.st.microxplorer.plugins.projectmanager.gui.ProjectChoiceTab$9.caretUpdate(ProjectChoiceTab.java:2706) ~[filemanager.jar:?]
	at javax.swing.text.JTextComponent.fireCaretUpdate(JTextComponent.java:408) ~[?:?]
	at javax.swing.text.JTextComponent$MutableCaretEvent.fire(JTextComponent.java:4484) ~[?:?]
	at javax.swing.text.JTextComponent$MutableCaretEvent.stateChanged(JTextComponent.java:4506) ~[?:?]
	at javax.swing.text.DefaultCaret.fireStateChanged(DefaultCaret.java:857) ~[?:?]
	at javax.swing.text.DefaultCaret.changeCaretPosition(DefaultCaret.java:1343) ~[?:?]
	at javax.swing.text.DefaultCaret.handleSetDot(DefaultCaret.java:1242) ~[?:?]
	at javax.swing.text.DefaultCaret.setDot(DefaultCaret.java:1223) ~[?:?]
	at javax.swing.text.DefaultCaret$Handler.insertUpdate(DefaultCaret.java:1819) ~[?:?]
	at javax.swing.text.AbstractDocument.fireInsertUpdate(AbstractDocument.java:227) ~[?:?]
	at javax.swing.text.AbstractDocument.handleInsertString(AbstractDocument.java:781) ~[?:?]
	at javax.swing.text.AbstractDocument.insertString(AbstractDocument.java:740) ~[?:?]
	at javax.swing.text.PlainDocument.insertString(PlainDocument.java:131) ~[?:?]
	at javax.swing.text.AbstractDocument.replace(AbstractDocument.java:699) ~[?:?]
	at javax.swing.text.JTextComponent.setText(JTextComponent.java:1725) ~[?:?]
	at com.st.microxplorer.plugins.projectmanager.gui.ProjectChoiceTab.createHeapStackFields(ProjectChoiceTab.java:993) ~[filemanager.jar:?]
	at com.st.microxplorer.plugins.projectmanager.gui.ProjectChoiceTab.buildLinkSettingsPanel(ProjectChoiceTab.java:3813) ~[filemanager.jar:?]
	at com.st.microxplorer.plugins.projectmanager.gui.ProjectChoiceTab.defineWindowsFields(ProjectChoiceTab.java:1987) ~[filemanager.jar:?]
	at com.st.microxplorer.plugins.projectmanager.gui.ProjectChoiceTab.updateSettings(ProjectChoiceTab.java:558) ~[filemanager.jar:?]
	at com.st.microxplorer.plugins.projectmanager.gui.ProjectSettingsPanel.UpdateDialog(ProjectSettingsPanel.java:247) ~[filemanager.jar:?]
	at com.st.microxplorer.plugins.projectmanager.ProjectManagerView.propertyChange(ProjectManagerView.java:392) ~[filemanager.jar:?]
	at java.beans.PropertyChangeSupport.fire(PropertyChangeSupport.java:343) ~[?:?]
	at java.beans.PropertyChangeSupport.firePropertyChange(PropertyChangeSupport.java:335) ~[?:?]
	at java.beans.PropertyChangeSupport.firePropertyChange(PropertyChangeSupport.java:268) ~[?:?]
	at com.st.microxplorer.util.MXPropertyChangeSupport.firePropertyChange(MXPropertyChangeSupport.java:54) ~[STM32CubeMX.jar:?]
	at com.st.microxplorer.mxsystem.MxSystem.closeConfig(MxSystem.java:899) ~[STM32CubeMX.jar:?]
	at com.st.microxplorer.maingui.MainPanel.closeConfig(MainPanel.java:792) ~[STM32CubeMX.jar:?]
	at com.st.microxplorer.plugins.filemanager.engine.OpenFileManager.loadConfigurationFile(OpenFileManager.java:288) ~[filemanager.jar:?]
	at com.st.microxplorer.plugins.filemanager.engine.MainFileManager.userLoadConfig(MainFileManager.java:364) ~[filemanager.jar:?]
	at com.st.microxplorer.plugins.filemanager.engine.MainFileManager.userLoadConfig(MainFileManager.java:342) ~[filemanager.jar:?]
	at com.st.microxplorer.plugins.filemanager.FileManagerView.getSpecificTask(FileManagerView.java:264) ~[filemanager.jar:?]
	at com.st.stm32cube.common.mx.editor.CubeMxEditor.getMxTabbedPaneInstance(CubeMxEditor.java:1198) ~[com.st.stm32cube.common.mx_6.15.0.202507011659/:?]
	at com.st.stm32cube.common.mx.editor.CubeMxEditor$12$1.createSwingComponent(CubeMxEditor.java:1068) ~[com.st.stm32cube.common.mx_6.15.0.202507011659/:?]
	at com.st.stm32cube.common.mx.oss.core.awtswtbridge.EmbeddedSwingComposite.doComponentCreation(EmbeddedSwingComposite.java:492) ~[com.st.stm32cube.common.mx.oss_6.15.0.202507011659/:?]
	at com.st.stm32cube.common.mx.oss.core.awtswtbridge.EmbeddedSwingComposite$4.run(EmbeddedSwingComposite.java:291) ~[com.st.stm32cube.common.mx.oss_6.15.0.202507011659/:?]
	at com.st.stm32cube.common.mx.oss.core.awtswtbridge.AwtEnvironment$2.run(AwtEnvironment.java:166) ~[com.st.stm32cube.common.mx.oss_6.15.0.202507011659/:?]
	at java.awt.event.InvocationEvent.dispatch(InvocationEvent.java:318) ~[?:?]
	at java.awt.EventQueue.dispatchEventImpl(EventQueue.java:773) ~[?:?]
	at java.awt.EventQueue$4.run(EventQueue.java:720) ~[?:?]
	at java.awt.EventQueue$4.run(EventQueue.java:714) ~[?:?]
	at java.security.AccessController.doPrivileged(AccessController.java:400) ~[?:?]
	at java.security.ProtectionDomain$JavaSecurityAccessImpl.doIntersectionPrivilege(ProtectionDomain.java:87) ~[?:?]
	at java.awt.EventQueue.dispatchEvent(EventQueue.java:742) ~[?:?]
	at java.awt.EventDispatchThread.pumpOneEventForFilters(EventDispatchThread.java:203) ~[?:?]
	at java.awt.EventDispatchThread.pumpEventsForFilter(EventDispatchThread.java:124) ~[?:?]
	at java.awt.EventDispatchThread.pumpEventsForHierarchy(EventDispatchThread.java:113) ~[?:?]
	at java.awt.EventDispatchThread.pumpEvents(EventDispatchThread.java:109) ~[?:?]
	at java.awt.EventDispatchThread.pumpEvents(EventDispatchThread.java:101) ~[?:?]
	at java.awt.EventDispatchThread.run(EventDispatchThread.java:90) ~[?:?]
2026-06-17 09:20:11,459 [WARN] ThirdParty:871 - waiting for thirdparty lock release [close project]
2026-06-17 09:20:11,459 [INFO] ThirdParty:873 - entering critical section [close project]
2026-06-17 09:20:11,459 [INFO] ThirdParty:883 - exiting critical section [close project]
2026-06-17 09:20:11,460 [INFO] PinOutPanel:1589 - setPackage(No Configuration,No Configuration)
2026-06-17 09:20:11,464 [INFO] UtilMem:75 - Begin LoadConfig() Used Memory: 851553384 Bytes (1073741824)
2026-06-17 09:20:11,465 [INFO] MicroXplorer:468 - Change Database Path : 
2026-06-17 09:20:11,465 [INFO] MicroXplorer:498 - Change Database Version : DB.6.0.150
2026-06-17 09:20:11,465 [INFO] OpenFileManager:355 - Change cursor
2026-06-17 09:20:11,472 [INFO] Mcu:2029 - Initializing MCU STM32F103C(8-B)Tx STM32F103C8Tx STM32F103C8T6
2026-06-17 09:20:12,004 [INFO] Context:786 - Trying to add GPIOservice into a context  which must be forbidden
2026-06-17 09:20:12,106 [INFO] ImportTextPane:234 - (OptionalMessage_ERROR) Pin6 (VP_RIF_VS_RIF1) cannot be retrieved for this MCU
2026-06-17 09:20:12,215 [INFO] RtosManager:558 - Registered RTOS mode: class=CMSIS, group=RTOS, mode=CMSIS_V1, owner=FREERTOS
2026-06-17 09:20:12,216 [INFO] RtosManager:558 - Registered RTOS mode: class=CMSIS, group=RTOS2, mode=CMSIS_V2, owner=FREERTOS
2026-06-17 09:20:12,216 [INFO] RtosManager:558 - Registered RTOS mode: class=RTOS, group=Core, mode=CMSIS_V1, owner=FREERTOS
2026-06-17 09:20:12,216 [INFO] RtosManager:558 - Registered RTOS mode: class=RTOS, group=Core, mode=CMSIS_V2, owner=FREERTOS
2026-06-17 09:20:12,216 [WARN] ModelIntegratedComponent:184 - Missing modes for component STMicroelectronics:FreeRTOS:0.0.1:STMicroelectronics:RTOS:FreeRTOS:Core:::10.2.0:
2026-06-17 09:20:12,230 [WARN] ModelIntegratedComponent:63 - No mode defined for component null
2026-06-17 09:20:12,230 [WARN] ModelIntegratedComponent:63 - No mode defined for component null
2026-06-17 09:20:12,230 [WARN] ModelIntegratedComponent:63 - No mode defined for component null
2026-06-17 09:20:12,230 [WARN] ModelIntegratedComponent:63 - No mode defined for component null
2026-06-17 09:20:12,230 [WARN] ModelIntegratedComponent:63 - No mode defined for component null
2026-06-17 09:20:12,230 [WARN] ModelIntegratedComponent:63 - No mode defined for component null
2026-06-17 09:20:12,231 [WARN] ModelIntegratedComponent:63 - No mode defined for component null
2026-06-17 09:20:12,231 [WARN] ModelIntegratedComponent:63 - No mode defined for component null
2026-06-17 09:20:12,231 [WARN] ModelIntegratedComponent:63 - No mode defined for component null
2026-06-17 09:20:12,231 [WARN] ModelIntegratedComponent:63 - No mode defined for component null
2026-06-17 09:20:12,231 [WARN] ModelIntegratedComponent:63 - No mode defined for component null
2026-06-17 09:20:12,231 [WARN] ModelIntegratedComponent:63 - No mode defined for component null
2026-06-17 09:20:12,231 [WARN] ModelIntegratedComponent:63 - No mode defined for component null
2026-06-17 09:20:12,231 [WARN] ModelIntegratedComponent:63 - No mode defined for component null
2026-06-17 09:20:12,231 [WARN] ModelIntegratedComponent:63 - No mode defined for component null
2026-06-17 09:20:12,231 [WARN] ModelIntegratedComponent:63 - No mode defined for component null
2026-06-17 09:20:12,231 [WARN] ModelIntegratedComponent:63 - No mode defined for component null
2026-06-17 09:20:12,231 [WARN] ModelIntegratedComponent:63 - No mode defined for component null
2026-06-17 09:20:12,231 [WARN] ModelIntegratedComponent:63 - No mode defined for component null
2026-06-17 09:20:12,231 [WARN] ModelIntegratedComponent:63 - No mode defined for component null
2026-06-17 09:20:12,231 [WARN] ModelIntegratedComponent:63 - No mode defined for component null
2026-06-17 09:20:12,231 [WARN] ModelIntegratedComponent:63 - No mode defined for component null
2026-06-17 09:20:12,231 [WARN] ModelIntegratedComponent:63 - No mode defined for component null
2026-06-17 09:20:12,231 [WARN] ModelIntegratedComponent:63 - No mode defined for component null
2026-06-17 09:20:12,232 [WARN] ModelIntegratedComponent:63 - No mode defined for component null
2026-06-17 09:20:12,232 [WARN] ModelIntegratedComponent:63 - No mode defined for component null
2026-06-17 09:20:12,232 [WARN] ModelIntegratedComponent:63 - No mode defined for component null
2026-06-17 09:20:12,232 [WARN] ModelIntegratedComponent:63 - No mode defined for component null
2026-06-17 09:20:12,232 [WARN] ModelIntegratedComponent:63 - No mode defined for component null
2026-06-17 09:20:12,232 [WARN] ModelIntegratedComponent:63 - No mode defined for component null
2026-06-17 09:20:12,232 [WARN] ModelIntegratedComponent:63 - No mode defined for component null
2026-06-17 09:20:12,232 [WARN] ModelIntegratedComponent:63 - No mode defined for component null
2026-06-17 09:20:12,232 [WARN] ModelIntegratedComponent:63 - No mode defined for component null
2026-06-17 09:20:12,232 [WARN] ModelIntegratedComponent:63 - No mode defined for component null
2026-06-17 09:20:12,232 [WARN] ModelIntegratedComponent:63 - No mode defined for component null
2026-06-17 09:20:12,232 [WARN] ModelPack:524 - Component already loaded: STMicroelectronics:HAL Drivers:0.0.0:STMicroelectronics:Device:STMicro_Driver:XSPI:HAL::0.0.1:HAL_XSPI
2026-06-17 09:20:12,457 [INFO] ThirdPartyModel:298 - Start build external matchings
2026-06-17 09:20:14,391 [INFO] ThirdPartyModel:316 - End build external matchings
2026-06-17 09:20:14,642 [INFO] UtilMem:75 - End LoadConfig() Used Memory: 947703944 Bytes (1073741824)
2026-06-17 09:20:14,689 [WARN] ThirdParty:833 - waiting for thirdparty lock release [change project]
2026-06-17 09:20:14,689 [INFO] ThirdParty:835 - entering critical section [change project]
2026-06-17 09:20:14,689 [INFO] ThirdParty:1030 - CMSIS Pack Vendor :STMicroelectronics X-CUBE-AZRTOS-H7 3.5.0
2026-06-17 09:20:14,689 [INFO] ThirdParty:1030 - CMSIS Pack Vendor :STMicroelectronics X-CUBE-PM33A1 1.0.0
2026-06-17 09:20:14,689 [INFO] ThirdParty:1030 - CMSIS Pack Vendor :STMicroelectronics USBPD 4.1
2026-06-17 09:20:14,689 [INFO] ThirdParty:1030 - CMSIS Pack Vendor :STMicroelectronics X-CUBE-NFC9 1.0.0
2026-06-17 09:20:14,689 [INFO] ThirdParty:1030 - CMSIS Pack Vendor :STMicroelectronics USB_HOST 2.0.0
2026-06-17 09:20:14,689 [INFO] ThirdParty:1030 - CMSIS Pack Vendor :STMicroelectronics FP-SNS-MOTENVWB1 1.4.0
2026-06-17 09:20:14,689 [INFO] ThirdParty:1030 - CMSIS Pack Vendor :STMicroelectronics X-CUBE-AZRTOS-F4 1.1.0
2026-06-17 09:20:14,689 [INFO] ThirdParty:1030 - CMSIS Pack Vendor :STMicroelectronics LIBJPEG 8.0.0
2026-06-17 09:20:14,689 [INFO] ThirdParty:1030 - CMSIS Pack Vendor :STMicroelectronics FP-ATR-ASTRA1 2.0.2
2026-06-17 09:20:14,690 [INFO] ThirdParty:1030 - CMSIS Pack Vendor :STMicroelectronics X-CUBE-BLE1 7.1.0
2026-06-17 09:20:14,690 [INFO] ThirdParty:1030 - CMSIS Pack Vendor :STMicroelectronics X-CUBE-SMBUS 2.1.0
2026-06-17 09:20:14,690 [INFO] ThirdParty:1030 - CMSIS Pack Vendor :STMicroelectronics USB_DEVICE 3.0.0
2026-06-17 09:20:14,690 [INFO] ThirdParty:1030 - CMSIS Pack Vendor :STMicroelectronics X-CUBE-ISPU 2.1.0
2026-06-17 09:20:14,690 [INFO] ThirdParty:1030 - CMSIS Pack Vendor :STMicroelectronics X-CUBE-IPS 3.2.0
2026-06-17 09:20:14,690 [INFO] ThirdParty:1030 - CMSIS Pack Vendor :STMicroelectronics eDS-WB_DPC_TT-BIDIR 2.1.1
2026-06-17 09:20:14,690 [INFO] ThirdParty:1030 - CMSIS Pack Vendor :STMicroelectronics X-CUBE-AZRTOS-WB 2.0.0
2026-06-17 09:20:14,690 [INFO] ThirdParty:1030 - CMSIS Pack Vendor :STMicroelectronics X-CUBE-ST60 1.0.0
2026-06-17 09:20:14,690 [INFO] ThirdParty:1030 - CMSIS Pack Vendor :STMicroelectronics X-CUBE-GNSS1 7.0.1
2026-06-17 09:20:14,690 [INFO] ThirdParty:1030 - CMSIS Pack Vendor :STMicroelectronics X-CUBE-AZRTOS-F7 1.1.0
2026-06-17 09:20:14,690 [INFO] ThirdParty:1030 - CMSIS Pack Vendor :STMicroelectronics X-CUBE-AZRTOS-L5 2.0.0
2026-06-17 09:20:14,690 [INFO] ThirdParty:1030 - CMSIS Pack Vendor :STMicroelectronics X-CUBE-TOUCHGFX 4.25.0
2026-06-17 09:20:14,690 [INFO] ThirdParty:1030 - CMSIS Pack Vendor :STMicroelectronics USB_DEVICE 2.0.0
2026-06-17 09:20:14,690 [INFO] ThirdParty:1030 - CMSIS Pack Vendor :STMicroelectronics X-CUBE-NFC6 3.1.0
2026-06-17 09:20:14,690 [INFO] ThirdParty:1030 - CMSIS Pack Vendor :STMicroelectronics FP-SNS-STAIOTCFT 1.1.0
2026-06-17 09:20:14,690 [INFO] ThirdParty:1030 - CMSIS Pack Vendor :quantropi X-CUBE-qispace-sdk-base 2.1.0
2026-06-17 09:20:14,690 [INFO] ThirdParty:1030 - CMSIS Pack Vendor :STMicroelectronics X-CUBE-MEMS1 12.0.0
2026-06-17 09:20:14,690 [INFO] ThirdParty:1030 - CMSIS Pack Vendor :STMicroelectronics X-CUBE-STSE01 2.0.0
2026-06-17 09:20:14,690 [INFO] ThirdParty:1030 - CMSIS Pack Vendor :STMicroelectronics X-CUBE-ALGOBUILD 1.5.0
2026-06-17 09:20:14,690 [INFO] ThirdParty:1030 - CMSIS Pack Vendor :STMicroelectronics FP-SNS-MOTENV1 5.1.0
2026-06-17 09:20:14,690 [INFO] ThirdParty:1030 - CMSIS Pack Vendor :STMicroelectronics FreeRTOS 0.0.1
2026-06-17 09:20:14,690 [INFO] ThirdParty:1030 - CMSIS Pack Vendor :STMicroelectronics X-CUBE-AZRTOS-G0 1.1.0
2026-06-17 09:20:14,690 [INFO] ThirdParty:1030 - CMSIS Pack Vendor :STMicroelectronics X-CUBE-SAFEA1 1.2.2
2026-06-17 09:20:14,690 [INFO] ThirdParty:1030 - CMSIS Pack Vendor :STMicroelectronics X-CUBE-NFC4 3.0.0
2026-06-17 09:20:14,690 [INFO] ThirdParty:1030 - CMSIS Pack Vendor :STMicroelectronics X-CUBE-SUBG2 5.0.0
2026-06-17 09:20:14,690 [INFO] ThirdParty:1030 - CMSIS Pack Vendor :STMicroelectronics X-CUBE-AZRTOS-H7RS 1.1.0
2026-06-17 09:20:14,690 [INFO] ThirdParty:1030 - CMSIS Pack Vendor :STMicroelectronics STM32_WPAN 1.0.0
2026-06-17 09:20:14,690 [INFO] ThirdParty:1030 - CMSIS Pack Vendor :STMicroelectronics eDS-WB_DPC_VIENNA 1.2.0
2026-06-17 09:20:14,690 [INFO] ThirdParty:1030 - CMSIS Pack Vendor :EmbeddedOffice I-CUBE-FS-RTOS 1.0.1
2026-06-17 09:20:14,690 [INFO] ThirdParty:1030 - CMSIS Pack Vendor :STMicroelectronics lwIP 2.0.3
2026-06-17 09:20:14,690 [INFO] ThirdParty:1030 - CMSIS Pack Vendor :Cesanta I-CUBE-Mongoose 7.13.0
2026-06-17 09:20:14,690 [INFO] ThirdParty:1030 - CMSIS Pack Vendor :STMicroelectronics eDS-WB_DPC_3PH2L-BIDIR 1.1.1
2026-06-17 09:20:14,690 [INFO] ThirdParty:1030 - CMSIS Pack Vendor :STMicroelectronics USB_HOST 1.0.0
2026-06-17 09:20:14,690 [INFO] ThirdParty:1030 - CMSIS Pack Vendor :STMicroelectronics X-CUBE-AZRTOS-G4 2.0.0
2026-06-17 09:20:14,690 [INFO] ThirdParty:1030 - CMSIS Pack Vendor :STMicroelectronics X-CUBE-WB05N 2.0.0
2026-06-17 09:20:14,690 [INFO] ThirdParty:1030 - CMSIS Pack Vendor :STMicroelectronics PDM2PCM 3.1.0
2026-06-17 09:20:14,691 [INFO] ThirdParty:1030 - CMSIS Pack Vendor :STMicroelectronics PDM2PCM 3.3.0
2026-06-17 09:20:14,691 [INFO] ThirdParty:1030 - CMSIS Pack Vendor :STMicroelectronics X-CUBE-AZRTOS-H7 3.4.0
2026-06-17 09:20:14,691 [INFO] ThirdParty:1030 - CMSIS Pack Vendor :STMicroelectronics X-CUBE-DISPLAY 3.0.0
2026-06-17 09:20:14,691 [INFO] ThirdParty:1030 - CMSIS Pack Vendor :STMicroelectronics X-CUBE-NFC7 2.0.0
2026-06-17 09:20:14,691 [INFO] ThirdParty:1030 - CMSIS Pack Vendor :STMicroelectronics X-CUBE-GNSS1 7.1.1
2026-06-17 09:20:14,691 [INFO] ThirdParty:1030 - CMSIS Pack Vendor :STMicroelectronics FP-SNS-MOTENVWB1 1.5.0
2026-06-17 09:20:14,691 [INFO] ThirdParty:1030 - CMSIS Pack Vendor :STMicroelectronics X-CUBE-TCPP 4.2.0
2026-06-17 09:20:14,691 [INFO] ThirdParty:1030 - CMSIS Pack Vendor :RealThread X-CUBE-RT-Thread_Nano 4.1.1
2026-06-17 09:20:14,691 [INFO] ThirdParty:1030 - CMSIS Pack Vendor :STMicroelectronics FP-ATR-SIGFOX1 3.2.0
2026-06-17 09:20:14,691 [INFO] ThirdParty:1030 - CMSIS Pack Vendor :STMicroelectronics X-CUBE-NFC10 1.0.0
2026-06-17 09:20:14,691 [INFO] ThirdParty:1030 - CMSIS Pack Vendor :STMicroelectronics X-CUBE-FREERTOS 1.3.1
2026-06-17 09:20:14,691 [INFO] ThirdParty:1030 - CMSIS Pack Vendor :STMicroelectronics HAL Drivers 0.0.0
2026-06-17 09:20:14,691 [INFO] ThirdParty:1030 - CMSIS Pack Vendor :STMicroelectronics X-CUBE-FREERTOS 1.5.0
2026-06-17 09:20:14,691 [INFO] ThirdParty:1030 - CMSIS Pack Vendor :STMicroelectronics MBEDTLS 2.16.2
2026-06-17 09:20:14,691 [INFO] ThirdParty:1030 - CMSIS Pack Vendor :STMicroelectronics X-CUBE-ST60 1.1.0
2026-06-17 09:20:14,691 [INFO] ThirdParty:1030 - CMSIS Pack Vendor :STMicroelectronics X-CUBE-IPS 3.1.0
2026-06-17 09:20:14,691 [INFO] ThirdParty:1030 - CMSIS Pack Vendor :STMicroelectronics X-CUBE-ALS 1.0.2
2026-06-17 09:20:14,691 [INFO] ThirdParty:1030 - CMSIS Pack Vendor :STMicroelectronics MBEDTLS 2.14.1
2026-06-17 09:20:14,691 [INFO] ThirdParty:1030 - CMSIS Pack Vendor :STMicroelectronics X-CUBE-GNSS1 7.1.0
2026-06-17 09:20:14,691 [INFO] ThirdParty:1030 - CMSIS Pack Vendor :STMicroelectronics X-CUBE-TOUCHGFX 4.26.1
2026-06-17 09:20:14,691 [INFO] ThirdParty:1030 - CMSIS Pack Vendor :portGmbH I-Cube-SoM-uGOAL 1.1.0
2026-06-17 09:20:14,691 [INFO] ThirdParty:1030 - CMSIS Pack Vendor :STMicroelectronics X-CUBE-NFC6 3.2.0
2026-06-17 09:20:14,691 [INFO] ThirdParty:1030 - CMSIS Pack Vendor :STMicroelectronics X-CUBE-ST67W61 1.0.0
2026-06-17 09:20:14,691 [INFO] ThirdParty:1030 - CMSIS Pack Vendor :STMicroelectronics FP-SNS-STAIOTCFT 1.0.0
2026-06-17 09:20:14,691 [INFO] ThirdParty:1030 - CMSIS Pack Vendor :STMicroelectronics ThreadX 1.0.0
2026-06-17 09:20:14,691 [INFO] ThirdParty:1030 - CMSIS Pack Vendor :STMicroelectronics FP-SNS-SMARTAG2 1.2.0
2026-06-17 09:20:14,691 [INFO] ThirdParty:1030 - CMSIS Pack Vendor :STMicroelectronics X-CUBE-MEMS1 12.1.0
2026-06-17 09:20:14,691 [INFO] ThirdParty:1030 - CMSIS Pack Vendor :STMicroelectronics FP-SNS-FLIGHT1 5.1.0
2026-06-17 09:20:14,692 [INFO] ThirdParty:1030 - CMSIS Pack Vendor :STMicroelectronics X-CUBE-AZRTOS-WL 2.0.0
2026-06-17 09:20:14,692 [INFO] ThirdParty:1030 - CMSIS Pack Vendor :SEGGER I-CUBE-embOS 1.3.1
2026-06-17 09:20:14,692 [INFO] ThirdParty:1030 - CMSIS Pack Vendor :STMicroelectronics X-CUBE-ALGOBUILD 1.4.0
2026-06-17 09:20:14,692 [INFO] ThirdParty:1030 - CMSIS Pack Vendor :STMicroelectronics X-CUBE-DPower 1.3.0
2026-06-17 09:20:14,692 [INFO] ThirdParty:1030 - CMSIS Pack Vendor :STMicroelectronics X-CUBE-MEMS1 11.3.0
2026-06-17 09:20:14,692 [INFO] ThirdParty:1030 - CMSIS Pack Vendor :STMicroelectronics FP-SNS-MOTENV1 5.0.0
2026-06-17 09:20:14,692 [INFO] ThirdParty:1030 - CMSIS Pack Vendor :STMicroelectronics USB_DEVICE 1.0.0
2026-06-17 09:20:14,692 [INFO] ThirdParty:1030 - CMSIS Pack Vendor :STMicroelectronics X-CUBE-AZRTOS-H7RS 1.2.0
2026-06-17 09:20:14,692 [INFO] ThirdParty:1030 - CMSIS Pack Vendor :STMicroelectronics X-CUBE-AZRTOS-L4 2.0.0
2026-06-17 09:20:14,692 [INFO] ThirdParty:1030 - CMSIS Pack Vendor :STMicroelectronics ThreadX 0.0.2
2026-06-17 09:20:14,692 [INFO] ThirdParty:1030 - CMSIS Pack Vendor :WES I-CUBE-Cesium 1.3.0
2026-06-17 09:20:14,692 [INFO] ThirdParty:1030 - CMSIS Pack Vendor :STMicroelectronics lwIP 2.1.2
2026-06-17 09:20:14,692 [INFO] ThirdParty:1030 - CMSIS Pack Vendor :STMicroelectronics X-CUBE-SFXS2LP1 4.0.0
2026-06-17 09:20:14,692 [INFO] ThirdParty:1030 - CMSIS Pack Vendor :STMicroelectronics X-CUBE-BLE2 3.3.0
2026-06-17 09:20:14,692 [INFO] ThirdParty:1030 - CMSIS Pack Vendor :Avnet-IOTCONNECT X-CUBE-iotc-st67-sdk 1.0.0
2026-06-17 09:20:14,692 [INFO] ThirdParty:1030 - CMSIS Pack Vendor :STMicroelectronics X-CUBE-TOF1 3.4.3
2026-06-17 09:20:14,692 [INFO] ThirdParty:1030 - CMSIS Pack Vendor :STMicroelectronics X-CUBE-NFC13 1.0.0
2026-06-17 09:20:14,692 [INFO] ThirdParty:1030 - CMSIS Pack Vendor :STMicroelectronics PDM2PCM 3.2.0
2026-06-17 09:20:14,692 [INFO] ThirdParty:1030 - CMSIS Pack Vendor :STMicroelectronics X-CUBE-WB05N 2.1.0
2026-06-17 09:20:14,692 [INFO] ThirdParty:1030 - CMSIS Pack Vendor :STMicroelectronics X-CUBE-ST67W61 1.2.0
2026-06-17 09:20:14,693 [INFO] ThirdParty:841 - exiting critical section [change project]
2026-06-17 09:20:14,810 [INFO] PinOutPanel:1589 - setPackage(No Configuration,No Configuration)
2026-06-17 09:20:14,811 [INFO] PinOutPanel:1589 - setPackage(STM32F103C8Tx,LQFP48)
2026-06-17 09:20:15,135 [INFO] UtilMem:75 - Before build in PCC Used Memory: 702625800 Bytes (1073741824)
2026-06-17 09:20:15,471 [INFO] UtilMem:75 - After build in PCC Used Memory: 744568840 Bytes (1073741824)
2026-06-17 09:20:15,507 [INFO] IPUIPlugin:80 - create IPUIPlugin
2026-06-17 09:20:15,508 [INFO] IPUIPlugin:80 - create IPUIPlugin
2026-06-17 09:20:15,508 [INFO] IPUIPlugin:80 - create IPUIPlugin
2026-06-17 09:20:15,508 [INFO] IPUIPlugin:80 - create IPUIPlugin
2026-06-17 09:20:15,508 [INFO] IPUIPlugin:80 - create IPUIPlugin
2026-06-17 09:20:15,508 [INFO] IPUIPlugin:80 - create IPUIPlugin
2026-06-17 09:20:15,508 [INFO] IPUIPlugin:80 - create IPUIPlugin
2026-06-17 09:20:15,508 [INFO] IPUIPlugin:80 - create IPUIPlugin
2026-06-17 09:20:15,508 [INFO] IPUIPlugin:80 - create IPUIPlugin
2026-06-17 09:20:15,509 [INFO] IPUIPlugin:80 - create IPUIPlugin
2026-06-17 09:20:15,509 [INFO] IPUIPlugin:80 - create IPUIPlugin
2026-06-17 09:20:15,510 [INFO] IPUIPlugin:80 - create IPUIPlugin
2026-06-17 09:20:15,510 [INFO] IPUIPlugin:80 - create IPUIPlugin
2026-06-17 09:20:15,510 [INFO] IPUIPlugin:80 - create IPUIPlugin
2026-06-17 09:20:15,510 [INFO] IPUIPlugin:80 - create IPUIPlugin
2026-06-17 09:20:15,510 [INFO] IPUIPlugin:80 - create IPUIPlugin
2026-06-17 09:20:15,511 [INFO] IPUIPlugin:80 - create IPUIPlugin
2026-06-17 09:20:15,511 [INFO] IPUIPlugin:80 - create IPUIPlugin
2026-06-17 09:20:15,511 [INFO] IPUIPlugin:80 - create IPUIPlugin
2026-06-17 09:20:15,512 [INFO] IPUIPlugin:80 - create IPUIPlugin
2026-06-17 09:20:15,512 [INFO] IPUIPlugin:80 - create IPUIPlugin
2026-06-17 09:20:15,512 [INFO] IPUIPlugin:80 - create IPUIPlugin
2026-06-17 09:20:15,512 [INFO] IPUIPlugin:80 - create IPUIPlugin
2026-06-17 09:20:15,513 [INFO] IPUIPlugin:80 - create IPUIPlugin
2026-06-17 09:20:15,513 [INFO] IPUIPlugin:80 - create IPUIPlugin
2026-06-17 09:20:15,514 [INFO] IPUIPlugin:80 - create IPUIPlugin
2026-06-17 09:20:15,514 [INFO] IPUIPlugin:80 - create IPUIPlugin
2026-06-17 09:20:15,518 [WARN] IP:2250 - I2C_Coeff_DF not found: check if there is a RefParameter without a condition.
2026-06-17 09:20:15,518 [WARN] IP:2250 - Analog_Filter not found: check if there is a RefParameter without a condition.
2026-06-17 09:20:15,608 [INFO] CADModel:165 - CPN selected for project levelSTM32F103C8T6
2026-06-17 09:20:15,609 [INFO] CADModel:114 - Register for checkConnection events
2026-06-17 09:20:15,673 [INFO] OpenFileManager:386 - Restore cursor
2026-06-17 09:20:16,023 [WARN] IP:2250 - I2C_Coeff_DF not found: check if there is a RefParameter without a condition.
2026-06-17 09:20:16,023 [WARN] IP:2250 - Analog_Filter not found: check if there is a RefParameter without a condition.
2026-06-17 09:20:16,024 [WARN] IP:2250 - I2C_Coeff_DF not found: check if there is a RefParameter without a condition.
2026-06-17 09:20:16,025 [WARN] IP:2250 - Analog_Filter not found: check if there is a RefParameter without a condition.
2026-06-17 09:20:26,523 [INFO] MainUpdater:2872 - connection check result : 10
2026-06-17 09:20:26,523 [INFO] MainUpdater:2872 - connection check result : 10
2026-06-17 09:20:26,693 [INFO] MicroXplorer:468 - Change Database Path : 
2026-06-17 09:20:26,693 [INFO] MicroXplorer:498 - Change Database Version : DB.6.0.150
2026-06-17 09:20:26,702 [ERROR] ProjectManagerView:395 - 
java.lang.NullPointerException: Cannot invoke "javax.swing.JTextField.getText()" because the return value of "java.util.List.get(int)" is null
	at com.st.microxplorer.plugins.projectmanager.gui.ProjectChoiceTab$9.caretUpdate(ProjectChoiceTab.java:2706) ~[filemanager.jar:?]
	at javax.swing.text.JTextComponent.fireCaretUpdate(JTextComponent.java:408) ~[?:?]
	at javax.swing.text.JTextComponent$MutableCaretEvent.fire(JTextComponent.java:4484) ~[?:?]
	at javax.swing.text.JTextComponent$MutableCaretEvent.stateChanged(JTextComponent.java:4506) ~[?:?]
	at javax.swing.text.DefaultCaret.fireStateChanged(DefaultCaret.java:857) ~[?:?]
	at javax.swing.text.DefaultCaret.changeCaretPosition(DefaultCaret.java:1343) ~[?:?]
	at javax.swing.text.DefaultCaret.handleSetDot(DefaultCaret.java:1242) ~[?:?]
	at javax.swing.text.DefaultCaret.setDot(DefaultCaret.java:1223) ~[?:?]
	at javax.swing.text.DefaultCaret$Handler.insertUpdate(DefaultCaret.java:1819) ~[?:?]
	at javax.swing.text.AbstractDocument.fireInsertUpdate(AbstractDocument.java:227) ~[?:?]
	at javax.swing.text.AbstractDocument.handleInsertString(AbstractDocument.java:781) ~[?:?]
	at javax.swing.text.AbstractDocument.insertString(AbstractDocument.java:740) ~[?:?]
	at javax.swing.text.PlainDocument.insertString(PlainDocument.java:131) ~[?:?]
	at javax.swing.text.AbstractDocument.replace(AbstractDocument.java:699) ~[?:?]
	at javax.swing.text.JTextComponent.setText(JTextComponent.java:1725) ~[?:?]
	at com.st.microxplorer.plugins.projectmanager.gui.ProjectChoiceTab.createHeapStackFields(ProjectChoiceTab.java:993) ~[filemanager.jar:?]
	at com.st.microxplorer.plugins.projectmanager.gui.ProjectChoiceTab.buildLinkSettingsPanel(ProjectChoiceTab.java:3813) ~[filemanager.jar:?]
	at com.st.microxplorer.plugins.projectmanager.gui.ProjectChoiceTab.defineWindowsFields(ProjectChoiceTab.java:1987) ~[filemanager.jar:?]
	at com.st.microxplorer.plugins.projectmanager.gui.ProjectChoiceTab.updateSettings(ProjectChoiceTab.java:558) ~[filemanager.jar:?]
	at com.st.microxplorer.plugins.projectmanager.gui.ProjectSettingsPanel.UpdateDialog(ProjectSettingsPanel.java:247) ~[filemanager.jar:?]
	at com.st.microxplorer.plugins.projectmanager.ProjectManagerView.propertyChange(ProjectManagerView.java:392) ~[filemanager.jar:?]
	at java.beans.PropertyChangeSupport.fire(PropertyChangeSupport.java:343) ~[?:?]
	at java.beans.PropertyChangeSupport.firePropertyChange(PropertyChangeSupport.java:335) ~[?:?]
	at java.beans.PropertyChangeSupport.firePropertyChange(PropertyChangeSupport.java:268) ~[?:?]
	at com.st.microxplorer.util.MXPropertyChangeSupport.firePropertyChange(MXPropertyChangeSupport.java:54) ~[STM32CubeMX.jar:?]
	at com.st.microxplorer.mxsystem.MxSystem.closeConfig(MxSystem.java:899) ~[STM32CubeMX.jar:?]
	at com.st.microxplorer.maingui.MainPanel.closeConfig(MainPanel.java:792) ~[STM32CubeMX.jar:?]
	at com.st.microxplorer.plugins.filemanager.engine.OpenFileManager.loadConfigurationFile(OpenFileManager.java:288) ~[filemanager.jar:?]
	at com.st.microxplorer.plugins.filemanager.engine.MainFileManager.userLoadConfig(MainFileManager.java:364) ~[filemanager.jar:?]
	at com.st.microxplorer.plugins.filemanager.engine.MainFileManager.userLoadConfig(MainFileManager.java:342) ~[filemanager.jar:?]
	at com.st.microxplorer.plugins.filemanager.FileManagerView.getSpecificTask(FileManagerView.java:264) ~[filemanager.jar:?]
	at com.st.stm32cube.common.mx.editor.CubeMxEditor.getMxTabbedPaneInstance(CubeMxEditor.java:1198) ~[com.st.stm32cube.common.mx_6.15.0.202507011659/:?]
	at com.st.stm32cube.common.mx.editor.CubeMxEditor$12$1.createSwingComponent(CubeMxEditor.java:1068) ~[com.st.stm32cube.common.mx_6.15.0.202507011659/:?]
	at com.st.stm32cube.common.mx.oss.core.awtswtbridge.EmbeddedSwingComposite.doComponentCreation(EmbeddedSwingComposite.java:492) ~[com.st.stm32cube.common.mx.oss_6.15.0.202507011659/:?]
	at com.st.stm32cube.common.mx.oss.core.awtswtbridge.EmbeddedSwingComposite$4.run(EmbeddedSwingComposite.java:291) ~[com.st.stm32cube.common.mx.oss_6.15.0.202507011659/:?]
	at com.st.stm32cube.common.mx.oss.core.awtswtbridge.AwtEnvironment$2.run(AwtEnvironment.java:166) ~[com.st.stm32cube.common.mx.oss_6.15.0.202507011659/:?]
	at java.awt.event.InvocationEvent.dispatch(InvocationEvent.java:318) ~[?:?]
	at java.awt.EventQueue.dispatchEventImpl(EventQueue.java:773) ~[?:?]
	at java.awt.EventQueue$4.run(EventQueue.java:720) ~[?:?]
	at java.awt.EventQueue$4.run(EventQueue.java:714) ~[?:?]
	at java.security.AccessController.doPrivileged(AccessController.java:400) ~[?:?]
	at java.security.ProtectionDomain$JavaSecurityAccessImpl.doIntersectionPrivilege(ProtectionDomain.java:87) ~[?:?]
	at java.awt.EventQueue.dispatchEvent(EventQueue.java:742) ~[?:?]
	at java.awt.EventDispatchThread.pumpOneEventForFilters(EventDispatchThread.java:203) ~[?:?]
	at java.awt.EventDispatchThread.pumpEventsForFilter(EventDispatchThread.java:124) ~[?:?]
	at java.awt.EventDispatchThread.pumpEventsForHierarchy(EventDispatchThread.java:113) ~[?:?]
	at java.awt.EventDispatchThread.pumpEvents(EventDispatchThread.java:109) ~[?:?]
	at java.awt.EventDispatchThread.pumpEvents(EventDispatchThread.java:101) ~[?:?]
	at java.awt.EventDispatchThread.run(EventDispatchThread.java:90) ~[?:?]
2026-06-17 09:20:26,703 [WARN] ThirdParty:871 - waiting for thirdparty lock release [close project]
2026-06-17 09:20:26,703 [INFO] ThirdParty:873 - entering critical section [close project]
2026-06-17 09:20:26,703 [INFO] ThirdParty:883 - exiting critical section [close project]
2026-06-17 09:20:26,704 [INFO] PinOutPanel:1589 - setPackage(No Configuration,No Configuration)
2026-06-17 09:20:26,706 [INFO] UtilMem:75 - Begin LoadConfig() Used Memory: 706883488 Bytes (1073741824)
2026-06-17 09:20:26,706 [INFO] MicroXplorer:468 - Change Database Path : 
2026-06-17 09:20:26,706 [INFO] MicroXplorer:498 - Change Database Version : DB.6.0.150
2026-06-17 09:20:26,706 [INFO] OpenFileManager:355 - Change cursor
2026-06-17 09:20:26,713 [INFO] Mcu:2029 - Initializing MCU STM32F103R(C-D-E)Tx STM32F103RCTx STM32F103RCT6
2026-06-17 09:20:27,556 [INFO] Context:786 - Trying to add GPIOservice into a context  which must be forbidden
2026-06-17 09:20:27,771 [INFO] ImportTextPane:234 - (OptionalMessage_ERROR) Pin6 (VP_RIF_VS_RIF1) cannot be retrieved for this MCU
2026-06-17 09:20:27,838 [INFO] RtosManager:558 - Registered RTOS mode: class=CMSIS, group=RTOS, mode=CMSIS_V1, owner=FREERTOS
2026-06-17 09:20:27,838 [INFO] RtosManager:558 - Registered RTOS mode: class=CMSIS, group=RTOS2, mode=CMSIS_V2, owner=FREERTOS
2026-06-17 09:20:27,838 [INFO] RtosManager:558 - Registered RTOS mode: class=RTOS, group=Core, mode=CMSIS_V1, owner=FREERTOS
2026-06-17 09:20:27,838 [INFO] RtosManager:558 - Registered RTOS mode: class=RTOS, group=Core, mode=CMSIS_V2, owner=FREERTOS
2026-06-17 09:20:27,839 [WARN] ModelIntegratedComponent:184 - Missing modes for component STMicroelectronics:FreeRTOS:0.0.1:STMicroelectronics:RTOS:FreeRTOS:Core:::10.2.0:
2026-06-17 09:20:27,844 [WARN] ModelIntegratedComponent:63 - No mode defined for component null
2026-06-17 09:20:27,844 [WARN] ModelIntegratedComponent:63 - No mode defined for component null
2026-06-17 09:20:27,844 [WARN] ModelIntegratedComponent:63 - No mode defined for component null
2026-06-17 09:20:27,844 [WARN] ModelIntegratedComponent:63 - No mode defined for component null
2026-06-17 09:20:27,844 [WARN] ModelIntegratedComponent:63 - No mode defined for component null
2026-06-17 09:20:27,844 [WARN] ModelIntegratedComponent:63 - No mode defined for component null
2026-06-17 09:20:27,844 [WARN] ModelIntegratedComponent:63 - No mode defined for component null
2026-06-17 09:20:27,844 [WARN] ModelIntegratedComponent:63 - No mode defined for component null
2026-06-17 09:20:27,844 [WARN] ModelIntegratedComponent:63 - No mode defined for component null
2026-06-17 09:20:27,844 [WARN] ModelIntegratedComponent:63 - No mode defined for component null
2026-06-17 09:20:27,844 [WARN] ModelIntegratedComponent:63 - No mode defined for component null
2026-06-17 09:20:27,844 [WARN] ModelIntegratedComponent:63 - No mode defined for component null
2026-06-17 09:20:27,844 [WARN] ModelIntegratedComponent:63 - No mode defined for component null
2026-06-17 09:20:27,844 [WARN] ModelIntegratedComponent:63 - No mode defined for component null
2026-06-17 09:20:27,844 [WARN] ModelIntegratedComponent:63 - No mode defined for component null
2026-06-17 09:20:27,844 [WARN] ModelIntegratedComponent:63 - No mode defined for component null
2026-06-17 09:20:27,844 [WARN] ModelIntegratedComponent:63 - No mode defined for component null
2026-06-17 09:20:27,844 [WARN] ModelIntegratedComponent:63 - No mode defined for component null
2026-06-17 09:20:27,844 [WARN] ModelIntegratedComponent:63 - No mode defined for component null
2026-06-17 09:20:27,844 [WARN] ModelIntegratedComponent:63 - No mode defined for component null
2026-06-17 09:20:27,844 [WARN] ModelIntegratedComponent:63 - No mode defined for component null
2026-06-17 09:20:27,844 [WARN] ModelIntegratedComponent:63 - No mode defined for component null
2026-06-17 09:20:27,844 [WARN] ModelIntegratedComponent:63 - No mode defined for component null
2026-06-17 09:20:27,844 [WARN] ModelIntegratedComponent:63 - No mode defined for component null
2026-06-17 09:20:27,844 [WARN] ModelIntegratedComponent:63 - No mode defined for component null
2026-06-17 09:20:27,844 [WARN] ModelIntegratedComponent:63 - No mode defined for component null
2026-06-17 09:20:27,844 [WARN] ModelIntegratedComponent:63 - No mode defined for component null
2026-06-17 09:20:27,844 [WARN] ModelIntegratedComponent:63 - No mode defined for component null
2026-06-17 09:20:27,845 [WARN] ModelIntegratedComponent:63 - No mode defined for component null
2026-06-17 09:20:27,845 [WARN] ModelIntegratedComponent:63 - No mode defined for component null
2026-06-17 09:20:27,845 [WARN] ModelIntegratedComponent:63 - No mode defined for component null
2026-06-17 09:20:27,845 [WARN] ModelIntegratedComponent:63 - No mode defined for component null
2026-06-17 09:20:27,845 [WARN] ModelIntegratedComponent:63 - No mode defined for component null
2026-06-17 09:20:27,845 [WARN] ModelIntegratedComponent:63 - No mode defined for component null
2026-06-17 09:20:27,845 [WARN] ModelIntegratedComponent:63 - No mode defined for component null
2026-06-17 09:20:27,845 [WARN] ModelPack:524 - Component already loaded: STMicroelectronics:HAL Drivers:0.0.0:STMicroelectronics:Device:STMicro_Driver:XSPI:HAL::0.0.1:HAL_XSPI
2026-06-17 09:20:28,047 [INFO] ThirdPartyModel:298 - Start build external matchings
2026-06-17 09:20:30,626 [INFO] ThirdPartyModel:316 - End build external matchings
2026-06-17 09:20:31,432 [INFO] UtilMem:75 - End LoadConfig() Used Memory: 781413760 Bytes (1073741824)
2026-06-17 09:20:31,475 [WARN] ThirdParty:833 - waiting for thirdparty lock release [change project]
2026-06-17 09:20:31,476 [INFO] ThirdParty:835 - entering critical section [change project]
2026-06-17 09:20:31,476 [INFO] ThirdParty:1030 - CMSIS Pack Vendor :STMicroelectronics X-CUBE-AZRTOS-H7 3.5.0
2026-06-17 09:20:31,476 [INFO] ThirdParty:1030 - CMSIS Pack Vendor :STMicroelectronics X-CUBE-PM33A1 1.0.0
2026-06-17 09:20:31,476 [INFO] ThirdParty:1030 - CMSIS Pack Vendor :STMicroelectronics USBPD 4.1
2026-06-17 09:20:31,476 [INFO] ThirdParty:1030 - CMSIS Pack Vendor :STMicroelectronics X-CUBE-NFC9 1.0.0
2026-06-17 09:20:31,477 [INFO] ThirdParty:1030 - CMSIS Pack Vendor :STMicroelectronics USB_HOST 2.0.0
2026-06-17 09:20:31,477 [INFO] ThirdParty:1030 - CMSIS Pack Vendor :STMicroelectronics FP-SNS-MOTENVWB1 1.4.0
2026-06-17 09:20:31,477 [INFO] ThirdParty:1030 - CMSIS Pack Vendor :STMicroelectronics X-CUBE-AZRTOS-F4 1.1.0
2026-06-17 09:20:31,477 [INFO] ThirdParty:1030 - CMSIS Pack Vendor :STMicroelectronics LIBJPEG 8.0.0
2026-06-17 09:20:31,477 [INFO] ThirdParty:1030 - CMSIS Pack Vendor :STMicroelectronics FP-ATR-ASTRA1 2.0.2
2026-06-17 09:20:31,477 [INFO] ThirdParty:1030 - CMSIS Pack Vendor :STMicroelectronics X-CUBE-BLE1 7.1.0
2026-06-17 09:20:31,477 [INFO] ThirdParty:1030 - CMSIS Pack Vendor :STMicroelectronics X-CUBE-SMBUS 2.1.0
2026-06-17 09:20:31,477 [INFO] ThirdParty:1030 - CMSIS Pack Vendor :STMicroelectronics USB_DEVICE 3.0.0
2026-06-17 09:20:31,477 [INFO] ThirdParty:1030 - CMSIS Pack Vendor :STMicroelectronics X-CUBE-ISPU 2.1.0
2026-06-17 09:20:31,477 [INFO] ThirdParty:1030 - CMSIS Pack Vendor :STMicroelectronics X-CUBE-IPS 3.2.0
2026-06-17 09:20:31,477 [INFO] ThirdParty:1030 - CMSIS Pack Vendor :STMicroelectronics eDS-WB_DPC_TT-BIDIR 2.1.1
2026-06-17 09:20:31,477 [INFO] ThirdParty:1030 - CMSIS Pack Vendor :STMicroelectronics X-CUBE-AZRTOS-WB 2.0.0
2026-06-17 09:20:31,477 [INFO] ThirdParty:1030 - CMSIS Pack Vendor :STMicroelectronics X-CUBE-ST60 1.0.0
2026-06-17 09:20:31,477 [INFO] ThirdParty:1030 - CMSIS Pack Vendor :STMicroelectronics X-CUBE-GNSS1 7.0.1
2026-06-17 09:20:31,478 [INFO] ThirdParty:1030 - CMSIS Pack Vendor :STMicroelectronics X-CUBE-AZRTOS-F7 1.1.0
2026-06-17 09:20:31,478 [INFO] ThirdParty:1030 - CMSIS Pack Vendor :STMicroelectronics X-CUBE-AZRTOS-L5 2.0.0
2026-06-17 09:20:31,478 [INFO] ThirdParty:1030 - CMSIS Pack Vendor :STMicroelectronics X-CUBE-TOUCHGFX 4.25.0
2026-06-17 09:20:31,478 [INFO] ThirdParty:1030 - CMSIS Pack Vendor :STMicroelectronics USB_DEVICE 2.0.0
2026-06-17 09:20:31,478 [INFO] ThirdParty:1030 - CMSIS Pack Vendor :STMicroelectronics X-CUBE-NFC6 3.1.0
2026-06-17 09:20:31,478 [INFO] ThirdParty:1030 - CMSIS Pack Vendor :STMicroelectronics FP-SNS-STAIOTCFT 1.1.0
2026-06-17 09:20:31,478 [INFO] ThirdParty:1030 - CMSIS Pack Vendor :quantropi X-CUBE-qispace-sdk-base 2.1.0
2026-06-17 09:20:31,478 [INFO] ThirdParty:1030 - CMSIS Pack Vendor :STMicroelectronics X-CUBE-MEMS1 12.0.0
2026-06-17 09:20:31,478 [INFO] ThirdParty:1030 - CMSIS Pack Vendor :STMicroelectronics X-CUBE-STSE01 2.0.0
2026-06-17 09:20:31,478 [INFO] ThirdParty:1030 - CMSIS Pack Vendor :STMicroelectronics X-CUBE-ALGOBUILD 1.5.0
2026-06-17 09:20:31,478 [INFO] ThirdParty:1030 - CMSIS Pack Vendor :STMicroelectronics FP-SNS-MOTENV1 5.1.0
2026-06-17 09:20:31,478 [INFO] ThirdParty:1030 - CMSIS Pack Vendor :STMicroelectronics FreeRTOS 0.0.1
2026-06-17 09:20:31,478 [INFO] ThirdParty:1030 - CMSIS Pack Vendor :STMicroelectronics X-CUBE-AZRTOS-G0 1.1.0
2026-06-17 09:20:31,478 [INFO] ThirdParty:1030 - CMSIS Pack Vendor :STMicroelectronics X-CUBE-SAFEA1 1.2.2
2026-06-17 09:20:31,478 [INFO] ThirdParty:1030 - CMSIS Pack Vendor :STMicroelectronics X-CUBE-NFC4 3.0.0
2026-06-17 09:20:31,478 [INFO] ThirdParty:1030 - CMSIS Pack Vendor :STMicroelectronics X-CUBE-SUBG2 5.0.0
2026-06-17 09:20:31,478 [INFO] ThirdParty:1030 - CMSIS Pack Vendor :STMicroelectronics X-CUBE-AZRTOS-H7RS 1.1.0
2026-06-17 09:20:31,478 [INFO] ThirdParty:1030 - CMSIS Pack Vendor :STMicroelectronics STM32_WPAN 1.0.0
2026-06-17 09:20:31,478 [INFO] ThirdParty:1030 - CMSIS Pack Vendor :STMicroelectronics eDS-WB_DPC_VIENNA 1.2.0
2026-06-17 09:20:31,478 [INFO] ThirdParty:1030 - CMSIS Pack Vendor :EmbeddedOffice I-CUBE-FS-RTOS 1.0.1
2026-06-17 09:20:31,478 [INFO] ThirdParty:1030 - CMSIS Pack Vendor :STMicroelectronics lwIP 2.0.3
2026-06-17 09:20:31,478 [INFO] ThirdParty:1030 - CMSIS Pack Vendor :Cesanta I-CUBE-Mongoose 7.13.0
2026-06-17 09:20:31,478 [INFO] ThirdParty:1030 - CMSIS Pack Vendor :STMicroelectronics eDS-WB_DPC_3PH2L-BIDIR 1.1.1
2026-06-17 09:20:31,478 [INFO] ThirdParty:1030 - CMSIS Pack Vendor :STMicroelectronics USB_HOST 1.0.0
2026-06-17 09:20:31,478 [INFO] ThirdParty:1030 - CMSIS Pack Vendor :STMicroelectronics X-CUBE-AZRTOS-G4 2.0.0
2026-06-17 09:20:31,479 [INFO] ThirdParty:1030 - CMSIS Pack Vendor :STMicroelectronics X-CUBE-WB05N 2.0.0
2026-06-17 09:20:31,479 [INFO] ThirdParty:1030 - CMSIS Pack Vendor :STMicroelectronics PDM2PCM 3.1.0
2026-06-17 09:20:31,479 [INFO] ThirdParty:1030 - CMSIS Pack Vendor :STMicroelectronics PDM2PCM 3.3.0
2026-06-17 09:20:31,480 [INFO] ThirdParty:1030 - CMSIS Pack Vendor :STMicroelectronics X-CUBE-AZRTOS-H7 3.4.0
2026-06-17 09:20:31,481 [INFO] ThirdParty:1030 - CMSIS Pack Vendor :STMicroelectronics X-CUBE-DISPLAY 3.0.0
2026-06-17 09:20:31,481 [INFO] ThirdParty:1030 - CMSIS Pack Vendor :STMicroelectronics X-CUBE-NFC7 2.0.0
2026-06-17 09:20:31,481 [INFO] ThirdParty:1030 - CMSIS Pack Vendor :STMicroelectronics X-CUBE-GNSS1 7.1.1
2026-06-17 09:20:31,481 [INFO] ThirdParty:1030 - CMSIS Pack Vendor :STMicroelectronics FP-SNS-MOTENVWB1 1.5.0
2026-06-17 09:20:31,481 [INFO] ThirdParty:1030 - CMSIS Pack Vendor :STMicroelectronics X-CUBE-TCPP 4.2.0
2026-06-17 09:20:31,481 [INFO] ThirdParty:1030 - CMSIS Pack Vendor :RealThread X-CUBE-RT-Thread_Nano 4.1.1
2026-06-17 09:20:31,481 [INFO] ThirdParty:1030 - CMSIS Pack Vendor :STMicroelectronics FP-ATR-SIGFOX1 3.2.0
2026-06-17 09:20:31,481 [INFO] ThirdParty:1030 - CMSIS Pack Vendor :STMicroelectronics X-CUBE-NFC10 1.0.0
2026-06-17 09:20:31,481 [INFO] ThirdParty:1030 - CMSIS Pack Vendor :STMicroelectronics X-CUBE-FREERTOS 1.3.1
2026-06-17 09:20:31,481 [INFO] ThirdParty:1030 - CMSIS Pack Vendor :STMicroelectronics HAL Drivers 0.0.0
2026-06-17 09:20:31,481 [INFO] ThirdParty:1030 - CMSIS Pack Vendor :STMicroelectronics X-CUBE-FREERTOS 1.5.0
2026-06-17 09:20:31,481 [INFO] ThirdParty:1030 - CMSIS Pack Vendor :STMicroelectronics MBEDTLS 2.16.2
2026-06-17 09:20:31,481 [INFO] ThirdParty:1030 - CMSIS Pack Vendor :STMicroelectronics X-CUBE-ST60 1.1.0
2026-06-17 09:20:31,481 [INFO] ThirdParty:1030 - CMSIS Pack Vendor :STMicroelectronics X-CUBE-IPS 3.1.0
2026-06-17 09:20:31,482 [INFO] ThirdParty:1030 - CMSIS Pack Vendor :STMicroelectronics X-CUBE-ALS 1.0.2
2026-06-17 09:20:31,482 [INFO] ThirdParty:1030 - CMSIS Pack Vendor :STMicroelectronics MBEDTLS 2.14.1
2026-06-17 09:20:31,482 [INFO] ThirdParty:1030 - CMSIS Pack Vendor :STMicroelectronics X-CUBE-GNSS1 7.1.0
2026-06-17 09:20:31,482 [INFO] ThirdParty:1030 - CMSIS Pack Vendor :STMicroelectronics X-CUBE-TOUCHGFX 4.26.1
2026-06-17 09:20:31,484 [INFO] ThirdParty:1030 - CMSIS Pack Vendor :portGmbH I-Cube-SoM-uGOAL 1.1.0
2026-06-17 09:20:31,485 [INFO] ThirdParty:1030 - CMSIS Pack Vendor :STMicroelectronics X-CUBE-NFC6 3.2.0
2026-06-17 09:20:31,485 [INFO] ThirdParty:1030 - CMSIS Pack Vendor :STMicroelectronics X-CUBE-ST67W61 1.0.0
2026-06-17 09:20:31,485 [INFO] ThirdParty:1030 - CMSIS Pack Vendor :STMicroelectronics FP-SNS-STAIOTCFT 1.0.0
2026-06-17 09:20:31,485 [INFO] ThirdParty:1030 - CMSIS Pack Vendor :STMicroelectronics ThreadX 1.0.0
2026-06-17 09:20:31,485 [INFO] ThirdParty:1030 - CMSIS Pack Vendor :STMicroelectronics FP-SNS-SMARTAG2 1.2.0
2026-06-17 09:20:31,486 [INFO] ThirdParty:1030 - CMSIS Pack Vendor :STMicroelectronics X-CUBE-MEMS1 12.1.0
2026-06-17 09:20:31,486 [INFO] ThirdParty:1030 - CMSIS Pack Vendor :STMicroelectronics FP-SNS-FLIGHT1 5.1.0
2026-06-17 09:20:31,486 [INFO] ThirdParty:1030 - CMSIS Pack Vendor :STMicroelectronics X-CUBE-AZRTOS-WL 2.0.0
2026-06-17 09:20:31,486 [INFO] ThirdParty:1030 - CMSIS Pack Vendor :SEGGER I-CUBE-embOS 1.3.1
2026-06-17 09:20:31,486 [INFO] ThirdParty:1030 - CMSIS Pack Vendor :STMicroelectronics X-CUBE-ALGOBUILD 1.4.0
2026-06-17 09:20:31,486 [INFO] ThirdParty:1030 - CMSIS Pack Vendor :STMicroelectronics X-CUBE-DPower 1.3.0
2026-06-17 09:20:31,486 [INFO] ThirdParty:1030 - CMSIS Pack Vendor :STMicroelectronics X-CUBE-MEMS1 11.3.0
2026-06-17 09:20:31,486 [INFO] ThirdParty:1030 - CMSIS Pack Vendor :STMicroelectronics FP-SNS-MOTENV1 5.0.0
2026-06-17 09:20:31,486 [INFO] ThirdParty:1030 - CMSIS Pack Vendor :STMicroelectronics USB_DEVICE 1.0.0
2026-06-17 09:20:31,486 [INFO] ThirdParty:1030 - CMSIS Pack Vendor :STMicroelectronics X-CUBE-AZRTOS-H7RS 1.2.0
2026-06-17 09:20:31,486 [INFO] ThirdParty:1030 - CMSIS Pack Vendor :STMicroelectronics X-CUBE-AZRTOS-L4 2.0.0
2026-06-17 09:20:31,486 [INFO] ThirdParty:1030 - CMSIS Pack Vendor :STMicroelectronics ThreadX 0.0.2
2026-06-17 09:20:31,486 [INFO] ThirdParty:1030 - CMSIS Pack Vendor :WES I-CUBE-Cesium 1.3.0
2026-06-17 09:20:31,486 [INFO] ThirdParty:1030 - CMSIS Pack Vendor :STMicroelectronics lwIP 2.1.2
2026-06-17 09:20:31,487 [INFO] ThirdParty:1030 - CMSIS Pack Vendor :STMicroelectronics X-CUBE-SFXS2LP1 4.0.0
2026-06-17 09:20:31,487 [INFO] ThirdParty:1030 - CMSIS Pack Vendor :STMicroelectronics X-CUBE-BLE2 3.3.0
2026-06-17 09:20:31,487 [INFO] ThirdParty:1030 - CMSIS Pack Vendor :Avnet-IOTCONNECT X-CUBE-iotc-st67-sdk 1.0.0
2026-06-17 09:20:31,487 [INFO] ThirdParty:1030 - CMSIS Pack Vendor :STMicroelectronics X-CUBE-TOF1 3.4.3
2026-06-17 09:20:31,487 [INFO] ThirdParty:1030 - CMSIS Pack Vendor :STMicroelectronics X-CUBE-NFC13 1.0.0
2026-06-17 09:20:31,487 [INFO] ThirdParty:1030 - CMSIS Pack Vendor :STMicroelectronics PDM2PCM 3.2.0
2026-06-17 09:20:31,487 [INFO] ThirdParty:1030 - CMSIS Pack Vendor :STMicroelectronics X-CUBE-WB05N 2.1.0
2026-06-17 09:20:31,487 [INFO] ThirdParty:1030 - CMSIS Pack Vendor :STMicroelectronics X-CUBE-ST67W61 1.2.0
2026-06-17 09:20:31,488 [INFO] ThirdParty:841 - exiting critical section [change project]
2026-06-17 09:20:31,913 [INFO] PinOutPanel:1589 - setPackage(No Configuration,No Configuration)
2026-06-17 09:20:31,918 [INFO] PinOutPanel:1589 - setPackage(STM32F103RCTx,LQFP64)
2026-06-17 09:20:32,481 [INFO] UtilMem:75 - Before build in PCC Used Memory: 701879240 Bytes (1073741824)
2026-06-17 09:20:33,128 [INFO] UtilMem:75 - After build in PCC Used Memory: 744348616 Bytes (1073741824)
2026-06-17 09:20:33,219 [INFO] IPUIPlugin:80 - create IPUIPlugin
2026-06-17 09:20:33,220 [INFO] IPUIPlugin:80 - create IPUIPlugin
2026-06-17 09:20:33,220 [INFO] IPUIPlugin:80 - create IPUIPlugin
2026-06-17 09:20:33,220 [INFO] IPUIPlugin:80 - create IPUIPlugin
2026-06-17 09:20:33,221 [INFO] IPUIPlugin:80 - create IPUIPlugin
2026-06-17 09:20:33,221 [INFO] IPUIPlugin:80 - create IPUIPlugin
2026-06-17 09:20:33,221 [INFO] IPUIPlugin:80 - create IPUIPlugin
2026-06-17 09:20:33,221 [INFO] IPUIPlugin:80 - create IPUIPlugin
2026-06-17 09:20:33,222 [INFO] IPUIPlugin:80 - create IPUIPlugin
2026-06-17 09:20:33,222 [INFO] IPUIPlugin:80 - create IPUIPlugin
2026-06-17 09:20:33,222 [INFO] IPUIPlugin:80 - create IPUIPlugin
2026-06-17 09:20:33,222 [INFO] IPUIPlugin:80 - create IPUIPlugin
2026-06-17 09:20:33,222 [INFO] IPUIPlugin:80 - create IPUIPlugin
2026-06-17 09:20:33,223 [INFO] IPUIPlugin:80 - create IPUIPlugin
2026-06-17 09:20:33,223 [INFO] IPUIPlugin:80 - create IPUIPlugin
2026-06-17 09:20:33,223 [INFO] IPUIPlugin:80 - create IPUIPlugin
2026-06-17 09:20:33,224 [INFO] IPUIPlugin:80 - create IPUIPlugin
2026-06-17 09:20:33,224 [INFO] IPUIPlugin:80 - create IPUIPlugin
2026-06-17 09:20:33,224 [INFO] IPUIPlugin:80 - create IPUIPlugin
2026-06-17 09:20:33,225 [INFO] IPUIPlugin:80 - create IPUIPlugin
2026-06-17 09:20:33,225 [INFO] IPUIPlugin:80 - create IPUIPlugin
2026-06-17 09:20:33,226 [INFO] IPUIPlugin:80 - create IPUIPlugin
2026-06-17 09:20:33,226 [INFO] IPUIPlugin:80 - create IPUIPlugin
2026-06-17 09:20:33,227 [INFO] IPUIPlugin:80 - create IPUIPlugin
2026-06-17 09:20:33,227 [INFO] IPUIPlugin:80 - create IPUIPlugin
2026-06-17 09:20:33,227 [INFO] IPUIPlugin:80 - create IPUIPlugin
2026-06-17 09:20:33,228 [INFO] IPUIPlugin:80 - create IPUIPlugin
2026-06-17 09:20:33,228 [INFO] IPUIPlugin:80 - create IPUIPlugin
2026-06-17 09:20:33,229 [INFO] IPUIPlugin:80 - create IPUIPlugin
2026-06-17 09:20:33,229 [INFO] IPUIPlugin:80 - create IPUIPlugin
2026-06-17 09:20:33,230 [INFO] IPUIPlugin:80 - create IPUIPlugin
2026-06-17 09:20:33,230 [INFO] IPUIPlugin:80 - create IPUIPlugin
2026-06-17 09:20:33,230 [INFO] IPUIPlugin:80 - create IPUIPlugin
2026-06-17 09:20:33,231 [INFO] IPUIPlugin:80 - create IPUIPlugin
2026-06-17 09:20:33,234 [INFO] IPUIPlugin:80 - create IPUIPlugin
2026-06-17 09:20:33,237 [INFO] IPUIPlugin:80 - create IPUIPlugin
2026-06-17 09:20:33,238 [INFO] IPUIPlugin:80 - create IPUIPlugin
2026-06-17 09:20:33,238 [INFO] IPUIPlugin:80 - create IPUIPlugin
2026-06-17 09:20:33,239 [INFO] IPUIPlugin:80 - create IPUIPlugin
2026-06-17 09:20:33,244 [WARN] IP:2250 - I2C_Coeff_DF not found: check if there is a RefParameter without a condition.
2026-06-17 09:20:33,244 [WARN] IP:2250 - Analog_Filter not found: check if there is a RefParameter without a condition.
2026-06-17 09:20:33,503 [INFO] CADModel:165 - CPN selected for project levelSTM32F103RCT6
2026-06-17 09:20:33,504 [INFO] CADModel:114 - Register for checkConnection events
2026-06-17 09:20:33,553 [INFO] OpenFileManager:386 - Restore cursor
2026-06-17 09:20:34,386 [WARN] IP:2250 - I2C_Coeff_DF not found: check if there is a RefParameter without a condition.
2026-06-17 09:20:34,387 [WARN] IP:2250 - Analog_Filter not found: check if there is a RefParameter without a condition.
2026-06-17 09:20:34,389 [WARN] IP:2250 - I2C_Coeff_DF not found: check if there is a RefParameter without a condition.
2026-06-17 09:20:34,389 [WARN] IP:2250 - Analog_Filter not found: check if there is a RefParameter without a condition.
2026-06-17 09:55:11,257 [INFO] WebApp:194 - Connection lost
2026-06-17 09:55:11,625 [INFO] WebApp:191 - Connection restablished
2026-06-17 10:03:36,104 [INFO] WebApp:194 - Connection lost
2026-06-17 10:03:36,340 [INFO] WebApp:191 - Connection restablished
2026-06-17 10:03:39,212 [INFO] WebApp:194 - Connection lost
2026-06-17 10:03:39,470 [INFO] WebApp:191 - Connection restablished
2026-06-17 10:13:45,916 [WARN] IP:2250 - I2C_Coeff_DF not found: check if there is a RefParameter without a condition.
2026-06-17 10:13:45,917 [WARN] IP:2250 - Analog_Filter not found: check if there is a RefParameter without a condition.
2026-06-17 10:17:14,841 [WARN] IP:2250 - I2C_Coeff_DF not found: check if there is a RefParameter without a condition.
2026-06-17 10:17:14,841 [WARN] IP:2250 - Analog_Filter not found: check if there is a RefParameter without a condition.
2026-06-17 10:17:14,842 [WARN] IP:2250 - I2C_Coeff_DF not found: check if there is a RefParameter without a condition.
2026-06-17 10:17:14,842 [WARN] IP:2250 - Analog_Filter not found: check if there is a RefParameter without a condition.
2026-06-17 10:17:14,909 [INFO] NvicIntPanel:101 - NVIC parent = com.st.microxplorer.plugins.ip.nvic.MultiNvicIntPanel[,0,0,0x0,invalid,layout=javax.swing.BoxLayout,alignmentX=0.0,alignmentY=0.0,border=,flags=9,maximumSize=,minimumSize=,preferredSize=]
2026-06-17 10:17:14,962 [WARN] IP:2250 - I2C_Coeff_DF not found: check if there is a RefParameter without a condition.
2026-06-17 10:17:14,962 [WARN] IP:2250 - Analog_Filter not found: check if there is a RefParameter without a condition.
2026-06-17 10:17:14,982 [WARN] IP:2250 - I2C_Coeff_DF not found: check if there is a RefParameter without a condition.
2026-06-17 10:17:14,982 [WARN] IP:2250 - Analog_Filter not found: check if there is a RefParameter without a condition.
2026-06-17 10:17:45,305 [INFO] UtilMem:75 - End SaveConfig() Used Memory: 751017424 Bytes (1073741824)
2026-06-17 10:17:48,043 [INFO] UtilMem:75 - End SaveConfig() Used Memory: 816555472 Bytes (1073741824)
2026-06-17 10:17:49,393 [INFO] UtilMem:75 - End SaveConfig() Used Memory: 884186576 Bytes (1073741824)
2026-06-17 10:17:49,675 [INFO] BlockDiagram:2775 - set Specific Code input for plugin: NVIC
2026-06-17 10:17:49,676 [INFO] BlockDiagram:2775 - set Specific Code input for plugin: USART
2026-06-17 10:17:49,676 [INFO] BlockDiagram:2775 - set Specific Code input for plugin: SYS
2026-06-17 10:17:49,677 [INFO] BlockDiagram:2775 - set Specific Code input for plugin: GPIO
2026-06-17 10:17:49,677 [INFO] BlockDiagram:2775 - set Specific Code input for plugin: RCC
2026-06-17 10:17:49,677 [INFO] BlockDiagram:2775 - set Specific Code input for plugin: I2C
2026-06-17 10:17:49,679 [INFO] CodeGenerator:892 - code generatio: config db path: C:\ST\STM32CubeIDE_1.19.0\STM32CubeIDE\plugins\com.st.stm32cube.common.mx_6.15.0.202507011659\\db\
2026-06-17 10:17:49,681 [WARN] IP:2250 - I2C_Coeff_DF not found: check if there is a RefParameter without a condition.
2026-06-17 10:17:49,681 [WARN] IP:2250 - Analog_Filter not found: check if there is a RefParameter without a condition.
2026-06-17 10:17:49,849 [INFO] CodeEngine:265 - oldGeneratedFile, C:\Users\Usuario\Desktop\UNAL\2026-1\Control\proyectoControl\sensoresProyecto\MXTmpFiles\license.tmp_save
2026-06-17 10:17:50,364 [INFO] CodeEngine:289 - Generated code: C:\Users\Usuario\Desktop\UNAL\2026-1\Control\proyectoControl\sensoresProyecto\MXTmpFiles\license.tmp
2026-06-17 10:17:50,480 [INFO] CodeEngine:265 - oldGeneratedFile, C:\Users\Usuario\Desktop\UNAL\2026-1\Control\proyectoControl\sensoresProyecto\MXTmpFiles\gpio.tmp_save
2026-06-17 10:17:50,726 [INFO] CodeEngine:289 - Generated code: C:\Users\Usuario\Desktop\UNAL\2026-1\Control\proyectoControl\sensoresProyecto\MXTmpFiles\gpio.tmp
2026-06-17 10:17:50,895 [INFO] CodeEngine:265 - oldGeneratedFile, C:\Users\Usuario\Desktop\UNAL\2026-1\Control\proyectoControl\sensoresProyecto\Core\Src\stm32f1xx_it.c_save
2026-06-17 10:17:51,484 [INFO] CodeEngine:289 - Generated code: C:\Users\Usuario\Desktop\UNAL\2026-1\Control\proyectoControl\sensoresProyecto\Core\Src\stm32f1xx_it.c
2026-06-17 10:17:51,509 [INFO] CodeEngine:265 - oldGeneratedFile, C:\Users\Usuario\Desktop\UNAL\2026-1\Control\proyectoControl\sensoresProyecto\Core\Inc\stm32f1xx_it.h_save
2026-06-17 10:17:51,666 [INFO] CodeEngine:289 - Generated code: C:\Users\Usuario\Desktop\UNAL\2026-1\Control\proyectoControl\sensoresProyecto\Core\Inc\stm32f1xx_it.h
2026-06-17 10:17:51,708 [INFO] CodeEngine:265 - oldGeneratedFile, C:\Users\Usuario\Desktop\UNAL\2026-1\Control\proyectoControl\sensoresProyecto\Core\Src\stm32f1xx_hal_msp.c_save
2026-06-17 10:17:51,974 [INFO] CodeEngine:289 - Generated code: C:\Users\Usuario\Desktop\UNAL\2026-1\Control\proyectoControl\sensoresProyecto\Core\Src\stm32f1xx_hal_msp.c
2026-06-17 10:17:51,991 [INFO] CodeEngine:265 - oldGeneratedFile, C:\Users\Usuario\Desktop\UNAL\2026-1\Control\proyectoControl\sensoresProyecto\MXTmpFiles\system.tmp_save
2026-06-17 10:17:52,077 [INFO] CodeEngine:289 - Generated code: C:\Users\Usuario\Desktop\UNAL\2026-1\Control\proyectoControl\sensoresProyecto\MXTmpFiles\system.tmp
2026-06-17 10:17:52,102 [INFO] CodeEngine:321 - oldGeneratedFile, C:\Users\Usuario\Desktop\UNAL\2026-1\Control\proyectoControl\sensoresProyecto\Core\Inc\stm32f1xx_hal_conf.h_save
2026-06-17 10:17:52,189 [INFO] CodeEngine:345 - Generated code: C:\Users\Usuario\Desktop\UNAL\2026-1\Control\proyectoControl\sensoresProyecto\Core\Inc\stm32f1xx_hal_conf.h
2026-06-17 10:17:52,218 [INFO] ApiDbMcu:532 - Load IP Config File for I2C2
2026-06-17 10:17:52,223 [INFO] ApiDbMcu:532 - Load IP Config File for USART1
2026-06-17 10:17:52,227 [INFO] ApiDbMcu:532 - Load IP Config File for RCC
2026-06-17 10:17:52,246 [INFO] CodeEngine:265 - oldGeneratedFile, C:\Users\Usuario\Desktop\UNAL\2026-1\Control\proyectoControl\sensoresProyecto\Core\Inc\main.h_save
2026-06-17 10:17:52,403 [INFO] CodeEngine:289 - Generated code: C:\Users\Usuario\Desktop\UNAL\2026-1\Control\proyectoControl\sensoresProyecto\Core\Inc\main.h
2026-06-17 10:17:52,420 [INFO] CodeEngine:265 - oldGeneratedFile, C:\Users\Usuario\Desktop\UNAL\2026-1\Control\proyectoControl\sensoresProyecto\Core\Src\main.c_save
2026-06-17 10:17:52,579 [INFO] CodeEngine:289 - Generated code: C:\Users\Usuario\Desktop\UNAL\2026-1\Control\proyectoControl\sensoresProyecto\Core\Src\main.c
2026-06-17 10:17:53,210 [INFO] ProjectBuilder:3606 - Time for Copy HAL[1] : 391mS.
2026-06-17 10:17:53,216 [INFO] ProjectBuilder:5216 - Project Generator version: 4.7.0-B52
2026-06-17 10:17:53,312 [INFO] ConfigFileManager:1595 - The Die is : DIE414
2026-06-17 10:17:53,319 [INFO] ApiDbMcu:532 - Load IP Config File for FATFS
2026-06-17 10:17:53,325 [INFO] ApiDbMcu:532 - Load IP Config File for FREERTOS
2026-06-17 10:17:53,335 [INFO] ApiDbMcu:532 - Load IP Config File for USB_DEVICE
2026-06-17 10:17:55,090 [INFO] ProjectBuilder:5496 - Time for Generating toolchain IDE Files: 1874mS.
2026-06-17 10:17:55,092 [INFO] ProjectBuilder:3463 - Time for Copy CMSIS : 1mS.
2026-06-17 10:17:55,098 [INFO] ProjectBuilder:3463 - Time for Copy CMSIS : 0mS.
2026-06-17 10:21:17,513 [INFO] Gpio:278 - dependency for GPIO [I2C2, USART1]
2026-06-17 10:32:39,535 [INFO] Gpio:278 - dependency for GPIO [I2C2, USART1]
2026-06-17 10:32:39,690 [WARN] IP:2250 - I2C_Coeff_DF not found: check if there is a RefParameter without a condition.
2026-06-17 10:32:39,691 [WARN] IP:2250 - Analog_Filter not found: check if there is a RefParameter without a condition.
2026-06-17 10:32:47,036 [WARN] IP:2250 - I2C_Coeff_DF not found: check if there is a RefParameter without a condition.
2026-06-17 10:32:47,037 [WARN] IP:2250 - Analog_Filter not found: check if there is a RefParameter without a condition.
2026-06-17 10:32:47,067 [WARN] IP:2250 - I2C_Coeff_DF not found: check if there is a RefParameter without a condition.
2026-06-17 10:32:47,067 [WARN] IP:2250 - Analog_Filter not found: check if there is a RefParameter without a condition.
2026-06-17 10:32:47,068 [WARN] IP:2250 - I2C_Coeff_DF not found: check if there is a RefParameter without a condition.
2026-06-17 10:32:47,069 [WARN] IP:2250 - Analog_Filter not found: check if there is a RefParameter without a condition.
2026-06-17 10:32:47,297 [WARN] IP:2250 - I2C_Coeff_DF not found: check if there is a RefParameter without a condition.
2026-06-17 10:32:47,299 [WARN] IP:2250 - Analog_Filter not found: check if there is a RefParameter without a condition.
2026-06-17 10:32:47,311 [WARN] IP:2250 - I2C_Coeff_DF not found: check if there is a RefParameter without a condition.
2026-06-17 10:32:47,313 [WARN] IP:2250 - Analog_Filter not found: check if there is a RefParameter without a condition.
2026-06-17 10:32:50,699 [INFO] UtilMem:75 - End SaveConfig() Used Memory: 893372832 Bytes (1073741824)
2026-06-17 10:32:52,330 [INFO] UtilMem:75 - End SaveConfig() Used Memory: 923255200 Bytes (1073741824)
2026-06-17 10:32:53,912 [INFO] UtilMem:75 - End SaveConfig() Used Memory: 988793248 Bytes (1073741824)
2026-06-17 10:32:54,318 [INFO] BlockDiagram:2775 - set Specific Code input for plugin: NVIC
2026-06-17 10:32:54,318 [INFO] BlockDiagram:2775 - set Specific Code input for plugin: USART
2026-06-17 10:32:54,319 [INFO] BlockDiagram:2775 - set Specific Code input for plugin: SYS
2026-06-17 10:32:54,319 [INFO] BlockDiagram:2775 - set Specific Code input for plugin: GPIO
2026-06-17 10:32:54,319 [INFO] BlockDiagram:2775 - set Specific Code input for plugin: RCC
2026-06-17 10:32:54,319 [INFO] BlockDiagram:2775 - set Specific Code input for plugin: I2C
2026-06-17 10:32:54,324 [INFO] CodeGenerator:892 - code generatio: config db path: C:\ST\STM32CubeIDE_1.19.0\STM32CubeIDE\plugins\com.st.stm32cube.common.mx_6.15.0.202507011659\\db\
2026-06-17 10:32:54,326 [WARN] IP:2250 - I2C_Coeff_DF not found: check if there is a RefParameter without a condition.
2026-06-17 10:32:54,326 [WARN] IP:2250 - Analog_Filter not found: check if there is a RefParameter without a condition.
2026-06-17 10:32:54,471 [INFO] CodeEngine:265 - oldGeneratedFile, C:\Users\Usuario\Desktop\UNAL\2026-1\Control\proyectoControl\sensoresProyecto\MXTmpFiles\license.tmp_save
2026-06-17 10:32:54,947 [INFO] CodeEngine:289 - Generated code: C:\Users\Usuario\Desktop\UNAL\2026-1\Control\proyectoControl\sensoresProyecto\MXTmpFiles\license.tmp
2026-06-17 10:32:55,015 [INFO] CodeEngine:265 - oldGeneratedFile, C:\Users\Usuario\Desktop\UNAL\2026-1\Control\proyectoControl\sensoresProyecto\MXTmpFiles\gpio.tmp_save
2026-06-17 10:32:55,225 [INFO] CodeEngine:289 - Generated code: C:\Users\Usuario\Desktop\UNAL\2026-1\Control\proyectoControl\sensoresProyecto\MXTmpFiles\gpio.tmp
2026-06-17 10:32:55,386 [INFO] CodeEngine:265 - oldGeneratedFile, C:\Users\Usuario\Desktop\UNAL\2026-1\Control\proyectoControl\sensoresProyecto\Core\Src\stm32f1xx_it.c_save
2026-06-17 10:32:56,167 [INFO] CodeEngine:289 - Generated code: C:\Users\Usuario\Desktop\UNAL\2026-1\Control\proyectoControl\sensoresProyecto\Core\Src\stm32f1xx_it.c
2026-06-17 10:32:56,193 [INFO] CodeEngine:265 - oldGeneratedFile, C:\Users\Usuario\Desktop\UNAL\2026-1\Control\proyectoControl\sensoresProyecto\Core\Inc\stm32f1xx_it.h_save
2026-06-17 10:32:56,348 [INFO] CodeEngine:289 - Generated code: C:\Users\Usuario\Desktop\UNAL\2026-1\Control\proyectoControl\sensoresProyecto\Core\Inc\stm32f1xx_it.h
2026-06-17 10:32:56,392 [INFO] CodeEngine:265 - oldGeneratedFile, C:\Users\Usuario\Desktop\UNAL\2026-1\Control\proyectoControl\sensoresProyecto\Core\Src\stm32f1xx_hal_msp.c_save
2026-06-17 10:32:56,679 [INFO] CodeEngine:289 - Generated code: C:\Users\Usuario\Desktop\UNAL\2026-1\Control\proyectoControl\sensoresProyecto\Core\Src\stm32f1xx_hal_msp.c
2026-06-17 10:32:56,693 [INFO] CodeEngine:265 - oldGeneratedFile, C:\Users\Usuario\Desktop\UNAL\2026-1\Control\proyectoControl\sensoresProyecto\MXTmpFiles\system.tmp_save
2026-06-17 10:32:56,795 [INFO] CodeEngine:289 - Generated code: C:\Users\Usuario\Desktop\UNAL\2026-1\Control\proyectoControl\sensoresProyecto\MXTmpFiles\system.tmp
2026-06-17 10:32:56,825 [INFO] CodeEngine:321 - oldGeneratedFile, C:\Users\Usuario\Desktop\UNAL\2026-1\Control\proyectoControl\sensoresProyecto\Core\Inc\stm32f1xx_hal_conf.h_save
2026-06-17 10:32:56,946 [INFO] CodeEngine:345 - Generated code: C:\Users\Usuario\Desktop\UNAL\2026-1\Control\proyectoControl\sensoresProyecto\Core\Inc\stm32f1xx_hal_conf.h
2026-06-17 10:32:56,988 [INFO] ApiDbMcu:532 - Load IP Config File for I2C1
2026-06-17 10:32:57,012 [INFO] CodeEngine:265 - oldGeneratedFile, C:\Users\Usuario\Desktop\UNAL\2026-1\Control\proyectoControl\sensoresProyecto\Core\Inc\main.h_save
2026-06-17 10:32:57,164 [INFO] CodeEngine:289 - Generated code: C:\Users\Usuario\Desktop\UNAL\2026-1\Control\proyectoControl\sensoresProyecto\Core\Inc\main.h
2026-06-17 10:32:57,185 [INFO] CodeEngine:265 - oldGeneratedFile, C:\Users\Usuario\Desktop\UNAL\2026-1\Control\proyectoControl\sensoresProyecto\Core\Src\main.c_save
2026-06-17 10:32:57,385 [INFO] CodeEngine:289 - Generated code: C:\Users\Usuario\Desktop\UNAL\2026-1\Control\proyectoControl\sensoresProyecto\Core\Src\main.c
2026-06-17 10:32:58,481 [INFO] ProjectBuilder:3606 - Time for Copy HAL[1] : 878mS.
2026-06-17 10:32:58,495 [INFO] ProjectBuilder:5216 - Project Generator version: 4.7.0-B52
2026-06-17 10:32:58,644 [INFO] ConfigFileManager:1595 - The Die is : DIE414
2026-06-17 10:33:00,859 [INFO] ProjectBuilder:5496 - Time for Generating toolchain IDE Files: 2364mS.
2026-06-17 10:33:00,862 [INFO] ProjectBuilder:3463 - Time for Copy CMSIS : 2mS.
2026-06-17 10:33:00,870 [INFO] ProjectBuilder:3463 - Time for Copy CMSIS : 0mS.
2026-06-17 10:38:43,899 [WARN] IP:2250 - I2C_Coeff_DF not found: check if there is a RefParameter without a condition.
2026-06-17 10:38:43,899 [WARN] IP:2250 - Analog_Filter not found: check if there is a RefParameter without a condition.
2026-06-17 10:38:43,899 [WARN] IP:2250 - I2C_Coeff_DF not found: check if there is a RefParameter without a condition.
2026-06-17 10:38:43,899 [WARN] IP:2250 - Analog_Filter not found: check if there is a RefParameter without a condition.
2026-06-17 10:38:43,972 [WARN] IP:2250 - I2C_Coeff_DF not found: check if there is a RefParameter without a condition.
2026-06-17 10:38:43,973 [WARN] IP:2250 - Analog_Filter not found: check if there is a RefParameter without a condition.
2026-06-17 10:38:46,636 [INFO] UtilMem:75 - End SaveConfig() Used Memory: 866219960 Bytes (1073741824)
2026-06-17 10:38:47,681 [INFO] UtilMem:75 - End SaveConfig() Used Memory: 892434360 Bytes (1073741824)
2026-06-17 10:38:48,834 [INFO] UtilMem:75 - End SaveConfig() Used Memory: 957972408 Bytes (1073741824)
2026-06-17 10:38:49,016 [INFO] BlockDiagram:2775 - set Specific Code input for plugin: NVIC
2026-06-17 10:38:49,016 [INFO] BlockDiagram:2775 - set Specific Code input for plugin: USART
2026-06-17 10:38:49,016 [INFO] BlockDiagram:2775 - set Specific Code input for plugin: SYS
2026-06-17 10:38:49,016 [INFO] BlockDiagram:2775 - set Specific Code input for plugin: GPIO
2026-06-17 10:38:49,016 [INFO] BlockDiagram:2775 - set Specific Code input for plugin: RCC
2026-06-17 10:38:49,016 [INFO] BlockDiagram:2775 - set Specific Code input for plugin: I2C
2026-06-17 10:38:49,019 [INFO] CodeGenerator:892 - code generatio: config db path: C:\ST\STM32CubeIDE_1.19.0\STM32CubeIDE\plugins\com.st.stm32cube.common.mx_6.15.0.202507011659\\db\
2026-06-17 10:38:49,021 [WARN] IP:2250 - I2C_Coeff_DF not found: check if there is a RefParameter without a condition.
2026-06-17 10:38:49,022 [WARN] IP:2250 - Analog_Filter not found: check if there is a RefParameter without a condition.
2026-06-17 10:38:49,100 [INFO] CodeEngine:265 - oldGeneratedFile, C:\Users\Usuario\Desktop\UNAL\2026-1\Control\proyectoControl\sensoresProyecto\MXTmpFiles\license.tmp_save
2026-06-17 10:38:49,180 [INFO] CodeEngine:289 - Generated code: C:\Users\Usuario\Desktop\UNAL\2026-1\Control\proyectoControl\sensoresProyecto\MXTmpFiles\license.tmp
2026-06-17 10:38:49,218 [INFO] CodeEngine:265 - oldGeneratedFile, C:\Users\Usuario\Desktop\UNAL\2026-1\Control\proyectoControl\sensoresProyecto\MXTmpFiles\gpio.tmp_save
2026-06-17 10:38:49,328 [INFO] CodeEngine:289 - Generated code: C:\Users\Usuario\Desktop\UNAL\2026-1\Control\proyectoControl\sensoresProyecto\MXTmpFiles\gpio.tmp
2026-06-17 10:38:49,587 [INFO] CodeEngine:265 - oldGeneratedFile, C:\Users\Usuario\Desktop\UNAL\2026-1\Control\proyectoControl\sensoresProyecto\Core\Src\stm32f1xx_it.c_save
2026-06-17 10:38:49,866 [INFO] CodeEngine:289 - Generated code: C:\Users\Usuario\Desktop\UNAL\2026-1\Control\proyectoControl\sensoresProyecto\Core\Src\stm32f1xx_it.c
2026-06-17 10:38:49,879 [INFO] CodeEngine:265 - oldGeneratedFile, C:\Users\Usuario\Desktop\UNAL\2026-1\Control\proyectoControl\sensoresProyecto\Core\Inc\stm32f1xx_it.h_save
2026-06-17 10:38:50,141 [INFO] CodeEngine:289 - Generated code: C:\Users\Usuario\Desktop\UNAL\2026-1\Control\proyectoControl\sensoresProyecto\Core\Inc\stm32f1xx_it.h
2026-06-17 10:38:50,167 [INFO] CodeEngine:265 - oldGeneratedFile, C:\Users\Usuario\Desktop\UNAL\2026-1\Control\proyectoControl\sensoresProyecto\Core\Src\stm32f1xx_hal_msp.c_save
2026-06-17 10:38:50,316 [INFO] CodeEngine:289 - Generated code: C:\Users\Usuario\Desktop\UNAL\2026-1\Control\proyectoControl\sensoresProyecto\Core\Src\stm32f1xx_hal_msp.c
2026-06-17 10:38:50,332 [INFO] CodeEngine:265 - oldGeneratedFile, C:\Users\Usuario\Desktop\UNAL\2026-1\Control\proyectoControl\sensoresProyecto\MXTmpFiles\system.tmp_save
2026-06-17 10:38:50,406 [INFO] CodeEngine:289 - Generated code: C:\Users\Usuario\Desktop\UNAL\2026-1\Control\proyectoControl\sensoresProyecto\MXTmpFiles\system.tmp
2026-06-17 10:38:50,423 [INFO] CodeEngine:321 - oldGeneratedFile, C:\Users\Usuario\Desktop\UNAL\2026-1\Control\proyectoControl\sensoresProyecto\Core\Inc\stm32f1xx_hal_conf.h_save
2026-06-17 10:38:50,506 [INFO] CodeEngine:345 - Generated code: C:\Users\Usuario\Desktop\UNAL\2026-1\Control\proyectoControl\sensoresProyecto\Core\Inc\stm32f1xx_hal_conf.h
2026-06-17 10:38:50,566 [INFO] CodeEngine:265 - oldGeneratedFile, C:\Users\Usuario\Desktop\UNAL\2026-1\Control\proyectoControl\sensoresProyecto\Core\Inc\main.h_save
2026-06-17 10:38:50,671 [INFO] CodeEngine:289 - Generated code: C:\Users\Usuario\Desktop\UNAL\2026-1\Control\proyectoControl\sensoresProyecto\Core\Inc\main.h
2026-06-17 10:38:50,684 [INFO] CodeEngine:265 - oldGeneratedFile, C:\Users\Usuario\Desktop\UNAL\2026-1\Control\proyectoControl\sensoresProyecto\Core\Src\main.c_save
2026-06-17 10:38:50,835 [INFO] CodeEngine:289 - Generated code: C:\Users\Usuario\Desktop\UNAL\2026-1\Control\proyectoControl\sensoresProyecto\Core\Src\main.c
2026-06-17 10:38:51,427 [INFO] ProjectBuilder:3606 - Time for Copy HAL[1] : 197mS.
2026-06-17 10:38:51,432 [INFO] ProjectBuilder:5216 - Project Generator version: 4.7.0-B52
2026-06-17 10:38:51,507 [INFO] ConfigFileManager:1595 - The Die is : DIE414
2026-06-17 10:38:51,765 [ERROR] ConfigurationRetriever:142 - IOException on connection: Connect timed out
2026-06-17 10:38:52,812 [INFO] ProjectBuilder:5496 - Time for Generating toolchain IDE Files: 1379mS.
2026-06-17 10:38:52,814 [INFO] ProjectBuilder:3463 - Time for Copy CMSIS : 0mS.
2026-06-17 10:38:52,822 [INFO] ProjectBuilder:3463 - Time for Copy CMSIS : 0mS.
2026-06-17 10:57:16,506 [INFO] MainUpdater:2872 - connection check result : 10
2026-06-17 10:57:16,507 [INFO] MainUpdater:2872 - connection check result : 10
2026-06-17 10:57:16,642 [INFO] MicroXplorer:468 - Change Database Path : 
2026-06-17 10:57:16,642 [INFO] MicroXplorer:498 - Change Database Version : DB.6.0.150
2026-06-17 10:57:16,694 [ERROR] ProjectManagerView:395 - 
java.lang.NullPointerException: Cannot invoke "javax.swing.JTextField.getText()" because the return value of "java.util.List.get(int)" is null
	at com.st.microxplorer.plugins.projectmanager.gui.ProjectChoiceTab$9.caretUpdate(ProjectChoiceTab.java:2706) ~[filemanager.jar:?]
	at javax.swing.text.JTextComponent.fireCaretUpdate(JTextComponent.java:408) ~[?:?]
	at javax.swing.text.JTextComponent$MutableCaretEvent.fire(JTextComponent.java:4484) ~[?:?]
	at javax.swing.text.JTextComponent$MutableCaretEvent.stateChanged(JTextComponent.java:4506) ~[?:?]
	at javax.swing.text.DefaultCaret.fireStateChanged(DefaultCaret.java:857) ~[?:?]
	at javax.swing.text.DefaultCaret.changeCaretPosition(DefaultCaret.java:1343) ~[?:?]
	at javax.swing.text.DefaultCaret.handleSetDot(DefaultCaret.java:1242) ~[?:?]
	at javax.swing.text.DefaultCaret.setDot(DefaultCaret.java:1223) ~[?:?]
	at javax.swing.text.DefaultCaret$Handler.insertUpdate(DefaultCaret.java:1819) ~[?:?]
	at javax.swing.text.AbstractDocument.fireInsertUpdate(AbstractDocument.java:227) ~[?:?]
	at javax.swing.text.AbstractDocument.handleInsertString(AbstractDocument.java:781) ~[?:?]
	at javax.swing.text.AbstractDocument.insertString(AbstractDocument.java:740) ~[?:?]
	at javax.swing.text.PlainDocument.insertString(PlainDocument.java:131) ~[?:?]
	at javax.swing.text.AbstractDocument.replace(AbstractDocument.java:699) ~[?:?]
	at javax.swing.text.JTextComponent.setText(JTextComponent.java:1725) ~[?:?]
	at com.st.microxplorer.plugins.projectmanager.gui.ProjectChoiceTab.createHeapStackFields(ProjectChoiceTab.java:993) ~[filemanager.jar:?]
	at com.st.microxplorer.plugins.projectmanager.gui.ProjectChoiceTab.buildLinkSettingsPanel(ProjectChoiceTab.java:3813) ~[filemanager.jar:?]
	at com.st.microxplorer.plugins.projectmanager.gui.ProjectChoiceTab.defineWindowsFields(ProjectChoiceTab.java:1987) ~[filemanager.jar:?]
	at com.st.microxplorer.plugins.projectmanager.gui.ProjectChoiceTab.updateSettings(ProjectChoiceTab.java:558) ~[filemanager.jar:?]
	at com.st.microxplorer.plugins.projectmanager.gui.ProjectSettingsPanel.UpdateDialog(ProjectSettingsPanel.java:247) ~[filemanager.jar:?]
	at com.st.microxplorer.plugins.projectmanager.ProjectManagerView.propertyChange(ProjectManagerView.java:392) ~[filemanager.jar:?]
	at java.beans.PropertyChangeSupport.fire(PropertyChangeSupport.java:343) ~[?:?]
	at java.beans.PropertyChangeSupport.firePropertyChange(PropertyChangeSupport.java:335) ~[?:?]
	at java.beans.PropertyChangeSupport.firePropertyChange(PropertyChangeSupport.java:268) ~[?:?]
	at com.st.microxplorer.util.MXPropertyChangeSupport.firePropertyChange(MXPropertyChangeSupport.java:54) ~[STM32CubeMX.jar:?]
	at com.st.microxplorer.mxsystem.MxSystem.closeConfig(MxSystem.java:899) ~[STM32CubeMX.jar:?]
	at com.st.microxplorer.maingui.MainPanel.closeConfig(MainPanel.java:792) ~[STM32CubeMX.jar:?]
	at com.st.microxplorer.plugins.filemanager.engine.OpenFileManager.loadConfigurationFile(OpenFileManager.java:288) ~[filemanager.jar:?]
	at com.st.microxplorer.plugins.filemanager.engine.MainFileManager.userLoadConfig(MainFileManager.java:364) ~[filemanager.jar:?]
	at com.st.microxplorer.plugins.filemanager.engine.MainFileManager.userLoadConfig(MainFileManager.java:342) ~[filemanager.jar:?]
	at com.st.microxplorer.plugins.filemanager.FileManagerView.getSpecificTask(FileManagerView.java:264) ~[filemanager.jar:?]
	at com.st.stm32cube.common.mx.editor.CubeMxEditor.getMxTabbedPaneInstance(CubeMxEditor.java:1198) ~[com.st.stm32cube.common.mx_6.15.0.202507011659/:?]
	at com.st.stm32cube.common.mx.editor.CubeMxEditor$12$1.createSwingComponent(CubeMxEditor.java:1068) ~[com.st.stm32cube.common.mx_6.15.0.202507011659/:?]
	at com.st.stm32cube.common.mx.oss.core.awtswtbridge.EmbeddedSwingComposite.doComponentCreation(EmbeddedSwingComposite.java:492) ~[com.st.stm32cube.common.mx.oss_6.15.0.202507011659/:?]
	at com.st.stm32cube.common.mx.oss.core.awtswtbridge.EmbeddedSwingComposite$4.run(EmbeddedSwingComposite.java:291) ~[com.st.stm32cube.common.mx.oss_6.15.0.202507011659/:?]
	at com.st.stm32cube.common.mx.oss.core.awtswtbridge.AwtEnvironment$2.run(AwtEnvironment.java:166) ~[com.st.stm32cube.common.mx.oss_6.15.0.202507011659/:?]
	at java.awt.event.InvocationEvent.dispatch(InvocationEvent.java:318) ~[?:?]
	at java.awt.EventQueue.dispatchEventImpl(EventQueue.java:773) ~[?:?]
	at java.awt.EventQueue$4.run(EventQueue.java:720) ~[?:?]
	at java.awt.EventQueue$4.run(EventQueue.java:714) ~[?:?]
	at java.security.AccessController.doPrivileged(AccessController.java:400) ~[?:?]
	at java.security.ProtectionDomain$JavaSecurityAccessImpl.doIntersectionPrivilege(ProtectionDomain.java:87) ~[?:?]
	at java.awt.EventQueue.dispatchEvent(EventQueue.java:742) ~[?:?]
	at java.awt.EventDispatchThread.pumpOneEventForFilters(EventDispatchThread.java:203) ~[?:?]
	at java.awt.EventDispatchThread.pumpEventsForFilter(EventDispatchThread.java:124) ~[?:?]
	at java.awt.EventDispatchThread.pumpEventsForHierarchy(EventDispatchThread.java:113) ~[?:?]
	at java.awt.EventDispatchThread.pumpEvents(EventDispatchThread.java:109) ~[?:?]
	at java.awt.EventDispatchThread.pumpEvents(EventDispatchThread.java:101) ~[?:?]
	at java.awt.EventDispatchThread.run(EventDispatchThread.java:90) ~[?:?]
2026-06-17 10:57:16,697 [WARN] ThirdParty:871 - waiting for thirdparty lock release [close project]
2026-06-17 10:57:16,697 [INFO] ThirdParty:873 - entering critical section [close project]
2026-06-17 10:57:16,698 [INFO] ThirdParty:883 - exiting critical section [close project]
2026-06-17 10:57:16,702 [INFO] PinOutPanel:1589 - setPackage(No Configuration,No Configuration)
2026-06-17 10:57:16,708 [INFO] UtilMem:75 - Begin LoadConfig() Used Memory: 867862560 Bytes (1073741824)
2026-06-17 10:57:16,709 [INFO] MicroXplorer:468 - Change Database Path : 
2026-06-17 10:57:16,709 [INFO] MicroXplorer:498 - Change Database Version : DB.6.0.150
2026-06-17 10:57:16,709 [INFO] OpenFileManager:355 - Change cursor
2026-06-17 10:57:16,760 [INFO] RulesReader:64 - Compatibility file has been processed (317 Rules)
2026-06-17 10:57:16,769 [INFO] Mcu:2029 - Initializing MCU STM32F103R(C-D-E)Tx STM32F103RCTx STM32F103RCT6
2026-06-17 10:57:18,905 [INFO] Context:786 - Trying to add GPIOservice into a context  which must be forbidden
2026-06-17 10:57:19,413 [INFO] ImportTextPane:234 - (OptionalMessage_ERROR) Pin6 (VP_RIF_VS_RIF1) cannot be retrieved for this MCU
2026-06-17 10:57:19,758 [INFO] RtosManager:558 - Registered RTOS mode: class=CMSIS, group=RTOS, mode=CMSIS_V1, owner=FREERTOS
2026-06-17 10:57:19,758 [INFO] RtosManager:558 - Registered RTOS mode: class=CMSIS, group=RTOS2, mode=CMSIS_V2, owner=FREERTOS
2026-06-17 10:57:19,758 [INFO] RtosManager:558 - Registered RTOS mode: class=RTOS, group=Core, mode=CMSIS_V1, owner=FREERTOS
2026-06-17 10:57:19,759 [INFO] RtosManager:558 - Registered RTOS mode: class=RTOS, group=Core, mode=CMSIS_V2, owner=FREERTOS
2026-06-17 10:57:19,759 [WARN] ModelIntegratedComponent:184 - Missing modes for component STMicroelectronics:FreeRTOS:0.0.1:STMicroelectronics:RTOS:FreeRTOS:Core:::10.2.0:
2026-06-17 10:57:19,778 [WARN] ModelIntegratedComponent:63 - No mode defined for component null
2026-06-17 10:57:19,779 [WARN] ModelIntegratedComponent:63 - No mode defined for component null
2026-06-17 10:57:19,779 [WARN] ModelIntegratedComponent:63 - No mode defined for component null
2026-06-17 10:57:19,779 [WARN] ModelIntegratedComponent:63 - No mode defined for component null
2026-06-17 10:57:19,779 [WARN] ModelIntegratedComponent:63 - No mode defined for component null
2026-06-17 10:57:19,779 [WARN] ModelIntegratedComponent:63 - No mode defined for component null
2026-06-17 10:57:19,779 [WARN] ModelIntegratedComponent:63 - No mode defined for component null
2026-06-17 10:57:19,779 [WARN] ModelIntegratedComponent:63 - No mode defined for component null
2026-06-17 10:57:19,779 [WARN] ModelIntegratedComponent:63 - No mode defined for component null
2026-06-17 10:57:19,779 [WARN] ModelIntegratedComponent:63 - No mode defined for component null
2026-06-17 10:57:19,779 [WARN] ModelIntegratedComponent:63 - No mode defined for component null
2026-06-17 10:57:19,780 [WARN] ModelIntegratedComponent:63 - No mode defined for component null
2026-06-17 10:57:19,780 [WARN] ModelIntegratedComponent:63 - No mode defined for component null
2026-06-17 10:57:19,780 [WARN] ModelIntegratedComponent:63 - No mode defined for component null
2026-06-17 10:57:19,780 [WARN] ModelIntegratedComponent:63 - No mode defined for component null
2026-06-17 10:57:19,780 [WARN] ModelIntegratedComponent:63 - No mode defined for component null
2026-06-17 10:57:19,780 [WARN] ModelIntegratedComponent:63 - No mode defined for component null
2026-06-17 10:57:19,781 [WARN] ModelIntegratedComponent:63 - No mode defined for component null
2026-06-17 10:57:19,781 [WARN] ModelIntegratedComponent:63 - No mode defined for component null
2026-06-17 10:57:19,781 [WARN] ModelIntegratedComponent:63 - No mode defined for component null
2026-06-17 10:57:19,781 [WARN] ModelIntegratedComponent:63 - No mode defined for component null
2026-06-17 10:57:19,781 [WARN] ModelIntegratedComponent:63 - No mode defined for component null
2026-06-17 10:57:19,781 [WARN] ModelIntegratedComponent:63 - No mode defined for component null
2026-06-17 10:57:19,781 [WARN] ModelIntegratedComponent:63 - No mode defined for component null
2026-06-17 10:57:19,781 [WARN] ModelIntegratedComponent:63 - No mode defined for component null
2026-06-17 10:57:19,781 [WARN] ModelIntegratedComponent:63 - No mode defined for component null
2026-06-17 10:57:19,781 [WARN] ModelIntegratedComponent:63 - No mode defined for component null
2026-06-17 10:57:19,781 [WARN] ModelIntegratedComponent:63 - No mode defined for component null
2026-06-17 10:57:19,781 [WARN] ModelIntegratedComponent:63 - No mode defined for component null
2026-06-17 10:57:19,782 [WARN] ModelIntegratedComponent:63 - No mode defined for component null
2026-06-17 10:57:19,782 [WARN] ModelIntegratedComponent:63 - No mode defined for component null
2026-06-17 10:57:19,782 [WARN] ModelIntegratedComponent:63 - No mode defined for component null
2026-06-17 10:57:19,782 [WARN] ModelIntegratedComponent:63 - No mode defined for component null
2026-06-17 10:57:19,782 [WARN] ModelIntegratedComponent:63 - No mode defined for component null
2026-06-17 10:57:19,782 [WARN] ModelIntegratedComponent:63 - No mode defined for component null
2026-06-17 10:57:19,782 [WARN] ModelPack:524 - Component already loaded: STMicroelectronics:HAL Drivers:0.0.0:STMicroelectronics:Device:STMicro_Driver:XSPI:HAL::0.0.1:HAL_XSPI
2026-06-17 10:57:20,024 [INFO] ThirdPartyModel:298 - Start build external matchings
2026-06-17 10:57:21,754 [INFO] ThirdPartyModel:316 - End build external matchings
2026-06-17 10:57:22,162 [INFO] UtilMem:75 - End LoadConfig() Used Memory: 807788352 Bytes (1073741824)
2026-06-17 10:57:22,214 [WARN] ThirdParty:833 - waiting for thirdparty lock release [change project]
2026-06-17 10:57:22,214 [INFO] ThirdParty:835 - entering critical section [change project]
2026-06-17 10:57:22,214 [INFO] ThirdParty:1030 - CMSIS Pack Vendor :STMicroelectronics X-CUBE-AZRTOS-H7 3.5.0
2026-06-17 10:57:22,215 [INFO] ThirdParty:1030 - CMSIS Pack Vendor :STMicroelectronics X-CUBE-PM33A1 1.0.0
2026-06-17 10:57:22,216 [INFO] ThirdParty:1030 - CMSIS Pack Vendor :STMicroelectronics USBPD 4.1
2026-06-17 10:57:22,216 [INFO] ThirdParty:1030 - CMSIS Pack Vendor :STMicroelectronics X-CUBE-NFC9 1.0.0
2026-06-17 10:57:22,216 [INFO] ThirdParty:1030 - CMSIS Pack Vendor :STMicroelectronics USB_HOST 2.0.0
2026-06-17 10:57:22,216 [INFO] ThirdParty:1030 - CMSIS Pack Vendor :STMicroelectronics FP-SNS-MOTENVWB1 1.4.0
2026-06-17 10:57:22,216 [INFO] ThirdParty:1030 - CMSIS Pack Vendor :STMicroelectronics X-CUBE-AZRTOS-F4 1.1.0
2026-06-17 10:57:22,216 [INFO] ThirdParty:1030 - CMSIS Pack Vendor :STMicroelectronics LIBJPEG 8.0.0
2026-06-17 10:57:22,216 [INFO] ThirdParty:1030 - CMSIS Pack Vendor :STMicroelectronics FP-ATR-ASTRA1 2.0.2
2026-06-17 10:57:22,216 [INFO] ThirdParty:1030 - CMSIS Pack Vendor :STMicroelectronics X-CUBE-BLE1 7.1.0
2026-06-17 10:57:22,216 [INFO] ThirdParty:1030 - CMSIS Pack Vendor :STMicroelectronics X-CUBE-SMBUS 2.1.0
2026-06-17 10:57:22,217 [INFO] ThirdParty:1030 - CMSIS Pack Vendor :STMicroelectronics USB_DEVICE 3.0.0
2026-06-17 10:57:22,219 [INFO] ThirdParty:1030 - CMSIS Pack Vendor :STMicroelectronics X-CUBE-ISPU 2.1.0
2026-06-17 10:57:22,219 [INFO] ThirdParty:1030 - CMSIS Pack Vendor :STMicroelectronics X-CUBE-IPS 3.2.0
2026-06-17 10:57:22,219 [INFO] ThirdParty:1030 - CMSIS Pack Vendor :STMicroelectronics eDS-WB_DPC_TT-BIDIR 2.1.1
2026-06-17 10:57:22,221 [INFO] ThirdParty:1030 - CMSIS Pack Vendor :STMicroelectronics X-CUBE-AZRTOS-WB 2.0.0
2026-06-17 10:57:22,221 [INFO] ThirdParty:1030 - CMSIS Pack Vendor :STMicroelectronics X-CUBE-ST60 1.0.0
2026-06-17 10:57:22,221 [INFO] ThirdParty:1030 - CMSIS Pack Vendor :STMicroelectronics X-CUBE-GNSS1 7.0.1
2026-06-17 10:57:22,221 [INFO] ThirdParty:1030 - CMSIS Pack Vendor :STMicroelectronics X-CUBE-AZRTOS-F7 1.1.0
2026-06-17 10:57:22,221 [INFO] ThirdParty:1030 - CMSIS Pack Vendor :STMicroelectronics X-CUBE-AZRTOS-L5 2.0.0
2026-06-17 10:57:22,221 [INFO] ThirdParty:1030 - CMSIS Pack Vendor :STMicroelectronics X-CUBE-TOUCHGFX 4.25.0
2026-06-17 10:57:22,221 [INFO] ThirdParty:1030 - CMSIS Pack Vendor :STMicroelectronics USB_DEVICE 2.0.0
2026-06-17 10:57:22,221 [INFO] ThirdParty:1030 - CMSIS Pack Vendor :STMicroelectronics X-CUBE-NFC6 3.1.0
2026-06-17 10:57:22,221 [INFO] ThirdParty:1030 - CMSIS Pack Vendor :STMicroelectronics FP-SNS-STAIOTCFT 1.1.0
2026-06-17 10:57:22,222 [INFO] ThirdParty:1030 - CMSIS Pack Vendor :quantropi X-CUBE-qispace-sdk-base 2.1.0
2026-06-17 10:57:22,222 [INFO] ThirdParty:1030 - CMSIS Pack Vendor :STMicroelectronics X-CUBE-MEMS1 12.0.0
2026-06-17 10:57:22,222 [INFO] ThirdParty:1030 - CMSIS Pack Vendor :STMicroelectronics X-CUBE-STSE01 2.0.0
2026-06-17 10:57:22,222 [INFO] ThirdParty:1030 - CMSIS Pack Vendor :STMicroelectronics X-CUBE-ALGOBUILD 1.5.0
2026-06-17 10:57:22,222 [INFO] ThirdParty:1030 - CMSIS Pack Vendor :STMicroelectronics FP-SNS-MOTENV1 5.1.0
2026-06-17 10:57:22,222 [INFO] ThirdParty:1030 - CMSIS Pack Vendor :STMicroelectronics FreeRTOS 0.0.1
2026-06-17 10:57:22,222 [INFO] ThirdParty:1030 - CMSIS Pack Vendor :STMicroelectronics X-CUBE-AZRTOS-G0 1.1.0
2026-06-17 10:57:22,222 [INFO] ThirdParty:1030 - CMSIS Pack Vendor :STMicroelectronics X-CUBE-SAFEA1 1.2.2
2026-06-17 10:57:22,222 [INFO] ThirdParty:1030 - CMSIS Pack Vendor :STMicroelectronics X-CUBE-NFC4 3.0.0
2026-06-17 10:57:22,222 [INFO] ThirdParty:1030 - CMSIS Pack Vendor :STMicroelectronics X-CUBE-SUBG2 5.0.0
2026-06-17 10:57:22,222 [INFO] ThirdParty:1030 - CMSIS Pack Vendor :STMicroelectronics X-CUBE-AZRTOS-H7RS 1.1.0
2026-06-17 10:57:22,222 [INFO] ThirdParty:1030 - CMSIS Pack Vendor :STMicroelectronics STM32_WPAN 1.0.0
2026-06-17 10:57:22,222 [INFO] ThirdParty:1030 - CMSIS Pack Vendor :STMicroelectronics eDS-WB_DPC_VIENNA 1.2.0
2026-06-17 10:57:22,222 [INFO] ThirdParty:1030 - CMSIS Pack Vendor :EmbeddedOffice I-CUBE-FS-RTOS 1.0.1
2026-06-17 10:57:22,223 [INFO] ThirdParty:1030 - CMSIS Pack Vendor :STMicroelectronics lwIP 2.0.3
2026-06-17 10:57:22,223 [INFO] ThirdParty:1030 - CMSIS Pack Vendor :Cesanta I-CUBE-Mongoose 7.13.0
2026-06-17 10:57:22,224 [INFO] ThirdParty:1030 - CMSIS Pack Vendor :STMicroelectronics eDS-WB_DPC_3PH2L-BIDIR 1.1.1
2026-06-17 10:57:22,224 [INFO] ThirdParty:1030 - CMSIS Pack Vendor :STMicroelectronics USB_HOST 1.0.0
2026-06-17 10:57:22,224 [INFO] ThirdParty:1030 - CMSIS Pack Vendor :STMicroelectronics X-CUBE-AZRTOS-G4 2.0.0
2026-06-17 10:57:22,224 [INFO] ThirdParty:1030 - CMSIS Pack Vendor :STMicroelectronics X-CUBE-WB05N 2.0.0
2026-06-17 10:57:22,224 [INFO] ThirdParty:1030 - CMSIS Pack Vendor :STMicroelectronics PDM2PCM 3.1.0
2026-06-17 10:57:22,224 [INFO] ThirdParty:1030 - CMSIS Pack Vendor :STMicroelectronics PDM2PCM 3.3.0
2026-06-17 10:57:22,224 [INFO] ThirdParty:1030 - CMSIS Pack Vendor :STMicroelectronics X-CUBE-AZRTOS-H7 3.4.0
2026-06-17 10:57:22,224 [INFO] ThirdParty:1030 - CMSIS Pack Vendor :STMicroelectronics X-CUBE-DISPLAY 3.0.0
2026-06-17 10:57:22,224 [INFO] ThirdParty:1030 - CMSIS Pack Vendor :STMicroelectronics X-CUBE-NFC7 2.0.0
2026-06-17 10:57:22,224 [INFO] ThirdParty:1030 - CMSIS Pack Vendor :STMicroelectronics X-CUBE-GNSS1 7.1.1
2026-06-17 10:57:22,224 [INFO] ThirdParty:1030 - CMSIS Pack Vendor :STMicroelectronics FP-SNS-MOTENVWB1 1.5.0
2026-06-17 10:57:22,224 [INFO] ThirdParty:1030 - CMSIS Pack Vendor :STMicroelectronics X-CUBE-TCPP 4.2.0
2026-06-17 10:57:22,224 [INFO] ThirdParty:1030 - CMSIS Pack Vendor :RealThread X-CUBE-RT-Thread_Nano 4.1.1
2026-06-17 10:57:22,224 [INFO] ThirdParty:1030 - CMSIS Pack Vendor :STMicroelectronics FP-ATR-SIGFOX1 3.2.0
2026-06-17 10:57:22,224 [INFO] ThirdParty:1030 - CMSIS Pack Vendor :STMicroelectronics X-CUBE-NFC10 1.0.0
2026-06-17 10:57:22,224 [INFO] ThirdParty:1030 - CMSIS Pack Vendor :STMicroelectronics X-CUBE-FREERTOS 1.3.1
2026-06-17 10:57:22,225 [INFO] ThirdParty:1030 - CMSIS Pack Vendor :STMicroelectronics HAL Drivers 0.0.0
2026-06-17 10:57:22,225 [INFO] ThirdParty:1030 - CMSIS Pack Vendor :STMicroelectronics X-CUBE-FREERTOS 1.5.0
2026-06-17 10:57:22,225 [INFO] ThirdParty:1030 - CMSIS Pack Vendor :STMicroelectronics MBEDTLS 2.16.2
2026-06-17 10:57:22,225 [INFO] ThirdParty:1030 - CMSIS Pack Vendor :STMicroelectronics X-CUBE-ST60 1.1.0
2026-06-17 10:57:22,225 [INFO] ThirdParty:1030 - CMSIS Pack Vendor :STMicroelectronics X-CUBE-IPS 3.1.0
2026-06-17 10:57:22,225 [INFO] ThirdParty:1030 - CMSIS Pack Vendor :STMicroelectronics X-CUBE-ALS 1.0.2
2026-06-17 10:57:22,225 [INFO] ThirdParty:1030 - CMSIS Pack Vendor :STMicroelectronics MBEDTLS 2.14.1
2026-06-17 10:57:22,225 [INFO] ThirdParty:1030 - CMSIS Pack Vendor :STMicroelectronics X-CUBE-GNSS1 7.1.0
2026-06-17 10:57:22,225 [INFO] ThirdParty:1030 - CMSIS Pack Vendor :STMicroelectronics X-CUBE-TOUCHGFX 4.26.1
2026-06-17 10:57:22,225 [INFO] ThirdParty:1030 - CMSIS Pack Vendor :portGmbH I-Cube-SoM-uGOAL 1.1.0
2026-06-17 10:57:22,225 [INFO] ThirdParty:1030 - CMSIS Pack Vendor :STMicroelectronics X-CUBE-NFC6 3.2.0
2026-06-17 10:57:22,225 [INFO] ThirdParty:1030 - CMSIS Pack Vendor :STMicroelectronics X-CUBE-ST67W61 1.0.0
2026-06-17 10:57:22,225 [INFO] ThirdParty:1030 - CMSIS Pack Vendor :STMicroelectronics FP-SNS-STAIOTCFT 1.0.0
2026-06-17 10:57:22,225 [INFO] ThirdParty:1030 - CMSIS Pack Vendor :STMicroelectronics ThreadX 1.0.0
2026-06-17 10:57:22,226 [INFO] ThirdParty:1030 - CMSIS Pack Vendor :STMicroelectronics FP-SNS-SMARTAG2 1.2.0
2026-06-17 10:57:22,226 [INFO] ThirdParty:1030 - CMSIS Pack Vendor :STMicroelectronics X-CUBE-MEMS1 12.1.0
2026-06-17 10:57:22,226 [INFO] ThirdParty:1030 - CMSIS Pack Vendor :STMicroelectronics FP-SNS-FLIGHT1 5.1.0
2026-06-17 10:57:22,226 [INFO] ThirdParty:1030 - CMSIS Pack Vendor :STMicroelectronics X-CUBE-AZRTOS-WL 2.0.0
2026-06-17 10:57:22,226 [INFO] ThirdParty:1030 - CMSIS Pack Vendor :SEGGER I-CUBE-embOS 1.3.1
2026-06-17 10:57:22,226 [INFO] ThirdParty:1030 - CMSIS Pack Vendor :STMicroelectronics X-CUBE-ALGOBUILD 1.4.0
2026-06-17 10:57:22,226 [INFO] ThirdParty:1030 - CMSIS Pack Vendor :STMicroelectronics X-CUBE-DPower 1.3.0
2026-06-17 10:57:22,226 [INFO] ThirdParty:1030 - CMSIS Pack Vendor :STMicroelectronics X-CUBE-MEMS1 11.3.0
2026-06-17 10:57:22,226 [INFO] ThirdParty:1030 - CMSIS Pack Vendor :STMicroelectronics FP-SNS-MOTENV1 5.0.0
2026-06-17 10:57:22,226 [INFO] ThirdParty:1030 - CMSIS Pack Vendor :STMicroelectronics USB_DEVICE 1.0.0
2026-06-17 10:57:22,226 [INFO] ThirdParty:1030 - CMSIS Pack Vendor :STMicroelectronics X-CUBE-AZRTOS-H7RS 1.2.0
2026-06-17 10:57:22,226 [INFO] ThirdParty:1030 - CMSIS Pack Vendor :STMicroelectronics X-CUBE-AZRTOS-L4 2.0.0
2026-06-17 10:57:22,226 [INFO] ThirdParty:1030 - CMSIS Pack Vendor :STMicroelectronics ThreadX 0.0.2
2026-06-17 10:57:22,226 [INFO] ThirdParty:1030 - CMSIS Pack Vendor :WES I-CUBE-Cesium 1.3.0
2026-06-17 10:57:22,226 [INFO] ThirdParty:1030 - CMSIS Pack Vendor :STMicroelectronics lwIP 2.1.2
2026-06-17 10:57:22,226 [INFO] ThirdParty:1030 - CMSIS Pack Vendor :STMicroelectronics X-CUBE-SFXS2LP1 4.0.0
2026-06-17 10:57:22,226 [INFO] ThirdParty:1030 - CMSIS Pack Vendor :STMicroelectronics X-CUBE-BLE2 3.3.0
2026-06-17 10:57:22,226 [INFO] ThirdParty:1030 - CMSIS Pack Vendor :Avnet-IOTCONNECT X-CUBE-iotc-st67-sdk 1.0.0
2026-06-17 10:57:22,226 [INFO] ThirdParty:1030 - CMSIS Pack Vendor :STMicroelectronics X-CUBE-TOF1 3.4.3
2026-06-17 10:57:22,226 [INFO] ThirdParty:1030 - CMSIS Pack Vendor :STMicroelectronics X-CUBE-NFC13 1.0.0
2026-06-17 10:57:22,226 [INFO] ThirdParty:1030 - CMSIS Pack Vendor :STMicroelectronics PDM2PCM 3.2.0
2026-06-17 10:57:22,226 [INFO] ThirdParty:1030 - CMSIS Pack Vendor :STMicroelectronics X-CUBE-WB05N 2.1.0
2026-06-17 10:57:22,226 [INFO] ThirdParty:1030 - CMSIS Pack Vendor :STMicroelectronics X-CUBE-ST67W61 1.2.0
2026-06-17 10:57:22,227 [INFO] ThirdParty:841 - exiting critical section [change project]
2026-06-17 10:57:22,487 [INFO] PinOutPanel:1589 - setPackage(No Configuration,No Configuration)
2026-06-17 10:57:22,490 [INFO] PinOutPanel:1589 - setPackage(STM32F103RCTx,LQFP64)
2026-06-17 10:57:23,045 [INFO] UtilMem:75 - Before build in PCC Used Memory: 933296568 Bytes (1073741824)
2026-06-17 10:57:23,489 [INFO] UtilMem:75 - After build in PCC Used Memory: 979433912 Bytes (1073741824)
2026-06-17 10:57:23,536 [INFO] IPUIPlugin:80 - create IPUIPlugin
2026-06-17 10:57:23,536 [INFO] IPUIPlugin:80 - create IPUIPlugin
2026-06-17 10:57:23,536 [INFO] IPUIPlugin:80 - create IPUIPlugin
2026-06-17 10:57:23,537 [INFO] IPUIPlugin:80 - create IPUIPlugin
2026-06-17 10:57:23,537 [INFO] IPUIPlugin:80 - create IPUIPlugin
2026-06-17 10:57:23,538 [INFO] IPUIPlugin:80 - create IPUIPlugin
2026-06-17 10:57:23,538 [INFO] IPUIPlugin:80 - create IPUIPlugin
2026-06-17 10:57:23,538 [INFO] IPUIPlugin:80 - create IPUIPlugin
2026-06-17 10:57:23,539 [INFO] IPUIPlugin:80 - create IPUIPlugin
2026-06-17 10:57:23,539 [INFO] IPUIPlugin:80 - create IPUIPlugin
2026-06-17 10:57:23,539 [INFO] IPUIPlugin:80 - create IPUIPlugin
2026-06-17 10:57:23,540 [INFO] IPUIPlugin:80 - create IPUIPlugin
2026-06-17 10:57:23,540 [INFO] IPUIPlugin:80 - create IPUIPlugin
2026-06-17 10:57:23,540 [INFO] IPUIPlugin:80 - create IPUIPlugin
2026-06-17 10:57:23,540 [INFO] IPUIPlugin:80 - create IPUIPlugin
2026-06-17 10:57:23,541 [INFO] IPUIPlugin:80 - create IPUIPlugin
2026-06-17 10:57:23,541 [INFO] IPUIPlugin:80 - create IPUIPlugin
2026-06-17 10:57:23,541 [INFO] IPUIPlugin:80 - create IPUIPlugin
2026-06-17 10:57:23,542 [INFO] IPUIPlugin:80 - create IPUIPlugin
2026-06-17 10:57:23,542 [INFO] IPUIPlugin:80 - create IPUIPlugin
2026-06-17 10:57:23,542 [INFO] IPUIPlugin:80 - create IPUIPlugin
2026-06-17 10:57:23,543 [INFO] IPUIPlugin:80 - create IPUIPlugin
2026-06-17 10:57:23,543 [INFO] IPUIPlugin:80 - create IPUIPlugin
2026-06-17 10:57:23,544 [INFO] IPUIPlugin:80 - create IPUIPlugin
2026-06-17 10:57:23,544 [INFO] IPUIPlugin:80 - create IPUIPlugin
2026-06-17 10:57:23,545 [INFO] IPUIPlugin:80 - create IPUIPlugin
2026-06-17 10:57:23,545 [INFO] IPUIPlugin:80 - create IPUIPlugin
2026-06-17 10:57:23,545 [INFO] IPUIPlugin:80 - create IPUIPlugin
2026-06-17 10:57:23,545 [INFO] IPUIPlugin:80 - create IPUIPlugin
2026-06-17 10:57:23,546 [INFO] IPUIPlugin:80 - create IPUIPlugin
2026-06-17 10:57:23,546 [INFO] IPUIPlugin:80 - create IPUIPlugin
2026-06-17 10:57:23,546 [INFO] IPUIPlugin:80 - create IPUIPlugin
2026-06-17 10:57:23,547 [INFO] IPUIPlugin:80 - create IPUIPlugin
2026-06-17 10:57:23,547 [INFO] IPUIPlugin:80 - create IPUIPlugin
2026-06-17 10:57:23,548 [INFO] IPUIPlugin:80 - create IPUIPlugin
2026-06-17 10:57:23,548 [INFO] IPUIPlugin:80 - create IPUIPlugin
2026-06-17 10:57:23,550 [INFO] IPUIPlugin:80 - create IPUIPlugin
2026-06-17 10:57:23,551 [INFO] IPUIPlugin:80 - create IPUIPlugin
2026-06-17 10:57:23,551 [INFO] IPUIPlugin:80 - create IPUIPlugin
2026-06-17 10:57:23,553 [WARN] IP:2250 - I2C_Coeff_DF not found: check if there is a RefParameter without a condition.
2026-06-17 10:57:23,553 [WARN] IP:2250 - Analog_Filter not found: check if there is a RefParameter without a condition.
2026-06-17 10:57:23,623 [INFO] CADModel:165 - CPN selected for project levelSTM32F103RCT6
2026-06-17 10:57:23,623 [INFO] CADModel:114 - Register for checkConnection events
2026-06-17 10:57:23,685 [INFO] OpenFileManager:386 - Restore cursor
2026-06-17 10:57:24,198 [WARN] IP:2250 - I2C_Coeff_DF not found: check if there is a RefParameter without a condition.
2026-06-17 10:57:24,199 [WARN] IP:2250 - Analog_Filter not found: check if there is a RefParameter without a condition.
2026-06-17 10:57:24,200 [WARN] IP:2250 - I2C_Coeff_DF not found: check if there is a RefParameter without a condition.
2026-06-17 10:57:24,200 [WARN] IP:2250 - Analog_Filter not found: check if there is a RefParameter without a condition.
2026-06-17 10:57:29,393 [WARN] IP:2250 - I2C_Coeff_DF not found: check if there is a RefParameter without a condition.
2026-06-17 10:57:29,393 [WARN] IP:2250 - Analog_Filter not found: check if there is a RefParameter without a condition.
2026-06-17 10:57:34,653 [WARN] IP:2250 - I2C_Coeff_DF not found: check if there is a RefParameter without a condition.
2026-06-17 10:57:34,653 [WARN] IP:2250 - Analog_Filter not found: check if there is a RefParameter without a condition.
2026-06-17 11:13:48,528 [WARN] IP:2250 - I2C_Coeff_DF not found: check if there is a RefParameter without a condition.
2026-06-17 11:13:48,528 [WARN] IP:2250 - Analog_Filter not found: check if there is a RefParameter without a condition.
2026-06-17 11:13:48,529 [WARN] IP:2250 - I2C_Coeff_DF not found: check if there is a RefParameter without a condition.
2026-06-17 11:13:48,529 [WARN] IP:2250 - Analog_Filter not found: check if there is a RefParameter without a condition.
2026-06-17 11:13:51,592 [WARN] IP:2250 - I2C_Coeff_DF not found: check if there is a RefParameter without a condition.
2026-06-17 11:13:51,592 [WARN] IP:2250 - Analog_Filter not found: check if there is a RefParameter without a condition.
2026-06-17 11:13:51,592 [WARN] IP:2250 - I2C_Coeff_DF not found: check if there is a RefParameter without a condition.
2026-06-17 11:13:51,593 [WARN] IP:2250 - Analog_Filter not found: check if there is a RefParameter without a condition.
2026-06-17 11:13:52,402 [INFO] UtilMem:75 - End SaveConfig() Used Memory: 954332248 Bytes (1073741824)
2026-06-17 11:13:53,576 [INFO] UtilMem:75 - End SaveConfig() Used Memory: 982643800 Bytes (1073741824)
2026-06-17 11:13:54,912 [INFO] UtilMem:75 - End SaveConfig() Used Memory: 690342888 Bytes (1073741824)
2026-06-17 11:13:55,368 [INFO] BlockDiagram:2775 - set Specific Code input for plugin: NVIC
2026-06-17 11:13:55,368 [INFO] BlockDiagram:2775 - set Specific Code input for plugin: USART
2026-06-17 11:13:55,369 [INFO] BlockDiagram:2775 - set Specific Code input for plugin: SYS
2026-06-17 11:13:55,370 [INFO] BlockDiagram:2775 - set Specific Code input for plugin: GPIO
2026-06-17 11:13:55,370 [INFO] BlockDiagram:2775 - set Specific Code input for plugin: RCC
2026-06-17 11:13:55,371 [INFO] BlockDiagram:2775 - set Specific Code input for plugin: I2C
2026-06-17 11:13:55,373 [INFO] CodeGenerator:892 - code generatio: config db path: C:\ST\STM32CubeIDE_1.19.0\STM32CubeIDE\plugins\com.st.stm32cube.common.mx_6.15.0.202507011659\\db\
2026-06-17 11:13:55,376 [WARN] IP:2250 - I2C_Coeff_DF not found: check if there is a RefParameter without a condition.
2026-06-17 11:13:55,377 [WARN] IP:2250 - Analog_Filter not found: check if there is a RefParameter without a condition.
2026-06-17 11:13:55,510 [INFO] CodeEngine:265 - oldGeneratedFile, C:\Users\Usuario\Desktop\UNAL\2026-1\Control\proyectoControl\sensoresProyecto\MXTmpFiles\license.tmp_save
2026-06-17 11:13:55,893 [INFO] CodeEngine:289 - Generated code: C:\Users\Usuario\Desktop\UNAL\2026-1\Control\proyectoControl\sensoresProyecto\MXTmpFiles\license.tmp
2026-06-17 11:13:55,977 [INFO] CodeEngine:265 - oldGeneratedFile, C:\Users\Usuario\Desktop\UNAL\2026-1\Control\proyectoControl\sensoresProyecto\MXTmpFiles\gpio.tmp_save
2026-06-17 11:13:56,214 [INFO] CodeEngine:289 - Generated code: C:\Users\Usuario\Desktop\UNAL\2026-1\Control\proyectoControl\sensoresProyecto\MXTmpFiles\gpio.tmp
2026-06-17 11:13:56,366 [INFO] CodeEngine:265 - oldGeneratedFile, C:\Users\Usuario\Desktop\UNAL\2026-1\Control\proyectoControl\sensoresProyecto\Core\Src\stm32f1xx_it.c_save
2026-06-17 11:13:57,068 [INFO] CodeEngine:289 - Generated code: C:\Users\Usuario\Desktop\UNAL\2026-1\Control\proyectoControl\sensoresProyecto\Core\Src\stm32f1xx_it.c
2026-06-17 11:13:57,092 [INFO] CodeEngine:265 - oldGeneratedFile, C:\Users\Usuario\Desktop\UNAL\2026-1\Control\proyectoControl\sensoresProyecto\Core\Inc\stm32f1xx_it.h_save
2026-06-17 11:13:57,305 [INFO] CodeEngine:289 - Generated code: C:\Users\Usuario\Desktop\UNAL\2026-1\Control\proyectoControl\sensoresProyecto\Core\Inc\stm32f1xx_it.h
2026-06-17 11:13:57,343 [INFO] CodeEngine:265 - oldGeneratedFile, C:\Users\Usuario\Desktop\UNAL\2026-1\Control\proyectoControl\sensoresProyecto\Core\Src\stm32f1xx_hal_msp.c_save
2026-06-17 11:13:57,666 [INFO] CodeEngine:289 - Generated code: C:\Users\Usuario\Desktop\UNAL\2026-1\Control\proyectoControl\sensoresProyecto\Core\Src\stm32f1xx_hal_msp.c
2026-06-17 11:13:57,681 [INFO] CodeEngine:265 - oldGeneratedFile, C:\Users\Usuario\Desktop\UNAL\2026-1\Control\proyectoControl\sensoresProyecto\MXTmpFiles\system.tmp_save
2026-06-17 11:13:57,794 [INFO] CodeEngine:289 - Generated code: C:\Users\Usuario\Desktop\UNAL\2026-1\Control\proyectoControl\sensoresProyecto\MXTmpFiles\system.tmp
2026-06-17 11:13:57,931 [INFO] CodeEngine:321 - oldGeneratedFile, C:\Users\Usuario\Desktop\UNAL\2026-1\Control\proyectoControl\sensoresProyecto\Core\Inc\stm32f1xx_hal_conf.h_save
2026-06-17 11:13:58,031 [INFO] CodeEngine:345 - Generated code: C:\Users\Usuario\Desktop\UNAL\2026-1\Control\proyectoControl\sensoresProyecto\Core\Inc\stm32f1xx_hal_conf.h
2026-06-17 11:13:58,064 [INFO] ApiDbMcu:532 - Load IP Config File for I2C2
2026-06-17 11:13:58,071 [INFO] ApiDbMcu:532 - Load IP Config File for USART1
2026-06-17 11:13:58,074 [INFO] ApiDbMcu:532 - Load IP Config File for RCC
2026-06-17 11:13:58,095 [INFO] CodeEngine:265 - oldGeneratedFile, C:\Users\Usuario\Desktop\UNAL\2026-1\Control\proyectoControl\sensoresProyecto\Core\Inc\main.h_save
2026-06-17 11:13:58,224 [INFO] CodeEngine:289 - Generated code: C:\Users\Usuario\Desktop\UNAL\2026-1\Control\proyectoControl\sensoresProyecto\Core\Inc\main.h
2026-06-17 11:13:58,239 [INFO] CodeEngine:265 - oldGeneratedFile, C:\Users\Usuario\Desktop\UNAL\2026-1\Control\proyectoControl\sensoresProyecto\Core\Src\main.c_save
2026-06-17 11:13:58,388 [INFO] CodeEngine:289 - Generated code: C:\Users\Usuario\Desktop\UNAL\2026-1\Control\proyectoControl\sensoresProyecto\Core\Src\main.c
2026-06-17 11:13:58,932 [INFO] ProjectBuilder:3606 - Time for Copy HAL[1] : 351mS.
2026-06-17 11:13:58,940 [INFO] ProjectBuilder:5216 - Project Generator version: 4.7.0-B52
2026-06-17 11:13:59,043 [INFO] ConfigFileManager:1595 - The Die is : DIE414
2026-06-17 11:13:59,049 [INFO] ApiDbMcu:532 - Load IP Config File for FATFS
2026-06-17 11:13:59,059 [INFO] ApiDbMcu:532 - Load IP Config File for FREERTOS
2026-06-17 11:13:59,070 [INFO] ApiDbMcu:532 - Load IP Config File for USB_DEVICE
2026-06-17 11:14:00,918 [INFO] ProjectBuilder:5496 - Time for Generating toolchain IDE Files: 1977mS.
2026-06-17 11:14:00,919 [INFO] ProjectBuilder:3463 - Time for Copy CMSIS : 1mS.
2026-06-17 11:14:00,928 [INFO] ProjectBuilder:3463 - Time for Copy CMSIS : 0mS.
2026-06-17 11:18:16,938 [WARN] IP:2250 - I2C_Coeff_DF not found: check if there is a RefParameter without a condition.
2026-06-17 11:18:16,938 [WARN] IP:2250 - Analog_Filter not found: check if there is a RefParameter without a condition.
2026-06-17 11:18:16,940 [WARN] IP:2250 - I2C_Coeff_DF not found: check if there is a RefParameter without a condition.
2026-06-17 11:18:16,940 [WARN] IP:2250 - Analog_Filter not found: check if there is a RefParameter without a condition.
2026-06-17 11:18:19,964 [INFO] UtilMem:75 - End SaveConfig() Used Memory: 781036256 Bytes (1073741824)
2026-06-17 11:18:21,445 [INFO] UtilMem:75 - End SaveConfig() Used Memory: 809347808 Bytes (1073741824)
2026-06-17 11:18:22,560 [INFO] UtilMem:75 - End SaveConfig() Used Memory: 873310944 Bytes (1073741824)
2026-06-17 11:18:22,995 [INFO] BlockDiagram:2775 - set Specific Code input for plugin: NVIC
2026-06-17 11:18:22,995 [INFO] BlockDiagram:2775 - set Specific Code input for plugin: USART
2026-06-17 11:18:22,995 [INFO] BlockDiagram:2775 - set Specific Code input for plugin: SYS
2026-06-17 11:18:22,995 [INFO] BlockDiagram:2775 - set Specific Code input for plugin: GPIO
2026-06-17 11:18:22,996 [INFO] BlockDiagram:2775 - set Specific Code input for plugin: RCC
2026-06-17 11:18:22,996 [INFO] BlockDiagram:2775 - set Specific Code input for plugin: I2C
2026-06-17 11:18:22,997 [INFO] CodeGenerator:892 - code generatio: config db path: C:\ST\STM32CubeIDE_1.19.0\STM32CubeIDE\plugins\com.st.stm32cube.common.mx_6.15.0.202507011659\\db\
2026-06-17 11:18:22,999 [WARN] IP:2250 - I2C_Coeff_DF not found: check if there is a RefParameter without a condition.
2026-06-17 11:18:22,999 [WARN] IP:2250 - Analog_Filter not found: check if there is a RefParameter without a condition.
2026-06-17 11:18:23,083 [INFO] CodeEngine:265 - oldGeneratedFile, C:\Users\Usuario\Desktop\UNAL\2026-1\Control\proyectoControl\sensoresProyecto\MXTmpFiles\license.tmp_save
2026-06-17 11:18:23,356 [INFO] CodeEngine:289 - Generated code: C:\Users\Usuario\Desktop\UNAL\2026-1\Control\proyectoControl\sensoresProyecto\MXTmpFiles\license.tmp
2026-06-17 11:18:23,407 [INFO] CodeEngine:265 - oldGeneratedFile, C:\Users\Usuario\Desktop\UNAL\2026-1\Control\proyectoControl\sensoresProyecto\MXTmpFiles\gpio.tmp_save
2026-06-17 11:18:23,560 [INFO] CodeEngine:289 - Generated code: C:\Users\Usuario\Desktop\UNAL\2026-1\Control\proyectoControl\sensoresProyecto\MXTmpFiles\gpio.tmp
2026-06-17 11:18:23,680 [INFO] CodeEngine:265 - oldGeneratedFile, C:\Users\Usuario\Desktop\UNAL\2026-1\Control\proyectoControl\sensoresProyecto\Core\Src\stm32f1xx_it.c_save
2026-06-17 11:18:23,878 [INFO] CodeEngine:289 - Generated code: C:\Users\Usuario\Desktop\UNAL\2026-1\Control\proyectoControl\sensoresProyecto\Core\Src\stm32f1xx_it.c
2026-06-17 11:18:23,892 [INFO] CodeEngine:265 - oldGeneratedFile, C:\Users\Usuario\Desktop\UNAL\2026-1\Control\proyectoControl\sensoresProyecto\Core\Inc\stm32f1xx_it.h_save
2026-06-17 11:18:24,056 [INFO] CodeEngine:289 - Generated code: C:\Users\Usuario\Desktop\UNAL\2026-1\Control\proyectoControl\sensoresProyecto\Core\Inc\stm32f1xx_it.h
2026-06-17 11:18:24,099 [INFO] CodeEngine:265 - oldGeneratedFile, C:\Users\Usuario\Desktop\UNAL\2026-1\Control\proyectoControl\sensoresProyecto\Core\Src\stm32f1xx_hal_msp.c_save
2026-06-17 11:18:24,495 [INFO] CodeEngine:289 - Generated code: C:\Users\Usuario\Desktop\UNAL\2026-1\Control\proyectoControl\sensoresProyecto\Core\Src\stm32f1xx_hal_msp.c
2026-06-17 11:18:24,510 [INFO] CodeEngine:265 - oldGeneratedFile, C:\Users\Usuario\Desktop\UNAL\2026-1\Control\proyectoControl\sensoresProyecto\MXTmpFiles\system.tmp_save
2026-06-17 11:18:24,657 [INFO] CodeEngine:289 - Generated code: C:\Users\Usuario\Desktop\UNAL\2026-1\Control\proyectoControl\sensoresProyecto\MXTmpFiles\system.tmp
2026-06-17 11:18:24,692 [INFO] CodeEngine:321 - oldGeneratedFile, C:\Users\Usuario\Desktop\UNAL\2026-1\Control\proyectoControl\sensoresProyecto\Core\Inc\stm32f1xx_hal_conf.h_save
2026-06-17 11:18:24,841 [INFO] CodeEngine:345 - Generated code: C:\Users\Usuario\Desktop\UNAL\2026-1\Control\proyectoControl\sensoresProyecto\Core\Inc\stm32f1xx_hal_conf.h
2026-06-17 11:18:24,885 [INFO] ApiDbMcu:532 - Load IP Config File for USART2
2026-06-17 11:18:24,909 [INFO] CodeEngine:265 - oldGeneratedFile, C:\Users\Usuario\Desktop\UNAL\2026-1\Control\proyectoControl\sensoresProyecto\Core\Inc\main.h_save
2026-06-17 11:18:25,087 [INFO] CodeEngine:289 - Generated code: C:\Users\Usuario\Desktop\UNAL\2026-1\Control\proyectoControl\sensoresProyecto\Core\Inc\main.h
2026-06-17 11:18:25,101 [INFO] CodeEngine:265 - oldGeneratedFile, C:\Users\Usuario\Desktop\UNAL\2026-1\Control\proyectoControl\sensoresProyecto\Core\Src\main.c_save
2026-06-17 11:18:25,426 [INFO] CodeEngine:289 - Generated code: C:\Users\Usuario\Desktop\UNAL\2026-1\Control\proyectoControl\sensoresProyecto\Core\Src\main.c
2026-06-17 11:18:25,853 [INFO] ProjectBuilder:3606 - Time for Copy HAL[1] : 234mS.
2026-06-17 11:18:25,859 [INFO] ProjectBuilder:5216 - Project Generator version: 4.7.0-B52
2026-06-17 11:18:25,946 [INFO] ConfigFileManager:1595 - The Die is : DIE414
2026-06-17 11:18:27,865 [INFO] ProjectBuilder:5496 - Time for Generating toolchain IDE Files: 2006mS.
2026-06-17 11:18:27,866 [INFO] ProjectBuilder:3463 - Time for Copy CMSIS : 1mS.
2026-06-17 11:18:28,056 [INFO] ProjectBuilder:3463 - Time for Copy CMSIS : 2mS.
2026-06-17 11:20:43,976 [WARN] IP:2250 - I2C_Coeff_DF not found: check if there is a RefParameter without a condition.
2026-06-17 11:20:43,977 [WARN] IP:2250 - Analog_Filter not found: check if there is a RefParameter without a condition.
2026-06-17 11:20:43,977 [WARN] IP:2250 - I2C_Coeff_DF not found: check if there is a RefParameter without a condition.
2026-06-17 11:20:43,977 [WARN] IP:2250 - Analog_Filter not found: check if there is a RefParameter without a condition.
2026-06-17 11:20:50,544 [WARN] IP:2250 - I2C_Coeff_DF not found: check if there is a RefParameter without a condition.
2026-06-17 11:20:50,544 [WARN] IP:2250 - Analog_Filter not found: check if there is a RefParameter without a condition.
2026-06-17 11:20:50,544 [WARN] IP:2250 - I2C_Coeff_DF not found: check if there is a RefParameter without a condition.
2026-06-17 11:20:50,544 [WARN] IP:2250 - Analog_Filter not found: check if there is a RefParameter without a condition.
2026-06-17 11:20:51,258 [INFO] UtilMem:75 - End SaveConfig() Used Memory: 698704568 Bytes (1073741824)
2026-06-17 11:20:52,399 [INFO] UtilMem:75 - End SaveConfig() Used Memory: 728498616 Bytes (1073741824)
2026-06-17 11:20:55,521 [INFO] UtilMem:75 - End SaveConfig() Used Memory: 838601144 Bytes (1073741824)
2026-06-17 11:20:55,713 [INFO] BlockDiagram:2775 - set Specific Code input for plugin: NVIC
2026-06-17 11:20:55,713 [INFO] BlockDiagram:2775 - set Specific Code input for plugin: USART
2026-06-17 11:20:55,713 [INFO] BlockDiagram:2775 - set Specific Code input for plugin: SYS
2026-06-17 11:20:55,715 [INFO] BlockDiagram:2775 - set Specific Code input for plugin: GPIO
2026-06-17 11:20:55,715 [INFO] BlockDiagram:2775 - set Specific Code input for plugin: RCC
2026-06-17 11:20:55,715 [INFO] BlockDiagram:2775 - set Specific Code input for plugin: I2C
2026-06-17 11:20:55,719 [INFO] CodeGenerator:892 - code generatio: config db path: C:\ST\STM32CubeIDE_1.19.0\STM32CubeIDE\plugins\com.st.stm32cube.common.mx_6.15.0.202507011659\\db\
2026-06-17 11:20:55,721 [WARN] IP:2250 - I2C_Coeff_DF not found: check if there is a RefParameter without a condition.
2026-06-17 11:20:55,721 [WARN] IP:2250 - Analog_Filter not found: check if there is a RefParameter without a condition.
2026-06-17 11:20:55,811 [INFO] CodeEngine:265 - oldGeneratedFile, C:\Users\Usuario\Desktop\UNAL\2026-1\Control\proyectoControl\sensoresProyecto\MXTmpFiles\license.tmp_save
2026-06-17 11:20:56,058 [INFO] CodeEngine:289 - Generated code: C:\Users\Usuario\Desktop\UNAL\2026-1\Control\proyectoControl\sensoresProyecto\MXTmpFiles\license.tmp
2026-06-17 11:20:56,105 [INFO] CodeEngine:265 - oldGeneratedFile, C:\Users\Usuario\Desktop\UNAL\2026-1\Control\proyectoControl\sensoresProyecto\MXTmpFiles\gpio.tmp_save
2026-06-17 11:20:56,276 [INFO] CodeEngine:289 - Generated code: C:\Users\Usuario\Desktop\UNAL\2026-1\Control\proyectoControl\sensoresProyecto\MXTmpFiles\gpio.tmp
2026-06-17 11:20:56,392 [INFO] CodeEngine:265 - oldGeneratedFile, C:\Users\Usuario\Desktop\UNAL\2026-1\Control\proyectoControl\sensoresProyecto\Core\Src\stm32f1xx_it.c_save
2026-06-17 11:20:56,577 [INFO] CodeEngine:289 - Generated code: C:\Users\Usuario\Desktop\UNAL\2026-1\Control\proyectoControl\sensoresProyecto\Core\Src\stm32f1xx_it.c
2026-06-17 11:20:56,592 [INFO] CodeEngine:265 - oldGeneratedFile, C:\Users\Usuario\Desktop\UNAL\2026-1\Control\proyectoControl\sensoresProyecto\Core\Inc\stm32f1xx_it.h_save
2026-06-17 11:20:56,758 [INFO] CodeEngine:289 - Generated code: C:\Users\Usuario\Desktop\UNAL\2026-1\Control\proyectoControl\sensoresProyecto\Core\Inc\stm32f1xx_it.h
2026-06-17 11:20:56,799 [INFO] CodeEngine:265 - oldGeneratedFile, C:\Users\Usuario\Desktop\UNAL\2026-1\Control\proyectoControl\sensoresProyecto\Core\Src\stm32f1xx_hal_msp.c_save
2026-06-17 11:20:57,077 [INFO] CodeEngine:289 - Generated code: C:\Users\Usuario\Desktop\UNAL\2026-1\Control\proyectoControl\sensoresProyecto\Core\Src\stm32f1xx_hal_msp.c
2026-06-17 11:20:57,092 [INFO] CodeEngine:265 - oldGeneratedFile, C:\Users\Usuario\Desktop\UNAL\2026-1\Control\proyectoControl\sensoresProyecto\MXTmpFiles\system.tmp_save
2026-06-17 11:20:57,215 [INFO] CodeEngine:289 - Generated code: C:\Users\Usuario\Desktop\UNAL\2026-1\Control\proyectoControl\sensoresProyecto\MXTmpFiles\system.tmp
2026-06-17 11:20:57,243 [INFO] CodeEngine:321 - oldGeneratedFile, C:\Users\Usuario\Desktop\UNAL\2026-1\Control\proyectoControl\sensoresProyecto\Core\Inc\stm32f1xx_hal_conf.h_save
2026-06-17 11:20:57,376 [INFO] CodeEngine:345 - Generated code: C:\Users\Usuario\Desktop\UNAL\2026-1\Control\proyectoControl\sensoresProyecto\Core\Inc\stm32f1xx_hal_conf.h
2026-06-17 11:20:57,438 [INFO] CodeEngine:265 - oldGeneratedFile, C:\Users\Usuario\Desktop\UNAL\2026-1\Control\proyectoControl\sensoresProyecto\Core\Inc\main.h_save
2026-06-17 11:20:57,572 [INFO] CodeEngine:289 - Generated code: C:\Users\Usuario\Desktop\UNAL\2026-1\Control\proyectoControl\sensoresProyecto\Core\Inc\main.h
2026-06-17 11:20:57,591 [INFO] CodeEngine:265 - oldGeneratedFile, C:\Users\Usuario\Desktop\UNAL\2026-1\Control\proyectoControl\sensoresProyecto\Core\Src\main.c_save
2026-06-17 11:20:57,762 [INFO] CodeEngine:289 - Generated code: C:\Users\Usuario\Desktop\UNAL\2026-1\Control\proyectoControl\sensoresProyecto\Core\Src\main.c
2026-06-17 11:20:58,142 [INFO] ProjectBuilder:3606 - Time for Copy HAL[1] : 193mS.
2026-06-17 11:20:58,147 [INFO] ProjectBuilder:5216 - Project Generator version: 4.7.0-B52
2026-06-17 11:20:58,223 [INFO] ConfigFileManager:1595 - The Die is : DIE414
2026-06-17 11:20:59,427 [INFO] ProjectBuilder:5496 - Time for Generating toolchain IDE Files: 1279mS.
2026-06-17 11:20:59,434 [INFO] ProjectBuilder:3463 - Time for Copy CMSIS : 3mS.
2026-06-17 11:20:59,440 [INFO] ProjectBuilder:3463 - Time for Copy CMSIS : 0mS.
2026-06-17 11:25:20,396 [INFO] UtilMem:75 - End SaveConfig() Used Memory: 794507144 Bytes (1073741824)
2026-06-17 11:25:21,537 [INFO] UtilMem:75 - End SaveConfig() Used Memory: 689135288 Bytes (1073741824)
2026-06-17 11:25:23,491 [INFO] UtilMem:75 - End SaveConfig() Used Memory: 732126904 Bytes (1073741824)
2026-06-17 11:25:23,599 [INFO] ProjectBuilder:2380 - IP not ready for code generation: Clock
2026-06-17 11:25:30,612 [INFO] BlockDiagram:2775 - set Specific Code input for plugin: NVIC
2026-06-17 11:25:30,612 [INFO] BlockDiagram:2775 - set Specific Code input for plugin: USART
2026-06-17 11:25:30,612 [INFO] BlockDiagram:2775 - set Specific Code input for plugin: USB
2026-06-17 11:25:30,613 [INFO] BlockDiagram:2775 - set Specific Code input for plugin: SYS
2026-06-17 11:25:30,613 [INFO] BlockDiagram:2775 - set Specific Code input for plugin: GPIO
2026-06-17 11:25:30,613 [INFO] BlockDiagram:2775 - set Specific Code input for plugin: RCC
2026-06-17 11:25:30,613 [INFO] BlockDiagram:2775 - set Specific Code input for plugin: I2C
2026-06-17 11:25:30,615 [INFO] CodeGenerator:892 - code generatio: config db path: C:\ST\STM32CubeIDE_1.19.0\STM32CubeIDE\plugins\com.st.stm32cube.common.mx_6.15.0.202507011659\\db\
2026-06-17 11:25:30,616 [WARN] IP:2250 - I2C_Coeff_DF not found: check if there is a RefParameter without a condition.
2026-06-17 11:25:30,617 [WARN] IP:2250 - Analog_Filter not found: check if there is a RefParameter without a condition.
2026-06-17 11:25:30,733 [INFO] CodeEngine:265 - oldGeneratedFile, C:\Users\Usuario\Desktop\UNAL\2026-1\Control\proyectoControl\sensoresProyecto\MXTmpFiles\license.tmp_save
2026-06-17 11:25:30,808 [INFO] CodeEngine:289 - Generated code: C:\Users\Usuario\Desktop\UNAL\2026-1\Control\proyectoControl\sensoresProyecto\MXTmpFiles\license.tmp
2026-06-17 11:25:30,832 [INFO] CodeEngine:265 - oldGeneratedFile, C:\Users\Usuario\Desktop\UNAL\2026-1\Control\proyectoControl\sensoresProyecto\MXTmpFiles\gpio.tmp_save
2026-06-17 11:25:30,908 [INFO] CodeEngine:289 - Generated code: C:\Users\Usuario\Desktop\UNAL\2026-1\Control\proyectoControl\sensoresProyecto\MXTmpFiles\gpio.tmp
2026-06-17 11:25:31,021 [INFO] CodeEngine:265 - oldGeneratedFile, C:\Users\Usuario\Desktop\UNAL\2026-1\Control\proyectoControl\sensoresProyecto\Core\Src\stm32f1xx_it.c_save
2026-06-17 11:25:31,132 [INFO] CodeEngine:289 - Generated code: C:\Users\Usuario\Desktop\UNAL\2026-1\Control\proyectoControl\sensoresProyecto\Core\Src\stm32f1xx_it.c
2026-06-17 11:25:31,146 [INFO] CodeEngine:265 - oldGeneratedFile, C:\Users\Usuario\Desktop\UNAL\2026-1\Control\proyectoControl\sensoresProyecto\Core\Inc\stm32f1xx_it.h_save
2026-06-17 11:25:31,218 [INFO] CodeEngine:289 - Generated code: C:\Users\Usuario\Desktop\UNAL\2026-1\Control\proyectoControl\sensoresProyecto\Core\Inc\stm32f1xx_it.h
2026-06-17 11:25:31,237 [INFO] CodeEngine:265 - oldGeneratedFile, C:\Users\Usuario\Desktop\UNAL\2026-1\Control\proyectoControl\sensoresProyecto\Core\Src\stm32f1xx_hal_msp.c_save
2026-06-17 11:25:31,348 [INFO] CodeEngine:289 - Generated code: C:\Users\Usuario\Desktop\UNAL\2026-1\Control\proyectoControl\sensoresProyecto\Core\Src\stm32f1xx_hal_msp.c
2026-06-17 11:25:31,359 [INFO] CodeEngine:265 - oldGeneratedFile, C:\Users\Usuario\Desktop\UNAL\2026-1\Control\proyectoControl\sensoresProyecto\MXTmpFiles\system.tmp_save
2026-06-17 11:25:31,424 [INFO] CodeEngine:289 - Generated code: C:\Users\Usuario\Desktop\UNAL\2026-1\Control\proyectoControl\sensoresProyecto\MXTmpFiles\system.tmp
2026-06-17 11:25:31,444 [INFO] CodeEngine:321 - oldGeneratedFile, C:\Users\Usuario\Desktop\UNAL\2026-1\Control\proyectoControl\sensoresProyecto\Core\Inc\stm32f1xx_hal_conf.h_save
2026-06-17 11:25:31,519 [INFO] CodeEngine:345 - Generated code: C:\Users\Usuario\Desktop\UNAL\2026-1\Control\proyectoControl\sensoresProyecto\Core\Inc\stm32f1xx_hal_conf.h
2026-06-17 11:25:31,540 [INFO] ApiDbMcu:532 - Load IP Config File for USB
2026-06-17 11:25:31,557 [INFO] CodeEngine:265 - oldGeneratedFile, C:\Users\Usuario\Desktop\UNAL\2026-1\Control\proyectoControl\sensoresProyecto\Core\Inc\main.h_save
2026-06-17 11:25:31,639 [INFO] CodeEngine:289 - Generated code: C:\Users\Usuario\Desktop\UNAL\2026-1\Control\proyectoControl\sensoresProyecto\Core\Inc\main.h
2026-06-17 11:25:31,654 [INFO] CodeEngine:265 - oldGeneratedFile, C:\Users\Usuario\Desktop\UNAL\2026-1\Control\proyectoControl\sensoresProyecto\Core\Src\main.c_save
2026-06-17 11:25:31,765 [INFO] CodeEngine:289 - Generated code: C:\Users\Usuario\Desktop\UNAL\2026-1\Control\proyectoControl\sensoresProyecto\Core\Src\main.c
2026-06-17 11:25:32,274 [INFO] ProjectBuilder:3606 - Time for Copy HAL[1] : 297mS.
2026-06-17 11:25:32,279 [INFO] ProjectBuilder:5216 - Project Generator version: 4.7.0-B52
2026-06-17 11:25:32,381 [INFO] ConfigFileManager:1595 - The Die is : DIE414
2026-06-17 11:25:33,508 [INFO] ProjectBuilder:5496 - Time for Generating toolchain IDE Files: 1229mS.
2026-06-17 11:25:33,510 [INFO] ProjectBuilder:3463 - Time for Copy CMSIS : 1mS.
2026-06-17 11:25:33,515 [INFO] ProjectBuilder:3463 - Time for Copy CMSIS : 0mS.
2026-06-17 11:31:16,259 [INFO] WebApp:194 - Connection lost
2026-06-17 11:33:52,552 [INFO] WebApp:191 - Connection restablished
2026-06-17 12:03:18,161 [ERROR] LogOutputStream:75 - [STDERR_REDIRECT] 
2026-06-17 12:03:36,740 [INFO] Activator:176 - 


2026-06-17 12:03:36,743 [INFO] Activator:177 - !SESSION log4j initialized
2026-06-17 12:03:43,689 [INFO] LogOutputStream:77 - [STDOUT_REDIRECT] 
2026-06-17 12:04:05,113 [INFO] ApplicationProperties:184 - Using Application install path: C:\ST\STM32CubeIDE_1.19.0\STM32CubeIDE\plugins\com.st.stm32cube.common.mx_6.15.0.202507011659
2026-06-17 12:04:05,155 [INFO] DbMcusXml:78 - Set database path to: C:\ST\STM32CubeIDE_1.19.0\STM32CubeIDE\plugins\com.st.stm32cube.common.mx_6.15.0.202507011659\\db\/mcu/
2026-06-17 12:04:05,156 [INFO] ApiDb:274 - Set plugin database path to: C:\ST\STM32CubeIDE_1.19.0\STM32CubeIDE\plugins\com.st.stm32cube.common.mx_6.15.0.202507011659\\db\/plugins/boardmanager/
2026-06-17 12:04:05,157 [WARN] ApiDb:259 - Overriding images path with different value:  => C:\ST\STM32CubeIDE_1.19.0\STM32CubeIDE\plugins\com.st.stm32cube.common.mx_6.15.0.202507011659\\db\/plugins/mcufinder/images/
2026-06-17 12:04:05,175 [INFO] ApiDb:250 - Set database path to: C:\Users\Usuario\.stmcufinder\plugins\mcufinder//mcu/
2026-06-17 12:04:05,177 [INFO] DbMcusAds:125 - Set database path to: C:\Users\Usuario\.stmcufinder\plugins\mcufinder//mcu/
2026-06-17 12:04:05,198 [INFO] CrossReferenceDbSqlite:203 - Set database path to: C:\Users\Usuario\.stmcufinder\plugins\mcufinder//mcu/cs/
2026-06-17 12:04:05,489 [INFO] RulesReader:64 - Compatibility file has been processed (317 Rules)
2026-06-17 12:04:05,701 [INFO] DbMcusXml:78 - Set database path to: C:\ST\STM32CubeIDE_1.19.0\STM32CubeIDE\plugins\com.st.stm32cube.common.mx_6.15.0.202507011659\\db\/mcu/
2026-06-17 12:04:05,701 [INFO] ApiDb:274 - Set plugin database path to: C:\ST\STM32CubeIDE_1.19.0\STM32CubeIDE\plugins\com.st.stm32cube.common.mx_6.15.0.202507011659\\db\/plugins/boardmanager/
2026-06-17 12:04:05,701 [INFO] ApiDb:261 - Set plugin images path to: C:\ST\STM32CubeIDE_1.19.0\STM32CubeIDE\plugins\com.st.stm32cube.common.mx_6.15.0.202507011659\\db\/plugins/mcufinder/images/
2026-06-17 12:04:05,701 [WARN] DbFile:41 - Overriding database path with different value: C:\Users\Usuario\.stmcufinder\plugins\mcufinder/ => C:\Users\Usuario\.stmcufinder\plugins\mcufinder
2026-06-17 12:04:05,702 [INFO] ApiDb:250 - Set database path to: C:\Users\Usuario\.stmcufinder\plugins\mcufinder//mcu/
2026-06-17 12:04:05,703 [WARN] DbFile:41 - Overriding database path with different value: C:\Users\Usuario\.stmcufinder\plugins\mcufinder/ => C:\Users\Usuario\.stmcufinder\plugins\mcufinder
2026-06-17 12:04:05,704 [INFO] DbMcusAds:125 - Set database path to: C:\Users\Usuario\.stmcufinder\plugins\mcufinder//mcu/
2026-06-17 12:04:05,704 [WARN] DbFile:41 - Overriding database path with different value: C:\Users\Usuario\.stmcufinder\plugins\mcufinder/ => C:\Users\Usuario\.stmcufinder\plugins\mcufinder
2026-06-17 12:04:05,704 [WARN] DbFile:41 - Overriding database path with different value: C:\Users\Usuario\.stmcufinder\plugins\mcufinder/ => C:\Users\Usuario\.stmcufinder\plugins\mcufinder
2026-06-17 12:04:05,705 [INFO] CrossReferenceDbSqlite:203 - Set database path to: C:\Users\Usuario\.stmcufinder\plugins\mcufinder//mcu/cs/
2026-06-17 12:04:05,880 [INFO] MainPanel:274 - HeapMemory: 309329920
2026-06-17 12:04:06,185 [INFO] DbMcusXml:78 - Set database path to: C:\ST\STM32CubeIDE_1.19.0\STM32CubeIDE\plugins\com.st.stm32cube.common.mx_6.15.0.202507011659\\db\/mcu/
2026-06-17 12:04:06,185 [INFO] ApiDb:274 - Set plugin database path to: C:\ST\STM32CubeIDE_1.19.0\STM32CubeIDE\plugins\com.st.stm32cube.common.mx_6.15.0.202507011659\\db\/plugins/boardmanager/
2026-06-17 12:04:06,185 [INFO] ApiDb:261 - Set plugin images path to: C:\ST\STM32CubeIDE_1.19.0\STM32CubeIDE\plugins\com.st.stm32cube.common.mx_6.15.0.202507011659\\db\/plugins/mcufinder/images/
2026-06-17 12:04:06,187 [WARN] DbFile:41 - Overriding database path with different value: C:\Users\Usuario\.stmcufinder\plugins\mcufinder/ => C:\Users\Usuario\.stmcufinder\plugins\mcufinder
2026-06-17 12:04:06,187 [INFO] ApiDb:250 - Set database path to: C:\Users\Usuario\.stmcufinder\plugins\mcufinder//mcu/
2026-06-17 12:04:06,188 [WARN] DbFile:41 - Overriding database path with different value: C:\Users\Usuario\.stmcufinder\plugins\mcufinder/ => C:\Users\Usuario\.stmcufinder\plugins\mcufinder
2026-06-17 12:04:06,188 [INFO] DbMcusAds:125 - Set database path to: C:\Users\Usuario\.stmcufinder\plugins\mcufinder//mcu/
2026-06-17 12:04:06,188 [WARN] DbFile:41 - Overriding database path with different value: C:\Users\Usuario\.stmcufinder\plugins\mcufinder/ => C:\Users\Usuario\.stmcufinder\plugins\mcufinder
2026-06-17 12:04:06,189 [WARN] DbFile:41 - Overriding database path with different value: C:\Users\Usuario\.stmcufinder\plugins\mcufinder/ => C:\Users\Usuario\.stmcufinder\plugins\mcufinder
2026-06-17 12:04:06,189 [INFO] CrossReferenceDbSqlite:203 - Set database path to: C:\Users\Usuario\.stmcufinder\plugins\mcufinder//mcu/cs/
2026-06-17 12:04:06,274 [INFO] ApplicationProperties:184 - Using Application install path: C:\ST\STM32CubeIDE_1.19.0\STM32CubeIDE\plugins\com.st.stm32cube.common.mx_6.15.0.202507011659
2026-06-17 12:04:06,278 [INFO] PluginManage:196 - Search for loadable plugins [exclusion list=, ]
2026-06-17 12:04:06,294 [INFO] PluginManage:310 - Check plugin analytics
2026-06-17 12:04:16,274 [INFO] AnalyticsPlugin:253 - Accepted Software Licenses: 
2026-06-17 12:04:16,275 [INFO] AnalyticsPlugin:255 - Accepted CMSIS Pack Licenses: 
2026-06-17 12:04:16,275 [INFO] AnalyticsPlugin:257 - Accepted Firmware Licenses: 
2026-06-17 12:04:16,283 [INFO] PluginManage:359 - Loaded plugin analytics (category:tool,tabindex:-1)
2026-06-17 12:04:16,283 [INFO] PluginManage:310 - Check plugin cadmodel
2026-06-17 12:04:16,291 [INFO] CADModel:105 - Init CAD model plugin
2026-06-17 12:04:16,291 [INFO] PluginManage:359 - Loaded plugin cadmodel (category:power,tabindex:5)
2026-06-17 12:04:16,292 [INFO] PluginManage:310 - Check plugin clock
2026-06-17 12:04:16,308 [INFO] PluginManage:359 - Loaded plugin clock (category:base,tabindex:2)
2026-06-17 12:04:16,308 [INFO] PluginManage:310 - Check plugin ddr
2026-06-17 12:04:16,314 [INFO] PluginManage:359 - Loaded plugin ddr (category:tool,tabindex:6)
2026-06-17 12:04:16,314 [INFO] PluginManage:310 - Check plugin filemanager
2026-06-17 12:04:16,610 [INFO] PluginManage:359 - Loaded plugin filemanager (category:base,tabindex:10)
2026-06-17 12:04:16,610 [INFO] PluginManage:310 - Check plugin ipmanager
2026-06-17 12:04:16,622 [INFO] PluginManage:359 - Loaded plugin ipmanager (category:base,tabindex:5)
2026-06-17 12:04:16,622 [INFO] PluginManage:310 - Check plugin lpbam
2026-06-17 12:04:16,638 [INFO] PluginManage:359 - Loaded plugin lpbam (category:base,tabindex:0)
2026-06-17 12:04:16,638 [INFO] PluginManage:310 - Check plugin memorymap
2026-06-17 12:04:16,675 [INFO] PluginManage:359 - Loaded plugin memorymap (category:base,tabindex:4)
2026-06-17 12:04:16,675 [INFO] PluginManage:310 - Check plugin pinoutandconfiguration
2026-06-17 12:04:16,689 [INFO] PluginManage:359 - Loaded plugin pinoutandconfiguration (category:base,tabindex:1)
2026-06-17 12:04:16,689 [INFO] PluginManage:310 - Check plugin pinoutconfig
2026-06-17 12:04:16,898 [WARN] SupportedApi:132 - Cannot load RTOS API schema: s4s-elt-must-match.1: The content of 'definitions' must match (annotation?, (simpleType | complexType)?, (unique | key | keyref)*)). A problem was found starting at: attribute.
2026-06-17 12:04:17,202 [INFO] PluginManage:359 - Loaded plugin pinoutconfig (category:base,tabindex:0)
2026-06-17 12:04:17,203 [INFO] PluginManage:310 - Check plugin power
2026-06-17 12:04:17,217 [INFO] PluginManage:359 - Loaded plugin power (category:power,tabindex:4)
2026-06-17 12:04:17,217 [INFO] PluginManage:310 - Check plugin projectmanager
2026-06-17 12:04:17,248 [INFO] PluginManage:359 - Loaded plugin projectmanager (category:projectmanager,tabindex:4)
2026-06-17 12:04:17,248 [INFO] PluginManage:310 - Check plugin rif
2026-06-17 12:04:17,268 [INFO] PluginManage:359 - Loaded plugin rif (category:base,tabindex:3)
2026-06-17 12:04:17,268 [INFO] PluginManage:310 - Check plugin thirdparty
2026-06-17 12:04:17,495 [INFO] PluginManage:359 - Loaded plugin thirdparty (category:base,tabindex:-1)
2026-06-17 12:04:17,494 [WARN] IntegrityCheckThread:84 - waiting for thirdparty lock release [integrity check]
2026-06-17 12:04:17,495 [INFO] PluginManage:310 - Check plugin tools
2026-06-17 12:04:17,495 [INFO] IntegrityCheckThread:86 - entering critical section [integrity check]
2026-06-17 12:04:17,496 [INFO] ThirdPartyUpdaterWithRetryManager:70 - Updater plugin not ready yet. [1/15]
2026-06-17 12:04:17,500 [INFO] PluginManage:359 - Loaded plugin tools (category:base,tabindex:7)
2026-06-17 12:04:17,500 [INFO] PluginManage:310 - Check plugin tutovideos
2026-06-17 12:04:17,875 [INFO] PluginManage:359 - Loaded plugin tutovideos (category:base,tabindex:-1)
2026-06-17 12:04:17,875 [INFO] PluginManage:310 - Check plugin updater
2026-06-17 12:04:17,937 [INFO] PluginManage:359 - Loaded plugin updater (category:base,tabindex:12)
2026-06-17 12:04:17,938 [INFO] PluginManage:310 - Check plugin userauth
2026-06-17 12:04:17,945 [INFO] UserAuth:118 - Init User Auth plugin
2026-06-17 12:04:17,946 [INFO] PluginManage:359 - Loaded plugin userauth (category:base,tabindex:14)
2026-06-17 12:04:17,947 [INFO] PluginManage:283 - PluginManage : Loaded plugins [18]
2026-06-17 12:04:18,268 [INFO] PinOutPanel:1589 - setPackage(No Configuration,No Configuration)
2026-06-17 12:04:18,385 [INFO] CADModel:165 - CPN selected for project level
2026-06-17 12:04:18,385 [INFO] CADModel:114 - Register for checkConnection events
2026-06-17 12:04:18,403 [INFO] IPUIPlugin:80 - create IPUIPlugin
2026-06-17 12:04:18,403 [INFO] PluginManager:220 - loadIPPluginJar : add adc
2026-06-17 12:04:18,407 [INFO] IPUIPlugin:80 - create IPUIPlugin
2026-06-17 12:04:18,407 [INFO] PluginManager:220 - loadIPPluginJar : add aes
2026-06-17 12:04:18,411 [INFO] IPUIPlugin:80 - create IPUIPlugin
2026-06-17 12:04:18,411 [INFO] PluginManager:220 - loadIPPluginJar : add can
2026-06-17 12:04:18,414 [INFO] IPUIPlugin:80 - create IPUIPlugin
2026-06-17 12:04:18,414 [INFO] PluginManager:220 - loadIPPluginJar : add comp
2026-06-17 12:04:18,417 [INFO] IPUIPlugin:80 - create IPUIPlugin
2026-06-17 12:04:18,417 [INFO] PluginManager:220 - loadIPPluginJar : add cryp
2026-06-17 12:04:18,421 [INFO] IPUIPlugin:80 - create IPUIPlugin
2026-06-17 12:04:18,421 [INFO] PluginManager:220 - loadIPPluginJar : add ddr_ctrl_phy
2026-06-17 12:04:18,424 [INFO] IPUIPlugin:80 - create IPUIPlugin
2026-06-17 12:04:18,424 [INFO] PluginManager:220 - loadIPPluginJar : add dfsdm
2026-06-17 12:04:18,429 [INFO] IPUIPlugin:80 - create IPUIPlugin
2026-06-17 12:04:18,430 [INFO] PluginManager:220 - loadIPPluginJar : add dma
2026-06-17 12:04:18,433 [INFO] IPUIPlugin:80 - create IPUIPlugin
2026-06-17 12:04:18,433 [INFO] PluginManager:220 - loadIPPluginJar : add dma3
2026-06-17 12:04:18,437 [INFO] IPUIPlugin:80 - create IPUIPlugin
2026-06-17 12:04:18,438 [INFO] PluginManager:220 - loadIPPluginJar : add extmemmanager
2026-06-17 12:04:18,440 [INFO] IPUIPlugin:80 - create IPUIPlugin
2026-06-17 12:04:18,440 [INFO] PluginManager:220 - loadIPPluginJar : add fatfs
2026-06-17 12:04:18,445 [INFO] IPUIPlugin:80 - create IPUIPlugin
2026-06-17 12:04:18,445 [INFO] PluginManager:220 - loadIPPluginJar : add fmc
2026-06-17 12:04:18,450 [INFO] IPUIPlugin:80 - create IPUIPlugin
2026-06-17 12:04:18,450 [INFO] PluginManager:220 - loadIPPluginJar : add freertos
2026-06-17 12:04:18,453 [INFO] IPUIPlugin:80 - create IPUIPlugin
2026-06-17 12:04:18,453 [INFO] PluginManager:220 - loadIPPluginJar : add genericplugin
2026-06-17 12:04:18,455 [INFO] IPUIPlugin:80 - create IPUIPlugin
2026-06-17 12:04:18,455 [INFO] PluginManager:220 - loadIPPluginJar : add gfxmmu
2026-06-17 12:04:18,460 [INFO] IPUIPlugin:80 - create IPUIPlugin
2026-06-17 12:04:18,460 [INFO] PluginManager:220 - loadIPPluginJar : add gic
2026-06-17 12:04:18,465 [INFO] IPUIPlugin:80 - create IPUIPlugin
2026-06-17 12:04:18,465 [INFO] PluginManager:220 - loadIPPluginJar : add gpio
2026-06-17 12:04:18,468 [INFO] IPUIPlugin:80 - create IPUIPlugin
2026-06-17 12:04:18,468 [INFO] PluginManager:220 - loadIPPluginJar : add gtzc
2026-06-17 12:04:18,472 [INFO] IPUIPlugin:80 - create IPUIPlugin
2026-06-17 12:04:18,472 [INFO] PluginManager:220 - loadIPPluginJar : add hash
2026-06-17 12:04:18,476 [INFO] IPUIPlugin:80 - create IPUIPlugin
2026-06-17 12:04:18,476 [INFO] PluginManager:220 - loadIPPluginJar : add i2c
2026-06-17 12:04:18,480 [INFO] IPUIPlugin:80 - create IPUIPlugin
2026-06-17 12:04:18,480 [INFO] PluginManager:220 - loadIPPluginJar : add i2s
2026-06-17 12:04:18,484 [INFO] IPUIPlugin:80 - create IPUIPlugin
2026-06-17 12:04:18,484 [INFO] PluginManager:220 - loadIPPluginJar : add i3c
2026-06-17 12:04:18,489 [INFO] IPUIPlugin:80 - create IPUIPlugin
2026-06-17 12:04:18,490 [INFO] PluginManager:220 - loadIPPluginJar : add ipddr
2026-06-17 12:04:18,498 [INFO] IPUIPlugin:80 - create IPUIPlugin
2026-06-17 12:04:18,498 [INFO] PluginManager:220 - loadIPPluginJar : add linkedlist
2026-06-17 12:04:18,502 [INFO] IPUIPlugin:80 - create IPUIPlugin
2026-06-17 12:04:18,503 [INFO] PluginManager:220 - loadIPPluginJar : add lorawan
2026-06-17 12:04:18,505 [INFO] IPUIPlugin:80 - create IPUIPlugin
2026-06-17 12:04:18,505 [INFO] PluginManager:220 - loadIPPluginJar : add ltdc
2026-06-17 12:04:18,512 [INFO] IPUIPlugin:80 - create IPUIPlugin
2026-06-17 12:04:18,512 [INFO] PluginManager:220 - loadIPPluginJar : add mdma
2026-06-17 12:04:18,516 [INFO] IPUIPlugin:80 - create IPUIPlugin
2026-06-17 12:04:18,517 [INFO] PluginManager:220 - loadIPPluginJar : add nvic
2026-06-17 12:04:18,522 [INFO] IPUIPlugin:80 - create IPUIPlugin
2026-06-17 12:04:18,522 [INFO] PluginManager:220 - loadIPPluginJar : add opamp
2026-06-17 12:04:18,525 [INFO] IPUIPlugin:80 - create IPUIPlugin
2026-06-17 12:04:18,526 [INFO] PluginManager:220 - loadIPPluginJar : add openamp
2026-06-17 12:04:18,529 [INFO] IPUIPlugin:80 - create IPUIPlugin
2026-06-17 12:04:18,529 [INFO] PluginManager:220 - loadIPPluginJar : add pdm2pcm
2026-06-17 12:04:18,538 [INFO] IPUIPlugin:80 - create IPUIPlugin
2026-06-17 12:04:18,541 [INFO] PluginManager:220 - loadIPPluginJar : add plateformsettings
2026-06-17 12:04:18,543 [INFO] IPUIPlugin:80 - create IPUIPlugin
2026-06-17 12:04:18,543 [INFO] PluginManager:220 - loadIPPluginJar : add quadspi
2026-06-17 12:04:18,545 [INFO] IPUIPlugin:80 - create IPUIPlugin
2026-06-17 12:04:18,545 [INFO] PluginManager:220 - loadIPPluginJar : add radio
2026-06-17 12:04:18,549 [INFO] IPUIPlugin:80 - create IPUIPlugin
2026-06-17 12:04:18,549 [INFO] PluginManager:220 - loadIPPluginJar : add resmgrutility
2026-06-17 12:04:18,553 [INFO] IPUIPlugin:80 - create IPUIPlugin
2026-06-17 12:04:18,554 [INFO] PluginManager:220 - loadIPPluginJar : add sai
2026-06-17 12:04:18,557 [INFO] IPUIPlugin:80 - create IPUIPlugin
2026-06-17 12:04:18,557 [INFO] PluginManager:220 - loadIPPluginJar : add spi
2026-06-17 12:04:18,564 [INFO] IPUIPlugin:80 - create IPUIPlugin
2026-06-17 12:04:18,565 [INFO] PluginManager:220 - loadIPPluginJar : add stm32_wpan
2026-06-17 12:04:18,567 [INFO] IPUIPlugin:80 - create IPUIPlugin
2026-06-17 12:04:18,567 [INFO] PluginManager:220 - loadIPPluginJar : add tim
2026-06-17 12:04:18,572 [INFO] IPUIPlugin:80 - create IPUIPlugin
2026-06-17 12:04:18,572 [INFO] PluginManager:220 - loadIPPluginJar : add touchsensing
2026-06-17 12:04:18,575 [INFO] IPUIPlugin:80 - create IPUIPlugin
2026-06-17 12:04:18,575 [INFO] PluginManager:220 - loadIPPluginJar : add tracer_emb
2026-06-17 12:04:18,577 [INFO] IPUIPlugin:80 - create IPUIPlugin
2026-06-17 12:04:18,577 [INFO] PluginManager:220 - loadIPPluginJar : add ts
2026-06-17 12:04:18,579 [INFO] IPUIPlugin:80 - create IPUIPlugin
2026-06-17 12:04:18,579 [INFO] PluginManager:220 - loadIPPluginJar : add tsc
2026-06-17 12:04:18,581 [INFO] IPUIPlugin:80 - create IPUIPlugin
2026-06-17 12:04:18,581 [INFO] PluginManager:220 - loadIPPluginJar : add ucpd
2026-06-17 12:04:18,584 [INFO] IPUIPlugin:80 - create IPUIPlugin
2026-06-17 12:04:18,584 [INFO] PluginManager:220 - loadIPPluginJar : add usart
2026-06-17 12:04:18,588 [INFO] IPUIPlugin:80 - create IPUIPlugin
2026-06-17 12:04:18,588 [INFO] PluginManager:220 - loadIPPluginJar : add usbx
2026-06-17 12:04:18,726 [FATAL] Updater:351 - Updater called before beeing initialized
2026-06-17 12:04:18,779 [INFO] RulesReader:64 - Compatibility file has been processed (317 Rules)
2026-06-17 12:04:18,801 [INFO] RulesReader:64 - Compatibility file has been processed (317 Rules)
2026-06-17 12:04:18,814 [INFO] CADModel:165 - CPN selected for project level
2026-06-17 12:04:18,814 [INFO] CADModel:114 - Register for checkConnection events
2026-06-17 12:04:18,814 [FATAL] Updater:351 - Updater called before beeing initialized
2026-06-17 12:04:18,814 [ERROR] CADModel:125 - Updater not yet initialized, retry later 
2026-06-17 12:04:19,012 [FATAL] Updater:351 - Updater called before beeing initialized
2026-06-17 12:04:19,015 [INFO] CADModel:165 - CPN selected for project level
2026-06-17 12:04:19,015 [INFO] CADModel:114 - Register for checkConnection events
2026-06-17 12:04:19,015 [FATAL] Updater:351 - Updater called before beeing initialized
2026-06-17 12:04:19,015 [ERROR] CADModel:125 - Updater not yet initialized, retry later 
2026-06-17 12:04:19,019 [FATAL] Updater:351 - Updater called before beeing initialized
2026-06-17 12:04:19,174 [FATAL] Updater:351 - Updater called before beeing initialized
2026-06-17 12:04:19,179 [INFO] DbMcusAds:53 - JSON generation date=Thu May 28 11:08:16 COT 2026 (1779984496462)
2026-06-17 12:04:19,179 [FATAL] Updater:351 - Updater called before beeing initialized
2026-06-17 12:04:19,232 [WARN] DetailPanel:346 - Failed to get advertising image, set to default
2026-06-17 12:04:19,384 [FATAL] Updater:351 - Updater called before beeing initialized
2026-06-17 12:04:19,386 [FATAL] Updater:351 - Updater called before beeing initialized
2026-06-17 12:04:19,386 [FATAL] Updater:351 - Updater called before beeing initialized
2026-06-17 12:04:19,387 [WARN] DetailPanel:346 - Failed to get advertising image, set to default
2026-06-17 12:04:19,388 [FATAL] Updater:351 - Updater called before beeing initialized
2026-06-17 12:04:19,451 [ERROR] Updater:1198 - MainUpdater not yet initialized. External WinMGr cannot be set.
2026-06-17 12:04:19,454 [INFO] Updater:1134 - Updater Version found : 6.15.0
2026-06-17 12:04:19,468 [INFO] ApplicationProperties:184 - Using Application install path: C:\ST\STM32CubeIDE_1.19.0\STM32CubeIDE\plugins\com.st.stm32cube.common.mx_6.15.0.202507011659
2026-06-17 12:04:20,497 [INFO] ThirdPartyUpdaterWithRetryManager:70 - Updater plugin not ready yet. [2/15]
2026-06-17 12:04:21,060 [ERROR] LogOutputStream:75 - [STDERR_REDIRECT] Jun 17, 2026 12:04:21 PM java.util.prefs.WindowsPreferences <init>
2026-06-17 12:04:21,063 [ERROR] LogOutputStream:75 - [STDERR_REDIRECT] WARNING: Could not open/create prefs root node Software\JavaSoft\Prefs at root 0xffffffff80000002. Windows RegCreateKeyEx(...) returned error code 5.
2026-06-17 12:04:21,064 [ERROR] LogOutputStream:75 - [STDERR_REDIRECT] 
2026-06-17 12:04:22,255 [INFO] MainUpdater:2872 - connection check result : 10
2026-06-17 12:04:22,256 [INFO] MainUpdater:289 - Updater Check For Update Now.
2026-06-17 12:04:22,257 [INFO] MicroXplorer:498 - Change Database Version : DB.6.0.150
2026-06-17 12:04:22,271 [INFO] McuFinderGlobals:63 - Set McuFinder mode to 2 (CubeIDE integrated)
2026-06-17 12:04:22,274 [INFO] UserAuth:487 - Internet connection configuration mode: 1
2026-06-17 12:04:22,328 [INFO] JxBrowserEngine:152 - Initiate JxBrowser Engine with user profile folder
2026-06-17 12:04:22,503 [INFO] CheckServerUpdateThread:120 - End of CheckServer Thread
2026-06-17 12:04:24,242 [INFO] WebApp:169 - Instantiating new browser for Auth
2026-06-17 12:04:24,445 [WARN] PackLoader:240 - Cannot read IP mode file for STMicroelectronics.X-CUBE-AZRTOS-H7.3.5.0
2026-06-17 12:04:24,500 [WARN] PackLoader:240 - Cannot read IP mode file for STMicroelectronics.FP-SNS-MOTENVWB1.1.4.0
2026-06-17 12:04:24,535 [WARN] PackLoader:240 - Cannot read IP mode file for STMicroelectronics.FP-ATR-ASTRA1.2.0.2
2026-06-17 12:04:24,564 [ERROR] Engine:466 - C:\Users\Usuario\.stm32cubemx\thirdparties\pdsc\STMicroelectronics.X-CUBE-SMBUS.2.1.1.pdsc: PDSC version is not supported
2026-06-17 12:04:24,577 [WARN] PackLoader:240 - Cannot read IP mode file for STMicroelectronics.X-CUBE-SMBUS.2.1.0
2026-06-17 12:04:24,600 [WARN] PackLoader:240 - Cannot read IP mode file for STMicroelectronics.X-CUBE-ST60.1.0.0
2026-06-17 12:04:24,661 [WARN] PackLoader:240 - Cannot read IP mode file for STMicroelectronics.X-CUBE-AZRTOS-F7.1.1.0
2026-06-17 12:04:24,684 [WARN] PackLoader:240 - Cannot read IP mode file for STMicroelectronics.FP-SNS-MOTENV1.5.1.0
2026-06-17 12:04:24,761 [WARN] PackLoader:240 - Cannot read IP mode file for STMicroelectronics.X-CUBE-AZRTOS-H7.3.4.0
2026-06-17 12:04:24,799 [WARN] PackLoader:240 - Cannot read IP mode file for STMicroelectronics.X-CUBE-DISPLAY.3.0.0
2026-06-17 12:04:24,834 [WARN] PackLoader:240 - Cannot read IP mode file for STMicroelectronics.X-CUBE-GNSS1.7.1.1
2026-06-17 12:04:24,846 [WARN] PackLoader:240 - Cannot read IP mode file for STMicroelectronics.FP-SNS-MOTENVWB1.1.5.0
2026-06-17 12:04:24,867 [WARN] PackLoader:240 - Cannot read IP mode file for STMicroelectronics.X-CUBE-NFC10.1.0.0
2026-06-17 12:04:24,882 [WARN] PackLoader:240 - Cannot read IP mode file for STMicroelectronics.X-CUBE-ST60.1.1.0
2026-06-17 12:04:24,897 [WARN] PackLoader:240 - Cannot read IP mode file for STMicroelectronics.X-CUBE-GNSS1.7.1.0
2026-06-17 12:04:24,921 [WARN] PackLoader:240 - Cannot read IP mode file for STMicroelectronics.FP-SNS-SMARTAG2.1.2.0
2026-06-17 12:04:24,934 [WARN] PackLoader:240 - Cannot read IP mode file for STMicroelectronics.FP-SNS-FLIGHT1.5.1.0
2026-06-17 12:04:24,953 [INFO] LogOutputStream:77 - [STDOUT_REDIRECT] 1 : Invalid condition id : UX_CORESTACK_Condition cause : null
2026-06-17 12:04:24,954 [INFO] LogOutputStream:77 - [STDOUT_REDIRECT] 1 : Invalid condition id : UX_CORESTACK_Condition cause : null
2026-06-17 12:04:24,958 [INFO] LogOutputStream:77 - [STDOUT_REDIRECT] 1 : Invalid condition id : UX_CORESTACK_Condition cause : null
2026-06-17 12:04:24,960 [INFO] LogOutputStream:77 - [STDOUT_REDIRECT] 1 : Invalid condition id : UX_CORESTACK_Condition cause : null
2026-06-17 12:04:24,963 [INFO] LogOutputStream:77 - [STDOUT_REDIRECT] 1 : Invalid condition id : UX_CORESTACK_Condition cause : null
2026-06-17 12:04:24,970 [WARN] PackLoader:240 - Cannot read IP mode file for STMicroelectronics.X-CUBE-AZRTOS-WL.2.0.0
2026-06-17 12:04:24,981 [WARN] PackLoader:240 - Cannot read IP mode file for STMicroelectronics.FP-SNS-MOTENV1.5.0.0
2026-06-17 12:04:25,035 [WARN] PackLoader:240 - Cannot read IP mode file for STMicroelectronics.X-CUBE-AZRTOS-H7RS.1.2.0
2026-06-17 12:04:25,062 [WARN] PackLoader:240 - Cannot read IP mode file for WES.I-CUBE-Cesium.1.3.0
2026-06-17 12:04:25,080 [WARN] PackLoader:240 - Cannot read IP mode file for STMicroelectronics.X-CUBE-BLE2.3.3.0
2026-06-17 12:04:25,134 [WARN] PackLoader:240 - Cannot read IP mode file for STMicroelectronics.X-CUBE-NFC9.1.0.0
2026-06-17 12:04:25,146 [WARN] PackLoader:240 - Cannot read IP mode file for STMicroelectronics.X-CUBE-BLE1.7.1.0
2026-06-17 12:04:25,162 [WARN] PackLoader:240 - Cannot read IP mode file for STMicroelectronics.FP-SNS-STAIOTCFT.1.1.0
2026-06-17 12:04:25,263 [WARN] PackLoader:240 - Cannot read IP mode file for STMicroelectronics.X-CUBE-MEMS1.12.0.0
2026-06-17 12:04:25,523 [WARN] PackLoader:240 - Cannot read IP mode file for STMicroelectronics.X-CUBE-AZRTOS-G0.1.1.0
2026-06-17 12:04:25,539 [WARN] PackLoader:240 - Cannot read IP mode file for STMicroelectronics.X-CUBE-SAFEA1.1.2.2
2026-06-17 12:04:25,554 [WARN] PackLoader:240 - Cannot read IP mode file for STMicroelectronics.X-CUBE-NFC4.3.0.0
2026-06-17 12:04:25,576 [WARN] PackLoader:240 - Cannot read IP mode file for EmbeddedOffice.I-CUBE-FS-RTOS.1.0.1
2026-06-17 12:04:25,588 [WARN] PackLoader:240 - Cannot read IP mode file for STMicroelectronics.X-CUBE-WB05N.2.0.0
2026-06-17 12:04:25,694 [WARN] PackLoader:240 - Cannot read IP mode file for STMicroelectronics.X-CUBE-TCPP.4.2.0
2026-06-17 12:04:25,707 [WARN] PackLoader:240 - Cannot read IP mode file for RealThread.X-CUBE-RT-Thread_Nano.4.1.1
2026-06-17 12:04:25,715 [WARN] PackLoader:240 - Cannot read IP mode file for STMicroelectronics.FP-ATR-SIGFOX1.3.2.0
2026-06-17 12:04:25,725 [WARN] PackLoader:240 - Cannot read IP mode file for STMicroelectronics.X-CUBE-FREERTOS.1.5.0
2026-06-17 12:04:25,744 [WARN] PackLoader:240 - Cannot read IP mode file for STMicroelectronics.X-CUBE-NFC6.3.2.0
2026-06-17 12:04:25,762 [WARN] PackLoader:240 - Cannot read IP mode file for STMicroelectronics.X-CUBE-ST67W61.1.0.0
2026-06-17 12:04:25,848 [WARN] PackLoader:240 - Cannot read IP mode file for STMicroelectronics.X-CUBE-MEMS1.12.1.0
2026-06-17 12:04:26,025 [WARN] PackLoader:240 - Cannot read IP mode file for SEGGER.I-CUBE-embOS.1.3.1
2026-06-17 12:04:26,096 [WARN] PackLoader:240 - Cannot read IP mode file for STMicroelectronics.X-CUBE-ALGOBUILD.1.4.0
2026-06-17 12:04:26,151 [WARN] PackLoader:240 - Cannot read IP mode file for STMicroelectronics.X-CUBE-MEMS1.11.3.0
2026-06-17 12:04:26,338 [WARN] PackLoader:240 - Cannot read IP mode file for STMicroelectronics.X-CUBE-NFC13.1.0.0
2026-06-17 12:04:26,354 [WARN] PackLoader:240 - Cannot read IP mode file for STMicroelectronics.X-CUBE-PM33A1.1.0.0
2026-06-17 12:04:26,393 [WARN] PackLoader:240 - Cannot read IP mode file for STMicroelectronics.X-CUBE-AZRTOS-F4.1.1.0
2026-06-17 12:04:26,417 [WARN] PackLoader:240 - Cannot read IP mode file for STMicroelectronics.X-CUBE-ISPU.2.1.0
2026-06-17 12:04:26,446 [WARN] PackLoader:240 - Cannot read IP mode file for STMicroelectronics.X-CUBE-IPS.3.2.0
2026-06-17 12:04:26,466 [WARN] PackLoader:240 - Cannot read IP mode file for STMicroelectronics.eDS-WB_DPC_TT-BIDIR.2.1.1
2026-06-17 12:04:26,495 [WARN] PackLoader:240 - Cannot read IP mode file for STMicroelectronics.X-CUBE-AZRTOS-L5.2.0.0
2026-06-17 12:04:26,513 [WARN] PackLoader:240 - Cannot read IP mode file for STMicroelectronics.X-CUBE-NFC6.3.1.0
2026-06-17 12:04:26,530 [WARN] PackLoader:240 - Cannot read IP mode file for STMicroelectronics.X-CUBE-ALGOBUILD.1.5.0
2026-06-17 12:04:26,544 [WARN] PackLoader:240 - Cannot read IP mode file for STMicroelectronics.eDS-WB_DPC_VIENNA.1.2.0
2026-06-17 12:04:26,557 [WARN] PackLoader:240 - Cannot read IP mode file for STMicroelectronics.eDS-WB_DPC_3PH2L-BIDIR.1.1.1
2026-06-17 12:04:26,568 [ERROR] Engine:466 - C:\Users\Usuario\.stm32cubemx\thirdparties\pdsc\STMicroelectronics.X-CUBE-ST67W61.1.3.0.pdsc: PDSC version is not supported
2026-06-17 12:04:26,582 [WARN] PackLoader:240 - Cannot read IP mode file for STMicroelectronics.X-CUBE-FREERTOS.1.3.1
2026-06-17 12:04:26,598 [WARN] PackLoader:240 - Cannot read IP mode file for STMicroelectronics.X-CUBE-TOUCHGFX.4.26.1
2026-06-17 12:04:26,608 [WARN] PackLoader:240 - Cannot read IP mode file for STMicroelectronics.FP-SNS-STAIOTCFT.1.0.0
2026-06-17 12:04:26,623 [WARN] PackLoader:240 - Cannot read IP mode file for STMicroelectronics.X-CUBE-DPower.1.3.0
2026-06-17 12:04:26,656 [WARN] ConditionMgr:438 - getConditionDescription Invalid condition id : LAN8742 Phy interface Condition cause : null
2026-06-17 12:04:26,657 [WARN] PackLoader:240 - Cannot read IP mode file for STMicroelectronics.X-CUBE-AZRTOS-L4.2.0.0
2026-06-17 12:04:26,661 [WARN] ConditionMgr:1044 - genDependencies : Invalid condition id : LAN8742 Phy interface Condition cause : null
2026-06-17 12:04:26,661 [WARN] ConditionMgr:1044 - genDependencies : Invalid condition id : LAN8742 Phy interface Condition cause : null
2026-06-17 12:04:26,664 [WARN] ConditionMgr:1044 - genDependencies : Invalid condition id : LAN8742 Phy interface Condition cause : null
2026-06-17 12:04:26,680 [WARN] PackLoader:240 - Cannot read IP mode file for STMicroelectronics.X-CUBE-SFXS2LP1.4.0.0
2026-06-17 12:04:26,688 [INFO] WebApp:463 - Apply proxy settings
2026-06-17 12:04:26,689 [INFO] WebApp:548 - Chromium requires no authentication
2026-06-17 12:04:26,691 [WARN] PackLoader:240 - Cannot read IP mode file for STMicroelectronics.X-CUBE-WB05N.2.1.0
2026-06-17 12:04:26,704 [WARN] PackLoader:240 - Cannot read IP mode file for STMicroelectronics.X-CUBE-ST67W61.1.2.0
2026-06-17 12:04:26,715 [INFO] WebApp:491 - Direct internet connection detected
2026-06-17 12:04:26,724 [WARN] ConditionMgr:438 - getConditionDescription Invalid condition id : UX DEVICE CLASS RTOS Condition cause : null
2026-06-17 12:04:26,725 [WARN] ConditionMgr:438 - getConditionDescription Invalid condition id : UX DEVICE CLASS RTOS Condition cause : null
2026-06-17 12:04:26,728 [WARN] PackLoader:240 - Cannot read IP mode file for STMicroelectronics.X-CUBE-AZRTOS-WB.2.0.0
2026-06-17 12:04:26,729 [WARN] ConditionMgr:1044 - genDependencies : Invalid condition id : UX DEVICE CLASS RTOS Condition cause : null
2026-06-17 12:04:26,730 [WARN] ConditionMgr:1044 - genDependencies : Invalid condition id : UX DEVICE CLASS RTOS Condition cause : null
2026-06-17 12:04:26,730 [WARN] ConditionMgr:1044 - genDependencies : Invalid condition id : UX DEVICE CLASS RTOS Condition cause : null
2026-06-17 12:04:26,731 [WARN] ConditionMgr:1044 - genDependencies : Invalid condition id : UX DEVICE CLASS RTOS Condition cause : null
2026-06-17 12:04:26,731 [WARN] ConditionMgr:1044 - genDependencies : Invalid condition id : UX DEVICE CLASS RTOS Condition cause : null
2026-06-17 12:04:26,744 [WARN] PackLoader:240 - Cannot read IP mode file for STMicroelectronics.X-CUBE-GNSS1.7.0.1
2026-06-17 12:04:26,759 [WARN] PackLoader:240 - Cannot read IP mode file for STMicroelectronics.X-CUBE-TOUCHGFX.4.25.0
2026-06-17 12:04:26,772 [WARN] ConditionMgr:438 - getConditionDescription Invalid condition id : Cortex-A Device cause : null
2026-06-17 12:04:26,789 [INFO] WebApp:900 - Register for checkConnection events
2026-06-17 12:04:26,790 [INFO] WebApp:463 - Apply proxy settings
2026-06-17 12:04:26,790 [INFO] WebApp:548 - Chromium requires no authentication
2026-06-17 12:04:26,791 [WARN] ConditionMgr:1044 - genDependencies : Invalid condition id : Cortex-A Device cause : null
2026-06-17 12:04:26,791 [WARN] ConditionMgr:1044 - genDependencies : Invalid condition id : Cortex-A Device cause : null
2026-06-17 12:04:26,791 [WARN] ConditionMgr:1044 - genDependencies : Invalid condition id : Cortex-A Device cause : null
2026-06-17 12:04:26,791 [INFO] WebApp:491 - Direct internet connection detected
2026-06-17 12:04:26,805 [WARN] PackLoader:240 - Cannot read IP mode file for STMicroelectronics.X-CUBE-STSE01.2.0.0
2026-06-17 12:04:26,837 [WARN] PackLoader:240 - Cannot read IP mode file for STMicroelectronics.X-CUBE-SUBG2.5.0.0
2026-06-17 12:04:26,872 [WARN] PackLoader:240 - Cannot read IP mode file for STMicroelectronics.X-CUBE-AZRTOS-H7RS.1.1.0
2026-06-17 12:04:26,892 [WARN] PackLoader:240 - Cannot read IP mode file for Cesanta.I-CUBE-Mongoose.7.13.0
2026-06-17 12:04:26,918 [WARN] PackLoader:240 - Cannot read IP mode file for STMicroelectronics.X-CUBE-AZRTOS-G4.2.0.0
2026-06-17 12:04:26,934 [WARN] PackLoader:240 - Cannot read IP mode file for STMicroelectronics.X-CUBE-NFC7.2.0.0
2026-06-17 12:04:26,953 [WARN] PackLoader:240 - Cannot read IP mode file for STMicroelectronics.X-CUBE-IPS.3.1.0
2026-06-17 12:04:27,012 [WARN] PackLoader:240 - Cannot read IP mode file for STMicroelectronics.X-CUBE-ALS.1.0.2
2026-06-17 12:04:27,026 [WARN] PackLoader:240 - Cannot read IP mode file for portGmbH.I-Cube-SoM-uGOAL.1.1.0
2026-06-17 12:04:27,048 [WARN] PackLoader:240 - Cannot read IP mode file for STMicroelectronics.X-CUBE-TOF1.3.4.3
2026-06-17 12:04:27,063 [INFO] ThirdParty:978 - Integrity check success = true
2026-06-17 12:04:27,063 [INFO] IntegrityCheckThread:100 - exiting critical section [integrity check]
2026-06-17 12:04:27,063 [INFO] IntegrityCheckThread:103 - End integrity checks thread
2026-06-17 12:04:27,300 [INFO] WebApp:191 - Connection restablished
2026-06-17 12:04:27,473 [INFO] WebApp:225 - Starting web application
2026-06-17 12:04:27,474 [INFO] WebApp:593 - Web application path used C:\ST\STM32CubeIDE_1.19.0\STM32CubeIDE\plugins\com.st.stm32cube.common.mx_6.15.0.202507011659\db\plugins\mcufinder\reactClient1\index.html
2026-06-17 12:04:29,085 [INFO] UserAuth:487 - Internet connection configuration mode: 1
2026-06-17 12:12:25,084 [INFO] McuFinderGlobals:63 - Set McuFinder mode to 2 (CubeIDE integrated)
2026-06-17 12:12:25,092 [INFO] MainUpdater:2872 - connection check result : 10
2026-06-17 12:12:25,095 [INFO] MainUpdater:2872 - connection check result : 10
2026-06-17 12:12:25,179 [INFO] MicroXplorer:468 - Change Database Path : 
2026-06-17 12:12:25,180 [INFO] MicroXplorer:498 - Change Database Version : DB.6.0.150
2026-06-17 12:12:25,190 [WARN] ThirdParty:871 - waiting for thirdparty lock release [close project]
2026-06-17 12:12:25,190 [INFO] ThirdParty:873 - entering critical section [close project]
2026-06-17 12:12:25,194 [INFO] ThirdParty:883 - exiting critical section [close project]
2026-06-17 12:12:25,202 [INFO] PinOutPanel:1589 - setPackage(No Configuration,No Configuration)
2026-06-17 12:12:25,209 [INFO] UtilMem:75 - Begin LoadConfig() Used Memory: 763938832 Bytes (1073741824)
2026-06-17 12:12:25,212 [INFO] MicroXplorer:468 - Change Database Path : 
2026-06-17 12:12:25,213 [INFO] MicroXplorer:498 - Change Database Version : DB.6.0.150
2026-06-17 12:12:25,214 [INFO] OpenFileManager:355 - Change cursor
2026-06-17 12:12:25,294 [INFO] Mcu:2029 - Initializing MCU STM32F103R(C-D-E)Tx STM32F103RCTx STM32F103RCT6
2026-06-17 12:12:27,321 [INFO] Context:786 - Trying to add GPIOservice into a context  which must be forbidden
2026-06-17 12:12:27,848 [INFO] ImportTextPane:234 - (OptionalMessage_ERROR) Pin8 (VP_RIF_VS_RIF1) cannot be retrieved for this MCU
2026-06-17 12:12:28,117 [INFO] RtosManager:558 - Registered RTOS mode: class=CMSIS, group=RTOS, mode=CMSIS_V1, owner=FREERTOS
2026-06-17 12:12:28,117 [INFO] RtosManager:558 - Registered RTOS mode: class=CMSIS, group=RTOS2, mode=CMSIS_V2, owner=FREERTOS
2026-06-17 12:12:28,118 [INFO] RtosManager:558 - Registered RTOS mode: class=RTOS, group=Core, mode=CMSIS_V1, owner=FREERTOS
2026-06-17 12:12:28,118 [INFO] RtosManager:558 - Registered RTOS mode: class=RTOS, group=Core, mode=CMSIS_V2, owner=FREERTOS
2026-06-17 12:12:28,118 [WARN] ModelIntegratedComponent:184 - Missing modes for component STMicroelectronics:FreeRTOS:0.0.1:STMicroelectronics:RTOS:FreeRTOS:Core:::10.2.0:
2026-06-17 12:12:28,155 [WARN] ModelIntegratedComponent:63 - No mode defined for component null
2026-06-17 12:12:28,156 [WARN] ModelIntegratedComponent:63 - No mode defined for component null
2026-06-17 12:12:28,156 [WARN] ModelIntegratedComponent:63 - No mode defined for component null
2026-06-17 12:12:28,156 [WARN] ModelIntegratedComponent:63 - No mode defined for component null
2026-06-17 12:12:28,156 [WARN] ModelIntegratedComponent:63 - No mode defined for component null
2026-06-17 12:12:28,157 [WARN] ModelIntegratedComponent:63 - No mode defined for component null
2026-06-17 12:12:28,157 [WARN] ModelIntegratedComponent:63 - No mode defined for component null
2026-06-17 12:12:28,157 [WARN] ModelIntegratedComponent:63 - No mode defined for component null
2026-06-17 12:12:28,157 [WARN] ModelIntegratedComponent:63 - No mode defined for component null
2026-06-17 12:12:28,157 [WARN] ModelIntegratedComponent:63 - No mode defined for component null
2026-06-17 12:12:28,157 [WARN] ModelIntegratedComponent:63 - No mode defined for component null
2026-06-17 12:12:28,158 [WARN] ModelIntegratedComponent:63 - No mode defined for component null
2026-06-17 12:12:28,158 [WARN] ModelIntegratedComponent:63 - No mode defined for component null
2026-06-17 12:12:28,158 [WARN] ModelIntegratedComponent:63 - No mode defined for component null
2026-06-17 12:12:28,158 [WARN] ModelIntegratedComponent:63 - No mode defined for component null
2026-06-17 12:12:28,158 [WARN] ModelIntegratedComponent:63 - No mode defined for component null
2026-06-17 12:12:28,158 [WARN] ModelIntegratedComponent:63 - No mode defined for component null
2026-06-17 12:12:28,159 [WARN] ModelIntegratedComponent:63 - No mode defined for component null
2026-06-17 12:12:28,159 [WARN] ModelIntegratedComponent:63 - No mode defined for component null
2026-06-17 12:12:28,159 [WARN] ModelIntegratedComponent:63 - No mode defined for component null
2026-06-17 12:12:28,159 [WARN] ModelIntegratedComponent:63 - No mode defined for component null
2026-06-17 12:12:28,159 [WARN] ModelIntegratedComponent:63 - No mode defined for component null
2026-06-17 12:12:28,159 [WARN] ModelIntegratedComponent:63 - No mode defined for component null
2026-06-17 12:12:28,159 [WARN] ModelIntegratedComponent:63 - No mode defined for component null
2026-06-17 12:12:28,159 [WARN] ModelIntegratedComponent:63 - No mode defined for component null
2026-06-17 12:12:28,159 [WARN] ModelIntegratedComponent:63 - No mode defined for component null
2026-06-17 12:12:28,159 [WARN] ModelIntegratedComponent:63 - No mode defined for component null
2026-06-17 12:12:28,159 [WARN] ModelIntegratedComponent:63 - No mode defined for component null
2026-06-17 12:12:28,160 [WARN] ModelIntegratedComponent:63 - No mode defined for component null
2026-06-17 12:12:28,160 [WARN] ModelIntegratedComponent:63 - No mode defined for component null
2026-06-17 12:12:28,160 [WARN] ModelIntegratedComponent:63 - No mode defined for component null
2026-06-17 12:12:28,160 [WARN] ModelIntegratedComponent:63 - No mode defined for component null
2026-06-17 12:12:28,160 [WARN] ModelIntegratedComponent:63 - No mode defined for component null
2026-06-17 12:12:28,160 [WARN] ModelIntegratedComponent:63 - No mode defined for component null
2026-06-17 12:12:28,160 [WARN] ModelIntegratedComponent:63 - No mode defined for component null
2026-06-17 12:12:28,161 [WARN] ModelPack:524 - Component already loaded: STMicroelectronics:HAL Drivers:0.0.0:STMicroelectronics:Device:STMicro_Driver:XSPI:HAL::0.0.1:HAL_XSPI
2026-06-17 12:12:28,434 [INFO] ThirdPartyModel:298 - Start build external matchings
2026-06-17 12:12:29,940 [INFO] ThirdPartyModel:316 - End build external matchings
2026-06-17 12:12:30,483 [INFO] ApiDb:581 - Connected to CubeFinder SQLite database (C:\Users\Usuario\.stmcufinder\plugins\mcufinder\mcu\cube-finder-db.db)
2026-06-17 12:12:30,666 [INFO] ApiDb:668 - CubeFinder database Data Model version=2.1
2026-06-17 12:12:30,667 [INFO] ApiDb:669 - CubeFinder database Configuration version=3.0.42
2026-06-17 12:12:30,668 [INFO] ApiDb:670 - CubeFinder database generation date=2026-05-14 (1778746352)
2026-06-17 12:12:30,669 [INFO] ApiDb:671 - CubeFinder database FW Pack versions=[FP-ATR-ASTRA1_V2.0.0, FP-SNS-FLIGHT1_V5.1.0, FP-SNS-MOTENV1_V5.1.0, FP-SNS-MOTENVWB1_V1.5.0, FP-SNS-SMARTAG2_V1.2.0, FP-SNS-STBOX1_V2.1.0, STM32Cube_FW_C0_V1.4.0, STM32Cube_FW_F4_V1.28.3, STM32Cube_FW_F7_V1.17.4, STM32Cube_FW_G0_V1.6.3, STM32Cube_FW_G4_V1.6.2, STM32Cube_FW_H5_V1.6.0, STM32Cube_FW_H7RS_V1.3.0, STM32Cube_FW_H7_V1.13.0, STM32Cube_FW_L0_V1.12.2, STM32Cube_FW_L4_V1.18.2, STM32Cube_FW_L5_V1.6.0, STM32Cube_FW_N6_V1.3.0, STM32Cube_FW_U0_V1.3.0, STM32Cube_FW_U3_V1.3.0, STM32Cube_FW_U5_V1.8.0, STM32Cube_FW_WB0_V1.4.0, STM32Cube_FW_WBA_V1.9.0, STM32Cube_FW_WB_V1.24.0, STM32Cube_FW_WL3_V1.4.0, STM32Cube_FW_WL_V1.5.0, X-CUBE-ALGOBUILD_V1.4.0, X-CUBE-ALS_V1.0.2, X-CUBE-AZRTOS-F4_V1.1.0, X-CUBE-AZRTOS-F7_V1.1.0, X-CUBE-AZRTOS-G0_V1.1.0, X-CUBE-AZRTOS-G4_V2.0.0, X-CUBE-AZRTOS-H7RS_V1.1.0, X-CUBE-AZRTOS-H7_V3.5.0, X-CUBE-AZRTOS-L4_V2.0.0, X-CUBE-AZRTOS-L5_V2.0.0, X-CUBE-AZRTOS-WB_V2.0.0, X-CUBE-AZRTOS-WL_V2.0.0, X-CUBE-BLE1_V7.1.0, X-CUBE-BLE2_V3.3.0, X-CUBE-BLEMGR_V4.1.0, X-CUBE-EEPRMA1_V5.2.0, X-CUBE-FREERTOS_V1.5.0, X-CUBE-GNSS1_V7.1.1, X-CUBE-MEMS1_V12.1.0, X-CUBE-NFC4_V3.0.0, X-CUBE-NFC7_V2.0.0, X-CUBE-SFXS2LP1_V4.0.0, X-CUBE-ST67W61_V1.3.0, X-CUBE-SUBG2_V5.0.0, X-CUBE-TOF1_V3.4.3]
2026-06-17 12:12:30,904 [INFO] DbBoardsSqlite:226 - include board P-NUCLEO-WB55-NUCLEO as a kit item of type 'Nucleo-64'
2026-06-17 12:12:30,904 [INFO] DbBoardsSqlite:226 - include board P-NUCLEO-WB55-USBDONGLE as a kit item of type 'Nucleo USB Dongle'
2026-06-17 12:12:30,907 [INFO] DbBoardsSqlite:226 - include board STEVAL-IDP005V1 as a kit item of type 'Evaluation Board'
2026-06-17 12:12:30,907 [INFO] DbBoardsSqlite:226 - include board STEVAL-IDP005V2 as a kit item of type 'Evaluation Board'
2026-06-17 12:12:32,549 [INFO] ApiDb:240 - Found 880 in-development CPN: [B-G473E-ZEST1S, B-WB1M-WPAN1, B-WBA5M-WPAN, B-WL5M-SUBG1, NUCLEO-C031C6, NUCLEO-C051C8, NUCLEO-C071RB, NUCLEO-C092RC, NUCLEO-H503RB, NUCLEO-H533RE, NUCLEO-H563ZI, NUCLEO-H7S3L8, NUCLEO-N657X0-Q, NUCLEO-U031R8, NUCLEO-U083RC, NUCLEO-U385RG-Q, NUCLEO-U545RE-Q, NUCLEO-U5A5ZJ-Q, NUCLEO-WB05KZ, NUCLEO-WB07CC, NUCLEO-WB09KE, NUCLEO-WBA52CG, NUCLEO-WBA55CG, NUCLEO-WL33CC1, NUCLEO-WL33CC2, STEVAL-PROTEUS1, STEVAL-SMARTAG2, STEVAL-STWINBX1, STM320518-EVAL, STM32C0116-DK, STM32C011D6Y3TR, STM32C011D6Y6TR, STM32C011F4P3, STM32C011F4P6, STM32C011F4U3, STM32C011F4U6TR, STM32C011F6P3, STM32C011F6P6, STM32C011F6U3, STM32C011F6U6TR, STM32C011J4M3, STM32C011J4M6, STM32C011J6M3, STM32C011J6M6, STM32C0316-DK, STM32C031C4T3, STM32C031C4T6, STM32C031C4U3, STM32C031C4U6, STM32C031C6T3, STM32C031C6T6, STM32C031C6U3, STM32C031C6U6, STM32C031F4P3, STM32C031F4P6, STM32C031F6P3, STM32C031F6P6, STM32C031G4U3, STM32C031G4U6, STM32C031G6U3, STM32C031G6U6, STM32C031K4T3, STM32C031K4T6, STM32C031K4U3, STM32C031K4U6, STM32C031K6T3, STM32C031K6T6, STM32C031K6U3, STM32C031K6U6, STM32C051C6T6, STM32C051C6U6, STM32C051C8T6, STM32C051C8U6, STM32C051D8Y6TR, STM32C051F6P6, STM32C051F8P6, STM32C051G6U6, STM32C051G8U6, STM32C051K6T6, STM32C051K6U6, STM32C051K8T6, STM32C071C8T6, STM32C071C8T6N, STM32C071C8U6, STM32C071C8U6N, STM32C071CBT6, STM32C071CBT6N, STM32C071CBU6, STM32C071CBU6N, STM32C071F8P6, STM32C071F8P6N, STM32C071FBP6, STM32C071FBP6N, STM32C071FBY6TR, STM32C071G8U6, STM32C071G8U6N, STM32C071GBU6, STM32C071GBU6N, STM32C071K8T6, STM32C071K8T6N, STM32C071K8U6, STM32C071K8U6N, STM32C071KBT6, STM32C071KBT6N, STM32C071KBU6, STM32C071KBU6N, STM32C071R8T6, STM32C071R8T6N, STM32C071RBI6N, STM32C071RBT6, STM32C071RBT6N, STM32C091CBT6, STM32C091CBU6, STM32C091CCT6, STM32C091CCU6, STM32C091ECY6TR, STM32C091FBP6, STM32C091FCP6, STM32C091GBU6, STM32C091GCU6, STM32C091KBT6, STM32C091KBU6, STM32C091KCT6, STM32C091KCU6, STM32C091RBT6, STM32C091RCI6, STM32C091RCT6, STM32C092CBT6, STM32C092CBU6, STM32C092CCT6, STM32C092CCU6, STM32C092ECY6TR, STM32C092FBP6, STM32C092FCP6, STM32C092GBU6, STM32C092GCU6, STM32C092KBT6, STM32C092KBU6, STM32C092KCT6, STM32C092KCU6, STM32C092RBT6, STM32C092RCI6, STM32C092RCT6, STM32G071K8TXN, STM32G071K8UXN, STM32G081GBU6N, STM32G081KBT6N, STM32G081KBUXN, STM32G0B1CCT6N, STM32G0B1KCT6, STM32G0B1NEY6TR, STM32G0B1RCT6N, STM32G0C1CCT6, STM32G0C1CCT6N, STM32G0C1CCU6N, STM32G0C1CET6N, STM32G0C1CEU6N, STM32G0C1KCT6, STM32G0C1NEY6TR, STM32G0C1RCI6N, STM32G0C1RCT6N, STM32G0C1REI6N, STM32G0C1RET6N, STM32G0C1VCI6, STM32G0C1VEI6, STM32G411C6T3, STM32G411C6T6, STM32G411C6U3, STM32G411C6U6, STM32G411C8T3, STM32G411C8T6, STM32G411C8U3, STM32G411C8U6, STM32G411CBT3, STM32G411CBT6, STM32G411CBU3, STM32G411CBU6, STM32G411K6T3, STM32G411K6T6, STM32G411K6U3, STM32G411K6U6, STM32G411K8T3, STM32G411K8T6, STM32G411K8U3, STM32G411K8U6, STM32G411KBT3, STM32G411KBT6, STM32G411KBU3, STM32G411KBU6, STM32G411M6T3, STM32G411M6T6, STM32G411M8T3, STM32G411M8T6, STM32G411MBT3, STM32G411MBT6, STM32G411R6T3, STM32G411R6T6, STM32G411R8T3, STM32G411R8T6, STM32G411RBT3, STM32G411RBT6, STM32G414CBT3, STM32G414CBT6, STM32G414CBU3, STM32G414CBU6, STM32G414CCT3, STM32G414CCT6, STM32G414CCU3, STM32G414CCU6, STM32G414MBT3, STM32G414MBT6, STM32G414MCT3, STM32G414MCT6, STM32G414RBT3, STM32G414RBT6, STM32G414RCT3, STM32G414RCT6, STM32G414VBT3, STM32G414VBT6, STM32G414VCT3, STM32G414VCT6, STM32G431CBT3Z, STM32G431RBT3Z, STM32G471CCT6, STM32G471CCU6, STM32G471CET3, STM32G471CET6, STM32G471CEU3, STM32G471CEU6, STM32G471MCT6, STM32G471MET3, STM32G471MET6, STM32G471MEY6TR, STM32G471QCT6, STM32G471QET3, STM32G471RCT6, STM32G471RET3, STM32G471RET6, STM32G471VCH6, STM32G471VCI6, STM32G471VCT6, STM32G471VEH3, STM32G471VEH6, STM32G471VEI3, STM32G471VEI6, STM32G471VET3, STM32G471VET6, STM32G473QET3Z, STM32G473RET3Z, STM32G474CCT6, STM32G491RET3Z, STM32H503CBT6, STM32H503CBU6, STM32H503EBY6TR, STM32H503KBU6, STM32H503RBT6, STM32H523CCT6, STM32H523CCU6, STM32H523CET6, STM32H523CEU6, STM32H523HEY6TR, STM32H523RCT6, STM32H523RET6, STM32H523VCI6, STM32H523VCT6, STM32H523VEI6, STM32H523VET6, STM32H523ZCJ6, STM32H523ZCT6, STM32H523ZEJ6, STM32H523ZET6, STM32H533CET6, STM32H533CEU6, STM32H533HEY6TR, STM32H533RET6, STM32H533VEI6, STM32H533VET6, STM32H533ZEJ6, STM32H533ZET6, STM32H562AGI6, STM32H562AII6, STM32H562IGK6, STM32H562IGT6, STM32H562IIK6, STM32H562IIT6, STM32H562RGT6, STM32H562RGV6, STM32H562RIT6, STM32H562RIV6, STM32H562VGT6, STM32H562VIT6, STM32H562ZGT6, STM32H562ZIT6, STM32H563AGI6, STM32H563AII3Q, STM32H563AII6, STM32H563IGK6, STM32H563IGT6, STM32H563IIK3Q, STM32H563IIK6, STM32H563IIT3Q, STM32H563IIT6, STM32H563MIY3QTR, STM32H563RGT6, STM32H563RGV6, STM32H563RIT6, STM32H563RIV6, STM32H563VGT6, STM32H563VIT3Q, STM32H563VIT6, STM32H563ZGT6, STM32H563ZIT3Q, STM32H563ZIT6, STM32H573AII3Q, STM32H573AII6, STM32H573I-DK, STM32H573IIK3Q, STM32H573IIK6, STM32H573IIT3Q, STM32H573IIT6, STM32H573MIY3QTR, STM32H573RIT6, STM32H573RIV6, STM32H573VIT3Q, STM32H573VIT6, STM32H573ZIT3Q, STM32H573ZIT6, STM32H7R3A8I6, STM32H7R3I8K6, STM32H7R3I8T6, STM32H7R3L8H6, STM32H7R3L8H6H, STM32H7R3R8V6, STM32H7R3V8H6, STM32H7R3V8T6, STM32H7R3V8Y6TR, STM32H7R3Z8J6, STM32H7R3Z8T6, STM32H7R7A8I6, STM32H7R7I8K6, STM32H7R7I8T6, STM32H7R7L8H6, STM32H7R7L8H6H, STM32H7R7Z8J6, STM32H7S3A8I6, STM32H7S3I8K6, STM32H7S3I8T6, STM32H7S3L8H6, STM32H7S3L8H6H, STM32H7S3R8V6, STM32H7S3V8H6, STM32H7S3V8T6, STM32H7S3V8Y6TR, STM32H7S3Z8J6, STM32H7S3Z8T6, STM32H7S78-DK, STM32H7S7A8I6, STM32H7S7I8K6, STM32H7S7I8T6, STM32H7S7L8H6, STM32H7S7L8H6H, STM32H7S7Z8J6, STM32L4R5QGI6STR, STM32MP131AAE3, STM32MP131AAF3, STM32MP131AAG3, STM32MP131CAE3, STM32MP131CAF3, STM32MP131CAG3, STM32MP131DAE7, STM32MP131DAF7, STM32MP131DAG7, STM32MP131FAE7, STM32MP131FAF7, STM32MP131FAG7, STM32MP133AAE3, STM32MP133AAF3, STM32MP133AAG3, STM32MP133CAE3, STM32MP133CAF3, STM32MP133CAG3, STM32MP133DAE7, STM32MP133DAF7, STM32MP133DAG7, STM32MP133FAE7, STM32MP133FAF7, STM32MP133FAG7, STM32MP135AAE3, STM32MP135AAF3, STM32MP135AAG3, STM32MP135CAE3, STM32MP135CAF3, STM32MP135CAG3, STM32MP135DAE7, STM32MP135DAF7, STM32MP135DAG7, STM32MP135F-DK, STM32MP135FAE7, STM32MP135FAF7, STM32MP135FAF7T, STM32MP135FAF7U, STM32MP135FAG7, STM32MP211AAL3, STM32MP211AAM3, STM32MP211AAN3, STM32MP211AAO3, STM32MP211CAL3, STM32MP211CAM3, STM32MP211CAN3, STM32MP211CAO3, STM32MP211DAL3, STM32MP211DAM3, STM32MP211DAN3, STM32MP211DAO3, STM32MP211FAL3, STM32MP211FAM3, STM32MP211FAN3, STM32MP211FAO3, STM32MP213AAL3, STM32MP213AAM3, STM32MP213AAN3, STM32MP213AAO3, STM32MP213CAL3, STM32MP213CAM3, STM32MP213CAN3, STM32MP213CAO3, STM32MP213DAL3, STM32MP213DAM3, STM32MP213DAN3, STM32MP213DAO3, STM32MP213FAL3, STM32MP213FAM3, STM32MP213FAN3, STM32MP213FAO3, STM32MP215AAL3, STM32MP215AAM3, STM32MP215AAN3, STM32MP215AAO3, STM32MP215CAL3, STM32MP215CAM3, STM32MP215CAN3, STM32MP215CAO3, STM32MP215DAL3, STM32MP215DAM3, STM32MP215DAN3, STM32MP215DAO3, STM32MP215F-DK, STM32MP215FAL3, STM32MP215FAM3, STM32MP215FAN3, STM32MP215FAO3, STM32MP231AAJ3, STM32MP231AAK3, STM32MP231AAL3, STM32MP231CAJ3, STM32MP231CAK3, STM32MP231CAL3, STM32MP231DAJ3, STM32MP231DAK3, STM32MP231DAL3, STM32MP231FAJ3, STM32MP231FAK3, STM32MP231FAL3, STM32MP233AAJ3, STM32MP233AAK3, STM32MP233AAL3, STM32MP233CAJ3, STM32MP233CAK3, STM32MP233CAL3, STM32MP233DAJ3, STM32MP233DAK3, STM32MP233DAL3, STM32MP233FAJ3, STM32MP233FAK3, STM32MP233FAL3, STM32MP235AAJ3, STM32MP235AAK3, STM32MP235AAL3, STM32MP235CAJ3, STM32MP235CAK3, STM32MP235CAL3, STM32MP235DAJ3, STM32MP235DAK3, STM32MP235DAL3, STM32MP235FAJ3, STM32MP235FAK3, STM32MP235FAL3, STM32MP251AAI3, STM32MP251AAK3, STM32MP251AAL3, STM32MP251CAI3, STM32MP251CAK3, STM32MP251CAL3, STM32MP251DAI3, STM32MP251DAK3, STM32MP251DAL3, STM32MP251FAI3, STM32MP251FAK3, STM32MP251FAL3, STM32MP253AAI3, STM32MP253AAK3, STM32MP253AAL3, STM32MP253CAI3, STM32MP253CAK3, STM32MP253CAL3, STM32MP253DAI3, STM32MP253DAK3, STM32MP253DAL3, STM32MP253FAI3, STM32MP253FAK3, STM32MP253FAL3, STM32MP255AAI3, STM32MP255AAK3, STM32MP255AAL3, STM32MP255CAI3, STM32MP255CAK3, STM32MP255CAL3, STM32MP255DAI3, STM32MP255DAK3, STM32MP255DAL3, STM32MP255FAI3, STM32MP255FAK3, STM32MP255FAL3, STM32MP257AAI3, STM32MP257AAK3, STM32MP257AAL3, STM32MP257CAI3, STM32MP257CAK3, STM32MP257CAL3, STM32MP257DAI3, STM32MP257DAK3, STM32MP257DAL3, STM32MP257F-DK, STM32MP257F-EV1, STM32MP257FAI3, STM32MP257FAK3, STM32MP257FAL3, STM32N645A0H3Q, STM32N645B0H3Q, STM32N645I0H3Q, STM32N645L0H3Q, STM32N645X0H3Q, STM32N645Z0H3Q, STM32N647A0H3Q, STM32N647B0H3Q, STM32N647I0H3Q, STM32N647L0H3Q, STM32N647X0H3Q, STM32N647Z0H3Q, STM32N655A0H3Q, STM32N655B0H3Q, STM32N655I0H3Q, STM32N655L0H3Q, STM32N655X0H3Q, STM32N655Z0H3Q, STM32N6570-DK, STM32N657A0H3Q, STM32N657B0H3Q, STM32N657I0H3Q, STM32N657L0H3Q, STM32N657X0H3Q, STM32N657Z0H3Q, STM32U031C6T6, STM32U031C6U6, STM32U031C8T6, STM32U031C8U6, STM32U031F4P6, STM32U031F6P6, STM32U031F8P6, STM32U031G6Y6TR, STM32U031G8Y6TR, STM32U031K4U6, STM32U031K6U6, STM32U031K8U6, STM32U031R6I6, STM32U031R6T6, STM32U031R8I6, STM32U031R8T6, STM32U073C8T6, STM32U073C8U6, STM32U073CBT6, STM32U073CBU6, STM32U073CCT6, STM32U073CCU6, STM32U073H8Y6TR, STM32U073HBY6TR, STM32U073HCY6TR, STM32U073K8U6, STM32U073KBU6, STM32U073KCU6, STM32U073M8I6, STM32U073M8T6, STM32U073MBI6, STM32U073MBT6, STM32U073MCI6, STM32U073MCT6, STM32U073R8I6, STM32U073R8T6, STM32U073RBI6, STM32U073RBT6, STM32U073RCI6, STM32U073RCT6, STM32U083C-DK, STM32U083CCT6, STM32U083CCU6, STM32U083HCY6TR, STM32U083KCU6, STM32U083MCI6, STM32U083MCT6, STM32U083RCI6, STM32U083RCT6, STM32U375CET6, STM32U375CET6Q, STM32U375CEU6, STM32U375CEU6Q, STM32U375CEY6QTR, STM32U375CGT6, STM32U375CGT6Q, STM32U375CGU6, STM32U375CGU6Q, STM32U375CGY6QTR, STM32U375KEU6, STM32U375KGU6, STM32U375REI6, STM32U375REI6Q, STM32U375RET6, STM32U375RET6Q, STM32U375REY6GTR, STM32U375REY6QTR, STM32U375RGI6, STM32U375RGI6Q, STM32U375RGT6, STM32U375RGT6Q, STM32U375RGY6GTR, STM32U375RGY6QTR, STM32U375VEI6, STM32U375VEI6Q, STM32U375VET6, STM32U375VET6Q, STM32U375VGI6, STM32U375VGI6Q, STM32U375VGT6, STM32U375VGT6Q, STM32U385CGT6, STM32U385CGT6Q, STM32U385CGU6, STM32U385CGU6Q, STM32U385CGY6QTR, STM32U385KGU6, STM32U385RGI6, STM32U385RGI6Q, STM32U385RGT6, STM32U385RGT6Q, STM32U385RGY6GTR, STM32U385RGY6QTR, STM32U385VGI6, STM32U385VGI6Q, STM32U385VGT6, STM32U385VGT6Q, STM32U535CBT6, STM32U535CBT6Q, STM32U535CBU6, STM32U535CBU6Q, STM32U535CCT6, STM32U535CCT6Q, STM32U535CCU6, STM32U535CCU6Q, STM32U535CET6, STM32U535CET6Q, STM32U535CEU6, STM32U535CEU6Q, STM32U535JEY6QTR, STM32U535NCY6QTR, STM32U535NEY6QTR, STM32U535RBI6, STM32U535RBI6Q, STM32U535RBT6, STM32U535RBT6Q, STM32U535RCI6, STM32U535RCI6Q, STM32U535RCT6, STM32U535RCT6Q, STM32U535REI6, STM32U535REI6Q, STM32U535RET6, STM32U535RET6Q, STM32U535VCI6, STM32U535VCI6Q, STM32U535VCT6, STM32U535VCT6Q, STM32U535VEI6, STM32U535VEI6Q, STM32U535VET6, STM32U535VET6Q, STM32U545CET6, STM32U545CET6Q, STM32U545CEU6, STM32U545CEU6Q, STM32U545JEY6QTR, STM32U545NEY6QTR, STM32U545REI6, STM32U545REI6Q, STM32U545RET6, STM32U545RET6Q, STM32U545VEI6, STM32U545VEI6Q, STM32U545VET6, STM32U545VET6Q, STM32U595AIH6, STM32U595AIH6Q, STM32U595AJH6, STM32U595AJH6Q, STM32U595QII6, STM32U595QII6Q, STM32U595QJI6, STM32U595QJI6Q, STM32U595RIT6, STM32U595RIT6Q, STM32U595RJT6, STM32U595RJT6Q, STM32U595VIT6, STM32U595VIT6Q, STM32U595VJT6, STM32U595VJT6Q, STM32U595ZIT6, STM32U595ZIT6Q, STM32U595ZIY6QTR, STM32U595ZJT6, STM32U595ZJT6Q, STM32U595ZJY6QTR, STM32U599BJY6QTR, STM32U599NIH6Q, STM32U599NJH6Q, STM32U599VIT6Q, STM32U599VJT6, STM32U599VJT6Q, STM32U599ZIT6Q, STM32U599ZIY6QTR, STM32U599ZJT6Q, STM32U599ZJY6QTR, STM32U5A5AJH6, STM32U5A5AJH6Q, STM32U5A5QII3Q , STM32U5A5QJI6, STM32U5A5QJI6Q, STM32U5A5RJT6, STM32U5A5RJT6Q, STM32U5A5VJT6, STM32U5A5VJT6Q, STM32U5A5ZJT6, STM32U5A5ZJT6Q, STM32U5A5ZJY6QTR, STM32U5A9BJY6QTR, STM32U5A9J-DK, STM32U5A9NJH6Q, STM32U5A9VJT6Q, STM32U5A9ZJT6Q, STM32U5A9ZJY6QTR, STM32U5F7VIT6, STM32U5F7VIT6Q, STM32U5F7VJT6, STM32U5F7VJT6Q, STM32U5F9BJY6QTR, STM32U5F9NJH6Q, STM32U5F9VIT6Q, STM32U5F9VJT6Q, STM32U5F9ZIJ6QTR, STM32U5F9ZIT6Q, STM32U5F9ZJJ6QTR, STM32U5F9ZJT6Q, STM32U5G7VJT6, STM32U5G7VJT6Q, STM32U5G9BJY6QTR, STM32U5G9J-DK1, STM32U5G9J-DK2, STM32U5G9NJH6Q, STM32U5G9VJT6Q, STM32U5G9ZJJ6QTR, STM32U5G9ZJT6Q, STM32WB05KZV6TR, STM32WB05KZV7TR, STM32WB05TZF6TR, STM32WB05TZF7TR, STM32WB06CCF6TR, STM32WB06CCF7TR, STM32WB06CCV6TR, STM32WB06CCV7TR, STM32WB06KCV6TR, STM32WB06KCV7TR, STM32WB07CCF6TR, STM32WB07CCF7TR, STM32WB07CCV6TR, STM32WB07CCV7TR, STM32WB07KCV6TR, STM32WB07KCV7TR, STM32WB09KEV6TR, STM32WB09KEV7TR, STM32WB09TEF6TR, STM32WB09TEF7TR, STM32WB1MMCH6, STM32WBA50KGU6, STM32WBA50KGU6TR, STM32WBA52CEU6, STM32WBA52CEU6TR, STM32WBA52CEU7, STM32WBA52CEU7TR, STM32WBA52CGU6, STM32WBA52CGU6TR, STM32WBA52CGU6U, STM32WBA52CGU7, STM32WBA52CGU7TR, STM32WBA52KEU6, STM32WBA52KEU6TR, STM32WBA52KGU6, STM32WBA52KGU6TR, STM32WBA54CEU6, STM32WBA54CEU6TR, STM32WBA54CEU7, STM32WBA54CEU7TR, STM32WBA54CGU6, STM32WBA54CGU6TR, STM32WBA54CGU7, STM32WBA54CGU7TR, STM32WBA54KEU6, STM32WBA54KEU6TR, STM32WBA54KEU7, STM32WBA54KEU7TR, STM32WBA54KGU6, STM32WBA54KGU6TR, STM32WBA54KGU7, STM32WBA54KGU7TR, STM32WBA55CEU6, STM32WBA55CEU6TR, STM32WBA55CEU7, STM32WBA55CEU7TR, STM32WBA55CGU6, STM32WBA55CGU6TR, STM32WBA55CGU6U, STM32WBA55CGU7, STM32WBA55CGU7TR, STM32WBA55G-DK1, STM32WBA55HEF6, STM32WBA55HEF7, STM32WBA55HGF6, STM32WBA55HGF7, STM32WBA55UEI6, STM32WBA55UEI6TR, STM32WBA55UEI7, STM32WBA55UEI7TR, STM32WBA55UGI6, STM32WBA55UGI6TR, STM32WBA55UGI7, STM32WBA55UGI7TR, STM32WBA5MMGH6TR, STM32WBA62MGF6, STM32WBA62MIF6, STM32WBA65MGF7, STM32WBA65MIF6, STM32WBA65MIF7, STM32WL30K8V6, STM32WL30KBV6, STM32WL31C8V6, STM32WL31CBV6, STM32WL31K8V6, STM32WL31KBV6, STM32WL33C8V6, STM32WL33C8V6X, STM32WL33CBV6, STM32WL33CBV6X, STM32WL33CCV6, STM32WL33CCV6A, STM32WL33CCV6X, STM32WL33K8V7, STM32WL33K8V7X, STM32WL33KBV7 , STM32WL33KBV7X, STM32WL33KCV7, STM32WL33KCV7X, STM32WL5MOCH6, STM32WL5MOCH6TR]
2026-06-17 12:12:32,555 [INFO] ApiDb:668 - CubeFinder database Data Model version=2.1
2026-06-17 12:12:32,555 [INFO] ApiDb:669 - CubeFinder database Configuration version=3.0.42
2026-06-17 12:12:32,556 [INFO] ApiDb:670 - CubeFinder database generation date=2026-05-14 (1778746352)
2026-06-17 12:12:32,556 [INFO] ApiDb:671 - CubeFinder database FW Pack versions=[FP-ATR-ASTRA1_V2.0.0, FP-SNS-FLIGHT1_V5.1.0, FP-SNS-MOTENV1_V5.1.0, FP-SNS-MOTENVWB1_V1.5.0, FP-SNS-SMARTAG2_V1.2.0, FP-SNS-STBOX1_V2.1.0, STM32Cube_FW_C0_V1.4.0, STM32Cube_FW_F4_V1.28.3, STM32Cube_FW_F7_V1.17.4, STM32Cube_FW_G0_V1.6.3, STM32Cube_FW_G4_V1.6.2, STM32Cube_FW_H5_V1.6.0, STM32Cube_FW_H7RS_V1.3.0, STM32Cube_FW_H7_V1.13.0, STM32Cube_FW_L0_V1.12.2, STM32Cube_FW_L4_V1.18.2, STM32Cube_FW_L5_V1.6.0, STM32Cube_FW_N6_V1.3.0, STM32Cube_FW_U0_V1.3.0, STM32Cube_FW_U3_V1.3.0, STM32Cube_FW_U5_V1.8.0, STM32Cube_FW_WB0_V1.4.0, STM32Cube_FW_WBA_V1.9.0, STM32Cube_FW_WB_V1.24.0, STM32Cube_FW_WL3_V1.4.0, STM32Cube_FW_WL_V1.5.0, X-CUBE-ALGOBUILD_V1.4.0, X-CUBE-ALS_V1.0.2, X-CUBE-AZRTOS-F4_V1.1.0, X-CUBE-AZRTOS-F7_V1.1.0, X-CUBE-AZRTOS-G0_V1.1.0, X-CUBE-AZRTOS-G4_V2.0.0, X-CUBE-AZRTOS-H7RS_V1.1.0, X-CUBE-AZRTOS-H7_V3.5.0, X-CUBE-AZRTOS-L4_V2.0.0, X-CUBE-AZRTOS-L5_V2.0.0, X-CUBE-AZRTOS-WB_V2.0.0, X-CUBE-AZRTOS-WL_V2.0.0, X-CUBE-BLE1_V7.1.0, X-CUBE-BLE2_V3.3.0, X-CUBE-BLEMGR_V4.1.0, X-CUBE-EEPRMA1_V5.2.0, X-CUBE-FREERTOS_V1.5.0, X-CUBE-GNSS1_V7.1.1, X-CUBE-MEMS1_V12.1.0, X-CUBE-NFC4_V3.0.0, X-CUBE-NFC7_V2.0.0, X-CUBE-SFXS2LP1_V4.0.0, X-CUBE-ST67W61_V1.3.0, X-CUBE-SUBG2_V5.0.0, X-CUBE-TOF1_V3.4.3]
2026-06-17 12:12:37,376 [INFO] ApiDb:240 - Found 880 in-development CPN: [B-G473E-ZEST1S, B-WB1M-WPAN1, B-WBA5M-WPAN, B-WL5M-SUBG1, NUCLEO-C031C6, NUCLEO-C051C8, NUCLEO-C071RB, NUCLEO-C092RC, NUCLEO-H503RB, NUCLEO-H533RE, NUCLEO-H563ZI, NUCLEO-H7S3L8, NUCLEO-N657X0-Q, NUCLEO-U031R8, NUCLEO-U083RC, NUCLEO-U385RG-Q, NUCLEO-U545RE-Q, NUCLEO-U5A5ZJ-Q, NUCLEO-WB05KZ, NUCLEO-WB07CC, NUCLEO-WB09KE, NUCLEO-WBA52CG, NUCLEO-WBA55CG, NUCLEO-WL33CC1, NUCLEO-WL33CC2, STEVAL-PROTEUS1, STEVAL-SMARTAG2, STEVAL-STWINBX1, STM320518-EVAL, STM32C0116-DK, STM32C011D6Y3TR, STM32C011D6Y6TR, STM32C011F4P3, STM32C011F4P6, STM32C011F4U3, STM32C011F4U6TR, STM32C011F6P3, STM32C011F6P6, STM32C011F6U3, STM32C011F6U6TR, STM32C011J4M3, STM32C011J4M6, STM32C011J6M3, STM32C011J6M6, STM32C0316-DK, STM32C031C4T3, STM32C031C4T6, STM32C031C4U3, STM32C031C4U6, STM32C031C6T3, STM32C031C6T6, STM32C031C6U3, STM32C031C6U6, STM32C031F4P3, STM32C031F4P6, STM32C031F6P3, STM32C031F6P6, STM32C031G4U3, STM32C031G4U6, STM32C031G6U3, STM32C031G6U6, STM32C031K4T3, STM32C031K4T6, STM32C031K4U3, STM32C031K4U6, STM32C031K6T3, STM32C031K6T6, STM32C031K6U3, STM32C031K6U6, STM32C051C6T6, STM32C051C6U6, STM32C051C8T6, STM32C051C8U6, STM32C051D8Y6TR, STM32C051F6P6, STM32C051F8P6, STM32C051G6U6, STM32C051G8U6, STM32C051K6T6, STM32C051K6U6, STM32C051K8T6, STM32C071C8T6, STM32C071C8T6N, STM32C071C8U6, STM32C071C8U6N, STM32C071CBT6, STM32C071CBT6N, STM32C071CBU6, STM32C071CBU6N, STM32C071F8P6, STM32C071F8P6N, STM32C071FBP6, STM32C071FBP6N, STM32C071FBY6TR, STM32C071G8U6, STM32C071G8U6N, STM32C071GBU6, STM32C071GBU6N, STM32C071K8T6, STM32C071K8T6N, STM32C071K8U6, STM32C071K8U6N, STM32C071KBT6, STM32C071KBT6N, STM32C071KBU6, STM32C071KBU6N, STM32C071R8T6, STM32C071R8T6N, STM32C071RBI6N, STM32C071RBT6, STM32C071RBT6N, STM32C091CBT6, STM32C091CBU6, STM32C091CCT6, STM32C091CCU6, STM32C091ECY6TR, STM32C091FBP6, STM32C091FCP6, STM32C091GBU6, STM32C091GCU6, STM32C091KBT6, STM32C091KBU6, STM32C091KCT6, STM32C091KCU6, STM32C091RBT6, STM32C091RCI6, STM32C091RCT6, STM32C092CBT6, STM32C092CBU6, STM32C092CCT6, STM32C092CCU6, STM32C092ECY6TR, STM32C092FBP6, STM32C092FCP6, STM32C092GBU6, STM32C092GCU6, STM32C092KBT6, STM32C092KBU6, STM32C092KCT6, STM32C092KCU6, STM32C092RBT6, STM32C092RCI6, STM32C092RCT6, STM32G071K8TXN, STM32G071K8UXN, STM32G081GBU6N, STM32G081KBT6N, STM32G081KBUXN, STM32G0B1CCT6N, STM32G0B1KCT6, STM32G0B1NEY6TR, STM32G0B1RCT6N, STM32G0C1CCT6, STM32G0C1CCT6N, STM32G0C1CCU6N, STM32G0C1CET6N, STM32G0C1CEU6N, STM32G0C1KCT6, STM32G0C1NEY6TR, STM32G0C1RCI6N, STM32G0C1RCT6N, STM32G0C1REI6N, STM32G0C1RET6N, STM32G0C1VCI6, STM32G0C1VEI6, STM32G411C6T3, STM32G411C6T6, STM32G411C6U3, STM32G411C6U6, STM32G411C8T3, STM32G411C8T6, STM32G411C8U3, STM32G411C8U6, STM32G411CBT3, STM32G411CBT6, STM32G411CBU3, STM32G411CBU6, STM32G411K6T3, STM32G411K6T6, STM32G411K6U3, STM32G411K6U6, STM32G411K8T3, STM32G411K8T6, STM32G411K8U3, STM32G411K8U6, STM32G411KBT3, STM32G411KBT6, STM32G411KBU3, STM32G411KBU6, STM32G411M6T3, STM32G411M6T6, STM32G411M8T3, STM32G411M8T6, STM32G411MBT3, STM32G411MBT6, STM32G411R6T3, STM32G411R6T6, STM32G411R8T3, STM32G411R8T6, STM32G411RBT3, STM32G411RBT6, STM32G414CBT3, STM32G414CBT6, STM32G414CBU3, STM32G414CBU6, STM32G414CCT3, STM32G414CCT6, STM32G414CCU3, STM32G414CCU6, STM32G414MBT3, STM32G414MBT6, STM32G414MCT3, STM32G414MCT6, STM32G414RBT3, STM32G414RBT6, STM32G414RCT3, STM32G414RCT6, STM32G414VBT3, STM32G414VBT6, STM32G414VCT3, STM32G414VCT6, STM32G431CBT3Z, STM32G431RBT3Z, STM32G471CCT6, STM32G471CCU6, STM32G471CET3, STM32G471CET6, STM32G471CEU3, STM32G471CEU6, STM32G471MCT6, STM32G471MET3, STM32G471MET6, STM32G471MEY6TR, STM32G471QCT6, STM32G471QET3, STM32G471RCT6, STM32G471RET3, STM32G471RET6, STM32G471VCH6, STM32G471VCI6, STM32G471VCT6, STM32G471VEH3, STM32G471VEH6, STM32G471VEI3, STM32G471VEI6, STM32G471VET3, STM32G471VET6, STM32G473QET3Z, STM32G473RET3Z, STM32G474CCT6, STM32G491RET3Z, STM32H503CBT6, STM32H503CBU6, STM32H503EBY6TR, STM32H503KBU6, STM32H503RBT6, STM32H523CCT6, STM32H523CCU6, STM32H523CET6, STM32H523CEU6, STM32H523HEY6TR, STM32H523RCT6, STM32H523RET6, STM32H523VCI6, STM32H523VCT6, STM32H523VEI6, STM32H523VET6, STM32H523ZCJ6, STM32H523ZCT6, STM32H523ZEJ6, STM32H523ZET6, STM32H533CET6, STM32H533CEU6, STM32H533HEY6TR, STM32H533RET6, STM32H533VEI6, STM32H533VET6, STM32H533ZEJ6, STM32H533ZET6, STM32H562AGI6, STM32H562AII6, STM32H562IGK6, STM32H562IGT6, STM32H562IIK6, STM32H562IIT6, STM32H562RGT6, STM32H562RGV6, STM32H562RIT6, STM32H562RIV6, STM32H562VGT6, STM32H562VIT6, STM32H562ZGT6, STM32H562ZIT6, STM32H563AGI6, STM32H563AII3Q, STM32H563AII6, STM32H563IGK6, STM32H563IGT6, STM32H563IIK3Q, STM32H563IIK6, STM32H563IIT3Q, STM32H563IIT6, STM32H563MIY3QTR, STM32H563RGT6, STM32H563RGV6, STM32H563RIT6, STM32H563RIV6, STM32H563VGT6, STM32H563VIT3Q, STM32H563VIT6, STM32H563ZGT6, STM32H563ZIT3Q, STM32H563ZIT6, STM32H573AII3Q, STM32H573AII6, STM32H573I-DK, STM32H573IIK3Q, STM32H573IIK6, STM32H573IIT3Q, STM32H573IIT6, STM32H573MIY3QTR, STM32H573RIT6, STM32H573RIV6, STM32H573VIT3Q, STM32H573VIT6, STM32H573ZIT3Q, STM32H573ZIT6, STM32H7R3A8I6, STM32H7R3I8K6, STM32H7R3I8T6, STM32H7R3L8H6, STM32H7R3L8H6H, STM32H7R3R8V6, STM32H7R3V8H6, STM32H7R3V8T6, STM32H7R3V8Y6TR, STM32H7R3Z8J6, STM32H7R3Z8T6, STM32H7R7A8I6, STM32H7R7I8K6, STM32H7R7I8T6, STM32H7R7L8H6, STM32H7R7L8H6H, STM32H7R7Z8J6, STM32H7S3A8I6, STM32H7S3I8K6, STM32H7S3I8T6, STM32H7S3L8H6, STM32H7S3L8H6H, STM32H7S3R8V6, STM32H7S3V8H6, STM32H7S3V8T6, STM32H7S3V8Y6TR, STM32H7S3Z8J6, STM32H7S3Z8T6, STM32H7S78-DK, STM32H7S7A8I6, STM32H7S7I8K6, STM32H7S7I8T6, STM32H7S7L8H6, STM32H7S7L8H6H, STM32H7S7Z8J6, STM32L4R5QGI6STR, STM32MP131AAE3, STM32MP131AAF3, STM32MP131AAG3, STM32MP131CAE3, STM32MP131CAF3, STM32MP131CAG3, STM32MP131DAE7, STM32MP131DAF7, STM32MP131DAG7, STM32MP131FAE7, STM32MP131FAF7, STM32MP131FAG7, STM32MP133AAE3, STM32MP133AAF3, STM32MP133AAG3, STM32MP133CAE3, STM32MP133CAF3, STM32MP133CAG3, STM32MP133DAE7, STM32MP133DAF7, STM32MP133DAG7, STM32MP133FAE7, STM32MP133FAF7, STM32MP133FAG7, STM32MP135AAE3, STM32MP135AAF3, STM32MP135AAG3, STM32MP135CAE3, STM32MP135CAF3, STM32MP135CAG3, STM32MP135DAE7, STM32MP135DAF7, STM32MP135DAG7, STM32MP135F-DK, STM32MP135FAE7, STM32MP135FAF7, STM32MP135FAF7T, STM32MP135FAF7U, STM32MP135FAG7, STM32MP211AAL3, STM32MP211AAM3, STM32MP211AAN3, STM32MP211AAO3, STM32MP211CAL3, STM32MP211CAM3, STM32MP211CAN3, STM32MP211CAO3, STM32MP211DAL3, STM32MP211DAM3, STM32MP211DAN3, STM32MP211DAO3, STM32MP211FAL3, STM32MP211FAM3, STM32MP211FAN3, STM32MP211FAO3, STM32MP213AAL3, STM32MP213AAM3, STM32MP213AAN3, STM32MP213AAO3, STM32MP213CAL3, STM32MP213CAM3, STM32MP213CAN3, STM32MP213CAO3, STM32MP213DAL3, STM32MP213DAM3, STM32MP213DAN3, STM32MP213DAO3, STM32MP213FAL3, STM32MP213FAM3, STM32MP213FAN3, STM32MP213FAO3, STM32MP215AAL3, STM32MP215AAM3, STM32MP215AAN3, STM32MP215AAO3, STM32MP215CAL3, STM32MP215CAM3, STM32MP215CAN3, STM32MP215CAO3, STM32MP215DAL3, STM32MP215DAM3, STM32MP215DAN3, STM32MP215DAO3, STM32MP215F-DK, STM32MP215FAL3, STM32MP215FAM3, STM32MP215FAN3, STM32MP215FAO3, STM32MP231AAJ3, STM32MP231AAK3, STM32MP231AAL3, STM32MP231CAJ3, STM32MP231CAK3, STM32MP231CAL3, STM32MP231DAJ3, STM32MP231DAK3, STM32MP231DAL3, STM32MP231FAJ3, STM32MP231FAK3, STM32MP231FAL3, STM32MP233AAJ3, STM32MP233AAK3, STM32MP233AAL3, STM32MP233CAJ3, STM32MP233CAK3, STM32MP233CAL3, STM32MP233DAJ3, STM32MP233DAK3, STM32MP233DAL3, STM32MP233FAJ3, STM32MP233FAK3, STM32MP233FAL3, STM32MP235AAJ3, STM32MP235AAK3, STM32MP235AAL3, STM32MP235CAJ3, STM32MP235CAK3, STM32MP235CAL3, STM32MP235DAJ3, STM32MP235DAK3, STM32MP235DAL3, STM32MP235FAJ3, STM32MP235FAK3, STM32MP235FAL3, STM32MP251AAI3, STM32MP251AAK3, STM32MP251AAL3, STM32MP251CAI3, STM32MP251CAK3, STM32MP251CAL3, STM32MP251DAI3, STM32MP251DAK3, STM32MP251DAL3, STM32MP251FAI3, STM32MP251FAK3, STM32MP251FAL3, STM32MP253AAI3, STM32MP253AAK3, STM32MP253AAL3, STM32MP253CAI3, STM32MP253CAK3, STM32MP253CAL3, STM32MP253DAI3, STM32MP253DAK3, STM32MP253DAL3, STM32MP253FAI3, STM32MP253FAK3, STM32MP253FAL3, STM32MP255AAI3, STM32MP255AAK3, STM32MP255AAL3, STM32MP255CAI3, STM32MP255CAK3, STM32MP255CAL3, STM32MP255DAI3, STM32MP255DAK3, STM32MP255DAL3, STM32MP255FAI3, STM32MP255FAK3, STM32MP255FAL3, STM32MP257AAI3, STM32MP257AAK3, STM32MP257AAL3, STM32MP257CAI3, STM32MP257CAK3, STM32MP257CAL3, STM32MP257DAI3, STM32MP257DAK3, STM32MP257DAL3, STM32MP257F-DK, STM32MP257F-EV1, STM32MP257FAI3, STM32MP257FAK3, STM32MP257FAL3, STM32N645A0H3Q, STM32N645B0H3Q, STM32N645I0H3Q, STM32N645L0H3Q, STM32N645X0H3Q, STM32N645Z0H3Q, STM32N647A0H3Q, STM32N647B0H3Q, STM32N647I0H3Q, STM32N647L0H3Q, STM32N647X0H3Q, STM32N647Z0H3Q, STM32N655A0H3Q, STM32N655B0H3Q, STM32N655I0H3Q, STM32N655L0H3Q, STM32N655X0H3Q, STM32N655Z0H3Q, STM32N6570-DK, STM32N657A0H3Q, STM32N657B0H3Q, STM32N657I0H3Q, STM32N657L0H3Q, STM32N657X0H3Q, STM32N657Z0H3Q, STM32U031C6T6, STM32U031C6U6, STM32U031C8T6, STM32U031C8U6, STM32U031F4P6, STM32U031F6P6, STM32U031F8P6, STM32U031G6Y6TR, STM32U031G8Y6TR, STM32U031K4U6, STM32U031K6U6, STM32U031K8U6, STM32U031R6I6, STM32U031R6T6, STM32U031R8I6, STM32U031R8T6, STM32U073C8T6, STM32U073C8U6, STM32U073CBT6, STM32U073CBU6, STM32U073CCT6, STM32U073CCU6, STM32U073H8Y6TR, STM32U073HBY6TR, STM32U073HCY6TR, STM32U073K8U6, STM32U073KBU6, STM32U073KCU6, STM32U073M8I6, STM32U073M8T6, STM32U073MBI6, STM32U073MBT6, STM32U073MCI6, STM32U073MCT6, STM32U073R8I6, STM32U073R8T6, STM32U073RBI6, STM32U073RBT6, STM32U073RCI6, STM32U073RCT6, STM32U083C-DK, STM32U083CCT6, STM32U083CCU6, STM32U083HCY6TR, STM32U083KCU6, STM32U083MCI6, STM32U083MCT6, STM32U083RCI6, STM32U083RCT6, STM32U375CET6, STM32U375CET6Q, STM32U375CEU6, STM32U375CEU6Q, STM32U375CEY6QTR, STM32U375CGT6, STM32U375CGT6Q, STM32U375CGU6, STM32U375CGU6Q, STM32U375CGY6QTR, STM32U375KEU6, STM32U375KGU6, STM32U375REI6, STM32U375REI6Q, STM32U375RET6, STM32U375RET6Q, STM32U375REY6GTR, STM32U375REY6QTR, STM32U375RGI6, STM32U375RGI6Q, STM32U375RGT6, STM32U375RGT6Q, STM32U375RGY6GTR, STM32U375RGY6QTR, STM32U375VEI6, STM32U375VEI6Q, STM32U375VET6, STM32U375VET6Q, STM32U375VGI6, STM32U375VGI6Q, STM32U375VGT6, STM32U375VGT6Q, STM32U385CGT6, STM32U385CGT6Q, STM32U385CGU6, STM32U385CGU6Q, STM32U385CGY6QTR, STM32U385KGU6, STM32U385RGI6, STM32U385RGI6Q, STM32U385RGT6, STM32U385RGT6Q, STM32U385RGY6GTR, STM32U385RGY6QTR, STM32U385VGI6, STM32U385VGI6Q, STM32U385VGT6, STM32U385VGT6Q, STM32U535CBT6, STM32U535CBT6Q, STM32U535CBU6, STM32U535CBU6Q, STM32U535CCT6, STM32U535CCT6Q, STM32U535CCU6, STM32U535CCU6Q, STM32U535CET6, STM32U535CET6Q, STM32U535CEU6, STM32U535CEU6Q, STM32U535JEY6QTR, STM32U535NCY6QTR, STM32U535NEY6QTR, STM32U535RBI6, STM32U535RBI6Q, STM32U535RBT6, STM32U535RBT6Q, STM32U535RCI6, STM32U535RCI6Q, STM32U535RCT6, STM32U535RCT6Q, STM32U535REI6, STM32U535REI6Q, STM32U535RET6, STM32U535RET6Q, STM32U535VCI6, STM32U535VCI6Q, STM32U535VCT6, STM32U535VCT6Q, STM32U535VEI6, STM32U535VEI6Q, STM32U535VET6, STM32U535VET6Q, STM32U545CET6, STM32U545CET6Q, STM32U545CEU6, STM32U545CEU6Q, STM32U545JEY6QTR, STM32U545NEY6QTR, STM32U545REI6, STM32U545REI6Q, STM32U545RET6, STM32U545RET6Q, STM32U545VEI6, STM32U545VEI6Q, STM32U545VET6, STM32U545VET6Q, STM32U595AIH6, STM32U595AIH6Q, STM32U595AJH6, STM32U595AJH6Q, STM32U595QII6, STM32U595QII6Q, STM32U595QJI6, STM32U595QJI6Q, STM32U595RIT6, STM32U595RIT6Q, STM32U595RJT6, STM32U595RJT6Q, STM32U595VIT6, STM32U595VIT6Q, STM32U595VJT6, STM32U595VJT6Q, STM32U595ZIT6, STM32U595ZIT6Q, STM32U595ZIY6QTR, STM32U595ZJT6, STM32U595ZJT6Q, STM32U595ZJY6QTR, STM32U599BJY6QTR, STM32U599NIH6Q, STM32U599NJH6Q, STM32U599VIT6Q, STM32U599VJT6, STM32U599VJT6Q, STM32U599ZIT6Q, STM32U599ZIY6QTR, STM32U599ZJT6Q, STM32U599ZJY6QTR, STM32U5A5AJH6, STM32U5A5AJH6Q, STM32U5A5QII3Q , STM32U5A5QJI6, STM32U5A5QJI6Q, STM32U5A5RJT6, STM32U5A5RJT6Q, STM32U5A5VJT6, STM32U5A5VJT6Q, STM32U5A5ZJT6, STM32U5A5ZJT6Q, STM32U5A5ZJY6QTR, STM32U5A9BJY6QTR, STM32U5A9J-DK, STM32U5A9NJH6Q, STM32U5A9VJT6Q, STM32U5A9ZJT6Q, STM32U5A9ZJY6QTR, STM32U5F7VIT6, STM32U5F7VIT6Q, STM32U5F7VJT6, STM32U5F7VJT6Q, STM32U5F9BJY6QTR, STM32U5F9NJH6Q, STM32U5F9VIT6Q, STM32U5F9VJT6Q, STM32U5F9ZIJ6QTR, STM32U5F9ZIT6Q, STM32U5F9ZJJ6QTR, STM32U5F9ZJT6Q, STM32U5G7VJT6, STM32U5G7VJT6Q, STM32U5G9BJY6QTR, STM32U5G9J-DK1, STM32U5G9J-DK2, STM32U5G9NJH6Q, STM32U5G9VJT6Q, STM32U5G9ZJJ6QTR, STM32U5G9ZJT6Q, STM32WB05KZV6TR, STM32WB05KZV7TR, STM32WB05TZF6TR, STM32WB05TZF7TR, STM32WB06CCF6TR, STM32WB06CCF7TR, STM32WB06CCV6TR, STM32WB06CCV7TR, STM32WB06KCV6TR, STM32WB06KCV7TR, STM32WB07CCF6TR, STM32WB07CCF7TR, STM32WB07CCV6TR, STM32WB07CCV7TR, STM32WB07KCV6TR, STM32WB07KCV7TR, STM32WB09KEV6TR, STM32WB09KEV7TR, STM32WB09TEF6TR, STM32WB09TEF7TR, STM32WB1MMCH6, STM32WBA50KGU6, STM32WBA50KGU6TR, STM32WBA52CEU6, STM32WBA52CEU6TR, STM32WBA52CEU7, STM32WBA52CEU7TR, STM32WBA52CGU6, STM32WBA52CGU6TR, STM32WBA52CGU6U, STM32WBA52CGU7, STM32WBA52CGU7TR, STM32WBA52KEU6, STM32WBA52KEU6TR, STM32WBA52KGU6, STM32WBA52KGU6TR, STM32WBA54CEU6, STM32WBA54CEU6TR, STM32WBA54CEU7, STM32WBA54CEU7TR, STM32WBA54CGU6, STM32WBA54CGU6TR, STM32WBA54CGU7, STM32WBA54CGU7TR, STM32WBA54KEU6, STM32WBA54KEU6TR, STM32WBA54KEU7, STM32WBA54KEU7TR, STM32WBA54KGU6, STM32WBA54KGU6TR, STM32WBA54KGU7, STM32WBA54KGU7TR, STM32WBA55CEU6, STM32WBA55CEU6TR, STM32WBA55CEU7, STM32WBA55CEU7TR, STM32WBA55CGU6, STM32WBA55CGU6TR, STM32WBA55CGU6U, STM32WBA55CGU7, STM32WBA55CGU7TR, STM32WBA55G-DK1, STM32WBA55HEF6, STM32WBA55HEF7, STM32WBA55HGF6, STM32WBA55HGF7, STM32WBA55UEI6, STM32WBA55UEI6TR, STM32WBA55UEI7, STM32WBA55UEI7TR, STM32WBA55UGI6, STM32WBA55UGI6TR, STM32WBA55UGI7, STM32WBA55UGI7TR, STM32WBA5MMGH6TR, STM32WBA62MGF6, STM32WBA62MIF6, STM32WBA65MGF7, STM32WBA65MIF6, STM32WBA65MIF7, STM32WL30K8V6, STM32WL30KBV6, STM32WL31C8V6, STM32WL31CBV6, STM32WL31K8V6, STM32WL31KBV6, STM32WL33C8V6, STM32WL33C8V6X, STM32WL33CBV6, STM32WL33CBV6X, STM32WL33CCV6, STM32WL33CCV6A, STM32WL33CCV6X, STM32WL33K8V7, STM32WL33K8V7X, STM32WL33KBV7 , STM32WL33KBV7X, STM32WL33KCV7, STM32WL33KCV7X, STM32WL5MOCH6, STM32WL5MOCH6TR]
2026-06-17 12:12:37,392 [INFO] DbMcus:218 - Found 5086 MCUs, 4968 are supported
2026-06-17 12:12:37,395 [INFO] ApiDb:423 - Load user favorites file C:\Users\Usuario/.stm32cubeide/favorites.mcus.txt: 2 item(s)
2026-06-17 12:12:37,396 [INFO] ApiDb:427 - User favorites MCUs=[STM32F103C8T6, STM32F103RCT6]
2026-06-17 12:12:37,397 [INFO] DbMcus:224 - Set 2 / 2 favorites MCUs
2026-06-17 12:12:38,335 [INFO] BoardInfo:889 - No configuration file found for board NUCLEO-H5E5ZJ
2026-06-17 12:12:38,337 [INFO] DbBoards:161 - Board is not supported: NUCLEO-H5E5ZJ
2026-06-17 12:12:38,466 [INFO] BoardInfo:889 - No configuration file found for board NUCLEO-U3C5ZI-Q
2026-06-17 12:12:38,468 [INFO] DbBoards:161 - Board is not supported: NUCLEO-U3C5ZI-Q
2026-06-17 12:12:38,507 [INFO] BoardInfo:889 - No configuration file found for board NUCLEO-WBA25CE1
2026-06-17 12:12:38,509 [INFO] DbBoards:161 - Board is not supported: NUCLEO-WBA25CE1
2026-06-17 12:12:38,539 [INFO] BoardInfo:889 - No configuration file found for board NUCLEO-WL3RKB1
2026-06-17 12:12:38,543 [INFO] DbBoards:161 - Board is not supported: NUCLEO-WL3RKB1
2026-06-17 12:12:38,547 [INFO] BoardInfo:889 - No configuration file found for board NUCLEO-WL3RKB2
2026-06-17 12:12:38,551 [INFO] DbBoards:161 - Board is not supported: NUCLEO-WL3RKB2
2026-06-17 12:12:38,574 [INFO] BoardInfo:889 - No configuration file found for board P-NUCLEO-WB55
2026-06-17 12:12:38,577 [INFO] DbBoards:161 - Kit is not supported: P-NUCLEO-WB55
2026-06-17 12:12:38,600 [INFO] BoardInfo:889 - No configuration file found for board STEVAL-BFA001V1B
2026-06-17 12:12:38,604 [INFO] DbBoards:161 - Kit is not supported: STEVAL-BFA001V1B
2026-06-17 12:12:38,607 [INFO] BoardInfo:889 - No configuration file found for board STEVAL-BFA001V2B
2026-06-17 12:12:38,610 [INFO] DbBoards:161 - Kit is not supported: STEVAL-BFA001V2B
2026-06-17 12:12:38,859 [INFO] BoardInfo:889 - No configuration file found for board STM32H5F5J-DK
2026-06-17 12:12:38,861 [INFO] DbBoards:161 - Board is not supported: STM32H5F5J-DK
2026-06-17 12:12:39,155 [INFO] DbBoards:168 - Found 218 boards, 209 are supported
2026-06-17 12:12:39,156 [INFO] DbBoards:169 - Found 218 boards, 43 of them is supported for  Bsp
2026-06-17 12:12:39,161 [INFO] ApiDb:423 - Load user favorites file C:\Users\Usuario/.stm32cubeide/favorites.boards.txt: 0 item(s)
2026-06-17 12:12:39,162 [INFO] ApiDb:427 - User favorites Boards=[]
2026-06-17 12:12:39,162 [INFO] DbBoards:198 - Set 0 / 0 favorites Boards
2026-06-17 12:12:39,235 [INFO] UtilMem:75 - End LoadConfig() Used Memory: 683428168 Bytes (1073741824)
2026-06-17 12:12:39,504 [WARN] ThirdParty:833 - waiting for thirdparty lock release [change project]
2026-06-17 12:12:39,504 [INFO] ThirdParty:835 - entering critical section [change project]
2026-06-17 12:12:39,504 [INFO] ThirdParty:1030 - CMSIS Pack Vendor :STMicroelectronics X-CUBE-AZRTOS-H7 3.5.0
2026-06-17 12:12:39,504 [INFO] ThirdParty:1030 - CMSIS Pack Vendor :STMicroelectronics X-CUBE-PM33A1 1.0.0
2026-06-17 12:12:39,505 [INFO] ThirdParty:1030 - CMSIS Pack Vendor :STMicroelectronics USBPD 4.1
2026-06-17 12:12:39,505 [INFO] ThirdParty:1030 - CMSIS Pack Vendor :STMicroelectronics X-CUBE-NFC9 1.0.0
2026-06-17 12:12:39,505 [INFO] ThirdParty:1030 - CMSIS Pack Vendor :STMicroelectronics USB_HOST 2.0.0
2026-06-17 12:12:39,505 [INFO] ThirdParty:1030 - CMSIS Pack Vendor :STMicroelectronics FP-SNS-MOTENVWB1 1.4.0
2026-06-17 12:12:39,505 [INFO] ThirdParty:1030 - CMSIS Pack Vendor :STMicroelectronics X-CUBE-AZRTOS-F4 1.1.0
2026-06-17 12:12:39,505 [INFO] ThirdParty:1030 - CMSIS Pack Vendor :STMicroelectronics LIBJPEG 8.0.0
2026-06-17 12:12:39,505 [INFO] ThirdParty:1030 - CMSIS Pack Vendor :STMicroelectronics FP-ATR-ASTRA1 2.0.2
2026-06-17 12:12:39,505 [INFO] ThirdParty:1030 - CMSIS Pack Vendor :STMicroelectronics X-CUBE-BLE1 7.1.0
2026-06-17 12:12:39,505 [INFO] ThirdParty:1030 - CMSIS Pack Vendor :STMicroelectronics X-CUBE-SMBUS 2.1.0
2026-06-17 12:12:39,505 [INFO] ThirdParty:1030 - CMSIS Pack Vendor :STMicroelectronics USB_DEVICE 3.0.0
2026-06-17 12:12:39,505 [INFO] ThirdParty:1030 - CMSIS Pack Vendor :STMicroelectronics X-CUBE-ISPU 2.1.0
2026-06-17 12:12:39,505 [INFO] ThirdParty:1030 - CMSIS Pack Vendor :STMicroelectronics X-CUBE-IPS 3.2.0
2026-06-17 12:12:39,505 [INFO] ThirdParty:1030 - CMSIS Pack Vendor :STMicroelectronics eDS-WB_DPC_TT-BIDIR 2.1.1
2026-06-17 12:12:39,506 [INFO] ThirdParty:1030 - CMSIS Pack Vendor :STMicroelectronics X-CUBE-AZRTOS-WB 2.0.0
2026-06-17 12:12:39,506 [INFO] ThirdParty:1030 - CMSIS Pack Vendor :STMicroelectronics X-CUBE-ST60 1.0.0
2026-06-17 12:12:39,506 [INFO] ThirdParty:1030 - CMSIS Pack Vendor :STMicroelectronics X-CUBE-GNSS1 7.0.1
2026-06-17 12:12:39,506 [INFO] ThirdParty:1030 - CMSIS Pack Vendor :STMicroelectronics X-CUBE-AZRTOS-F7 1.1.0
2026-06-17 12:12:39,506 [INFO] ThirdParty:1030 - CMSIS Pack Vendor :STMicroelectronics X-CUBE-AZRTOS-L5 2.0.0
2026-06-17 12:12:39,506 [INFO] ThirdParty:1030 - CMSIS Pack Vendor :STMicroelectronics X-CUBE-TOUCHGFX 4.25.0
2026-06-17 12:12:39,506 [INFO] ThirdParty:1030 - CMSIS Pack Vendor :STMicroelectronics USB_DEVICE 2.0.0
2026-06-17 12:12:39,506 [INFO] ThirdParty:1030 - CMSIS Pack Vendor :STMicroelectronics X-CUBE-NFC6 3.1.0
2026-06-17 12:12:39,506 [INFO] ThirdParty:1030 - CMSIS Pack Vendor :STMicroelectronics FP-SNS-STAIOTCFT 1.1.0
2026-06-17 12:12:39,506 [INFO] ThirdParty:1030 - CMSIS Pack Vendor :quantropi X-CUBE-qispace-sdk-base 2.1.0
2026-06-17 12:12:39,506 [INFO] ThirdParty:1030 - CMSIS Pack Vendor :STMicroelectronics X-CUBE-MEMS1 12.0.0
2026-06-17 12:12:39,506 [INFO] ThirdParty:1030 - CMSIS Pack Vendor :STMicroelectronics X-CUBE-STSE01 2.0.0
2026-06-17 12:12:39,506 [INFO] ThirdParty:1030 - CMSIS Pack Vendor :STMicroelectronics X-CUBE-ALGOBUILD 1.5.0
2026-06-17 12:12:39,507 [INFO] ThirdParty:1030 - CMSIS Pack Vendor :STMicroelectronics FP-SNS-MOTENV1 5.1.0
2026-06-17 12:12:39,507 [INFO] ThirdParty:1030 - CMSIS Pack Vendor :STMicroelectronics FreeRTOS 0.0.1
2026-06-17 12:12:39,507 [INFO] ThirdParty:1030 - CMSIS Pack Vendor :STMicroelectronics X-CUBE-AZRTOS-G0 1.1.0
2026-06-17 12:12:39,507 [INFO] ThirdParty:1030 - CMSIS Pack Vendor :STMicroelectronics X-CUBE-SAFEA1 1.2.2
2026-06-17 12:12:39,507 [INFO] ThirdParty:1030 - CMSIS Pack Vendor :STMicroelectronics X-CUBE-NFC4 3.0.0
2026-06-17 12:12:39,507 [INFO] ThirdParty:1030 - CMSIS Pack Vendor :STMicroelectronics X-CUBE-SUBG2 5.0.0
2026-06-17 12:12:39,507 [INFO] ThirdParty:1030 - CMSIS Pack Vendor :STMicroelectronics X-CUBE-AZRTOS-H7RS 1.1.0
2026-06-17 12:12:39,507 [INFO] ThirdParty:1030 - CMSIS Pack Vendor :STMicroelectronics STM32_WPAN 1.0.0
2026-06-17 12:12:39,507 [INFO] ThirdParty:1030 - CMSIS Pack Vendor :STMicroelectronics eDS-WB_DPC_VIENNA 1.2.0
2026-06-17 12:12:39,507 [INFO] ThirdParty:1030 - CMSIS Pack Vendor :EmbeddedOffice I-CUBE-FS-RTOS 1.0.1
2026-06-17 12:12:39,507 [INFO] ThirdParty:1030 - CMSIS Pack Vendor :STMicroelectronics lwIP 2.0.3
2026-06-17 12:12:39,507 [INFO] ThirdParty:1030 - CMSIS Pack Vendor :Cesanta I-CUBE-Mongoose 7.13.0
2026-06-17 12:12:39,507 [INFO] ThirdParty:1030 - CMSIS Pack Vendor :STMicroelectronics eDS-WB_DPC_3PH2L-BIDIR 1.1.1
2026-06-17 12:12:39,507 [INFO] ThirdParty:1030 - CMSIS Pack Vendor :STMicroelectronics USB_HOST 1.0.0
2026-06-17 12:12:39,507 [INFO] ThirdParty:1030 - CMSIS Pack Vendor :STMicroelectronics X-CUBE-AZRTOS-G4 2.0.0
2026-06-17 12:12:39,507 [INFO] ThirdParty:1030 - CMSIS Pack Vendor :STMicroelectronics X-CUBE-WB05N 2.0.0
2026-06-17 12:12:39,507 [INFO] ThirdParty:1030 - CMSIS Pack Vendor :STMicroelectronics PDM2PCM 3.1.0
2026-06-17 12:12:39,508 [INFO] ThirdParty:1030 - CMSIS Pack Vendor :STMicroelectronics PDM2PCM 3.3.0
2026-06-17 12:12:39,508 [INFO] ThirdParty:1030 - CMSIS Pack Vendor :STMicroelectronics X-CUBE-AZRTOS-H7 3.4.0
2026-06-17 12:12:39,508 [INFO] ThirdParty:1030 - CMSIS Pack Vendor :STMicroelectronics X-CUBE-DISPLAY 3.0.0
2026-06-17 12:12:39,508 [INFO] ThirdParty:1030 - CMSIS Pack Vendor :STMicroelectronics X-CUBE-NFC7 2.0.0
2026-06-17 12:12:39,508 [INFO] ThirdParty:1030 - CMSIS Pack Vendor :STMicroelectronics X-CUBE-GNSS1 7.1.1
2026-06-17 12:12:39,508 [INFO] ThirdParty:1030 - CMSIS Pack Vendor :STMicroelectronics FP-SNS-MOTENVWB1 1.5.0
2026-06-17 12:12:39,508 [INFO] ThirdParty:1030 - CMSIS Pack Vendor :STMicroelectronics X-CUBE-TCPP 4.2.0
2026-06-17 12:12:39,508 [INFO] ThirdParty:1030 - CMSIS Pack Vendor :RealThread X-CUBE-RT-Thread_Nano 4.1.1
2026-06-17 12:12:39,508 [INFO] ThirdParty:1030 - CMSIS Pack Vendor :STMicroelectronics FP-ATR-SIGFOX1 3.2.0
2026-06-17 12:12:39,508 [INFO] ThirdParty:1030 - CMSIS Pack Vendor :STMicroelectronics X-CUBE-NFC10 1.0.0
2026-06-17 12:12:39,508 [INFO] ThirdParty:1030 - CMSIS Pack Vendor :STMicroelectronics X-CUBE-FREERTOS 1.3.1
2026-06-17 12:12:39,508 [INFO] ThirdParty:1030 - CMSIS Pack Vendor :STMicroelectronics HAL Drivers 0.0.0
2026-06-17 12:12:39,508 [INFO] ThirdParty:1030 - CMSIS Pack Vendor :STMicroelectronics X-CUBE-FREERTOS 1.5.0
2026-06-17 12:12:39,508 [INFO] ThirdParty:1030 - CMSIS Pack Vendor :STMicroelectronics MBEDTLS 2.16.2
2026-06-17 12:12:39,508 [INFO] ThirdParty:1030 - CMSIS Pack Vendor :STMicroelectronics X-CUBE-ST60 1.1.0
2026-06-17 12:12:39,508 [INFO] ThirdParty:1030 - CMSIS Pack Vendor :STMicroelectronics X-CUBE-IPS 3.1.0
2026-06-17 12:12:39,508 [INFO] ThirdParty:1030 - CMSIS Pack Vendor :STMicroelectronics X-CUBE-ALS 1.0.2
2026-06-17 12:12:39,509 [INFO] ThirdParty:1030 - CMSIS Pack Vendor :STMicroelectronics MBEDTLS 2.14.1
2026-06-17 12:12:39,509 [INFO] ThirdParty:1030 - CMSIS Pack Vendor :STMicroelectronics X-CUBE-GNSS1 7.1.0
2026-06-17 12:12:39,509 [INFO] ThirdParty:1030 - CMSIS Pack Vendor :STMicroelectronics X-CUBE-TOUCHGFX 4.26.1
2026-06-17 12:12:39,509 [INFO] ThirdParty:1030 - CMSIS Pack Vendor :portGmbH I-Cube-SoM-uGOAL 1.1.0
2026-06-17 12:12:39,509 [INFO] ThirdParty:1030 - CMSIS Pack Vendor :STMicroelectronics X-CUBE-NFC6 3.2.0
2026-06-17 12:12:39,509 [INFO] ThirdParty:1030 - CMSIS Pack Vendor :STMicroelectronics X-CUBE-ST67W61 1.0.0
2026-06-17 12:12:39,509 [INFO] ThirdParty:1030 - CMSIS Pack Vendor :STMicroelectronics FP-SNS-STAIOTCFT 1.0.0
2026-06-17 12:12:39,509 [INFO] ThirdParty:1030 - CMSIS Pack Vendor :STMicroelectronics ThreadX 1.0.0
2026-06-17 12:12:39,509 [INFO] ThirdParty:1030 - CMSIS Pack Vendor :STMicroelectronics FP-SNS-SMARTAG2 1.2.0
2026-06-17 12:12:39,509 [INFO] ThirdParty:1030 - CMSIS Pack Vendor :STMicroelectronics X-CUBE-MEMS1 12.1.0
2026-06-17 12:12:39,509 [INFO] ThirdParty:1030 - CMSIS Pack Vendor :STMicroelectronics FP-SNS-FLIGHT1 5.1.0
2026-06-17 12:12:39,509 [INFO] ThirdParty:1030 - CMSIS Pack Vendor :STMicroelectronics X-CUBE-AZRTOS-WL 2.0.0
2026-06-17 12:12:39,509 [INFO] ThirdParty:1030 - CMSIS Pack Vendor :SEGGER I-CUBE-embOS 1.3.1
2026-06-17 12:12:39,509 [INFO] ThirdParty:1030 - CMSIS Pack Vendor :STMicroelectronics X-CUBE-ALGOBUILD 1.4.0
2026-06-17 12:12:39,509 [INFO] ThirdParty:1030 - CMSIS Pack Vendor :STMicroelectronics X-CUBE-DPower 1.3.0
2026-06-17 12:12:39,509 [INFO] ThirdParty:1030 - CMSIS Pack Vendor :STMicroelectronics X-CUBE-MEMS1 11.3.0
2026-06-17 12:12:39,509 [INFO] ThirdParty:1030 - CMSIS Pack Vendor :STMicroelectronics FP-SNS-MOTENV1 5.0.0
2026-06-17 12:12:39,509 [INFO] ThirdParty:1030 - CMSIS Pack Vendor :STMicroelectronics USB_DEVICE 1.0.0
2026-06-17 12:12:39,510 [INFO] ThirdParty:1030 - CMSIS Pack Vendor :STMicroelectronics X-CUBE-AZRTOS-H7RS 1.2.0
2026-06-17 12:12:39,510 [INFO] ThirdParty:1030 - CMSIS Pack Vendor :STMicroelectronics X-CUBE-AZRTOS-L4 2.0.0
2026-06-17 12:12:39,510 [INFO] ThirdParty:1030 - CMSIS Pack Vendor :STMicroelectronics ThreadX 0.0.2
2026-06-17 12:12:39,510 [INFO] ThirdParty:1030 - CMSIS Pack Vendor :WES I-CUBE-Cesium 1.3.0
2026-06-17 12:12:39,510 [INFO] ThirdParty:1030 - CMSIS Pack Vendor :STMicroelectronics lwIP 2.1.2
2026-06-17 12:12:39,510 [INFO] ThirdParty:1030 - CMSIS Pack Vendor :STMicroelectronics X-CUBE-SFXS2LP1 4.0.0
2026-06-17 12:12:39,510 [INFO] ThirdParty:1030 - CMSIS Pack Vendor :STMicroelectronics X-CUBE-BLE2 3.3.0
2026-06-17 12:12:39,510 [INFO] ThirdParty:1030 - CMSIS Pack Vendor :Avnet-IOTCONNECT X-CUBE-iotc-st67-sdk 1.0.0
2026-06-17 12:12:39,510 [INFO] ThirdParty:1030 - CMSIS Pack Vendor :STMicroelectronics X-CUBE-TOF1 3.4.3
2026-06-17 12:12:39,510 [INFO] ThirdParty:1030 - CMSIS Pack Vendor :STMicroelectronics X-CUBE-NFC13 1.0.0
2026-06-17 12:12:39,510 [INFO] ThirdParty:1030 - CMSIS Pack Vendor :STMicroelectronics PDM2PCM 3.2.0
2026-06-17 12:12:39,510 [INFO] ThirdParty:1030 - CMSIS Pack Vendor :STMicroelectronics X-CUBE-WB05N 2.1.0
2026-06-17 12:12:39,510 [INFO] ThirdParty:1030 - CMSIS Pack Vendor :STMicroelectronics X-CUBE-ST67W61 1.2.0
2026-06-17 12:12:39,510 [INFO] ThirdParty:841 - exiting critical section [change project]
2026-06-17 12:12:40,255 [INFO] PinOutPanel:1589 - setPackage(No Configuration,No Configuration)
2026-06-17 12:12:40,258 [INFO] PinOutPanel:1589 - setPackage(STM32F103RCTx,LQFP64)
2026-06-17 12:12:41,160 [INFO] UtilMem:75 - Before build in PCC Used Memory: 726406248 Bytes (1073741824)
2026-06-17 12:12:42,542 [INFO] UtilMem:75 - After build in PCC Used Memory: 792594968 Bytes (1073741824)
2026-06-17 12:12:42,599 [INFO] IPUIPlugin:80 - create IPUIPlugin
2026-06-17 12:12:42,600 [INFO] IPUIPlugin:80 - create IPUIPlugin
2026-06-17 12:12:42,600 [INFO] IPUIPlugin:80 - create IPUIPlugin
2026-06-17 12:12:42,600 [INFO] IPUIPlugin:80 - create IPUIPlugin
2026-06-17 12:12:42,601 [INFO] IPUIPlugin:80 - create IPUIPlugin
2026-06-17 12:12:42,601 [INFO] IPUIPlugin:80 - create IPUIPlugin
2026-06-17 12:12:42,601 [INFO] IPUIPlugin:80 - create IPUIPlugin
2026-06-17 12:12:42,602 [INFO] IPUIPlugin:80 - create IPUIPlugin
2026-06-17 12:12:42,602 [INFO] IPUIPlugin:80 - create IPUIPlugin
2026-06-17 12:12:42,602 [INFO] IPUIPlugin:80 - create IPUIPlugin
2026-06-17 12:12:42,602 [INFO] IPUIPlugin:80 - create IPUIPlugin
2026-06-17 12:12:42,603 [INFO] IPUIPlugin:80 - create IPUIPlugin
2026-06-17 12:12:42,603 [INFO] IPUIPlugin:80 - create IPUIPlugin
2026-06-17 12:12:42,603 [INFO] IPUIPlugin:80 - create IPUIPlugin
2026-06-17 12:12:42,603 [INFO] IPUIPlugin:80 - create IPUIPlugin
2026-06-17 12:12:42,604 [INFO] IPUIPlugin:80 - create IPUIPlugin
2026-06-17 12:12:42,604 [INFO] IPUIPlugin:80 - create IPUIPlugin
2026-06-17 12:12:42,604 [INFO] IPUIPlugin:80 - create IPUIPlugin
2026-06-17 12:12:42,605 [INFO] IPUIPlugin:80 - create IPUIPlugin
2026-06-17 12:12:42,605 [INFO] IPUIPlugin:80 - create IPUIPlugin
2026-06-17 12:12:42,605 [INFO] IPUIPlugin:80 - create IPUIPlugin
2026-06-17 12:12:42,606 [INFO] IPUIPlugin:80 - create IPUIPlugin
2026-06-17 12:12:42,606 [INFO] IPUIPlugin:80 - create IPUIPlugin
2026-06-17 12:12:42,606 [INFO] IPUIPlugin:80 - create IPUIPlugin
2026-06-17 12:12:42,606 [INFO] IPUIPlugin:80 - create IPUIPlugin
2026-06-17 12:12:42,607 [INFO] IPUIPlugin:80 - create IPUIPlugin
2026-06-17 12:12:42,607 [INFO] IPUIPlugin:80 - create IPUIPlugin
2026-06-17 12:12:42,607 [INFO] IPUIPlugin:80 - create IPUIPlugin
2026-06-17 12:12:42,608 [INFO] IPUIPlugin:80 - create IPUIPlugin
2026-06-17 12:12:42,608 [INFO] IPUIPlugin:80 - create IPUIPlugin
2026-06-17 12:12:42,608 [INFO] IPUIPlugin:80 - create IPUIPlugin
2026-06-17 12:12:42,609 [INFO] IPUIPlugin:80 - create IPUIPlugin
2026-06-17 12:12:42,609 [INFO] IPUIPlugin:80 - create IPUIPlugin
2026-06-17 12:12:42,609 [INFO] IPUIPlugin:80 - create IPUIPlugin
2026-06-17 12:12:42,610 [INFO] IPUIPlugin:80 - create IPUIPlugin
2026-06-17 12:12:42,610 [INFO] IPUIPlugin:80 - create IPUIPlugin
2026-06-17 12:12:42,611 [INFO] IPUIPlugin:80 - create IPUIPlugin
2026-06-17 12:12:42,612 [INFO] IPUIPlugin:80 - create IPUIPlugin
2026-06-17 12:12:42,613 [INFO] IPUIPlugin:80 - create IPUIPlugin
2026-06-17 12:12:42,630 [WARN] IP:2250 - I2C_Coeff_DF not found: check if there is a RefParameter without a condition.
2026-06-17 12:12:42,630 [WARN] IP:2250 - Analog_Filter not found: check if there is a RefParameter without a condition.
2026-06-17 12:12:42,989 [INFO] CADModel:165 - CPN selected for project levelSTM32F103RCT6
2026-06-17 12:12:42,989 [INFO] CADModel:114 - Register for checkConnection events
2026-06-17 12:12:43,050 [INFO] OpenFileManager:386 - Restore cursor
2026-06-17 12:12:43,427 [WARN] IP:2250 - I2C_Coeff_DF not found: check if there is a RefParameter without a condition.
2026-06-17 12:12:43,429 [WARN] IP:2250 - Analog_Filter not found: check if there is a RefParameter without a condition.
2026-06-17 12:12:43,431 [WARN] IP:2250 - I2C_Coeff_DF not found: check if there is a RefParameter without a condition.
2026-06-17 12:12:43,432 [WARN] IP:2250 - Analog_Filter not found: check if there is a RefParameter without a condition.
2026-06-17 12:13:56,980 [ERROR] LogOutputStream:75 - [STDERR_REDIRECT] Exception in thread "AWT-EventQueue-0" java.lang.ClassCastException: class sun.awt.windows.WEmbeddedFrame cannot be cast to class javax.swing.JFrame (sun.awt.windows.WEmbeddedFrame and javax.swing.JFrame are in module java.desktop of loader 'bootstrap')
2026-06-17 12:13:56,982 [ERROR] LogOutputStream:75 - [STDERR_REDIRECT] 	at com.st.microxplorer.plugins.clock.ClockConfigurationView.activatePlugin(ClockConfigurationView.java:424)
2026-06-17 12:13:56,983 [ERROR] LogOutputStream:75 - [STDERR_REDIRECT] 	at com.st.microxplorer.maingui.MainPanel$1.stateChanged(MainPanel.java:385)
2026-06-17 12:13:56,984 [ERROR] LogOutputStream:75 - [STDERR_REDIRECT] 	at java.desktop/javax.swing.JTabbedPane.fireStateChanged(JTabbedPane.java:446)
2026-06-17 12:13:56,986 [ERROR] LogOutputStream:75 - [STDERR_REDIRECT] 	at java.desktop/javax.swing.JTabbedPane$ModelListener.stateChanged(JTabbedPane.java:297)
2026-06-17 12:13:56,988 [ERROR] LogOutputStream:75 - [STDERR_REDIRECT] 	at java.desktop/javax.swing.DefaultSingleSelectionModel.fireStateChanged(DefaultSingleSelectionModel.java:148)
2026-06-17 12:13:56,990 [ERROR] LogOutputStream:75 - [STDERR_REDIRECT] 	at java.desktop/javax.swing.DefaultSingleSelectionModel.setSelectedIndex(DefaultSingleSelectionModel.java:79)
2026-06-17 12:13:56,993 [ERROR] LogOutputStream:75 - [STDERR_REDIRECT] 	at java.desktop/javax.swing.JTabbedPane.setSelectedIndexImpl(JTabbedPane.java:650)
2026-06-17 12:13:56,995 [ERROR] LogOutputStream:75 - [STDERR_REDIRECT] 	at java.desktop/javax.swing.JTabbedPane.setSelectedIndex(JTabbedPane.java:625)
2026-06-17 12:13:56,997 [ERROR] LogOutputStream:75 - [STDERR_REDIRECT] 	at java.desktop/javax.swing.plaf.basic.BasicTabbedPaneUI$Handler.mousePressed(BasicTabbedPaneUI.java:4140)
2026-06-17 12:13:56,999 [ERROR] LogOutputStream:75 - [STDERR_REDIRECT] 	at java.desktop/java.awt.Component.processMouseEvent(Component.java:6618)
2026-06-17 12:13:57,000 [ERROR] LogOutputStream:75 - [STDERR_REDIRECT] 	at java.desktop/javax.swing.JComponent.processMouseEvent(JComponent.java:3398)
2026-06-17 12:13:57,001 [ERROR] LogOutputStream:75 - [STDERR_REDIRECT] 	at java.desktop/java.awt.Component.processEvent(Component.java:6386)
2026-06-17 12:13:57,002 [ERROR] LogOutputStream:75 - [STDERR_REDIRECT] 	at java.desktop/java.awt.Container.processEvent(Container.java:2266)
2026-06-17 12:13:57,003 [ERROR] LogOutputStream:75 - [STDERR_REDIRECT] 	at java.desktop/java.awt.Component.dispatchEventImpl(Component.java:4996)
2026-06-17 12:13:57,004 [ERROR] LogOutputStream:75 - [STDERR_REDIRECT] 	at java.desktop/java.awt.Container.dispatchEventImpl(Container.java:2324)
2026-06-17 12:13:57,005 [ERROR] LogOutputStream:75 - [STDERR_REDIRECT] 	at java.desktop/java.awt.Component.dispatchEvent(Component.java:4828)
2026-06-17 12:13:57,007 [ERROR] LogOutputStream:75 - [STDERR_REDIRECT] 	at java.desktop/java.awt.LightweightDispatcher.retargetMouseEvent(Container.java:4948)
2026-06-17 12:13:57,009 [ERROR] LogOutputStream:75 - [STDERR_REDIRECT] 	at java.desktop/java.awt.LightweightDispatcher.processMouseEvent(Container.java:4572)
2026-06-17 12:13:57,011 [ERROR] LogOutputStream:75 - [STDERR_REDIRECT] 	at java.desktop/java.awt.LightweightDispatcher.dispatchEvent(Container.java:4516)
2026-06-17 12:13:57,013 [ERROR] LogOutputStream:75 - [STDERR_REDIRECT] 	at java.desktop/java.awt.Container.dispatchEventImpl(Container.java:2310)
2026-06-17 12:13:57,014 [ERROR] LogOutputStream:75 - [STDERR_REDIRECT] 	at java.desktop/java.awt.Component.dispatchEvent(Component.java:4828)
2026-06-17 12:13:57,015 [ERROR] LogOutputStream:75 - [STDERR_REDIRECT] 	at java.desktop/java.awt.EventQueue.dispatchEventImpl(EventQueue.java:775)
2026-06-17 12:13:57,016 [ERROR] LogOutputStream:75 - [STDERR_REDIRECT] 	at java.desktop/java.awt.EventQueue$4.run(EventQueue.java:720)
2026-06-17 12:13:57,017 [ERROR] LogOutputStream:75 - [STDERR_REDIRECT] 	at java.desktop/java.awt.EventQueue$4.run(EventQueue.java:714)
2026-06-17 12:13:57,018 [ERROR] LogOutputStream:75 - [STDERR_REDIRECT] 	at java.base/java.security.AccessController.doPrivileged(AccessController.java:400)
2026-06-17 12:13:57,019 [ERROR] LogOutputStream:75 - [STDERR_REDIRECT] 	at java.base/java.security.ProtectionDomain$JavaSecurityAccessImpl.doIntersectionPrivilege(ProtectionDomain.java:87)
2026-06-17 12:13:57,020 [ERROR] LogOutputStream:75 - [STDERR_REDIRECT] 	at java.base/java.security.ProtectionDomain$JavaSecurityAccessImpl.doIntersectionPrivilege(ProtectionDomain.java:98)
2026-06-17 12:13:57,021 [ERROR] LogOutputStream:75 - [STDERR_REDIRECT] 	at java.desktop/java.awt.EventQueue$5.run(EventQueue.java:747)
2026-06-17 12:13:57,021 [ERROR] LogOutputStream:75 - [STDERR_REDIRECT] 	at java.desktop/java.awt.EventQueue$5.run(EventQueue.java:745)
2026-06-17 12:13:57,022 [ERROR] LogOutputStream:75 - [STDERR_REDIRECT] 	at java.base/java.security.AccessController.doPrivileged(AccessController.java:400)
2026-06-17 12:13:57,023 [ERROR] LogOutputStream:75 - [STDERR_REDIRECT] 	at java.base/java.security.ProtectionDomain$JavaSecurityAccessImpl.doIntersectionPrivilege(ProtectionDomain.java:87)
2026-06-17 12:13:57,026 [ERROR] LogOutputStream:75 - [STDERR_REDIRECT] 	at java.desktop/java.awt.EventQueue.dispatchEvent(EventQueue.java:744)
2026-06-17 12:13:57,029 [ERROR] LogOutputStream:75 - [STDERR_REDIRECT] 	at java.desktop/java.awt.EventDispatchThread.pumpOneEventForFilters(EventDispatchThread.java:203)
2026-06-17 12:13:57,030 [ERROR] LogOutputStream:75 - [STDERR_REDIRECT] 	at java.desktop/java.awt.EventDispatchThread.pumpEventsForFilter(EventDispatchThread.java:124)
2026-06-17 12:13:57,032 [ERROR] LogOutputStream:75 - [STDERR_REDIRECT] 	at java.desktop/java.awt.EventDispatchThread.pumpEventsForHierarchy(EventDispatchThread.java:113)
2026-06-17 12:13:57,033 [ERROR] LogOutputStream:75 - [STDERR_REDIRECT] 	at java.desktop/java.awt.EventDispatchThread.pumpEvents(EventDispatchThread.java:109)
2026-06-17 12:13:57,034 [ERROR] LogOutputStream:75 - [STDERR_REDIRECT] 	at java.desktop/java.awt.EventDispatchThread.pumpEvents(EventDispatchThread.java:101)
2026-06-17 12:13:57,036 [ERROR] LogOutputStream:75 - [STDERR_REDIRECT] 	at java.desktop/java.awt.EventDispatchThread.run(EventDispatchThread.java:90)
2026-06-17 12:14:05,492 [WARN] IP:2250 - I2C_Coeff_DF not found: check if there is a RefParameter without a condition.
2026-06-17 12:14:05,492 [WARN] IP:2250 - Analog_Filter not found: check if there is a RefParameter without a condition.
2026-06-17 12:14:05,494 [WARN] IP:2250 - I2C_Coeff_DF not found: check if there is a RefParameter without a condition.
2026-06-17 12:14:05,495 [WARN] IP:2250 - Analog_Filter not found: check if there is a RefParameter without a condition.
2026-06-17 12:14:08,960 [WARN] IP:2250 - I2C_Coeff_DF not found: check if there is a RefParameter without a condition.
2026-06-17 12:14:08,961 [WARN] IP:2250 - Analog_Filter not found: check if there is a RefParameter without a condition.
2026-06-17 12:14:08,962 [WARN] IP:2250 - I2C_Coeff_DF not found: check if there is a RefParameter without a condition.
2026-06-17 12:14:08,962 [WARN] IP:2250 - Analog_Filter not found: check if there is a RefParameter without a condition.
2026-06-17 12:14:09,070 [WARN] IP:2250 - I2C_Coeff_DF not found: check if there is a RefParameter without a condition.
2026-06-17 12:14:09,071 [WARN] IP:2250 - Analog_Filter not found: check if there is a RefParameter without a condition.
2026-06-17 12:14:09,072 [WARN] IP:2250 - I2C_Coeff_DF not found: check if there is a RefParameter without a condition.
2026-06-17 12:14:09,072 [WARN] IP:2250 - Analog_Filter not found: check if there is a RefParameter without a condition.
2026-06-17 12:14:10,328 [WARN] IP:2250 - I2C_Coeff_DF not found: check if there is a RefParameter without a condition.
2026-06-17 12:14:10,328 [WARN] IP:2250 - Analog_Filter not found: check if there is a RefParameter without a condition.
2026-06-17 12:14:10,329 [WARN] IP:2250 - I2C_Coeff_DF not found: check if there is a RefParameter without a condition.
2026-06-17 12:14:10,330 [WARN] IP:2250 - Analog_Filter not found: check if there is a RefParameter without a condition.
2026-06-17 12:14:10,422 [WARN] IP:2250 - I2C_Coeff_DF not found: check if there is a RefParameter without a condition.
2026-06-17 12:14:10,423 [WARN] IP:2250 - Analog_Filter not found: check if there is a RefParameter without a condition.
2026-06-17 12:14:10,424 [WARN] IP:2250 - I2C_Coeff_DF not found: check if there is a RefParameter without a condition.
2026-06-17 12:14:10,424 [WARN] IP:2250 - Analog_Filter not found: check if there is a RefParameter without a condition.
2026-06-17 12:15:02,130 [WARN] IP:2250 - I2C_Coeff_DF not found: check if there is a RefParameter without a condition.
2026-06-17 12:15:02,130 [WARN] IP:2250 - Analog_Filter not found: check if there is a RefParameter without a condition.
2026-06-17 12:15:02,131 [WARN] IP:2250 - I2C_Coeff_DF not found: check if there is a RefParameter without a condition.
2026-06-17 12:15:02,131 [WARN] IP:2250 - Analog_Filter not found: check if there is a RefParameter without a condition.
2026-06-17 12:15:07,638 [INFO] UtilMem:75 - End SaveConfig() Used Memory: 785465584 Bytes (1073741824)
2026-06-17 12:15:08,841 [INFO] UtilMem:75 - End SaveConfig() Used Memory: 812728464 Bytes (1073741824)
2026-06-17 12:15:10,177 [INFO] UtilMem:75 - End SaveConfig() Used Memory: 887220104 Bytes (1073741824)
2026-06-17 12:15:10,901 [INFO] BlockDiagram:2775 - set Specific Code input for plugin: NVIC
2026-06-17 12:15:10,901 [INFO] BlockDiagram:2775 - set Specific Code input for plugin: USART
2026-06-17 12:15:10,902 [INFO] BlockDiagram:2775 - set Specific Code input for plugin: SYS
2026-06-17 12:15:10,905 [INFO] BlockDiagram:2775 - set Specific Code input for plugin: GPIO
2026-06-17 12:15:10,905 [INFO] BlockDiagram:2775 - set Specific Code input for plugin: RCC
2026-06-17 12:15:10,905 [INFO] BlockDiagram:2775 - set Specific Code input for plugin: I2C
2026-06-17 12:15:10,908 [INFO] CodeGenerator:892 - code generatio: config db path: C:\ST\STM32CubeIDE_1.19.0\STM32CubeIDE\plugins\com.st.stm32cube.common.mx_6.15.0.202507011659\\db\
2026-06-17 12:15:10,915 [WARN] IP:2250 - I2C_Coeff_DF not found: check if there is a RefParameter without a condition.
2026-06-17 12:15:10,915 [WARN] IP:2250 - Analog_Filter not found: check if there is a RefParameter without a condition.
2026-06-17 12:15:11,057 [INFO] CodeEngine:265 - oldGeneratedFile, C:\Users\Usuario\Desktop\UNAL\2026-1\Control\proyectoControl\sensoresProyecto\MXTmpFiles\license.tmp_save
2026-06-17 12:15:11,607 [INFO] CodeEngine:289 - Generated code: C:\Users\Usuario\Desktop\UNAL\2026-1\Control\proyectoControl\sensoresProyecto\MXTmpFiles\license.tmp
2026-06-17 12:15:11,794 [INFO] CodeEngine:265 - oldGeneratedFile, C:\Users\Usuario\Desktop\UNAL\2026-1\Control\proyectoControl\sensoresProyecto\MXTmpFiles\gpio.tmp_save
2026-06-17 12:15:12,008 [INFO] CodeEngine:289 - Generated code: C:\Users\Usuario\Desktop\UNAL\2026-1\Control\proyectoControl\sensoresProyecto\MXTmpFiles\gpio.tmp
2026-06-17 12:15:12,183 [INFO] CodeEngine:265 - oldGeneratedFile, C:\Users\Usuario\Desktop\UNAL\2026-1\Control\proyectoControl\sensoresProyecto\Core\Src\stm32f1xx_it.c_save
2026-06-17 12:15:12,376 [INFO] CodeEngine:289 - Generated code: C:\Users\Usuario\Desktop\UNAL\2026-1\Control\proyectoControl\sensoresProyecto\Core\Src\stm32f1xx_it.c
2026-06-17 12:15:12,391 [INFO] CodeEngine:265 - oldGeneratedFile, C:\Users\Usuario\Desktop\UNAL\2026-1\Control\proyectoControl\sensoresProyecto\Core\Inc\stm32f1xx_it.h_save
2026-06-17 12:15:12,504 [INFO] CodeEngine:289 - Generated code: C:\Users\Usuario\Desktop\UNAL\2026-1\Control\proyectoControl\sensoresProyecto\Core\Inc\stm32f1xx_it.h
2026-06-17 12:15:12,545 [INFO] CodeEngine:265 - oldGeneratedFile, C:\Users\Usuario\Desktop\UNAL\2026-1\Control\proyectoControl\sensoresProyecto\Core\Src\stm32f1xx_hal_msp.c_save
2026-06-17 12:15:12,799 [INFO] CodeEngine:289 - Generated code: C:\Users\Usuario\Desktop\UNAL\2026-1\Control\proyectoControl\sensoresProyecto\Core\Src\stm32f1xx_hal_msp.c
2026-06-17 12:15:12,815 [INFO] CodeEngine:265 - oldGeneratedFile, C:\Users\Usuario\Desktop\UNAL\2026-1\Control\proyectoControl\sensoresProyecto\MXTmpFiles\system.tmp_save
2026-06-17 12:15:12,925 [INFO] CodeEngine:289 - Generated code: C:\Users\Usuario\Desktop\UNAL\2026-1\Control\proyectoControl\sensoresProyecto\MXTmpFiles\system.tmp
2026-06-17 12:15:12,949 [INFO] CodeEngine:321 - oldGeneratedFile, C:\Users\Usuario\Desktop\UNAL\2026-1\Control\proyectoControl\sensoresProyecto\Core\Inc\stm32f1xx_hal_conf.h_save
2026-06-17 12:15:13,132 [INFO] CodeEngine:345 - Generated code: C:\Users\Usuario\Desktop\UNAL\2026-1\Control\proyectoControl\sensoresProyecto\Core\Inc\stm32f1xx_hal_conf.h
2026-06-17 12:15:13,182 [INFO] ApiDbMcu:532 - Load IP Config File for I2C2
2026-06-17 12:15:13,189 [INFO] ApiDbMcu:532 - Load IP Config File for USART1
2026-06-17 12:15:13,194 [INFO] ApiDbMcu:532 - Load IP Config File for RCC
2026-06-17 12:15:13,219 [INFO] CodeEngine:265 - oldGeneratedFile, C:\Users\Usuario\Desktop\UNAL\2026-1\Control\proyectoControl\sensoresProyecto\Core\Inc\main.h_save
2026-06-17 12:15:13,361 [INFO] CodeEngine:289 - Generated code: C:\Users\Usuario\Desktop\UNAL\2026-1\Control\proyectoControl\sensoresProyecto\Core\Inc\main.h
2026-06-17 12:15:13,380 [INFO] CodeEngine:265 - oldGeneratedFile, C:\Users\Usuario\Desktop\UNAL\2026-1\Control\proyectoControl\sensoresProyecto\Core\Src\main.c_save
2026-06-17 12:15:13,615 [INFO] CodeEngine:289 - Generated code: C:\Users\Usuario\Desktop\UNAL\2026-1\Control\proyectoControl\sensoresProyecto\Core\Src\main.c
2026-06-17 12:15:14,451 [INFO] ProjectBuilder:3606 - Time for Copy HAL[1] : 460mS.
2026-06-17 12:15:14,466 [INFO] ProjectBuilder:5216 - Project Generator version: 4.7.0-B52
2026-06-17 12:15:14,615 [INFO] ConfigFileManager:1595 - The Die is : DIE414
2026-06-17 12:15:14,630 [INFO] ApiDbMcu:532 - Load IP Config File for FATFS
2026-06-17 12:15:14,640 [INFO] ApiDbMcu:532 - Load IP Config File for FREERTOS
2026-06-17 12:15:14,649 [INFO] ApiDbMcu:532 - Load IP Config File for USB_DEVICE
2026-06-17 12:15:15,307 [INFO] LogOutputStream:77 - [STDOUT_REDIRECT] 
2026-06-17 12:15:17,223 [INFO] ProjectBuilder:5496 - Time for Generating toolchain IDE Files: 2757mS.
2026-06-17 12:15:17,225 [INFO] ProjectBuilder:3463 - Time for Copy CMSIS : 2mS.
2026-06-17 12:15:17,232 [INFO] ProjectBuilder:3463 - Time for Copy CMSIS : 1mS.
2026-06-17 12:15:38,267 [INFO] MainUpdater:2872 - connection check result : 10
2026-06-17 12:15:38,269 [INFO] MainUpdater:2872 - connection check result : 10
2026-06-17 12:15:38,428 [INFO] MicroXplorer:468 - Change Database Path : 
2026-06-17 12:15:38,429 [INFO] MicroXplorer:498 - Change Database Version : DB.6.0.150
2026-06-17 12:15:38,448 [ERROR] ProjectManagerView:395 - 
java.lang.NullPointerException: Cannot invoke "javax.swing.JTextField.getText()" because the return value of "java.util.List.get(int)" is null
	at com.st.microxplorer.plugins.projectmanager.gui.ProjectChoiceTab$9.caretUpdate(ProjectChoiceTab.java:2706) ~[filemanager.jar:?]
	at javax.swing.text.JTextComponent.fireCaretUpdate(JTextComponent.java:408) ~[?:?]
	at javax.swing.text.JTextComponent$MutableCaretEvent.fire(JTextComponent.java:4484) ~[?:?]
	at javax.swing.text.JTextComponent$MutableCaretEvent.stateChanged(JTextComponent.java:4506) ~[?:?]
	at javax.swing.text.DefaultCaret.fireStateChanged(DefaultCaret.java:857) ~[?:?]
	at javax.swing.text.DefaultCaret.changeCaretPosition(DefaultCaret.java:1343) ~[?:?]
	at javax.swing.text.DefaultCaret.handleSetDot(DefaultCaret.java:1242) ~[?:?]
	at javax.swing.text.DefaultCaret.setDot(DefaultCaret.java:1223) ~[?:?]
	at javax.swing.text.DefaultCaret$Handler.insertUpdate(DefaultCaret.java:1819) ~[?:?]
	at javax.swing.text.AbstractDocument.fireInsertUpdate(AbstractDocument.java:227) ~[?:?]
	at javax.swing.text.AbstractDocument.handleInsertString(AbstractDocument.java:781) ~[?:?]
	at javax.swing.text.AbstractDocument.insertString(AbstractDocument.java:740) ~[?:?]
	at javax.swing.text.PlainDocument.insertString(PlainDocument.java:131) ~[?:?]
	at javax.swing.text.AbstractDocument.replace(AbstractDocument.java:699) ~[?:?]
	at javax.swing.text.JTextComponent.setText(JTextComponent.java:1725) ~[?:?]
	at com.st.microxplorer.plugins.projectmanager.gui.ProjectChoiceTab.createHeapStackFields(ProjectChoiceTab.java:993) ~[filemanager.jar:?]
	at com.st.microxplorer.plugins.projectmanager.gui.ProjectChoiceTab.buildLinkSettingsPanel(ProjectChoiceTab.java:3813) ~[filemanager.jar:?]
	at com.st.microxplorer.plugins.projectmanager.gui.ProjectChoiceTab.defineWindowsFields(ProjectChoiceTab.java:1987) ~[filemanager.jar:?]
	at com.st.microxplorer.plugins.projectmanager.gui.ProjectChoiceTab.updateSettings(ProjectChoiceTab.java:558) ~[filemanager.jar:?]
	at com.st.microxplorer.plugins.projectmanager.gui.ProjectSettingsPanel.UpdateDialog(ProjectSettingsPanel.java:247) ~[filemanager.jar:?]
	at com.st.microxplorer.plugins.projectmanager.ProjectManagerView.propertyChange(ProjectManagerView.java:392) ~[filemanager.jar:?]
	at java.beans.PropertyChangeSupport.fire(PropertyChangeSupport.java:343) ~[?:?]
	at java.beans.PropertyChangeSupport.firePropertyChange(PropertyChangeSupport.java:335) ~[?:?]
	at java.beans.PropertyChangeSupport.firePropertyChange(PropertyChangeSupport.java:268) ~[?:?]
	at com.st.microxplorer.util.MXPropertyChangeSupport.firePropertyChange(MXPropertyChangeSupport.java:54) ~[STM32CubeMX.jar:?]
	at com.st.microxplorer.mxsystem.MxSystem.closeConfig(MxSystem.java:899) ~[STM32CubeMX.jar:?]
	at com.st.microxplorer.maingui.MainPanel.closeConfig(MainPanel.java:792) ~[STM32CubeMX.jar:?]
	at com.st.microxplorer.plugins.filemanager.engine.OpenFileManager.loadConfigurationFile(OpenFileManager.java:288) ~[filemanager.jar:?]
	at com.st.microxplorer.plugins.filemanager.engine.MainFileManager.userLoadConfig(MainFileManager.java:364) ~[filemanager.jar:?]
	at com.st.microxplorer.plugins.filemanager.engine.MainFileManager.userLoadConfig(MainFileManager.java:342) ~[filemanager.jar:?]
	at com.st.microxplorer.plugins.filemanager.FileManagerView.getSpecificTask(FileManagerView.java:264) ~[filemanager.jar:?]
	at com.st.stm32cube.common.mx.editor.CubeMxEditor.getMxTabbedPaneInstance(CubeMxEditor.java:1198) ~[com.st.stm32cube.common.mx_6.15.0.202507011659/:?]
	at com.st.stm32cube.common.mx.editor.CubeMxEditor$12$1.createSwingComponent(CubeMxEditor.java:1068) ~[com.st.stm32cube.common.mx_6.15.0.202507011659/:?]
	at com.st.stm32cube.common.mx.oss.core.awtswtbridge.EmbeddedSwingComposite.doComponentCreation(EmbeddedSwingComposite.java:492) ~[com.st.stm32cube.common.mx.oss_6.15.0.202507011659/:?]
	at com.st.stm32cube.common.mx.oss.core.awtswtbridge.EmbeddedSwingComposite$4.run(EmbeddedSwingComposite.java:291) ~[com.st.stm32cube.common.mx.oss_6.15.0.202507011659/:?]
	at com.st.stm32cube.common.mx.oss.core.awtswtbridge.AwtEnvironment$2.run(AwtEnvironment.java:166) ~[com.st.stm32cube.common.mx.oss_6.15.0.202507011659/:?]
	at java.awt.event.InvocationEvent.dispatch(InvocationEvent.java:318) ~[?:?]
	at java.awt.EventQueue.dispatchEventImpl(EventQueue.java:773) ~[?:?]
	at java.awt.EventQueue$4.run(EventQueue.java:720) ~[?:?]
	at java.awt.EventQueue$4.run(EventQueue.java:714) ~[?:?]
	at java.security.AccessController.doPrivileged(AccessController.java:400) ~[?:?]
	at java.security.ProtectionDomain$JavaSecurityAccessImpl.doIntersectionPrivilege(ProtectionDomain.java:87) ~[?:?]
	at java.awt.EventQueue.dispatchEvent(EventQueue.java:742) ~[?:?]
	at java.awt.EventDispatchThread.pumpOneEventForFilters(EventDispatchThread.java:203) ~[?:?]
	at java.awt.EventDispatchThread.pumpEventsForFilter(EventDispatchThread.java:124) ~[?:?]
	at java.awt.EventDispatchThread.pumpEventsForHierarchy(EventDispatchThread.java:113) ~[?:?]
	at java.awt.EventDispatchThread.pumpEvents(EventDispatchThread.java:109) ~[?:?]
	at java.awt.EventDispatchThread.pumpEvents(EventDispatchThread.java:101) ~[?:?]
	at java.awt.EventDispatchThread.run(EventDispatchThread.java:90) ~[?:?]
2026-06-17 12:15:38,460 [WARN] ThirdParty:871 - waiting for thirdparty lock release [close project]
2026-06-17 12:15:38,460 [INFO] ThirdParty:873 - entering critical section [close project]
2026-06-17 12:15:38,460 [INFO] ThirdParty:883 - exiting critical section [close project]
2026-06-17 12:15:38,462 [INFO] PinOutPanel:1589 - setPackage(No Configuration,No Configuration)
2026-06-17 12:15:38,471 [INFO] UtilMem:75 - Begin LoadConfig() Used Memory: 745714368 Bytes (1073741824)
2026-06-17 12:15:38,472 [INFO] MicroXplorer:468 - Change Database Path : 
2026-06-17 12:15:38,472 [INFO] MicroXplorer:498 - Change Database Version : DB.6.0.150
2026-06-17 12:15:38,472 [INFO] OpenFileManager:355 - Change cursor
2026-06-17 12:15:38,493 [INFO] RulesReader:64 - Compatibility file has been processed (317 Rules)
2026-06-17 12:15:38,500 [INFO] Mcu:2029 - Initializing MCU STM32F103R(C-D-E)Tx STM32F103RCTx STM32F103RCT6
2026-06-17 12:15:39,546 [INFO] Context:786 - Trying to add GPIOservice into a context  which must be forbidden
2026-06-17 12:15:39,874 [INFO] ImportTextPane:234 - (OptionalMessage_ERROR) Pin7 (VP_RIF_VS_RIF1) cannot be retrieved for this MCU
2026-06-17 12:15:39,987 [INFO] RtosManager:558 - Registered RTOS mode: class=CMSIS, group=RTOS, mode=CMSIS_V1, owner=FREERTOS
2026-06-17 12:15:39,987 [INFO] RtosManager:558 - Registered RTOS mode: class=CMSIS, group=RTOS2, mode=CMSIS_V2, owner=FREERTOS
2026-06-17 12:15:39,987 [INFO] RtosManager:558 - Registered RTOS mode: class=RTOS, group=Core, mode=CMSIS_V1, owner=FREERTOS
2026-06-17 12:15:39,987 [INFO] RtosManager:558 - Registered RTOS mode: class=RTOS, group=Core, mode=CMSIS_V2, owner=FREERTOS
2026-06-17 12:15:39,989 [WARN] ModelIntegratedComponent:184 - Missing modes for component STMicroelectronics:FreeRTOS:0.0.1:STMicroelectronics:RTOS:FreeRTOS:Core:::10.2.0:
2026-06-17 12:15:40,005 [WARN] ModelIntegratedComponent:63 - No mode defined for component null
2026-06-17 12:15:40,005 [WARN] ModelIntegratedComponent:63 - No mode defined for component null
2026-06-17 12:15:40,005 [WARN] ModelIntegratedComponent:63 - No mode defined for component null
2026-06-17 12:15:40,005 [WARN] ModelIntegratedComponent:63 - No mode defined for component null
2026-06-17 12:15:40,005 [WARN] ModelIntegratedComponent:63 - No mode defined for component null
2026-06-17 12:15:40,006 [WARN] ModelIntegratedComponent:63 - No mode defined for component null
2026-06-17 12:15:40,006 [WARN] ModelIntegratedComponent:63 - No mode defined for component null
2026-06-17 12:15:40,006 [WARN] ModelIntegratedComponent:63 - No mode defined for component null
2026-06-17 12:15:40,006 [WARN] ModelIntegratedComponent:63 - No mode defined for component null
2026-06-17 12:15:40,006 [WARN] ModelIntegratedComponent:63 - No mode defined for component null
2026-06-17 12:15:40,006 [WARN] ModelIntegratedComponent:63 - No mode defined for component null
2026-06-17 12:15:40,006 [WARN] ModelIntegratedComponent:63 - No mode defined for component null
2026-06-17 12:15:40,006 [WARN] ModelIntegratedComponent:63 - No mode defined for component null
2026-06-17 12:15:40,006 [WARN] ModelIntegratedComponent:63 - No mode defined for component null
2026-06-17 12:15:40,006 [WARN] ModelIntegratedComponent:63 - No mode defined for component null
2026-06-17 12:15:40,006 [WARN] ModelIntegratedComponent:63 - No mode defined for component null
2026-06-17 12:15:40,006 [WARN] ModelIntegratedComponent:63 - No mode defined for component null
2026-06-17 12:15:40,007 [WARN] ModelIntegratedComponent:63 - No mode defined for component null
2026-06-17 12:15:40,007 [WARN] ModelIntegratedComponent:63 - No mode defined for component null
2026-06-17 12:15:40,007 [WARN] ModelIntegratedComponent:63 - No mode defined for component null
2026-06-17 12:15:40,007 [WARN] ModelIntegratedComponent:63 - No mode defined for component null
2026-06-17 12:15:40,007 [WARN] ModelIntegratedComponent:63 - No mode defined for component null
2026-06-17 12:15:40,007 [WARN] ModelIntegratedComponent:63 - No mode defined for component null
2026-06-17 12:15:40,007 [WARN] ModelIntegratedComponent:63 - No mode defined for component null
2026-06-17 12:15:40,007 [WARN] ModelIntegratedComponent:63 - No mode defined for component null
2026-06-17 12:15:40,007 [WARN] ModelIntegratedComponent:63 - No mode defined for component null
2026-06-17 12:15:40,007 [WARN] ModelIntegratedComponent:63 - No mode defined for component null
2026-06-17 12:15:40,007 [WARN] ModelIntegratedComponent:63 - No mode defined for component null
2026-06-17 12:15:40,007 [WARN] ModelIntegratedComponent:63 - No mode defined for component null
2026-06-17 12:15:40,008 [WARN] ModelIntegratedComponent:63 - No mode defined for component null
2026-06-17 12:15:40,008 [WARN] ModelIntegratedComponent:63 - No mode defined for component null
2026-06-17 12:15:40,008 [WARN] ModelIntegratedComponent:63 - No mode defined for component null
2026-06-17 12:15:40,008 [WARN] ModelIntegratedComponent:63 - No mode defined for component null
2026-06-17 12:15:40,008 [WARN] ModelIntegratedComponent:63 - No mode defined for component null
2026-06-17 12:15:40,008 [WARN] ModelIntegratedComponent:63 - No mode defined for component null
2026-06-17 12:15:40,008 [WARN] ModelPack:524 - Component already loaded: STMicroelectronics:HAL Drivers:0.0.0:STMicroelectronics:Device:STMicro_Driver:XSPI:HAL::0.0.1:HAL_XSPI
2026-06-17 12:15:40,247 [INFO] ThirdPartyModel:298 - Start build external matchings
2026-06-17 12:15:41,417 [INFO] ThirdPartyModel:316 - End build external matchings
2026-06-17 12:15:41,737 [INFO] UtilMem:75 - End LoadConfig() Used Memory: 939735656 Bytes (1073741824)
2026-06-17 12:15:41,779 [WARN] ThirdParty:833 - waiting for thirdparty lock release [change project]
2026-06-17 12:15:41,779 [INFO] ThirdParty:835 - entering critical section [change project]
2026-06-17 12:15:41,779 [INFO] ThirdParty:1030 - CMSIS Pack Vendor :STMicroelectronics X-CUBE-AZRTOS-H7 3.5.0
2026-06-17 12:15:41,779 [INFO] ThirdParty:1030 - CMSIS Pack Vendor :STMicroelectronics X-CUBE-PM33A1 1.0.0
2026-06-17 12:15:41,779 [INFO] ThirdParty:1030 - CMSIS Pack Vendor :STMicroelectronics USBPD 4.1
2026-06-17 12:15:41,779 [INFO] ThirdParty:1030 - CMSIS Pack Vendor :STMicroelectronics X-CUBE-NFC9 1.0.0
2026-06-17 12:15:41,779 [INFO] ThirdParty:1030 - CMSIS Pack Vendor :STMicroelectronics USB_HOST 2.0.0
2026-06-17 12:15:41,779 [INFO] ThirdParty:1030 - CMSIS Pack Vendor :STMicroelectronics FP-SNS-MOTENVWB1 1.4.0
2026-06-17 12:15:41,779 [INFO] ThirdParty:1030 - CMSIS Pack Vendor :STMicroelectronics X-CUBE-AZRTOS-F4 1.1.0
2026-06-17 12:15:41,779 [INFO] ThirdParty:1030 - CMSIS Pack Vendor :STMicroelectronics LIBJPEG 8.0.0
2026-06-17 12:15:41,780 [INFO] ThirdParty:1030 - CMSIS Pack Vendor :STMicroelectronics FP-ATR-ASTRA1 2.0.2
2026-06-17 12:15:41,780 [INFO] ThirdParty:1030 - CMSIS Pack Vendor :STMicroelectronics X-CUBE-BLE1 7.1.0
2026-06-17 12:15:41,780 [INFO] ThirdParty:1030 - CMSIS Pack Vendor :STMicroelectronics X-CUBE-SMBUS 2.1.0
2026-06-17 12:15:41,780 [INFO] ThirdParty:1030 - CMSIS Pack Vendor :STMicroelectronics USB_DEVICE 3.0.0
2026-06-17 12:15:41,780 [INFO] ThirdParty:1030 - CMSIS Pack Vendor :STMicroelectronics X-CUBE-ISPU 2.1.0
2026-06-17 12:15:41,780 [INFO] ThirdParty:1030 - CMSIS Pack Vendor :STMicroelectronics X-CUBE-IPS 3.2.0
2026-06-17 12:15:41,780 [INFO] ThirdParty:1030 - CMSIS Pack Vendor :STMicroelectronics eDS-WB_DPC_TT-BIDIR 2.1.1
2026-06-17 12:15:41,780 [INFO] ThirdParty:1030 - CMSIS Pack Vendor :STMicroelectronics X-CUBE-AZRTOS-WB 2.0.0
2026-06-17 12:15:41,780 [INFO] ThirdParty:1030 - CMSIS Pack Vendor :STMicroelectronics X-CUBE-ST60 1.0.0
2026-06-17 12:15:41,780 [INFO] ThirdParty:1030 - CMSIS Pack Vendor :STMicroelectronics X-CUBE-GNSS1 7.0.1
2026-06-17 12:15:41,780 [INFO] ThirdParty:1030 - CMSIS Pack Vendor :STMicroelectronics X-CUBE-AZRTOS-F7 1.1.0
2026-06-17 12:15:41,780 [INFO] ThirdParty:1030 - CMSIS Pack Vendor :STMicroelectronics X-CUBE-AZRTOS-L5 2.0.0
2026-06-17 12:15:41,780 [INFO] ThirdParty:1030 - CMSIS Pack Vendor :STMicroelectronics X-CUBE-TOUCHGFX 4.25.0
2026-06-17 12:15:41,781 [INFO] ThirdParty:1030 - CMSIS Pack Vendor :STMicroelectronics USB_DEVICE 2.0.0
2026-06-17 12:15:41,781 [INFO] ThirdParty:1030 - CMSIS Pack Vendor :STMicroelectronics X-CUBE-NFC6 3.1.0
2026-06-17 12:15:41,781 [INFO] ThirdParty:1030 - CMSIS Pack Vendor :STMicroelectronics FP-SNS-STAIOTCFT 1.1.0
2026-06-17 12:15:41,781 [INFO] ThirdParty:1030 - CMSIS Pack Vendor :quantropi X-CUBE-qispace-sdk-base 2.1.0
2026-06-17 12:15:41,781 [INFO] ThirdParty:1030 - CMSIS Pack Vendor :STMicroelectronics X-CUBE-MEMS1 12.0.0
2026-06-17 12:15:41,781 [INFO] ThirdParty:1030 - CMSIS Pack Vendor :STMicroelectronics X-CUBE-STSE01 2.0.0
2026-06-17 12:15:41,781 [INFO] ThirdParty:1030 - CMSIS Pack Vendor :STMicroelectronics X-CUBE-ALGOBUILD 1.5.0
2026-06-17 12:15:41,781 [INFO] ThirdParty:1030 - CMSIS Pack Vendor :STMicroelectronics FP-SNS-MOTENV1 5.1.0
2026-06-17 12:15:41,781 [INFO] ThirdParty:1030 - CMSIS Pack Vendor :STMicroelectronics FreeRTOS 0.0.1
2026-06-17 12:15:41,781 [INFO] ThirdParty:1030 - CMSIS Pack Vendor :STMicroelectronics X-CUBE-AZRTOS-G0 1.1.0
2026-06-17 12:15:41,781 [INFO] ThirdParty:1030 - CMSIS Pack Vendor :STMicroelectronics X-CUBE-SAFEA1 1.2.2
2026-06-17 12:15:41,781 [INFO] ThirdParty:1030 - CMSIS Pack Vendor :STMicroelectronics X-CUBE-NFC4 3.0.0
2026-06-17 12:15:41,781 [INFO] ThirdParty:1030 - CMSIS Pack Vendor :STMicroelectronics X-CUBE-SUBG2 5.0.0
2026-06-17 12:15:41,781 [INFO] ThirdParty:1030 - CMSIS Pack Vendor :STMicroelectronics X-CUBE-AZRTOS-H7RS 1.1.0
2026-06-17 12:15:41,781 [INFO] ThirdParty:1030 - CMSIS Pack Vendor :STMicroelectronics STM32_WPAN 1.0.0
2026-06-17 12:15:41,782 [INFO] ThirdParty:1030 - CMSIS Pack Vendor :STMicroelectronics eDS-WB_DPC_VIENNA 1.2.0
2026-06-17 12:15:41,782 [INFO] ThirdParty:1030 - CMSIS Pack Vendor :EmbeddedOffice I-CUBE-FS-RTOS 1.0.1
2026-06-17 12:15:41,782 [INFO] ThirdParty:1030 - CMSIS Pack Vendor :STMicroelectronics lwIP 2.0.3
2026-06-17 12:15:41,782 [INFO] ThirdParty:1030 - CMSIS Pack Vendor :Cesanta I-CUBE-Mongoose 7.13.0
2026-06-17 12:15:41,782 [INFO] ThirdParty:1030 - CMSIS Pack Vendor :STMicroelectronics eDS-WB_DPC_3PH2L-BIDIR 1.1.1
2026-06-17 12:15:41,782 [INFO] ThirdParty:1030 - CMSIS Pack Vendor :STMicroelectronics USB_HOST 1.0.0
2026-06-17 12:15:41,782 [INFO] ThirdParty:1030 - CMSIS Pack Vendor :STMicroelectronics X-CUBE-AZRTOS-G4 2.0.0
2026-06-17 12:15:41,782 [INFO] ThirdParty:1030 - CMSIS Pack Vendor :STMicroelectronics X-CUBE-WB05N 2.0.0
2026-06-17 12:15:41,782 [INFO] ThirdParty:1030 - CMSIS Pack Vendor :STMicroelectronics PDM2PCM 3.1.0
2026-06-17 12:15:41,782 [INFO] ThirdParty:1030 - CMSIS Pack Vendor :STMicroelectronics PDM2PCM 3.3.0
2026-06-17 12:15:41,782 [INFO] ThirdParty:1030 - CMSIS Pack Vendor :STMicroelectronics X-CUBE-AZRTOS-H7 3.4.0
2026-06-17 12:15:41,783 [INFO] ThirdParty:1030 - CMSIS Pack Vendor :STMicroelectronics X-CUBE-DISPLAY 3.0.0
2026-06-17 12:15:41,783 [INFO] ThirdParty:1030 - CMSIS Pack Vendor :STMicroelectronics X-CUBE-NFC7 2.0.0
2026-06-17 12:15:41,783 [INFO] ThirdParty:1030 - CMSIS Pack Vendor :STMicroelectronics X-CUBE-GNSS1 7.1.1
2026-06-17 12:15:41,783 [INFO] ThirdParty:1030 - CMSIS Pack Vendor :STMicroelectronics FP-SNS-MOTENVWB1 1.5.0
2026-06-17 12:15:41,783 [INFO] ThirdParty:1030 - CMSIS Pack Vendor :STMicroelectronics X-CUBE-TCPP 4.2.0
2026-06-17 12:15:41,783 [INFO] ThirdParty:1030 - CMSIS Pack Vendor :RealThread X-CUBE-RT-Thread_Nano 4.1.1
2026-06-17 12:15:41,783 [INFO] ThirdParty:1030 - CMSIS Pack Vendor :STMicroelectronics FP-ATR-SIGFOX1 3.2.0
2026-06-17 12:15:41,783 [INFO] ThirdParty:1030 - CMSIS Pack Vendor :STMicroelectronics X-CUBE-NFC10 1.0.0
2026-06-17 12:15:41,783 [INFO] ThirdParty:1030 - CMSIS Pack Vendor :STMicroelectronics X-CUBE-FREERTOS 1.3.1
2026-06-17 12:15:41,783 [INFO] ThirdParty:1030 - CMSIS Pack Vendor :STMicroelectronics HAL Drivers 0.0.0
2026-06-17 12:15:41,783 [INFO] ThirdParty:1030 - CMSIS Pack Vendor :STMicroelectronics X-CUBE-FREERTOS 1.5.0
2026-06-17 12:15:41,783 [INFO] ThirdParty:1030 - CMSIS Pack Vendor :STMicroelectronics MBEDTLS 2.16.2
2026-06-17 12:15:41,783 [INFO] ThirdParty:1030 - CMSIS Pack Vendor :STMicroelectronics X-CUBE-ST60 1.1.0
2026-06-17 12:15:41,783 [INFO] ThirdParty:1030 - CMSIS Pack Vendor :STMicroelectronics X-CUBE-IPS 3.1.0
2026-06-17 12:15:41,785 [INFO] ThirdParty:1030 - CMSIS Pack Vendor :STMicroelectronics X-CUBE-ALS 1.0.2
2026-06-17 12:15:41,785 [INFO] ThirdParty:1030 - CMSIS Pack Vendor :STMicroelectronics MBEDTLS 2.14.1
2026-06-17 12:15:41,785 [INFO] ThirdParty:1030 - CMSIS Pack Vendor :STMicroelectronics X-CUBE-GNSS1 7.1.0
2026-06-17 12:15:41,785 [INFO] ThirdParty:1030 - CMSIS Pack Vendor :STMicroelectronics X-CUBE-TOUCHGFX 4.26.1
2026-06-17 12:15:41,785 [INFO] ThirdParty:1030 - CMSIS Pack Vendor :portGmbH I-Cube-SoM-uGOAL 1.1.0
2026-06-17 12:15:41,785 [INFO] ThirdParty:1030 - CMSIS Pack Vendor :STMicroelectronics X-CUBE-NFC6 3.2.0
2026-06-17 12:15:41,785 [INFO] ThirdParty:1030 - CMSIS Pack Vendor :STMicroelectronics X-CUBE-ST67W61 1.0.0
2026-06-17 12:15:41,785 [INFO] ThirdParty:1030 - CMSIS Pack Vendor :STMicroelectronics FP-SNS-STAIOTCFT 1.0.0
2026-06-17 12:15:41,785 [INFO] ThirdParty:1030 - CMSIS Pack Vendor :STMicroelectronics ThreadX 1.0.0
2026-06-17 12:15:41,785 [INFO] ThirdParty:1030 - CMSIS Pack Vendor :STMicroelectronics FP-SNS-SMARTAG2 1.2.0
2026-06-17 12:15:41,786 [INFO] ThirdParty:1030 - CMSIS Pack Vendor :STMicroelectronics X-CUBE-MEMS1 12.1.0
2026-06-17 12:15:41,786 [INFO] ThirdParty:1030 - CMSIS Pack Vendor :STMicroelectronics FP-SNS-FLIGHT1 5.1.0
2026-06-17 12:15:41,786 [INFO] ThirdParty:1030 - CMSIS Pack Vendor :STMicroelectronics X-CUBE-AZRTOS-WL 2.0.0
2026-06-17 12:15:41,786 [INFO] ThirdParty:1030 - CMSIS Pack Vendor :SEGGER I-CUBE-embOS 1.3.1
2026-06-17 12:15:41,786 [INFO] ThirdParty:1030 - CMSIS Pack Vendor :STMicroelectronics X-CUBE-ALGOBUILD 1.4.0
2026-06-17 12:15:41,786 [INFO] ThirdParty:1030 - CMSIS Pack Vendor :STMicroelectronics X-CUBE-DPower 1.3.0
2026-06-17 12:15:41,786 [INFO] ThirdParty:1030 - CMSIS Pack Vendor :STMicroelectronics X-CUBE-MEMS1 11.3.0
2026-06-17 12:15:41,787 [INFO] ThirdParty:1030 - CMSIS Pack Vendor :STMicroelectronics FP-SNS-MOTENV1 5.0.0
2026-06-17 12:15:41,788 [INFO] ThirdParty:1030 - CMSIS Pack Vendor :STMicroelectronics USB_DEVICE 1.0.0
2026-06-17 12:15:41,789 [INFO] ThirdParty:1030 - CMSIS Pack Vendor :STMicroelectronics X-CUBE-AZRTOS-H7RS 1.2.0
2026-06-17 12:15:41,789 [INFO] ThirdParty:1030 - CMSIS Pack Vendor :STMicroelectronics X-CUBE-AZRTOS-L4 2.0.0
2026-06-17 12:15:41,789 [INFO] ThirdParty:1030 - CMSIS Pack Vendor :STMicroelectronics ThreadX 0.0.2
2026-06-17 12:15:41,789 [INFO] ThirdParty:1030 - CMSIS Pack Vendor :WES I-CUBE-Cesium 1.3.0
2026-06-17 12:15:41,790 [INFO] ThirdParty:1030 - CMSIS Pack Vendor :STMicroelectronics lwIP 2.1.2
2026-06-17 12:15:41,790 [INFO] ThirdParty:1030 - CMSIS Pack Vendor :STMicroelectronics X-CUBE-SFXS2LP1 4.0.0
2026-06-17 12:15:41,790 [INFO] ThirdParty:1030 - CMSIS Pack Vendor :STMicroelectronics X-CUBE-BLE2 3.3.0
2026-06-17 12:15:41,790 [INFO] ThirdParty:1030 - CMSIS Pack Vendor :Avnet-IOTCONNECT X-CUBE-iotc-st67-sdk 1.0.0
2026-06-17 12:15:41,790 [INFO] ThirdParty:1030 - CMSIS Pack Vendor :STMicroelectronics X-CUBE-TOF1 3.4.3
2026-06-17 12:15:41,790 [INFO] ThirdParty:1030 - CMSIS Pack Vendor :STMicroelectronics X-CUBE-NFC13 1.0.0
2026-06-17 12:15:41,790 [INFO] ThirdParty:1030 - CMSIS Pack Vendor :STMicroelectronics PDM2PCM 3.2.0
2026-06-17 12:15:41,790 [INFO] ThirdParty:1030 - CMSIS Pack Vendor :STMicroelectronics X-CUBE-WB05N 2.1.0
2026-06-17 12:15:41,790 [INFO] ThirdParty:1030 - CMSIS Pack Vendor :STMicroelectronics X-CUBE-ST67W61 1.2.0
2026-06-17 12:15:41,791 [INFO] ThirdParty:841 - exiting critical section [change project]
2026-06-17 12:15:42,132 [INFO] PinOutPanel:1589 - setPackage(No Configuration,No Configuration)
2026-06-17 12:15:42,133 [INFO] PinOutPanel:1589 - setPackage(STM32F103RCTx,LQFP64)
2026-06-17 12:15:42,440 [INFO] UtilMem:75 - Before build in PCC Used Memory: 803662784 Bytes (1073741824)
2026-06-17 12:15:42,933 [INFO] UtilMem:75 - After build in PCC Used Memory: 852852816 Bytes (1073741824)
2026-06-17 12:15:42,976 [INFO] IPUIPlugin:80 - create IPUIPlugin
2026-06-17 12:15:42,976 [INFO] IPUIPlugin:80 - create IPUIPlugin
2026-06-17 12:15:42,977 [INFO] IPUIPlugin:80 - create IPUIPlugin
2026-06-17 12:15:42,977 [INFO] IPUIPlugin:80 - create IPUIPlugin
2026-06-17 12:15:42,977 [INFO] IPUIPlugin:80 - create IPUIPlugin
2026-06-17 12:15:42,977 [INFO] IPUIPlugin:80 - create IPUIPlugin
2026-06-17 12:15:42,978 [INFO] IPUIPlugin:80 - create IPUIPlugin
2026-06-17 12:15:42,978 [INFO] IPUIPlugin:80 - create IPUIPlugin
2026-06-17 12:15:42,978 [INFO] IPUIPlugin:80 - create IPUIPlugin
2026-06-17 12:15:42,978 [INFO] IPUIPlugin:80 - create IPUIPlugin
2026-06-17 12:15:42,978 [INFO] IPUIPlugin:80 - create IPUIPlugin
2026-06-17 12:15:42,978 [INFO] IPUIPlugin:80 - create IPUIPlugin
2026-06-17 12:15:42,978 [INFO] IPUIPlugin:80 - create IPUIPlugin
2026-06-17 12:15:42,978 [INFO] IPUIPlugin:80 - create IPUIPlugin
2026-06-17 12:15:42,978 [INFO] IPUIPlugin:80 - create IPUIPlugin
2026-06-17 12:15:42,979 [INFO] IPUIPlugin:80 - create IPUIPlugin
2026-06-17 12:15:42,979 [INFO] IPUIPlugin:80 - create IPUIPlugin
2026-06-17 12:15:42,979 [INFO] IPUIPlugin:80 - create IPUIPlugin
2026-06-17 12:15:42,979 [INFO] IPUIPlugin:80 - create IPUIPlugin
2026-06-17 12:15:42,979 [INFO] IPUIPlugin:80 - create IPUIPlugin
2026-06-17 12:15:42,980 [INFO] IPUIPlugin:80 - create IPUIPlugin
2026-06-17 12:15:42,980 [INFO] IPUIPlugin:80 - create IPUIPlugin
2026-06-17 12:15:42,980 [INFO] IPUIPlugin:80 - create IPUIPlugin
2026-06-17 12:15:42,980 [INFO] IPUIPlugin:80 - create IPUIPlugin
2026-06-17 12:15:42,980 [INFO] IPUIPlugin:80 - create IPUIPlugin
2026-06-17 12:15:42,980 [INFO] IPUIPlugin:80 - create IPUIPlugin
2026-06-17 12:15:42,981 [INFO] IPUIPlugin:80 - create IPUIPlugin
2026-06-17 12:15:42,981 [INFO] IPUIPlugin:80 - create IPUIPlugin
2026-06-17 12:15:42,981 [INFO] IPUIPlugin:80 - create IPUIPlugin
2026-06-17 12:15:42,981 [INFO] IPUIPlugin:80 - create IPUIPlugin
2026-06-17 12:15:42,982 [INFO] IPUIPlugin:80 - create IPUIPlugin
2026-06-17 12:15:42,982 [INFO] IPUIPlugin:80 - create IPUIPlugin
2026-06-17 12:15:42,982 [INFO] IPUIPlugin:80 - create IPUIPlugin
2026-06-17 12:15:42,982 [INFO] IPUIPlugin:80 - create IPUIPlugin
2026-06-17 12:15:42,982 [INFO] IPUIPlugin:80 - create IPUIPlugin
2026-06-17 12:15:42,983 [INFO] IPUIPlugin:80 - create IPUIPlugin
2026-06-17 12:15:42,983 [INFO] IPUIPlugin:80 - create IPUIPlugin
2026-06-17 12:15:42,983 [INFO] IPUIPlugin:80 - create IPUIPlugin
2026-06-17 12:15:42,984 [INFO] IPUIPlugin:80 - create IPUIPlugin
2026-06-17 12:15:43,073 [INFO] CADModel:165 - CPN selected for project levelSTM32F103RCT6
2026-06-17 12:15:43,074 [INFO] CADModel:114 - Register for checkConnection events
2026-06-17 12:15:43,115 [INFO] OpenFileManager:386 - Restore cursor
2026-06-17 12:19:10,689 [INFO] MainUpdater:2872 - connection check result : 10
2026-06-17 12:19:10,690 [INFO] MainUpdater:2872 - connection check result : 10
2026-06-17 12:19:10,840 [INFO] MicroXplorer:468 - Change Database Path : 
2026-06-17 12:19:10,840 [INFO] MicroXplorer:498 - Change Database Version : DB.6.0.150
2026-06-17 12:19:10,860 [ERROR] ProjectManagerView:395 - 
java.lang.NullPointerException: Cannot invoke "javax.swing.JTextField.getText()" because the return value of "java.util.List.get(int)" is null
	at com.st.microxplorer.plugins.projectmanager.gui.ProjectChoiceTab$9.caretUpdate(ProjectChoiceTab.java:2706) ~[filemanager.jar:?]
	at javax.swing.text.JTextComponent.fireCaretUpdate(JTextComponent.java:408) ~[?:?]
	at javax.swing.text.JTextComponent$MutableCaretEvent.fire(JTextComponent.java:4484) ~[?:?]
	at javax.swing.text.JTextComponent$MutableCaretEvent.stateChanged(JTextComponent.java:4506) ~[?:?]
	at javax.swing.text.DefaultCaret.fireStateChanged(DefaultCaret.java:857) ~[?:?]
	at javax.swing.text.DefaultCaret.changeCaretPosition(DefaultCaret.java:1343) ~[?:?]
	at javax.swing.text.DefaultCaret.handleSetDot(DefaultCaret.java:1242) ~[?:?]
	at javax.swing.text.DefaultCaret.setDot(DefaultCaret.java:1223) ~[?:?]
	at javax.swing.text.DefaultCaret$Handler.insertUpdate(DefaultCaret.java:1819) ~[?:?]
	at javax.swing.text.AbstractDocument.fireInsertUpdate(AbstractDocument.java:227) ~[?:?]
	at javax.swing.text.AbstractDocument.handleInsertString(AbstractDocument.java:781) ~[?:?]
	at javax.swing.text.AbstractDocument.insertString(AbstractDocument.java:740) ~[?:?]
	at javax.swing.text.PlainDocument.insertString(PlainDocument.java:131) ~[?:?]
	at javax.swing.text.AbstractDocument.replace(AbstractDocument.java:699) ~[?:?]
	at javax.swing.text.JTextComponent.setText(JTextComponent.java:1725) ~[?:?]
	at com.st.microxplorer.plugins.projectmanager.gui.ProjectChoiceTab.createHeapStackFields(ProjectChoiceTab.java:993) ~[filemanager.jar:?]
	at com.st.microxplorer.plugins.projectmanager.gui.ProjectChoiceTab.buildLinkSettingsPanel(ProjectChoiceTab.java:3813) ~[filemanager.jar:?]
	at com.st.microxplorer.plugins.projectmanager.gui.ProjectChoiceTab.defineWindowsFields(ProjectChoiceTab.java:1987) ~[filemanager.jar:?]
	at com.st.microxplorer.plugins.projectmanager.gui.ProjectChoiceTab.updateSettings(ProjectChoiceTab.java:558) ~[filemanager.jar:?]
	at com.st.microxplorer.plugins.projectmanager.gui.ProjectSettingsPanel.UpdateDialog(ProjectSettingsPanel.java:247) ~[filemanager.jar:?]
	at com.st.microxplorer.plugins.projectmanager.ProjectManagerView.propertyChange(ProjectManagerView.java:392) ~[filemanager.jar:?]
	at java.beans.PropertyChangeSupport.fire(PropertyChangeSupport.java:343) ~[?:?]
	at java.beans.PropertyChangeSupport.firePropertyChange(PropertyChangeSupport.java:335) ~[?:?]
	at java.beans.PropertyChangeSupport.firePropertyChange(PropertyChangeSupport.java:268) ~[?:?]
	at com.st.microxplorer.util.MXPropertyChangeSupport.firePropertyChange(MXPropertyChangeSupport.java:54) ~[STM32CubeMX.jar:?]
	at com.st.microxplorer.mxsystem.MxSystem.closeConfig(MxSystem.java:899) ~[STM32CubeMX.jar:?]
	at com.st.microxplorer.maingui.MainPanel.closeConfig(MainPanel.java:792) ~[STM32CubeMX.jar:?]
	at com.st.microxplorer.plugins.filemanager.engine.OpenFileManager.loadConfigurationFile(OpenFileManager.java:288) ~[filemanager.jar:?]
	at com.st.microxplorer.plugins.filemanager.engine.MainFileManager.userLoadConfig(MainFileManager.java:364) ~[filemanager.jar:?]
	at com.st.microxplorer.plugins.filemanager.engine.MainFileManager.userLoadConfig(MainFileManager.java:342) ~[filemanager.jar:?]
	at com.st.microxplorer.plugins.filemanager.FileManagerView.getSpecificTask(FileManagerView.java:264) ~[filemanager.jar:?]
	at com.st.stm32cube.common.mx.editor.CubeMxEditor.getMxTabbedPaneInstance(CubeMxEditor.java:1198) ~[com.st.stm32cube.common.mx_6.15.0.202507011659/:?]
	at com.st.stm32cube.common.mx.editor.CubeMxEditor$12$1.createSwingComponent(CubeMxEditor.java:1068) ~[com.st.stm32cube.common.mx_6.15.0.202507011659/:?]
	at com.st.stm32cube.common.mx.oss.core.awtswtbridge.EmbeddedSwingComposite.doComponentCreation(EmbeddedSwingComposite.java:492) ~[com.st.stm32cube.common.mx.oss_6.15.0.202507011659/:?]
	at com.st.stm32cube.common.mx.oss.core.awtswtbridge.EmbeddedSwingComposite$4.run(EmbeddedSwingComposite.java:291) ~[com.st.stm32cube.common.mx.oss_6.15.0.202507011659/:?]
	at com.st.stm32cube.common.mx.oss.core.awtswtbridge.AwtEnvironment$2.run(AwtEnvironment.java:166) ~[com.st.stm32cube.common.mx.oss_6.15.0.202507011659/:?]
	at java.awt.event.InvocationEvent.dispatch(InvocationEvent.java:318) ~[?:?]
	at java.awt.EventQueue.dispatchEventImpl(EventQueue.java:773) ~[?:?]
	at java.awt.EventQueue$4.run(EventQueue.java:720) ~[?:?]
	at java.awt.EventQueue$4.run(EventQueue.java:714) ~[?:?]
	at java.security.AccessController.doPrivileged(AccessController.java:400) ~[?:?]
	at java.security.ProtectionDomain$JavaSecurityAccessImpl.doIntersectionPrivilege(ProtectionDomain.java:87) ~[?:?]
	at java.awt.EventQueue.dispatchEvent(EventQueue.java:742) ~[?:?]
	at java.awt.EventDispatchThread.pumpOneEventForFilters(EventDispatchThread.java:203) ~[?:?]
	at java.awt.EventDispatchThread.pumpEventsForFilter(EventDispatchThread.java:124) ~[?:?]
	at java.awt.EventDispatchThread.pumpEventsForHierarchy(EventDispatchThread.java:113) ~[?:?]
	at java.awt.EventDispatchThread.pumpEvents(EventDispatchThread.java:109) ~[?:?]
	at java.awt.EventDispatchThread.pumpEvents(EventDispatchThread.java:101) ~[?:?]
	at java.awt.EventDispatchThread.run(EventDispatchThread.java:90) ~[?:?]
2026-06-17 12:19:10,863 [WARN] ThirdParty:871 - waiting for thirdparty lock release [close project]
2026-06-17 12:19:10,863 [INFO] ThirdParty:873 - entering critical section [close project]
2026-06-17 12:19:10,863 [INFO] ThirdParty:883 - exiting critical section [close project]
2026-06-17 12:19:10,866 [INFO] PinOutPanel:1589 - setPackage(No Configuration,No Configuration)
2026-06-17 12:19:10,869 [INFO] UtilMem:75 - Begin LoadConfig() Used Memory: 771777960 Bytes (1073741824)
2026-06-17 12:19:10,870 [INFO] MicroXplorer:468 - Change Database Path : 
2026-06-17 12:19:10,870 [INFO] MicroXplorer:498 - Change Database Version : DB.6.0.150
2026-06-17 12:19:10,871 [INFO] OpenFileManager:355 - Change cursor
2026-06-17 12:19:10,881 [INFO] Mcu:2029 - Initializing MCU STM32F103C(8-B)Tx STM32F103C8Tx STM32F103C8T6
2026-06-17 12:19:11,501 [INFO] Context:786 - Trying to add GPIOservice into a context  which must be forbidden
2026-06-17 12:19:11,641 [INFO] ImportTextPane:234 - (OptionalMessage_ERROR) Pin6 (VP_RIF_VS_RIF1) cannot be retrieved for this MCU
2026-06-17 12:19:11,720 [INFO] RtosManager:558 - Registered RTOS mode: class=CMSIS, group=RTOS, mode=CMSIS_V1, owner=FREERTOS
2026-06-17 12:19:11,721 [INFO] RtosManager:558 - Registered RTOS mode: class=CMSIS, group=RTOS2, mode=CMSIS_V2, owner=FREERTOS
2026-06-17 12:19:11,721 [INFO] RtosManager:558 - Registered RTOS mode: class=RTOS, group=Core, mode=CMSIS_V1, owner=FREERTOS
2026-06-17 12:19:11,721 [INFO] RtosManager:558 - Registered RTOS mode: class=RTOS, group=Core, mode=CMSIS_V2, owner=FREERTOS
2026-06-17 12:19:11,721 [WARN] ModelIntegratedComponent:184 - Missing modes for component STMicroelectronics:FreeRTOS:0.0.1:STMicroelectronics:RTOS:FreeRTOS:Core:::10.2.0:
2026-06-17 12:19:11,734 [WARN] ModelIntegratedComponent:63 - No mode defined for component null
2026-06-17 12:19:11,735 [WARN] ModelIntegratedComponent:63 - No mode defined for component null
2026-06-17 12:19:11,735 [WARN] ModelIntegratedComponent:63 - No mode defined for component null
2026-06-17 12:19:11,735 [WARN] ModelIntegratedComponent:63 - No mode defined for component null
2026-06-17 12:19:11,735 [WARN] ModelIntegratedComponent:63 - No mode defined for component null
2026-06-17 12:19:11,735 [WARN] ModelIntegratedComponent:63 - No mode defined for component null
2026-06-17 12:19:11,735 [WARN] ModelIntegratedComponent:63 - No mode defined for component null
2026-06-17 12:19:11,735 [WARN] ModelIntegratedComponent:63 - No mode defined for component null
2026-06-17 12:19:11,735 [WARN] ModelIntegratedComponent:63 - No mode defined for component null
2026-06-17 12:19:11,735 [WARN] ModelIntegratedComponent:63 - No mode defined for component null
2026-06-17 12:19:11,735 [WARN] ModelIntegratedComponent:63 - No mode defined for component null
2026-06-17 12:19:11,735 [WARN] ModelIntegratedComponent:63 - No mode defined for component null
2026-06-17 12:19:11,735 [WARN] ModelIntegratedComponent:63 - No mode defined for component null
2026-06-17 12:19:11,735 [WARN] ModelIntegratedComponent:63 - No mode defined for component null
2026-06-17 12:19:11,735 [WARN] ModelIntegratedComponent:63 - No mode defined for component null
2026-06-17 12:19:11,735 [WARN] ModelIntegratedComponent:63 - No mode defined for component null
2026-06-17 12:19:11,735 [WARN] ModelIntegratedComponent:63 - No mode defined for component null
2026-06-17 12:19:11,735 [WARN] ModelIntegratedComponent:63 - No mode defined for component null
2026-06-17 12:19:11,736 [WARN] ModelIntegratedComponent:63 - No mode defined for component null
2026-06-17 12:19:11,736 [WARN] ModelIntegratedComponent:63 - No mode defined for component null
2026-06-17 12:19:11,736 [WARN] ModelIntegratedComponent:63 - No mode defined for component null
2026-06-17 12:19:11,736 [WARN] ModelIntegratedComponent:63 - No mode defined for component null
2026-06-17 12:19:11,736 [WARN] ModelIntegratedComponent:63 - No mode defined for component null
2026-06-17 12:19:11,736 [WARN] ModelIntegratedComponent:63 - No mode defined for component null
2026-06-17 12:19:11,736 [WARN] ModelIntegratedComponent:63 - No mode defined for component null
2026-06-17 12:19:11,736 [WARN] ModelIntegratedComponent:63 - No mode defined for component null
2026-06-17 12:19:11,736 [WARN] ModelIntegratedComponent:63 - No mode defined for component null
2026-06-17 12:19:11,736 [WARN] ModelIntegratedComponent:63 - No mode defined for component null
2026-06-17 12:19:11,736 [WARN] ModelIntegratedComponent:63 - No mode defined for component null
2026-06-17 12:19:11,736 [WARN] ModelIntegratedComponent:63 - No mode defined for component null
2026-06-17 12:19:11,736 [WARN] ModelIntegratedComponent:63 - No mode defined for component null
2026-06-17 12:19:11,736 [WARN] ModelIntegratedComponent:63 - No mode defined for component null
2026-06-17 12:19:11,736 [WARN] ModelIntegratedComponent:63 - No mode defined for component null
2026-06-17 12:19:11,736 [WARN] ModelIntegratedComponent:63 - No mode defined for component null
2026-06-17 12:19:11,737 [WARN] ModelIntegratedComponent:63 - No mode defined for component null
2026-06-17 12:19:11,737 [WARN] ModelPack:524 - Component already loaded: STMicroelectronics:HAL Drivers:0.0.0:STMicroelectronics:Device:STMicro_Driver:XSPI:HAL::0.0.1:HAL_XSPI
2026-06-17 12:19:11,937 [INFO] ThirdPartyModel:298 - Start build external matchings
2026-06-17 12:19:13,112 [INFO] ThirdPartyModel:316 - End build external matchings
2026-06-17 12:19:13,373 [INFO] UtilMem:75 - End LoadConfig() Used Memory: 940789896 Bytes (1073741824)
2026-06-17 12:19:13,592 [WARN] ThirdParty:833 - waiting for thirdparty lock release [change project]
2026-06-17 12:19:13,593 [INFO] ThirdParty:835 - entering critical section [change project]
2026-06-17 12:19:13,593 [INFO] ThirdParty:1030 - CMSIS Pack Vendor :STMicroelectronics X-CUBE-AZRTOS-H7 3.5.0
2026-06-17 12:19:13,594 [INFO] ThirdParty:1030 - CMSIS Pack Vendor :STMicroelectronics X-CUBE-PM33A1 1.0.0
2026-06-17 12:19:13,594 [INFO] ThirdParty:1030 - CMSIS Pack Vendor :STMicroelectronics USBPD 4.1
2026-06-17 12:19:13,594 [INFO] ThirdParty:1030 - CMSIS Pack Vendor :STMicroelectronics X-CUBE-NFC9 1.0.0
2026-06-17 12:19:13,594 [INFO] ThirdParty:1030 - CMSIS Pack Vendor :STMicroelectronics USB_HOST 2.0.0
2026-06-17 12:19:13,594 [INFO] ThirdParty:1030 - CMSIS Pack Vendor :STMicroelectronics FP-SNS-MOTENVWB1 1.4.0
2026-06-17 12:19:13,595 [INFO] ThirdParty:1030 - CMSIS Pack Vendor :STMicroelectronics X-CUBE-AZRTOS-F4 1.1.0
2026-06-17 12:19:13,595 [INFO] ThirdParty:1030 - CMSIS Pack Vendor :STMicroelectronics LIBJPEG 8.0.0
2026-06-17 12:19:13,595 [INFO] ThirdParty:1030 - CMSIS Pack Vendor :STMicroelectronics FP-ATR-ASTRA1 2.0.2
2026-06-17 12:19:13,595 [INFO] ThirdParty:1030 - CMSIS Pack Vendor :STMicroelectronics X-CUBE-BLE1 7.1.0
2026-06-17 12:19:13,596 [INFO] ThirdParty:1030 - CMSIS Pack Vendor :STMicroelectronics X-CUBE-SMBUS 2.1.0
2026-06-17 12:19:13,596 [INFO] ThirdParty:1030 - CMSIS Pack Vendor :STMicroelectronics USB_DEVICE 3.0.0
2026-06-17 12:19:13,596 [INFO] ThirdParty:1030 - CMSIS Pack Vendor :STMicroelectronics X-CUBE-ISPU 2.1.0
2026-06-17 12:19:13,596 [INFO] ThirdParty:1030 - CMSIS Pack Vendor :STMicroelectronics X-CUBE-IPS 3.2.0
2026-06-17 12:19:13,596 [INFO] ThirdParty:1030 - CMSIS Pack Vendor :STMicroelectronics eDS-WB_DPC_TT-BIDIR 2.1.1
2026-06-17 12:19:13,596 [INFO] ThirdParty:1030 - CMSIS Pack Vendor :STMicroelectronics X-CUBE-AZRTOS-WB 2.0.0
2026-06-17 12:19:13,596 [INFO] ThirdParty:1030 - CMSIS Pack Vendor :STMicroelectronics X-CUBE-ST60 1.0.0
2026-06-17 12:19:13,596 [INFO] ThirdParty:1030 - CMSIS Pack Vendor :STMicroelectronics X-CUBE-GNSS1 7.0.1
2026-06-17 12:19:13,596 [INFO] ThirdParty:1030 - CMSIS Pack Vendor :STMicroelectronics X-CUBE-AZRTOS-F7 1.1.0
2026-06-17 12:19:13,596 [INFO] ThirdParty:1030 - CMSIS Pack Vendor :STMicroelectronics X-CUBE-AZRTOS-L5 2.0.0
2026-06-17 12:19:13,596 [INFO] ThirdParty:1030 - CMSIS Pack Vendor :STMicroelectronics X-CUBE-TOUCHGFX 4.25.0
2026-06-17 12:19:13,596 [INFO] ThirdParty:1030 - CMSIS Pack Vendor :STMicroelectronics USB_DEVICE 2.0.0
2026-06-17 12:19:13,597 [INFO] ThirdParty:1030 - CMSIS Pack Vendor :STMicroelectronics X-CUBE-NFC6 3.1.0
2026-06-17 12:19:13,597 [INFO] ThirdParty:1030 - CMSIS Pack Vendor :STMicroelectronics FP-SNS-STAIOTCFT 1.1.0
2026-06-17 12:19:13,597 [INFO] ThirdParty:1030 - CMSIS Pack Vendor :quantropi X-CUBE-qispace-sdk-base 2.1.0
2026-06-17 12:19:13,597 [INFO] ThirdParty:1030 - CMSIS Pack Vendor :STMicroelectronics X-CUBE-MEMS1 12.0.0
2026-06-17 12:19:13,597 [INFO] ThirdParty:1030 - CMSIS Pack Vendor :STMicroelectronics X-CUBE-STSE01 2.0.0
2026-06-17 12:19:13,597 [INFO] ThirdParty:1030 - CMSIS Pack Vendor :STMicroelectronics X-CUBE-ALGOBUILD 1.5.0
2026-06-17 12:19:13,597 [INFO] ThirdParty:1030 - CMSIS Pack Vendor :STMicroelectronics FP-SNS-MOTENV1 5.1.0
2026-06-17 12:19:13,597 [INFO] ThirdParty:1030 - CMSIS Pack Vendor :STMicroelectronics FreeRTOS 0.0.1
2026-06-17 12:19:13,597 [INFO] ThirdParty:1030 - CMSIS Pack Vendor :STMicroelectronics X-CUBE-AZRTOS-G0 1.1.0
2026-06-17 12:19:13,597 [INFO] ThirdParty:1030 - CMSIS Pack Vendor :STMicroelectronics X-CUBE-SAFEA1 1.2.2
2026-06-17 12:19:13,597 [INFO] ThirdParty:1030 - CMSIS Pack Vendor :STMicroelectronics X-CUBE-NFC4 3.0.0
2026-06-17 12:19:13,597 [INFO] ThirdParty:1030 - CMSIS Pack Vendor :STMicroelectronics X-CUBE-SUBG2 5.0.0
2026-06-17 12:19:13,597 [INFO] ThirdParty:1030 - CMSIS Pack Vendor :STMicroelectronics X-CUBE-AZRTOS-H7RS 1.1.0
2026-06-17 12:19:13,597 [INFO] ThirdParty:1030 - CMSIS Pack Vendor :STMicroelectronics STM32_WPAN 1.0.0
2026-06-17 12:19:13,597 [INFO] ThirdParty:1030 - CMSIS Pack Vendor :STMicroelectronics eDS-WB_DPC_VIENNA 1.2.0
2026-06-17 12:19:13,597 [INFO] ThirdParty:1030 - CMSIS Pack Vendor :EmbeddedOffice I-CUBE-FS-RTOS 1.0.1
2026-06-17 12:19:13,597 [INFO] ThirdParty:1030 - CMSIS Pack Vendor :STMicroelectronics lwIP 2.0.3
2026-06-17 12:19:13,597 [INFO] ThirdParty:1030 - CMSIS Pack Vendor :Cesanta I-CUBE-Mongoose 7.13.0
2026-06-17 12:19:13,597 [INFO] ThirdParty:1030 - CMSIS Pack Vendor :STMicroelectronics eDS-WB_DPC_3PH2L-BIDIR 1.1.1
2026-06-17 12:19:13,597 [INFO] ThirdParty:1030 - CMSIS Pack Vendor :STMicroelectronics USB_HOST 1.0.0
2026-06-17 12:19:13,597 [INFO] ThirdParty:1030 - CMSIS Pack Vendor :STMicroelectronics X-CUBE-AZRTOS-G4 2.0.0
2026-06-17 12:19:13,597 [INFO] ThirdParty:1030 - CMSIS Pack Vendor :STMicroelectronics X-CUBE-WB05N 2.0.0
2026-06-17 12:19:13,597 [INFO] ThirdParty:1030 - CMSIS Pack Vendor :STMicroelectronics PDM2PCM 3.1.0
2026-06-17 12:19:13,597 [INFO] ThirdParty:1030 - CMSIS Pack Vendor :STMicroelectronics PDM2PCM 3.3.0
2026-06-17 12:19:13,597 [INFO] ThirdParty:1030 - CMSIS Pack Vendor :STMicroelectronics X-CUBE-AZRTOS-H7 3.4.0
2026-06-17 12:19:13,597 [INFO] ThirdParty:1030 - CMSIS Pack Vendor :STMicroelectronics X-CUBE-DISPLAY 3.0.0
2026-06-17 12:19:13,597 [INFO] ThirdParty:1030 - CMSIS Pack Vendor :STMicroelectronics X-CUBE-NFC7 2.0.0
2026-06-17 12:19:13,597 [INFO] ThirdParty:1030 - CMSIS Pack Vendor :STMicroelectronics X-CUBE-GNSS1 7.1.1
2026-06-17 12:19:13,597 [INFO] ThirdParty:1030 - CMSIS Pack Vendor :STMicroelectronics FP-SNS-MOTENVWB1 1.5.0
2026-06-17 12:19:13,597 [INFO] ThirdParty:1030 - CMSIS Pack Vendor :STMicroelectronics X-CUBE-TCPP 4.2.0
2026-06-17 12:19:13,597 [INFO] ThirdParty:1030 - CMSIS Pack Vendor :RealThread X-CUBE-RT-Thread_Nano 4.1.1
2026-06-17 12:19:13,597 [INFO] ThirdParty:1030 - CMSIS Pack Vendor :STMicroelectronics FP-ATR-SIGFOX1 3.2.0
2026-06-17 12:19:13,597 [INFO] ThirdParty:1030 - CMSIS Pack Vendor :STMicroelectronics X-CUBE-NFC10 1.0.0
2026-06-17 12:19:13,597 [INFO] ThirdParty:1030 - CMSIS Pack Vendor :STMicroelectronics X-CUBE-FREERTOS 1.3.1
2026-06-17 12:19:13,597 [INFO] ThirdParty:1030 - CMSIS Pack Vendor :STMicroelectronics HAL Drivers 0.0.0
2026-06-17 12:19:13,598 [INFO] ThirdParty:1030 - CMSIS Pack Vendor :STMicroelectronics X-CUBE-FREERTOS 1.5.0
2026-06-17 12:19:13,598 [INFO] ThirdParty:1030 - CMSIS Pack Vendor :STMicroelectronics MBEDTLS 2.16.2
2026-06-17 12:19:13,598 [INFO] ThirdParty:1030 - CMSIS Pack Vendor :STMicroelectronics X-CUBE-ST60 1.1.0
2026-06-17 12:19:13,598 [INFO] ThirdParty:1030 - CMSIS Pack Vendor :STMicroelectronics X-CUBE-IPS 3.1.0
2026-06-17 12:19:13,598 [INFO] ThirdParty:1030 - CMSIS Pack Vendor :STMicroelectronics X-CUBE-ALS 1.0.2
2026-06-17 12:19:13,598 [INFO] ThirdParty:1030 - CMSIS Pack Vendor :STMicroelectronics MBEDTLS 2.14.1
2026-06-17 12:19:13,598 [INFO] ThirdParty:1030 - CMSIS Pack Vendor :STMicroelectronics X-CUBE-GNSS1 7.1.0
2026-06-17 12:19:13,598 [INFO] ThirdParty:1030 - CMSIS Pack Vendor :STMicroelectronics X-CUBE-TOUCHGFX 4.26.1
2026-06-17 12:19:13,598 [INFO] ThirdParty:1030 - CMSIS Pack Vendor :portGmbH I-Cube-SoM-uGOAL 1.1.0
2026-06-17 12:19:13,598 [INFO] ThirdParty:1030 - CMSIS Pack Vendor :STMicroelectronics X-CUBE-NFC6 3.2.0
2026-06-17 12:19:13,598 [INFO] ThirdParty:1030 - CMSIS Pack Vendor :STMicroelectronics X-CUBE-ST67W61 1.0.0
2026-06-17 12:19:13,598 [INFO] ThirdParty:1030 - CMSIS Pack Vendor :STMicroelectronics FP-SNS-STAIOTCFT 1.0.0
2026-06-17 12:19:13,598 [INFO] ThirdParty:1030 - CMSIS Pack Vendor :STMicroelectronics ThreadX 1.0.0
2026-06-17 12:19:13,598 [INFO] ThirdParty:1030 - CMSIS Pack Vendor :STMicroelectronics FP-SNS-SMARTAG2 1.2.0
2026-06-17 12:19:13,598 [INFO] ThirdParty:1030 - CMSIS Pack Vendor :STMicroelectronics X-CUBE-MEMS1 12.1.0
2026-06-17 12:19:13,598 [INFO] ThirdParty:1030 - CMSIS Pack Vendor :STMicroelectronics FP-SNS-FLIGHT1 5.1.0
2026-06-17 12:19:13,598 [INFO] ThirdParty:1030 - CMSIS Pack Vendor :STMicroelectronics X-CUBE-AZRTOS-WL 2.0.0
2026-06-17 12:19:13,598 [INFO] ThirdParty:1030 - CMSIS Pack Vendor :SEGGER I-CUBE-embOS 1.3.1
2026-06-17 12:19:13,598 [INFO] ThirdParty:1030 - CMSIS Pack Vendor :STMicroelectronics X-CUBE-ALGOBUILD 1.4.0
2026-06-17 12:19:13,598 [INFO] ThirdParty:1030 - CMSIS Pack Vendor :STMicroelectronics X-CUBE-DPower 1.3.0
2026-06-17 12:19:13,598 [INFO] ThirdParty:1030 - CMSIS Pack Vendor :STMicroelectronics X-CUBE-MEMS1 11.3.0
2026-06-17 12:19:13,598 [INFO] ThirdParty:1030 - CMSIS Pack Vendor :STMicroelectronics FP-SNS-MOTENV1 5.0.0
2026-06-17 12:19:13,598 [INFO] ThirdParty:1030 - CMSIS Pack Vendor :STMicroelectronics USB_DEVICE 1.0.0
2026-06-17 12:19:13,598 [INFO] ThirdParty:1030 - CMSIS Pack Vendor :STMicroelectronics X-CUBE-AZRTOS-H7RS 1.2.0
2026-06-17 12:19:13,598 [INFO] ThirdParty:1030 - CMSIS Pack Vendor :STMicroelectronics X-CUBE-AZRTOS-L4 2.0.0
2026-06-17 12:19:13,598 [INFO] ThirdParty:1030 - CMSIS Pack Vendor :STMicroelectronics ThreadX 0.0.2
2026-06-17 12:19:13,598 [INFO] ThirdParty:1030 - CMSIS Pack Vendor :WES I-CUBE-Cesium 1.3.0
2026-06-17 12:19:13,598 [INFO] ThirdParty:1030 - CMSIS Pack Vendor :STMicroelectronics lwIP 2.1.2
2026-06-17 12:19:13,598 [INFO] ThirdParty:1030 - CMSIS Pack Vendor :STMicroelectronics X-CUBE-SFXS2LP1 4.0.0
2026-06-17 12:19:13,598 [INFO] ThirdParty:1030 - CMSIS Pack Vendor :STMicroelectronics X-CUBE-BLE2 3.3.0
2026-06-17 12:19:13,598 [INFO] ThirdParty:1030 - CMSIS Pack Vendor :Avnet-IOTCONNECT X-CUBE-iotc-st67-sdk 1.0.0
2026-06-17 12:19:13,598 [INFO] ThirdParty:1030 - CMSIS Pack Vendor :STMicroelectronics X-CUBE-TOF1 3.4.3
2026-06-17 12:19:13,598 [INFO] ThirdParty:1030 - CMSIS Pack Vendor :STMicroelectronics X-CUBE-NFC13 1.0.0
2026-06-17 12:19:13,598 [INFO] ThirdParty:1030 - CMSIS Pack Vendor :STMicroelectronics PDM2PCM 3.2.0
2026-06-17 12:19:13,598 [INFO] ThirdParty:1030 - CMSIS Pack Vendor :STMicroelectronics X-CUBE-WB05N 2.1.0
2026-06-17 12:19:13,598 [INFO] ThirdParty:1030 - CMSIS Pack Vendor :STMicroelectronics X-CUBE-ST67W61 1.2.0
2026-06-17 12:19:13,599 [INFO] ThirdParty:841 - exiting critical section [change project]
2026-06-17 12:19:13,752 [INFO] PinOutPanel:1589 - setPackage(No Configuration,No Configuration)
2026-06-17 12:19:13,752 [INFO] PinOutPanel:1589 - setPackage(STM32F103C8Tx,LQFP48)
2026-06-17 12:19:13,987 [INFO] UtilMem:75 - Before build in PCC Used Memory: 775094304 Bytes (1073741824)
2026-06-17 12:19:14,272 [INFO] UtilMem:75 - After build in PCC Used Memory: 817037344 Bytes (1073741824)
2026-06-17 12:19:14,303 [INFO] IPUIPlugin:80 - create IPUIPlugin
2026-06-17 12:19:14,303 [INFO] IPUIPlugin:80 - create IPUIPlugin
2026-06-17 12:19:14,304 [INFO] IPUIPlugin:80 - create IPUIPlugin
2026-06-17 12:19:14,304 [INFO] IPUIPlugin:80 - create IPUIPlugin
2026-06-17 12:19:14,304 [INFO] IPUIPlugin:80 - create IPUIPlugin
2026-06-17 12:19:14,304 [INFO] IPUIPlugin:80 - create IPUIPlugin
2026-06-17 12:19:14,304 [INFO] IPUIPlugin:80 - create IPUIPlugin
2026-06-17 12:19:14,304 [INFO] IPUIPlugin:80 - create IPUIPlugin
2026-06-17 12:19:14,304 [INFO] IPUIPlugin:80 - create IPUIPlugin
2026-06-17 12:19:14,304 [INFO] IPUIPlugin:80 - create IPUIPlugin
2026-06-17 12:19:14,305 [INFO] IPUIPlugin:80 - create IPUIPlugin
2026-06-17 12:19:14,305 [INFO] IPUIPlugin:80 - create IPUIPlugin
2026-06-17 12:19:14,305 [INFO] IPUIPlugin:80 - create IPUIPlugin
2026-06-17 12:19:14,305 [INFO] IPUIPlugin:80 - create IPUIPlugin
2026-06-17 12:19:14,305 [INFO] IPUIPlugin:80 - create IPUIPlugin
2026-06-17 12:19:14,305 [INFO] IPUIPlugin:80 - create IPUIPlugin
2026-06-17 12:19:14,305 [INFO] IPUIPlugin:80 - create IPUIPlugin
2026-06-17 12:19:14,305 [INFO] IPUIPlugin:80 - create IPUIPlugin
2026-06-17 12:19:14,305 [INFO] IPUIPlugin:80 - create IPUIPlugin
2026-06-17 12:19:14,306 [INFO] IPUIPlugin:80 - create IPUIPlugin
2026-06-17 12:19:14,306 [INFO] IPUIPlugin:80 - create IPUIPlugin
2026-06-17 12:19:14,306 [INFO] IPUIPlugin:80 - create IPUIPlugin
2026-06-17 12:19:14,306 [INFO] IPUIPlugin:80 - create IPUIPlugin
2026-06-17 12:19:14,306 [INFO] IPUIPlugin:80 - create IPUIPlugin
2026-06-17 12:19:14,306 [INFO] IPUIPlugin:80 - create IPUIPlugin
2026-06-17 12:19:14,307 [INFO] IPUIPlugin:80 - create IPUIPlugin
2026-06-17 12:19:14,307 [INFO] IPUIPlugin:80 - create IPUIPlugin
2026-06-17 12:19:14,308 [WARN] IP:2250 - I2C_Coeff_DF not found: check if there is a RefParameter without a condition.
2026-06-17 12:19:14,308 [WARN] IP:2250 - Analog_Filter not found: check if there is a RefParameter without a condition.
2026-06-17 12:19:14,389 [INFO] CADModel:165 - CPN selected for project levelSTM32F103C8T6
2026-06-17 12:19:14,389 [INFO] CADModel:114 - Register for checkConnection events
2026-06-17 12:19:14,516 [INFO] OpenFileManager:386 - Restore cursor
2026-06-17 12:19:14,586 [WARN] IP:2250 - I2C_Coeff_DF not found: check if there is a RefParameter without a condition.
2026-06-17 12:19:14,587 [WARN] IP:2250 - Analog_Filter not found: check if there is a RefParameter without a condition.
2026-06-17 12:19:14,587 [WARN] IP:2250 - I2C_Coeff_DF not found: check if there is a RefParameter without a condition.
2026-06-17 12:19:14,587 [WARN] IP:2250 - Analog_Filter not found: check if there is a RefParameter without a condition.
2026-06-17 12:19:17,562 [WARN] IP:2250 - I2C_Coeff_DF not found: check if there is a RefParameter without a condition.
2026-06-17 12:19:17,562 [WARN] IP:2250 - Analog_Filter not found: check if there is a RefParameter without a condition.
2026-06-17 12:19:17,564 [WARN] IP:2250 - I2C_Coeff_DF not found: check if there is a RefParameter without a condition.
2026-06-17 12:19:17,564 [WARN] IP:2250 - Analog_Filter not found: check if there is a RefParameter without a condition.
2026-06-17 12:19:24,010 [INFO] MainUpdater:2872 - connection check result : 10
2026-06-17 12:19:24,011 [INFO] MainUpdater:2872 - connection check result : 10
2026-06-17 12:19:24,147 [INFO] MicroXplorer:468 - Change Database Path : 
2026-06-17 12:19:24,147 [INFO] MicroXplorer:498 - Change Database Version : DB.6.0.150
2026-06-17 12:19:24,159 [ERROR] ProjectManagerView:395 - 
java.lang.NullPointerException: Cannot invoke "javax.swing.JTextField.getText()" because the return value of "java.util.List.get(int)" is null
	at com.st.microxplorer.plugins.projectmanager.gui.ProjectChoiceTab$9.caretUpdate(ProjectChoiceTab.java:2706) ~[filemanager.jar:?]
	at javax.swing.text.JTextComponent.fireCaretUpdate(JTextComponent.java:408) ~[?:?]
	at javax.swing.text.JTextComponent$MutableCaretEvent.fire(JTextComponent.java:4484) ~[?:?]
	at javax.swing.text.JTextComponent$MutableCaretEvent.stateChanged(JTextComponent.java:4506) ~[?:?]
	at javax.swing.text.DefaultCaret.fireStateChanged(DefaultCaret.java:857) ~[?:?]
	at javax.swing.text.DefaultCaret.changeCaretPosition(DefaultCaret.java:1343) ~[?:?]
	at javax.swing.text.DefaultCaret.handleSetDot(DefaultCaret.java:1242) ~[?:?]
	at javax.swing.text.DefaultCaret.setDot(DefaultCaret.java:1223) ~[?:?]
	at javax.swing.text.DefaultCaret$Handler.insertUpdate(DefaultCaret.java:1819) ~[?:?]
	at javax.swing.text.AbstractDocument.fireInsertUpdate(AbstractDocument.java:227) ~[?:?]
	at javax.swing.text.AbstractDocument.handleInsertString(AbstractDocument.java:781) ~[?:?]
	at javax.swing.text.AbstractDocument.insertString(AbstractDocument.java:740) ~[?:?]
	at javax.swing.text.PlainDocument.insertString(PlainDocument.java:131) ~[?:?]
	at javax.swing.text.AbstractDocument.replace(AbstractDocument.java:699) ~[?:?]
	at javax.swing.text.JTextComponent.setText(JTextComponent.java:1725) ~[?:?]
	at com.st.microxplorer.plugins.projectmanager.gui.ProjectChoiceTab.createHeapStackFields(ProjectChoiceTab.java:993) ~[filemanager.jar:?]
	at com.st.microxplorer.plugins.projectmanager.gui.ProjectChoiceTab.buildLinkSettingsPanel(ProjectChoiceTab.java:3813) ~[filemanager.jar:?]
	at com.st.microxplorer.plugins.projectmanager.gui.ProjectChoiceTab.defineWindowsFields(ProjectChoiceTab.java:1987) ~[filemanager.jar:?]
	at com.st.microxplorer.plugins.projectmanager.gui.ProjectChoiceTab.updateSettings(ProjectChoiceTab.java:558) ~[filemanager.jar:?]
	at com.st.microxplorer.plugins.projectmanager.gui.ProjectSettingsPanel.UpdateDialog(ProjectSettingsPanel.java:247) ~[filemanager.jar:?]
	at com.st.microxplorer.plugins.projectmanager.ProjectManagerView.propertyChange(ProjectManagerView.java:392) ~[filemanager.jar:?]
	at java.beans.PropertyChangeSupport.fire(PropertyChangeSupport.java:343) ~[?:?]
	at java.beans.PropertyChangeSupport.firePropertyChange(PropertyChangeSupport.java:335) ~[?:?]
	at java.beans.PropertyChangeSupport.firePropertyChange(PropertyChangeSupport.java:268) ~[?:?]
	at com.st.microxplorer.util.MXPropertyChangeSupport.firePropertyChange(MXPropertyChangeSupport.java:54) ~[STM32CubeMX.jar:?]
	at com.st.microxplorer.mxsystem.MxSystem.closeConfig(MxSystem.java:899) ~[STM32CubeMX.jar:?]
	at com.st.microxplorer.maingui.MainPanel.closeConfig(MainPanel.java:792) ~[STM32CubeMX.jar:?]
	at com.st.microxplorer.plugins.filemanager.engine.OpenFileManager.loadConfigurationFile(OpenFileManager.java:288) ~[filemanager.jar:?]
	at com.st.microxplorer.plugins.filemanager.engine.MainFileManager.userLoadConfig(MainFileManager.java:364) ~[filemanager.jar:?]
	at com.st.microxplorer.plugins.filemanager.engine.MainFileManager.userLoadConfig(MainFileManager.java:342) ~[filemanager.jar:?]
	at com.st.microxplorer.plugins.filemanager.FileManagerView.getSpecificTask(FileManagerView.java:264) ~[filemanager.jar:?]
	at com.st.stm32cube.common.mx.editor.CubeMxEditor.getMxTabbedPaneInstance(CubeMxEditor.java:1198) ~[com.st.stm32cube.common.mx_6.15.0.202507011659/:?]
	at com.st.stm32cube.common.mx.editor.CubeMxEditor$12$1.createSwingComponent(CubeMxEditor.java:1068) ~[com.st.stm32cube.common.mx_6.15.0.202507011659/:?]
	at com.st.stm32cube.common.mx.oss.core.awtswtbridge.EmbeddedSwingComposite.doComponentCreation(EmbeddedSwingComposite.java:492) ~[com.st.stm32cube.common.mx.oss_6.15.0.202507011659/:?]
	at com.st.stm32cube.common.mx.oss.core.awtswtbridge.EmbeddedSwingComposite$4.run(EmbeddedSwingComposite.java:291) ~[com.st.stm32cube.common.mx.oss_6.15.0.202507011659/:?]
	at com.st.stm32cube.common.mx.oss.core.awtswtbridge.AwtEnvironment$2.run(AwtEnvironment.java:166) ~[com.st.stm32cube.common.mx.oss_6.15.0.202507011659/:?]
	at java.awt.event.InvocationEvent.dispatch(InvocationEvent.java:318) ~[?:?]
	at java.awt.EventQueue.dispatchEventImpl(EventQueue.java:773) ~[?:?]
	at java.awt.EventQueue$4.run(EventQueue.java:720) ~[?:?]
	at java.awt.EventQueue$4.run(EventQueue.java:714) ~[?:?]
	at java.security.AccessController.doPrivileged(AccessController.java:400) ~[?:?]
	at java.security.ProtectionDomain$JavaSecurityAccessImpl.doIntersectionPrivilege(ProtectionDomain.java:87) ~[?:?]
	at java.awt.EventQueue.dispatchEvent(EventQueue.java:742) ~[?:?]
	at java.awt.EventDispatchThread.pumpOneEventForFilters(EventDispatchThread.java:203) ~[?:?]
	at java.awt.EventDispatchThread.pumpEventsForFilter(EventDispatchThread.java:124) ~[?:?]
	at java.awt.EventDispatchThread.pumpEventsForHierarchy(EventDispatchThread.java:113) ~[?:?]
	at java.awt.EventDispatchThread.pumpEvents(EventDispatchThread.java:109) ~[?:?]
	at java.awt.EventDispatchThread.pumpEvents(EventDispatchThread.java:101) ~[?:?]
	at java.awt.EventDispatchThread.run(EventDispatchThread.java:90) ~[?:?]
2026-06-17 12:19:24,161 [WARN] ThirdParty:871 - waiting for thirdparty lock release [close project]
2026-06-17 12:19:24,161 [INFO] ThirdParty:873 - entering critical section [close project]
2026-06-17 12:19:24,161 [INFO] ThirdParty:883 - exiting critical section [close project]
2026-06-17 12:19:24,162 [INFO] PinOutPanel:1589 - setPackage(No Configuration,No Configuration)
2026-06-17 12:19:24,165 [INFO] UtilMem:75 - Begin LoadConfig() Used Memory: 905918528 Bytes (1073741824)
2026-06-17 12:19:24,166 [INFO] MicroXplorer:468 - Change Database Path : 
2026-06-17 12:19:24,166 [INFO] MicroXplorer:498 - Change Database Version : DB.6.0.150
2026-06-17 12:19:24,166 [INFO] OpenFileManager:355 - Change cursor
2026-06-17 12:19:24,174 [INFO] Mcu:2029 - Initializing MCU STM32F103R(C-D-E)Tx STM32F103RCTx STM32F103RCT6
2026-06-17 12:19:25,153 [INFO] Context:786 - Trying to add GPIOservice into a context  which must be forbidden
2026-06-17 12:19:25,309 [INFO] ImportTextPane:234 - (OptionalMessage_ERROR) Pin6 (VP_RIF_VS_RIF1) cannot be retrieved for this MCU
2026-06-17 12:19:25,385 [INFO] RtosManager:558 - Registered RTOS mode: class=CMSIS, group=RTOS, mode=CMSIS_V1, owner=FREERTOS
2026-06-17 12:19:25,385 [INFO] RtosManager:558 - Registered RTOS mode: class=CMSIS, group=RTOS2, mode=CMSIS_V2, owner=FREERTOS
2026-06-17 12:19:25,385 [INFO] RtosManager:558 - Registered RTOS mode: class=RTOS, group=Core, mode=CMSIS_V1, owner=FREERTOS
2026-06-17 12:19:25,385 [INFO] RtosManager:558 - Registered RTOS mode: class=RTOS, group=Core, mode=CMSIS_V2, owner=FREERTOS
2026-06-17 12:19:25,385 [WARN] ModelIntegratedComponent:184 - Missing modes for component STMicroelectronics:FreeRTOS:0.0.1:STMicroelectronics:RTOS:FreeRTOS:Core:::10.2.0:
2026-06-17 12:19:25,392 [WARN] ModelIntegratedComponent:63 - No mode defined for component null
2026-06-17 12:19:25,392 [WARN] ModelIntegratedComponent:63 - No mode defined for component null
2026-06-17 12:19:25,392 [WARN] ModelIntegratedComponent:63 - No mode defined for component null
2026-06-17 12:19:25,392 [WARN] ModelIntegratedComponent:63 - No mode defined for component null
2026-06-17 12:19:25,392 [WARN] ModelIntegratedComponent:63 - No mode defined for component null
2026-06-17 12:19:25,392 [WARN] ModelIntegratedComponent:63 - No mode defined for component null
2026-06-17 12:19:25,392 [WARN] ModelIntegratedComponent:63 - No mode defined for component null
2026-06-17 12:19:25,393 [WARN] ModelIntegratedComponent:63 - No mode defined for component null
2026-06-17 12:19:25,393 [WARN] ModelIntegratedComponent:63 - No mode defined for component null
2026-06-17 12:19:25,393 [WARN] ModelIntegratedComponent:63 - No mode defined for component null
2026-06-17 12:19:25,393 [WARN] ModelIntegratedComponent:63 - No mode defined for component null
2026-06-17 12:19:25,393 [WARN] ModelIntegratedComponent:63 - No mode defined for component null
2026-06-17 12:19:25,393 [WARN] ModelIntegratedComponent:63 - No mode defined for component null
2026-06-17 12:19:25,393 [WARN] ModelIntegratedComponent:63 - No mode defined for component null
2026-06-17 12:19:25,393 [WARN] ModelIntegratedComponent:63 - No mode defined for component null
2026-06-17 12:19:25,393 [WARN] ModelIntegratedComponent:63 - No mode defined for component null
2026-06-17 12:19:25,393 [WARN] ModelIntegratedComponent:63 - No mode defined for component null
2026-06-17 12:19:25,393 [WARN] ModelIntegratedComponent:63 - No mode defined for component null
2026-06-17 12:19:25,393 [WARN] ModelIntegratedComponent:63 - No mode defined for component null
2026-06-17 12:19:25,393 [WARN] ModelIntegratedComponent:63 - No mode defined for component null
2026-06-17 12:19:25,393 [WARN] ModelIntegratedComponent:63 - No mode defined for component null
2026-06-17 12:19:25,393 [WARN] ModelIntegratedComponent:63 - No mode defined for component null
2026-06-17 12:19:25,393 [WARN] ModelIntegratedComponent:63 - No mode defined for component null
2026-06-17 12:19:25,394 [WARN] ModelIntegratedComponent:63 - No mode defined for component null
2026-06-17 12:19:25,394 [WARN] ModelIntegratedComponent:63 - No mode defined for component null
2026-06-17 12:19:25,394 [WARN] ModelIntegratedComponent:63 - No mode defined for component null
2026-06-17 12:19:25,394 [WARN] ModelIntegratedComponent:63 - No mode defined for component null
2026-06-17 12:19:25,394 [WARN] ModelIntegratedComponent:63 - No mode defined for component null
2026-06-17 12:19:25,394 [WARN] ModelIntegratedComponent:63 - No mode defined for component null
2026-06-17 12:19:25,394 [WARN] ModelIntegratedComponent:63 - No mode defined for component null
2026-06-17 12:19:25,394 [WARN] ModelIntegratedComponent:63 - No mode defined for component null
2026-06-17 12:19:25,394 [WARN] ModelIntegratedComponent:63 - No mode defined for component null
2026-06-17 12:19:25,394 [WARN] ModelIntegratedComponent:63 - No mode defined for component null
2026-06-17 12:19:25,394 [WARN] ModelIntegratedComponent:63 - No mode defined for component null
2026-06-17 12:19:25,394 [WARN] ModelIntegratedComponent:63 - No mode defined for component null
2026-06-17 12:19:25,394 [WARN] ModelPack:524 - Component already loaded: STMicroelectronics:HAL Drivers:0.0.0:STMicroelectronics:Device:STMicro_Driver:XSPI:HAL::0.0.1:HAL_XSPI
2026-06-17 12:19:25,533 [INFO] ThirdPartyModel:298 - Start build external matchings
2026-06-17 12:19:27,039 [INFO] ThirdPartyModel:316 - End build external matchings
2026-06-17 12:19:27,417 [INFO] UtilMem:75 - End LoadConfig() Used Memory: 891779040 Bytes (1073741824)
2026-06-17 12:19:27,485 [WARN] ThirdParty:833 - waiting for thirdparty lock release [change project]
2026-06-17 12:19:27,485 [INFO] ThirdParty:835 - entering critical section [change project]
2026-06-17 12:19:27,486 [INFO] ThirdParty:1030 - CMSIS Pack Vendor :STMicroelectronics X-CUBE-AZRTOS-H7 3.5.0
2026-06-17 12:19:27,486 [INFO] ThirdParty:1030 - CMSIS Pack Vendor :STMicroelectronics X-CUBE-PM33A1 1.0.0
2026-06-17 12:19:27,486 [INFO] ThirdParty:1030 - CMSIS Pack Vendor :STMicroelectronics USBPD 4.1
2026-06-17 12:19:27,486 [INFO] ThirdParty:1030 - CMSIS Pack Vendor :STMicroelectronics X-CUBE-NFC9 1.0.0
2026-06-17 12:19:27,486 [INFO] ThirdParty:1030 - CMSIS Pack Vendor :STMicroelectronics USB_HOST 2.0.0
2026-06-17 12:19:27,486 [INFO] ThirdParty:1030 - CMSIS Pack Vendor :STMicroelectronics FP-SNS-MOTENVWB1 1.4.0
2026-06-17 12:19:27,486 [INFO] ThirdParty:1030 - CMSIS Pack Vendor :STMicroelectronics X-CUBE-AZRTOS-F4 1.1.0
2026-06-17 12:19:27,486 [INFO] ThirdParty:1030 - CMSIS Pack Vendor :STMicroelectronics LIBJPEG 8.0.0
2026-06-17 12:19:27,486 [INFO] ThirdParty:1030 - CMSIS Pack Vendor :STMicroelectronics FP-ATR-ASTRA1 2.0.2
2026-06-17 12:19:27,486 [INFO] ThirdParty:1030 - CMSIS Pack Vendor :STMicroelectronics X-CUBE-BLE1 7.1.0
2026-06-17 12:19:27,486 [INFO] ThirdParty:1030 - CMSIS Pack Vendor :STMicroelectronics X-CUBE-SMBUS 2.1.0
2026-06-17 12:19:27,486 [INFO] ThirdParty:1030 - CMSIS Pack Vendor :STMicroelectronics USB_DEVICE 3.0.0
2026-06-17 12:19:27,486 [INFO] ThirdParty:1030 - CMSIS Pack Vendor :STMicroelectronics X-CUBE-ISPU 2.1.0
2026-06-17 12:19:27,486 [INFO] ThirdParty:1030 - CMSIS Pack Vendor :STMicroelectronics X-CUBE-IPS 3.2.0
2026-06-17 12:19:27,486 [INFO] ThirdParty:1030 - CMSIS Pack Vendor :STMicroelectronics eDS-WB_DPC_TT-BIDIR 2.1.1
2026-06-17 12:19:27,486 [INFO] ThirdParty:1030 - CMSIS Pack Vendor :STMicroelectronics X-CUBE-AZRTOS-WB 2.0.0
2026-06-17 12:19:27,486 [INFO] ThirdParty:1030 - CMSIS Pack Vendor :STMicroelectronics X-CUBE-ST60 1.0.0
2026-06-17 12:19:27,486 [INFO] ThirdParty:1030 - CMSIS Pack Vendor :STMicroelectronics X-CUBE-GNSS1 7.0.1
2026-06-17 12:19:27,486 [INFO] ThirdParty:1030 - CMSIS Pack Vendor :STMicroelectronics X-CUBE-AZRTOS-F7 1.1.0
2026-06-17 12:19:27,486 [INFO] ThirdParty:1030 - CMSIS Pack Vendor :STMicroelectronics X-CUBE-AZRTOS-L5 2.0.0
2026-06-17 12:19:27,486 [INFO] ThirdParty:1030 - CMSIS Pack Vendor :STMicroelectronics X-CUBE-TOUCHGFX 4.25.0
2026-06-17 12:19:27,486 [INFO] ThirdParty:1030 - CMSIS Pack Vendor :STMicroelectronics USB_DEVICE 2.0.0
2026-06-17 12:19:27,486 [INFO] ThirdParty:1030 - CMSIS Pack Vendor :STMicroelectronics X-CUBE-NFC6 3.1.0
2026-06-17 12:19:27,486 [INFO] ThirdParty:1030 - CMSIS Pack Vendor :STMicroelectronics FP-SNS-STAIOTCFT 1.1.0
2026-06-17 12:19:27,486 [INFO] ThirdParty:1030 - CMSIS Pack Vendor :quantropi X-CUBE-qispace-sdk-base 2.1.0
2026-06-17 12:19:27,486 [INFO] ThirdParty:1030 - CMSIS Pack Vendor :STMicroelectronics X-CUBE-MEMS1 12.0.0
2026-06-17 12:19:27,486 [INFO] ThirdParty:1030 - CMSIS Pack Vendor :STMicroelectronics X-CUBE-STSE01 2.0.0
2026-06-17 12:19:27,488 [INFO] ThirdParty:1030 - CMSIS Pack Vendor :STMicroelectronics X-CUBE-ALGOBUILD 1.5.0
2026-06-17 12:19:27,488 [INFO] ThirdParty:1030 - CMSIS Pack Vendor :STMicroelectronics FP-SNS-MOTENV1 5.1.0
2026-06-17 12:19:27,488 [INFO] ThirdParty:1030 - CMSIS Pack Vendor :STMicroelectronics FreeRTOS 0.0.1
2026-06-17 12:19:27,488 [INFO] ThirdParty:1030 - CMSIS Pack Vendor :STMicroelectronics X-CUBE-AZRTOS-G0 1.1.0
2026-06-17 12:19:27,488 [INFO] ThirdParty:1030 - CMSIS Pack Vendor :STMicroelectronics X-CUBE-SAFEA1 1.2.2
2026-06-17 12:19:27,488 [INFO] ThirdParty:1030 - CMSIS Pack Vendor :STMicroelectronics X-CUBE-NFC4 3.0.0
2026-06-17 12:19:27,488 [INFO] ThirdParty:1030 - CMSIS Pack Vendor :STMicroelectronics X-CUBE-SUBG2 5.0.0
2026-06-17 12:19:27,488 [INFO] ThirdParty:1030 - CMSIS Pack Vendor :STMicroelectronics X-CUBE-AZRTOS-H7RS 1.1.0
2026-06-17 12:19:27,488 [INFO] ThirdParty:1030 - CMSIS Pack Vendor :STMicroelectronics STM32_WPAN 1.0.0
2026-06-17 12:19:27,488 [INFO] ThirdParty:1030 - CMSIS Pack Vendor :STMicroelectronics eDS-WB_DPC_VIENNA 1.2.0
2026-06-17 12:19:27,488 [INFO] ThirdParty:1030 - CMSIS Pack Vendor :EmbeddedOffice I-CUBE-FS-RTOS 1.0.1
2026-06-17 12:19:27,488 [INFO] ThirdParty:1030 - CMSIS Pack Vendor :STMicroelectronics lwIP 2.0.3
2026-06-17 12:19:27,488 [INFO] ThirdParty:1030 - CMSIS Pack Vendor :Cesanta I-CUBE-Mongoose 7.13.0
2026-06-17 12:19:27,488 [INFO] ThirdParty:1030 - CMSIS Pack Vendor :STMicroelectronics eDS-WB_DPC_3PH2L-BIDIR 1.1.1
2026-06-17 12:19:27,488 [INFO] ThirdParty:1030 - CMSIS Pack Vendor :STMicroelectronics USB_HOST 1.0.0
2026-06-17 12:19:27,488 [INFO] ThirdParty:1030 - CMSIS Pack Vendor :STMicroelectronics X-CUBE-AZRTOS-G4 2.0.0
2026-06-17 12:19:27,488 [INFO] ThirdParty:1030 - CMSIS Pack Vendor :STMicroelectronics X-CUBE-WB05N 2.0.0
2026-06-17 12:19:27,488 [INFO] ThirdParty:1030 - CMSIS Pack Vendor :STMicroelectronics PDM2PCM 3.1.0
2026-06-17 12:19:27,488 [INFO] ThirdParty:1030 - CMSIS Pack Vendor :STMicroelectronics PDM2PCM 3.3.0
2026-06-17 12:19:27,488 [INFO] ThirdParty:1030 - CMSIS Pack Vendor :STMicroelectronics X-CUBE-AZRTOS-H7 3.4.0
2026-06-17 12:19:27,489 [INFO] ThirdParty:1030 - CMSIS Pack Vendor :STMicroelectronics X-CUBE-DISPLAY 3.0.0
2026-06-17 12:19:27,489 [INFO] ThirdParty:1030 - CMSIS Pack Vendor :STMicroelectronics X-CUBE-NFC7 2.0.0
2026-06-17 12:19:27,489 [INFO] ThirdParty:1030 - CMSIS Pack Vendor :STMicroelectronics X-CUBE-GNSS1 7.1.1
2026-06-17 12:19:27,489 [INFO] ThirdParty:1030 - CMSIS Pack Vendor :STMicroelectronics FP-SNS-MOTENVWB1 1.5.0
2026-06-17 12:19:27,489 [INFO] ThirdParty:1030 - CMSIS Pack Vendor :STMicroelectronics X-CUBE-TCPP 4.2.0
2026-06-17 12:19:27,489 [INFO] ThirdParty:1030 - CMSIS Pack Vendor :RealThread X-CUBE-RT-Thread_Nano 4.1.1
2026-06-17 12:19:27,489 [INFO] ThirdParty:1030 - CMSIS Pack Vendor :STMicroelectronics FP-ATR-SIGFOX1 3.2.0
2026-06-17 12:19:27,489 [INFO] ThirdParty:1030 - CMSIS Pack Vendor :STMicroelectronics X-CUBE-NFC10 1.0.0
2026-06-17 12:19:27,489 [INFO] ThirdParty:1030 - CMSIS Pack Vendor :STMicroelectronics X-CUBE-FREERTOS 1.3.1
2026-06-17 12:19:27,489 [INFO] ThirdParty:1030 - CMSIS Pack Vendor :STMicroelectronics HAL Drivers 0.0.0
2026-06-17 12:19:27,489 [INFO] ThirdParty:1030 - CMSIS Pack Vendor :STMicroelectronics X-CUBE-FREERTOS 1.5.0
2026-06-17 12:19:27,489 [INFO] ThirdParty:1030 - CMSIS Pack Vendor :STMicroelectronics MBEDTLS 2.16.2
2026-06-17 12:19:27,489 [INFO] ThirdParty:1030 - CMSIS Pack Vendor :STMicroelectronics X-CUBE-ST60 1.1.0
2026-06-17 12:19:27,489 [INFO] ThirdParty:1030 - CMSIS Pack Vendor :STMicroelectronics X-CUBE-IPS 3.1.0
2026-06-17 12:19:27,489 [INFO] ThirdParty:1030 - CMSIS Pack Vendor :STMicroelectronics X-CUBE-ALS 1.0.2
2026-06-17 12:19:27,489 [INFO] ThirdParty:1030 - CMSIS Pack Vendor :STMicroelectronics MBEDTLS 2.14.1
2026-06-17 12:19:27,489 [INFO] ThirdParty:1030 - CMSIS Pack Vendor :STMicroelectronics X-CUBE-GNSS1 7.1.0
2026-06-17 12:19:27,489 [INFO] ThirdParty:1030 - CMSIS Pack Vendor :STMicroelectronics X-CUBE-TOUCHGFX 4.26.1
2026-06-17 12:19:27,489 [INFO] ThirdParty:1030 - CMSIS Pack Vendor :portGmbH I-Cube-SoM-uGOAL 1.1.0
2026-06-17 12:19:27,490 [INFO] ThirdParty:1030 - CMSIS Pack Vendor :STMicroelectronics X-CUBE-NFC6 3.2.0
2026-06-17 12:19:27,490 [INFO] ThirdParty:1030 - CMSIS Pack Vendor :STMicroelectronics X-CUBE-ST67W61 1.0.0
2026-06-17 12:19:27,490 [INFO] ThirdParty:1030 - CMSIS Pack Vendor :STMicroelectronics FP-SNS-STAIOTCFT 1.0.0
2026-06-17 12:19:27,490 [INFO] ThirdParty:1030 - CMSIS Pack Vendor :STMicroelectronics ThreadX 1.0.0
2026-06-17 12:19:27,490 [INFO] ThirdParty:1030 - CMSIS Pack Vendor :STMicroelectronics FP-SNS-SMARTAG2 1.2.0
2026-06-17 12:19:27,490 [INFO] ThirdParty:1030 - CMSIS Pack Vendor :STMicroelectronics X-CUBE-MEMS1 12.1.0
2026-06-17 12:19:27,490 [INFO] ThirdParty:1030 - CMSIS Pack Vendor :STMicroelectronics FP-SNS-FLIGHT1 5.1.0
2026-06-17 12:19:27,490 [INFO] ThirdParty:1030 - CMSIS Pack Vendor :STMicroelectronics X-CUBE-AZRTOS-WL 2.0.0
2026-06-17 12:19:27,490 [INFO] ThirdParty:1030 - CMSIS Pack Vendor :SEGGER I-CUBE-embOS 1.3.1
2026-06-17 12:19:27,490 [INFO] ThirdParty:1030 - CMSIS Pack Vendor :STMicroelectronics X-CUBE-ALGOBUILD 1.4.0
2026-06-17 12:19:27,490 [INFO] ThirdParty:1030 - CMSIS Pack Vendor :STMicroelectronics X-CUBE-DPower 1.3.0
2026-06-17 12:19:27,490 [INFO] ThirdParty:1030 - CMSIS Pack Vendor :STMicroelectronics X-CUBE-MEMS1 11.3.0
2026-06-17 12:19:27,490 [INFO] ThirdParty:1030 - CMSIS Pack Vendor :STMicroelectronics FP-SNS-MOTENV1 5.0.0
2026-06-17 12:19:27,491 [INFO] ThirdParty:1030 - CMSIS Pack Vendor :STMicroelectronics USB_DEVICE 1.0.0
2026-06-17 12:19:27,491 [INFO] ThirdParty:1030 - CMSIS Pack Vendor :STMicroelectronics X-CUBE-AZRTOS-H7RS 1.2.0
2026-06-17 12:19:27,492 [INFO] ThirdParty:1030 - CMSIS Pack Vendor :STMicroelectronics X-CUBE-AZRTOS-L4 2.0.0
2026-06-17 12:19:27,494 [INFO] ThirdParty:1030 - CMSIS Pack Vendor :STMicroelectronics ThreadX 0.0.2
2026-06-17 12:19:27,495 [INFO] ThirdParty:1030 - CMSIS Pack Vendor :WES I-CUBE-Cesium 1.3.0
2026-06-17 12:19:27,496 [INFO] ThirdParty:1030 - CMSIS Pack Vendor :STMicroelectronics lwIP 2.1.2
2026-06-17 12:19:27,496 [INFO] ThirdParty:1030 - CMSIS Pack Vendor :STMicroelectronics X-CUBE-SFXS2LP1 4.0.0
2026-06-17 12:19:27,496 [INFO] ThirdParty:1030 - CMSIS Pack Vendor :STMicroelectronics X-CUBE-BLE2 3.3.0
2026-06-17 12:19:27,496 [INFO] ThirdParty:1030 - CMSIS Pack Vendor :Avnet-IOTCONNECT X-CUBE-iotc-st67-sdk 1.0.0
2026-06-17 12:19:27,496 [INFO] ThirdParty:1030 - CMSIS Pack Vendor :STMicroelectronics X-CUBE-TOF1 3.4.3
2026-06-17 12:19:27,496 [INFO] ThirdParty:1030 - CMSIS Pack Vendor :STMicroelectronics X-CUBE-NFC13 1.0.0
2026-06-17 12:19:27,496 [INFO] ThirdParty:1030 - CMSIS Pack Vendor :STMicroelectronics PDM2PCM 3.2.0
2026-06-17 12:19:27,496 [INFO] ThirdParty:1030 - CMSIS Pack Vendor :STMicroelectronics X-CUBE-WB05N 2.1.0
2026-06-17 12:19:27,496 [INFO] ThirdParty:1030 - CMSIS Pack Vendor :STMicroelectronics X-CUBE-ST67W61 1.2.0
2026-06-17 12:19:27,497 [INFO] ThirdParty:841 - exiting critical section [change project]
2026-06-17 12:19:27,722 [INFO] PinOutPanel:1589 - setPackage(No Configuration,No Configuration)
2026-06-17 12:19:27,723 [INFO] PinOutPanel:1589 - setPackage(STM32F103RCTx,LQFP64)
2026-06-17 12:19:28,068 [INFO] UtilMem:75 - Before build in PCC Used Memory: 833381504 Bytes (1073741824)
2026-06-17 12:19:28,318 [INFO] UtilMem:75 - After build in PCC Used Memory: 876373120 Bytes (1073741824)
2026-06-17 12:19:28,357 [INFO] IPUIPlugin:80 - create IPUIPlugin
2026-06-17 12:19:28,357 [INFO] IPUIPlugin:80 - create IPUIPlugin
2026-06-17 12:19:28,357 [INFO] IPUIPlugin:80 - create IPUIPlugin
2026-06-17 12:19:28,357 [INFO] IPUIPlugin:80 - create IPUIPlugin
2026-06-17 12:19:28,357 [INFO] IPUIPlugin:80 - create IPUIPlugin
2026-06-17 12:19:28,357 [INFO] IPUIPlugin:80 - create IPUIPlugin
2026-06-17 12:19:28,357 [INFO] IPUIPlugin:80 - create IPUIPlugin
2026-06-17 12:19:28,358 [INFO] IPUIPlugin:80 - create IPUIPlugin
2026-06-17 12:19:28,358 [INFO] IPUIPlugin:80 - create IPUIPlugin
2026-06-17 12:19:28,358 [INFO] IPUIPlugin:80 - create IPUIPlugin
2026-06-17 12:19:28,358 [INFO] IPUIPlugin:80 - create IPUIPlugin
2026-06-17 12:19:28,360 [INFO] IPUIPlugin:80 - create IPUIPlugin
2026-06-17 12:19:28,360 [INFO] IPUIPlugin:80 - create IPUIPlugin
2026-06-17 12:19:28,360 [INFO] IPUIPlugin:80 - create IPUIPlugin
2026-06-17 12:19:28,361 [INFO] IPUIPlugin:80 - create IPUIPlugin
2026-06-17 12:19:28,361 [INFO] IPUIPlugin:80 - create IPUIPlugin
2026-06-17 12:19:28,361 [INFO] IPUIPlugin:80 - create IPUIPlugin
2026-06-17 12:19:28,361 [INFO] IPUIPlugin:80 - create IPUIPlugin
2026-06-17 12:19:28,362 [INFO] IPUIPlugin:80 - create IPUIPlugin
2026-06-17 12:19:28,362 [INFO] IPUIPlugin:80 - create IPUIPlugin
2026-06-17 12:19:28,362 [INFO] IPUIPlugin:80 - create IPUIPlugin
2026-06-17 12:19:28,362 [INFO] IPUIPlugin:80 - create IPUIPlugin
2026-06-17 12:19:28,362 [INFO] IPUIPlugin:80 - create IPUIPlugin
2026-06-17 12:19:28,362 [INFO] IPUIPlugin:80 - create IPUIPlugin
2026-06-17 12:19:28,363 [INFO] IPUIPlugin:80 - create IPUIPlugin
2026-06-17 12:19:28,363 [INFO] IPUIPlugin:80 - create IPUIPlugin
2026-06-17 12:19:28,363 [INFO] IPUIPlugin:80 - create IPUIPlugin
2026-06-17 12:19:28,363 [INFO] IPUIPlugin:80 - create IPUIPlugin
2026-06-17 12:19:28,364 [INFO] IPUIPlugin:80 - create IPUIPlugin
2026-06-17 12:19:28,364 [INFO] IPUIPlugin:80 - create IPUIPlugin
2026-06-17 12:19:28,364 [INFO] IPUIPlugin:80 - create IPUIPlugin
2026-06-17 12:19:28,364 [INFO] IPUIPlugin:80 - create IPUIPlugin
2026-06-17 12:19:28,365 [INFO] IPUIPlugin:80 - create IPUIPlugin
2026-06-17 12:19:28,365 [INFO] IPUIPlugin:80 - create IPUIPlugin
2026-06-17 12:19:28,366 [INFO] IPUIPlugin:80 - create IPUIPlugin
2026-06-17 12:19:28,366 [INFO] IPUIPlugin:80 - create IPUIPlugin
2026-06-17 12:19:28,367 [INFO] IPUIPlugin:80 - create IPUIPlugin
2026-06-17 12:19:28,367 [INFO] IPUIPlugin:80 - create IPUIPlugin
2026-06-17 12:19:28,367 [INFO] IPUIPlugin:80 - create IPUIPlugin
2026-06-17 12:19:28,369 [WARN] IP:2250 - I2C_Coeff_DF not found: check if there is a RefParameter without a condition.
2026-06-17 12:19:28,369 [WARN] IP:2250 - Analog_Filter not found: check if there is a RefParameter without a condition.
2026-06-17 12:19:28,447 [INFO] CADModel:165 - CPN selected for project levelSTM32F103RCT6
2026-06-17 12:19:28,448 [INFO] CADModel:114 - Register for checkConnection events
2026-06-17 12:19:28,511 [INFO] OpenFileManager:386 - Restore cursor
2026-06-17 12:19:28,738 [WARN] IP:2250 - I2C_Coeff_DF not found: check if there is a RefParameter without a condition.
2026-06-17 12:19:28,738 [WARN] IP:2250 - Analog_Filter not found: check if there is a RefParameter without a condition.
2026-06-17 12:19:28,738 [WARN] IP:2250 - I2C_Coeff_DF not found: check if there is a RefParameter without a condition.
2026-06-17 12:19:28,738 [WARN] IP:2250 - Analog_Filter not found: check if there is a RefParameter without a condition.
2026-06-17 12:28:53,161 [WARN] IP:2250 - I2C_Coeff_DF not found: check if there is a RefParameter without a condition.
2026-06-17 12:28:53,161 [WARN] IP:2250 - Analog_Filter not found: check if there is a RefParameter without a condition.
2026-06-17 12:28:53,169 [WARN] IP:2250 - I2C_Coeff_DF not found: check if there is a RefParameter without a condition.
2026-06-17 12:28:53,173 [WARN] IP:2250 - Analog_Filter not found: check if there is a RefParameter without a condition.
2026-06-17 12:28:53,316 [WARN] IP:2250 - I2C_Coeff_DF not found: check if there is a RefParameter without a condition.
2026-06-17 12:28:53,317 [WARN] IP:2250 - Analog_Filter not found: check if there is a RefParameter without a condition.
2026-06-17 12:28:53,424 [WARN] IP:2250 - I2C_Coeff_DF not found: check if there is a RefParameter without a condition.
2026-06-17 12:28:53,424 [WARN] IP:2250 - Analog_Filter not found: check if there is a RefParameter without a condition.
2026-06-17 12:30:56,310 [WARN] IP:2250 - I2C_Coeff_DF not found: check if there is a RefParameter without a condition.
2026-06-17 12:30:56,310 [WARN] IP:2250 - Analog_Filter not found: check if there is a RefParameter without a condition.
2026-06-17 12:30:56,311 [WARN] IP:2250 - I2C_Coeff_DF not found: check if there is a RefParameter without a condition.
2026-06-17 12:30:56,312 [WARN] IP:2250 - Analog_Filter not found: check if there is a RefParameter without a condition.
2026-06-17 12:30:56,337 [WARN] IP:2250 - I2C_Coeff_DF not found: check if there is a RefParameter without a condition.
2026-06-17 12:30:56,337 [WARN] IP:2250 - Analog_Filter not found: check if there is a RefParameter without a condition.
2026-06-17 12:30:56,363 [WARN] IP:2250 - I2C_Coeff_DF not found: check if there is a RefParameter without a condition.
2026-06-17 12:30:56,363 [WARN] IP:2250 - Analog_Filter not found: check if there is a RefParameter without a condition.
2026-06-17 12:30:57,771 [INFO] UtilMem:75 - End SaveConfig() Used Memory: 959688944 Bytes (1073741824)
2026-06-17 12:30:58,923 [INFO] UtilMem:75 - End SaveConfig() Used Memory: 985843424 Bytes (1073741824)
2026-06-17 12:31:01,213 [INFO] UtilMem:75 - End SaveConfig() Used Memory: 737770528 Bytes (1073741824)
2026-06-17 12:31:01,654 [INFO] BlockDiagram:2775 - set Specific Code input for plugin: NVIC
2026-06-17 12:31:01,654 [INFO] BlockDiagram:2775 - set Specific Code input for plugin: USART
2026-06-17 12:31:01,655 [INFO] BlockDiagram:2775 - set Specific Code input for plugin: SYS
2026-06-17 12:31:01,655 [INFO] BlockDiagram:2775 - set Specific Code input for plugin: GPIO
2026-06-17 12:31:01,656 [INFO] BlockDiagram:2775 - set Specific Code input for plugin: RCC
2026-06-17 12:31:01,656 [INFO] BlockDiagram:2775 - set Specific Code input for plugin: I2C
2026-06-17 12:31:01,658 [INFO] CodeGenerator:892 - code generatio: config db path: C:\ST\STM32CubeIDE_1.19.0\STM32CubeIDE\plugins\com.st.stm32cube.common.mx_6.15.0.202507011659\\db\
2026-06-17 12:31:01,661 [WARN] IP:2250 - I2C_Coeff_DF not found: check if there is a RefParameter without a condition.
2026-06-17 12:31:01,661 [WARN] IP:2250 - Analog_Filter not found: check if there is a RefParameter without a condition.
2026-06-17 12:31:01,824 [INFO] CodeEngine:265 - oldGeneratedFile, C:\Users\Usuario\Desktop\UNAL\2026-1\Control\proyectoControl\sensoresProyecto\MXTmpFiles\license.tmp_save
2026-06-17 12:31:02,252 [INFO] CodeEngine:289 - Generated code: C:\Users\Usuario\Desktop\UNAL\2026-1\Control\proyectoControl\sensoresProyecto\MXTmpFiles\license.tmp
2026-06-17 12:31:02,392 [INFO] CodeEngine:265 - oldGeneratedFile, C:\Users\Usuario\Desktop\UNAL\2026-1\Control\proyectoControl\sensoresProyecto\MXTmpFiles\gpio.tmp_save
2026-06-17 12:31:02,676 [INFO] CodeEngine:289 - Generated code: C:\Users\Usuario\Desktop\UNAL\2026-1\Control\proyectoControl\sensoresProyecto\MXTmpFiles\gpio.tmp
2026-06-17 12:31:02,855 [INFO] CodeEngine:265 - oldGeneratedFile, C:\Users\Usuario\Desktop\UNAL\2026-1\Control\proyectoControl\sensoresProyecto\Core\Src\stm32f1xx_it.c_save
2026-06-17 12:31:03,345 [INFO] CodeEngine:289 - Generated code: C:\Users\Usuario\Desktop\UNAL\2026-1\Control\proyectoControl\sensoresProyecto\Core\Src\stm32f1xx_it.c
2026-06-17 12:31:03,370 [INFO] CodeEngine:265 - oldGeneratedFile, C:\Users\Usuario\Desktop\UNAL\2026-1\Control\proyectoControl\sensoresProyecto\Core\Inc\stm32f1xx_it.h_save
2026-06-17 12:31:03,533 [INFO] CodeEngine:289 - Generated code: C:\Users\Usuario\Desktop\UNAL\2026-1\Control\proyectoControl\sensoresProyecto\Core\Inc\stm32f1xx_it.h
2026-06-17 12:31:03,571 [INFO] CodeEngine:265 - oldGeneratedFile, C:\Users\Usuario\Desktop\UNAL\2026-1\Control\proyectoControl\sensoresProyecto\Core\Src\stm32f1xx_hal_msp.c_save
2026-06-17 12:31:03,852 [INFO] CodeEngine:289 - Generated code: C:\Users\Usuario\Desktop\UNAL\2026-1\Control\proyectoControl\sensoresProyecto\Core\Src\stm32f1xx_hal_msp.c
2026-06-17 12:31:03,870 [INFO] CodeEngine:265 - oldGeneratedFile, C:\Users\Usuario\Desktop\UNAL\2026-1\Control\proyectoControl\sensoresProyecto\MXTmpFiles\system.tmp_save
2026-06-17 12:31:04,006 [INFO] CodeEngine:289 - Generated code: C:\Users\Usuario\Desktop\UNAL\2026-1\Control\proyectoControl\sensoresProyecto\MXTmpFiles\system.tmp
2026-06-17 12:31:04,044 [INFO] CodeEngine:321 - oldGeneratedFile, C:\Users\Usuario\Desktop\UNAL\2026-1\Control\proyectoControl\sensoresProyecto\Core\Inc\stm32f1xx_hal_conf.h_save
2026-06-17 12:31:04,194 [INFO] CodeEngine:345 - Generated code: C:\Users\Usuario\Desktop\UNAL\2026-1\Control\proyectoControl\sensoresProyecto\Core\Inc\stm32f1xx_hal_conf.h
2026-06-17 12:31:04,244 [INFO] ApiDbMcu:532 - Load IP Config File for I2C2
2026-06-17 12:31:04,251 [INFO] ApiDbMcu:532 - Load IP Config File for USART1
2026-06-17 12:31:04,258 [INFO] ApiDbMcu:532 - Load IP Config File for RCC
2026-06-17 12:31:04,287 [INFO] CodeEngine:265 - oldGeneratedFile, C:\Users\Usuario\Desktop\UNAL\2026-1\Control\proyectoControl\sensoresProyecto\Core\Inc\main.h_save
2026-06-17 12:31:04,497 [INFO] CodeEngine:289 - Generated code: C:\Users\Usuario\Desktop\UNAL\2026-1\Control\proyectoControl\sensoresProyecto\Core\Inc\main.h
2026-06-17 12:31:04,517 [INFO] CodeEngine:265 - oldGeneratedFile, C:\Users\Usuario\Desktop\UNAL\2026-1\Control\proyectoControl\sensoresProyecto\Core\Src\main.c_save
2026-06-17 12:31:04,723 [INFO] CodeEngine:289 - Generated code: C:\Users\Usuario\Desktop\UNAL\2026-1\Control\proyectoControl\sensoresProyecto\Core\Src\main.c
2026-06-17 12:31:05,267 [INFO] ProjectBuilder:3606 - Time for Copy HAL[1] : 256mS.
2026-06-17 12:31:05,272 [INFO] ProjectBuilder:5216 - Project Generator version: 4.7.0-B52
2026-06-17 12:31:05,395 [INFO] ConfigFileManager:1595 - The Die is : DIE414
2026-06-17 12:31:05,399 [INFO] ApiDbMcu:532 - Load IP Config File for FATFS
2026-06-17 12:31:05,404 [INFO] ApiDbMcu:532 - Load IP Config File for FREERTOS
2026-06-17 12:31:05,414 [INFO] ApiDbMcu:532 - Load IP Config File for USB_DEVICE
2026-06-17 12:31:07,681 [INFO] ProjectBuilder:5496 - Time for Generating toolchain IDE Files: 2408mS.
2026-06-17 12:31:07,682 [INFO] ProjectBuilder:3463 - Time for Copy CMSIS : 1mS.
2026-06-17 12:31:07,689 [INFO] ProjectBuilder:3463 - Time for Copy CMSIS : 1mS.
2026-06-17 12:44:17,391 [WARN] IP:2250 - I2C_Coeff_DF not found: check if there is a RefParameter without a condition.
2026-06-17 12:44:17,399 [WARN] IP:2250 - Analog_Filter not found: check if there is a RefParameter without a condition.
2026-06-17 12:44:17,401 [WARN] IP:2250 - I2C_Coeff_DF not found: check if there is a RefParameter without a condition.
2026-06-17 12:44:17,402 [WARN] IP:2250 - Analog_Filter not found: check if there is a RefParameter without a condition.
2026-06-17 12:44:17,558 [WARN] IP:2250 - I2C_Coeff_DF not found: check if there is a RefParameter without a condition.
2026-06-17 12:44:17,559 [WARN] IP:2250 - Analog_Filter not found: check if there is a RefParameter without a condition.
2026-06-17 12:44:17,734 [WARN] IP:2250 - I2C_Coeff_DF not found: check if there is a RefParameter without a condition.
2026-06-17 12:44:17,736 [WARN] IP:2250 - Analog_Filter not found: check if there is a RefParameter without a condition.
2026-06-17 12:45:01,320 [WARN] IP:2250 - I2C_Coeff_DF not found: check if there is a RefParameter without a condition.
2026-06-17 12:45:01,320 [WARN] IP:2250 - Analog_Filter not found: check if there is a RefParameter without a condition.
2026-06-17 12:45:01,321 [WARN] IP:2250 - I2C_Coeff_DF not found: check if there is a RefParameter without a condition.
2026-06-17 12:45:01,321 [WARN] IP:2250 - Analog_Filter not found: check if there is a RefParameter without a condition.
2026-06-17 12:45:01,348 [WARN] IP:2250 - I2C_Coeff_DF not found: check if there is a RefParameter without a condition.
2026-06-17 12:45:01,348 [WARN] IP:2250 - Analog_Filter not found: check if there is a RefParameter without a condition.
2026-06-17 12:45:01,380 [WARN] IP:2250 - I2C_Coeff_DF not found: check if there is a RefParameter without a condition.
2026-06-17 12:45:01,381 [WARN] IP:2250 - Analog_Filter not found: check if there is a RefParameter without a condition.
2026-06-17 12:45:21,253 [INFO] Gpio:278 - dependency for GPIO [I2C2, USART1]
2026-06-17 12:45:41,410 [INFO] UtilMem:75 - End SaveConfig() Used Memory: 972605320 Bytes (1073741824)
2026-06-17 12:45:42,511 [INFO] UtilMem:75 - End SaveConfig() Used Memory: 1011022624 Bytes (1073741824)
2026-06-17 12:45:44,854 [INFO] UtilMem:75 - End SaveConfig() Used Memory: 776114464 Bytes (1073741824)
2026-06-17 12:45:46,078 [INFO] BlockDiagram:2775 - set Specific Code input for plugin: NVIC
2026-06-17 12:45:46,079 [INFO] BlockDiagram:2775 - set Specific Code input for plugin: USART
2026-06-17 12:45:46,079 [INFO] BlockDiagram:2775 - set Specific Code input for plugin: SYS
2026-06-17 12:45:46,079 [INFO] BlockDiagram:2775 - set Specific Code input for plugin: GPIO
2026-06-17 12:45:46,079 [INFO] BlockDiagram:2775 - set Specific Code input for plugin: RCC
2026-06-17 12:45:46,079 [INFO] BlockDiagram:2775 - set Specific Code input for plugin: I2C
2026-06-17 12:45:46,084 [INFO] CodeGenerator:892 - code generatio: config db path: C:\ST\STM32CubeIDE_1.19.0\STM32CubeIDE\plugins\com.st.stm32cube.common.mx_6.15.0.202507011659\\db\
2026-06-17 12:45:46,086 [WARN] IP:2250 - I2C_Coeff_DF not found: check if there is a RefParameter without a condition.
2026-06-17 12:45:46,086 [WARN] IP:2250 - Analog_Filter not found: check if there is a RefParameter without a condition.
2026-06-17 12:45:46,311 [INFO] CodeEngine:265 - oldGeneratedFile, C:\Users\Usuario\Desktop\UNAL\2026-1\Control\proyectoControl\sensoresProyecto\MXTmpFiles\license.tmp_save
2026-06-17 12:45:46,662 [INFO] CodeEngine:289 - Generated code: C:\Users\Usuario\Desktop\UNAL\2026-1\Control\proyectoControl\sensoresProyecto\MXTmpFiles\license.tmp
2026-06-17 12:45:46,728 [INFO] CodeEngine:265 - oldGeneratedFile, C:\Users\Usuario\Desktop\UNAL\2026-1\Control\proyectoControl\sensoresProyecto\MXTmpFiles\gpio.tmp_save
2026-06-17 12:45:46,943 [INFO] CodeEngine:289 - Generated code: C:\Users\Usuario\Desktop\UNAL\2026-1\Control\proyectoControl\sensoresProyecto\MXTmpFiles\gpio.tmp
2026-06-17 12:45:47,095 [INFO] CodeEngine:265 - oldGeneratedFile, C:\Users\Usuario\Desktop\UNAL\2026-1\Control\proyectoControl\sensoresProyecto\Core\Src\stm32f1xx_it.c_save
2026-06-17 12:45:47,537 [INFO] CodeEngine:289 - Generated code: C:\Users\Usuario\Desktop\UNAL\2026-1\Control\proyectoControl\sensoresProyecto\Core\Src\stm32f1xx_it.c
2026-06-17 12:45:47,556 [INFO] CodeEngine:265 - oldGeneratedFile, C:\Users\Usuario\Desktop\UNAL\2026-1\Control\proyectoControl\sensoresProyecto\Core\Inc\stm32f1xx_it.h_save
2026-06-17 12:45:47,694 [INFO] CodeEngine:289 - Generated code: C:\Users\Usuario\Desktop\UNAL\2026-1\Control\proyectoControl\sensoresProyecto\Core\Inc\stm32f1xx_it.h
2026-06-17 12:45:47,730 [INFO] CodeEngine:265 - oldGeneratedFile, C:\Users\Usuario\Desktop\UNAL\2026-1\Control\proyectoControl\sensoresProyecto\Core\Src\stm32f1xx_hal_msp.c_save
2026-06-17 12:45:47,983 [INFO] CodeEngine:289 - Generated code: C:\Users\Usuario\Desktop\UNAL\2026-1\Control\proyectoControl\sensoresProyecto\Core\Src\stm32f1xx_hal_msp.c
2026-06-17 12:45:47,995 [INFO] CodeEngine:265 - oldGeneratedFile, C:\Users\Usuario\Desktop\UNAL\2026-1\Control\proyectoControl\sensoresProyecto\MXTmpFiles\system.tmp_save
2026-06-17 12:45:48,138 [INFO] CodeEngine:289 - Generated code: C:\Users\Usuario\Desktop\UNAL\2026-1\Control\proyectoControl\sensoresProyecto\MXTmpFiles\system.tmp
2026-06-17 12:45:48,164 [INFO] CodeEngine:321 - oldGeneratedFile, C:\Users\Usuario\Desktop\UNAL\2026-1\Control\proyectoControl\sensoresProyecto\Core\Inc\stm32f1xx_hal_conf.h_save
2026-06-17 12:45:48,303 [INFO] CodeEngine:345 - Generated code: C:\Users\Usuario\Desktop\UNAL\2026-1\Control\proyectoControl\sensoresProyecto\Core\Inc\stm32f1xx_hal_conf.h
2026-06-17 12:45:48,370 [INFO] CodeEngine:265 - oldGeneratedFile, C:\Users\Usuario\Desktop\UNAL\2026-1\Control\proyectoControl\sensoresProyecto\Core\Inc\main.h_save
2026-06-17 12:45:48,590 [INFO] CodeEngine:289 - Generated code: C:\Users\Usuario\Desktop\UNAL\2026-1\Control\proyectoControl\sensoresProyecto\Core\Inc\main.h
2026-06-17 12:45:48,611 [INFO] CodeEngine:265 - oldGeneratedFile, C:\Users\Usuario\Desktop\UNAL\2026-1\Control\proyectoControl\sensoresProyecto\Core\Src\main.c_save
2026-06-17 12:45:48,827 [INFO] CodeEngine:289 - Generated code: C:\Users\Usuario\Desktop\UNAL\2026-1\Control\proyectoControl\sensoresProyecto\Core\Src\main.c
2026-06-17 12:45:49,710 [INFO] ProjectBuilder:3606 - Time for Copy HAL[1] : 393mS.
2026-06-17 12:45:49,729 [INFO] ProjectBuilder:5216 - Project Generator version: 4.7.0-B52
2026-06-17 12:45:49,997 [INFO] ConfigFileManager:1595 - The Die is : DIE414
2026-06-17 12:45:52,776 [INFO] ProjectBuilder:5496 - Time for Generating toolchain IDE Files: 3048mS.
2026-06-17 12:45:52,779 [INFO] ProjectBuilder:3463 - Time for Copy CMSIS : 2mS.
2026-06-17 12:45:52,789 [INFO] ProjectBuilder:3463 - Time for Copy CMSIS : 0mS.
2026-06-17 12:51:58,156 [ERROR] LogOutputStream:75 - [STDERR_REDIRECT] 
2026-06-17 12:51:58,158 [ERROR] LogOutputStream:75 - [STDERR_REDIRECT] 
