2026-06-12 10:35:21,717 [INFO] Activator:176 - 


2026-06-12 10:35:21,734 [INFO] Activator:177 - !SESSION log4j initialized
2026-06-12 10:35:34,294 [INFO] LogOutputStream:77 - [STDOUT_REDIRECT] 
2026-06-12 10:35:37,560 [INFO] ApplicationProperties:184 - Using Application install path: C:\ST\STM32CubeIDE_1.19.0\STM32CubeIDE\plugins\com.st.stm32cube.common.mx_6.15.0.202507011659
2026-06-12 10:35:37,593 [INFO] DbMcusXml:78 - Set database path to: C:\ST\STM32CubeIDE_1.19.0\STM32CubeIDE\plugins\com.st.stm32cube.common.mx_6.15.0.202507011659\\db\/mcu/
2026-06-12 10:35:37,593 [INFO] ApiDb:274 - Set plugin database path to: C:\ST\STM32CubeIDE_1.19.0\STM32CubeIDE\plugins\com.st.stm32cube.common.mx_6.15.0.202507011659\\db\/plugins/boardmanager/
2026-06-12 10:35:37,595 [WARN] ApiDb:259 - Overriding images path with different value:  => C:\ST\STM32CubeIDE_1.19.0\STM32CubeIDE\plugins\com.st.stm32cube.common.mx_6.15.0.202507011659\\db\/plugins/mcufinder/images/
2026-06-12 10:35:37,611 [INFO] ApiDb:250 - Set database path to: C:\Users\Usuario\.stmcufinder\plugins\mcufinder//mcu/
2026-06-12 10:35:37,613 [INFO] DbMcusAds:125 - Set database path to: C:\Users\Usuario\.stmcufinder\plugins\mcufinder//mcu/
2026-06-12 10:35:37,616 [INFO] CrossReferenceDbSqlite:203 - Set database path to: C:\Users\Usuario\.stmcufinder\plugins\mcufinder//mcu/cs/
2026-06-12 10:35:37,887 [INFO] RulesReader:64 - Compatibility file has been processed (317 Rules)
2026-06-12 10:35:38,202 [INFO] DbMcusXml:78 - Set database path to: C:\ST\STM32CubeIDE_1.19.0\STM32CubeIDE\plugins\com.st.stm32cube.common.mx_6.15.0.202507011659\\db\/mcu/
2026-06-12 10:35:38,202 [INFO] ApiDb:274 - Set plugin database path to: C:\ST\STM32CubeIDE_1.19.0\STM32CubeIDE\plugins\com.st.stm32cube.common.mx_6.15.0.202507011659\\db\/plugins/boardmanager/
2026-06-12 10:35:38,202 [INFO] ApiDb:261 - Set plugin images path to: C:\ST\STM32CubeIDE_1.19.0\STM32CubeIDE\plugins\com.st.stm32cube.common.mx_6.15.0.202507011659\\db\/plugins/mcufinder/images/
2026-06-12 10:35:38,203 [WARN] DbFile:41 - Overriding database path with different value: C:\Users\Usuario\.stmcufinder\plugins\mcufinder/ => C:\Users\Usuario\.stmcufinder\plugins\mcufinder
2026-06-12 10:35:38,203 [INFO] ApiDb:250 - Set database path to: C:\Users\Usuario\.stmcufinder\plugins\mcufinder//mcu/
2026-06-12 10:35:38,203 [WARN] DbFile:41 - Overriding database path with different value: C:\Users\Usuario\.stmcufinder\plugins\mcufinder/ => C:\Users\Usuario\.stmcufinder\plugins\mcufinder
2026-06-12 10:35:38,203 [INFO] DbMcusAds:125 - Set database path to: C:\Users\Usuario\.stmcufinder\plugins\mcufinder//mcu/
2026-06-12 10:35:38,203 [WARN] DbFile:41 - Overriding database path with different value: C:\Users\Usuario\.stmcufinder\plugins\mcufinder/ => C:\Users\Usuario\.stmcufinder\plugins\mcufinder
2026-06-12 10:35:38,204 [WARN] DbFile:41 - Overriding database path with different value: C:\Users\Usuario\.stmcufinder\plugins\mcufinder/ => C:\Users\Usuario\.stmcufinder\plugins\mcufinder
2026-06-12 10:35:38,204 [INFO] CrossReferenceDbSqlite:203 - Set database path to: C:\Users\Usuario\.stmcufinder\plugins\mcufinder//mcu/cs/
2026-06-12 10:35:38,637 [INFO] MainPanel:274 - HeapMemory: 268435456
2026-06-12 10:35:39,088 [INFO] DbMcusXml:78 - Set database path to: C:\ST\STM32CubeIDE_1.19.0\STM32CubeIDE\plugins\com.st.stm32cube.common.mx_6.15.0.202507011659\\db\/mcu/
2026-06-12 10:35:39,089 [INFO] ApiDb:274 - Set plugin database path to: C:\ST\STM32CubeIDE_1.19.0\STM32CubeIDE\plugins\com.st.stm32cube.common.mx_6.15.0.202507011659\\db\/plugins/boardmanager/
2026-06-12 10:35:39,089 [INFO] ApiDb:261 - Set plugin images path to: C:\ST\STM32CubeIDE_1.19.0\STM32CubeIDE\plugins\com.st.stm32cube.common.mx_6.15.0.202507011659\\db\/plugins/mcufinder/images/
2026-06-12 10:35:39,089 [WARN] DbFile:41 - Overriding database path with different value: C:\Users\Usuario\.stmcufinder\plugins\mcufinder/ => C:\Users\Usuario\.stmcufinder\plugins\mcufinder
2026-06-12 10:35:39,089 [INFO] ApiDb:250 - Set database path to: C:\Users\Usuario\.stmcufinder\plugins\mcufinder//mcu/
2026-06-12 10:35:39,089 [WARN] DbFile:41 - Overriding database path with different value: C:\Users\Usuario\.stmcufinder\plugins\mcufinder/ => C:\Users\Usuario\.stmcufinder\plugins\mcufinder
2026-06-12 10:35:39,089 [INFO] DbMcusAds:125 - Set database path to: C:\Users\Usuario\.stmcufinder\plugins\mcufinder//mcu/
2026-06-12 10:35:39,089 [WARN] DbFile:41 - Overriding database path with different value: C:\Users\Usuario\.stmcufinder\plugins\mcufinder/ => C:\Users\Usuario\.stmcufinder\plugins\mcufinder
2026-06-12 10:35:39,090 [WARN] DbFile:41 - Overriding database path with different value: C:\Users\Usuario\.stmcufinder\plugins\mcufinder/ => C:\Users\Usuario\.stmcufinder\plugins\mcufinder
2026-06-12 10:35:39,090 [INFO] CrossReferenceDbSqlite:203 - Set database path to: C:\Users\Usuario\.stmcufinder\plugins\mcufinder//mcu/cs/
2026-06-12 10:35:39,200 [INFO] ApplicationProperties:184 - Using Application install path: C:\ST\STM32CubeIDE_1.19.0\STM32CubeIDE\plugins\com.st.stm32cube.common.mx_6.15.0.202507011659
2026-06-12 10:35:39,202 [INFO] PluginManage:196 - Search for loadable plugins [exclusion list=, ]
2026-06-12 10:35:39,206 [INFO] PluginManage:310 - Check plugin analytics
2026-06-12 10:35:39,531 [INFO] AnalyticsPlugin:253 - Accepted Software Licenses: 
2026-06-12 10:35:39,531 [INFO] AnalyticsPlugin:255 - Accepted CMSIS Pack Licenses: 
2026-06-12 10:35:39,532 [INFO] AnalyticsPlugin:257 - Accepted Firmware Licenses: 
2026-06-12 10:35:39,537 [INFO] PluginManage:359 - Loaded plugin analytics (category:tool,tabindex:-1)
2026-06-12 10:35:39,537 [INFO] PluginManage:310 - Check plugin cadmodel
2026-06-12 10:35:39,546 [INFO] CADModel:105 - Init CAD model plugin
2026-06-12 10:35:39,547 [INFO] PluginManage:359 - Loaded plugin cadmodel (category:power,tabindex:5)
2026-06-12 10:35:39,547 [INFO] PluginManage:310 - Check plugin clock
2026-06-12 10:35:39,563 [INFO] PluginManage:359 - Loaded plugin clock (category:base,tabindex:2)
2026-06-12 10:35:39,563 [INFO] PluginManage:310 - Check plugin ddr
2026-06-12 10:35:39,567 [INFO] PluginManage:359 - Loaded plugin ddr (category:tool,tabindex:6)
2026-06-12 10:35:39,567 [INFO] PluginManage:310 - Check plugin filemanager
2026-06-12 10:35:39,767 [INFO] PluginManage:359 - Loaded plugin filemanager (category:base,tabindex:10)
2026-06-12 10:35:39,767 [INFO] PluginManage:310 - Check plugin ipmanager
2026-06-12 10:35:39,779 [INFO] PluginManage:359 - Loaded plugin ipmanager (category:base,tabindex:5)
2026-06-12 10:35:39,780 [INFO] PluginManage:310 - Check plugin lpbam
2026-06-12 10:35:39,792 [INFO] PluginManage:359 - Loaded plugin lpbam (category:base,tabindex:0)
2026-06-12 10:35:39,792 [INFO] PluginManage:310 - Check plugin memorymap
2026-06-12 10:35:39,815 [INFO] PluginManage:359 - Loaded plugin memorymap (category:base,tabindex:4)
2026-06-12 10:35:39,815 [INFO] PluginManage:310 - Check plugin pinoutandconfiguration
2026-06-12 10:35:39,829 [INFO] PluginManage:359 - Loaded plugin pinoutandconfiguration (category:base,tabindex:1)
2026-06-12 10:35:39,829 [INFO] PluginManage:310 - Check plugin pinoutconfig
2026-06-12 10:35:40,036 [WARN] SupportedApi:132 - Cannot load RTOS API schema: s4s-elt-must-match.1: The content of 'definitions' must match (annotation?, (simpleType | complexType)?, (unique | key | keyref)*)). A problem was found starting at: attribute.
2026-06-12 10:35:40,340 [INFO] PluginManage:359 - Loaded plugin pinoutconfig (category:base,tabindex:0)
2026-06-12 10:35:40,341 [INFO] PluginManage:310 - Check plugin power
2026-06-12 10:35:40,362 [INFO] PluginManage:359 - Loaded plugin power (category:power,tabindex:4)
2026-06-12 10:35:40,363 [INFO] PluginManage:310 - Check plugin projectmanager
2026-06-12 10:35:40,397 [INFO] PluginManage:359 - Loaded plugin projectmanager (category:projectmanager,tabindex:4)
2026-06-12 10:35:40,397 [INFO] PluginManage:310 - Check plugin rif
2026-06-12 10:35:40,416 [INFO] PluginManage:359 - Loaded plugin rif (category:base,tabindex:3)
2026-06-12 10:35:40,416 [INFO] PluginManage:310 - Check plugin thirdparty
2026-06-12 10:35:40,683 [INFO] PluginManage:359 - Loaded plugin thirdparty (category:base,tabindex:-1)
2026-06-12 10:35:40,683 [WARN] IntegrityCheckThread:84 - waiting for thirdparty lock release [integrity check]
2026-06-12 10:35:40,683 [INFO] PluginManage:310 - Check plugin tools
2026-06-12 10:35:40,683 [INFO] IntegrityCheckThread:86 - entering critical section [integrity check]
2026-06-12 10:35:40,685 [INFO] ThirdPartyUpdaterWithRetryManager:70 - Updater plugin not ready yet. [1/15]
2026-06-12 10:35:40,690 [INFO] PluginManage:359 - Loaded plugin tools (category:base,tabindex:7)
2026-06-12 10:35:40,690 [INFO] PluginManage:310 - Check plugin tutovideos
2026-06-12 10:35:41,108 [INFO] PluginManage:359 - Loaded plugin tutovideos (category:base,tabindex:-1)
2026-06-12 10:35:41,108 [INFO] PluginManage:310 - Check plugin updater
2026-06-12 10:35:41,140 [INFO] PluginManage:359 - Loaded plugin updater (category:base,tabindex:12)
2026-06-12 10:35:41,141 [INFO] PluginManage:310 - Check plugin userauth
2026-06-12 10:35:41,148 [INFO] UserAuth:118 - Init User Auth plugin
2026-06-12 10:35:41,150 [INFO] PluginManage:359 - Loaded plugin userauth (category:base,tabindex:14)
2026-06-12 10:35:41,151 [INFO] PluginManage:283 - PluginManage : Loaded plugins [18]
2026-06-12 10:35:41,810 [INFO] PinOutPanel:1589 - setPackage(No Configuration,No Configuration)
2026-06-12 10:35:42,635 [INFO] CADModel:165 - CPN selected for project level
2026-06-12 10:35:42,635 [INFO] CADModel:114 - Register for checkConnection events
2026-06-12 10:35:42,676 [INFO] IPUIPlugin:80 - create IPUIPlugin
2026-06-12 10:35:42,676 [INFO] PluginManager:220 - loadIPPluginJar : add adc
2026-06-12 10:35:42,683 [INFO] IPUIPlugin:80 - create IPUIPlugin
2026-06-12 10:35:42,683 [INFO] PluginManager:220 - loadIPPluginJar : add aes
2026-06-12 10:35:42,690 [INFO] IPUIPlugin:80 - create IPUIPlugin
2026-06-12 10:35:42,690 [INFO] PluginManager:220 - loadIPPluginJar : add can
2026-06-12 10:35:42,694 [INFO] IPUIPlugin:80 - create IPUIPlugin
2026-06-12 10:35:42,694 [INFO] PluginManager:220 - loadIPPluginJar : add comp
2026-06-12 10:35:42,700 [INFO] IPUIPlugin:80 - create IPUIPlugin
2026-06-12 10:35:42,700 [INFO] PluginManager:220 - loadIPPluginJar : add cryp
2026-06-12 10:35:42,707 [INFO] IPUIPlugin:80 - create IPUIPlugin
2026-06-12 10:35:42,709 [INFO] PluginManager:220 - loadIPPluginJar : add ddr_ctrl_phy
2026-06-12 10:35:42,714 [INFO] IPUIPlugin:80 - create IPUIPlugin
2026-06-12 10:35:42,714 [INFO] PluginManager:220 - loadIPPluginJar : add dfsdm
2026-06-12 10:35:42,726 [INFO] IPUIPlugin:80 - create IPUIPlugin
2026-06-12 10:35:42,727 [INFO] PluginManager:220 - loadIPPluginJar : add dma
2026-06-12 10:35:42,732 [INFO] IPUIPlugin:80 - create IPUIPlugin
2026-06-12 10:35:42,733 [INFO] PluginManager:220 - loadIPPluginJar : add dma3
2026-06-12 10:35:42,740 [INFO] IPUIPlugin:80 - create IPUIPlugin
2026-06-12 10:35:42,740 [INFO] PluginManager:220 - loadIPPluginJar : add extmemmanager
2026-06-12 10:35:42,744 [INFO] IPUIPlugin:80 - create IPUIPlugin
2026-06-12 10:35:42,744 [INFO] PluginManager:220 - loadIPPluginJar : add fatfs
2026-06-12 10:35:42,754 [INFO] IPUIPlugin:80 - create IPUIPlugin
2026-06-12 10:35:42,754 [INFO] PluginManager:220 - loadIPPluginJar : add fmc
2026-06-12 10:35:42,766 [INFO] IPUIPlugin:80 - create IPUIPlugin
2026-06-12 10:35:42,766 [INFO] PluginManager:220 - loadIPPluginJar : add freertos
2026-06-12 10:35:42,769 [INFO] IPUIPlugin:80 - create IPUIPlugin
2026-06-12 10:35:42,770 [INFO] PluginManager:220 - loadIPPluginJar : add genericplugin
2026-06-12 10:35:42,775 [INFO] IPUIPlugin:80 - create IPUIPlugin
2026-06-12 10:35:42,775 [INFO] PluginManager:220 - loadIPPluginJar : add gfxmmu
2026-06-12 10:35:42,786 [INFO] IPUIPlugin:80 - create IPUIPlugin
2026-06-12 10:35:42,787 [INFO] PluginManager:220 - loadIPPluginJar : add gic
2026-06-12 10:35:42,802 [INFO] IPUIPlugin:80 - create IPUIPlugin
2026-06-12 10:35:42,803 [INFO] PluginManager:220 - loadIPPluginJar : add gpio
2026-06-12 10:35:42,815 [INFO] IPUIPlugin:80 - create IPUIPlugin
2026-06-12 10:35:42,815 [INFO] PluginManager:220 - loadIPPluginJar : add gtzc
2026-06-12 10:35:42,825 [INFO] IPUIPlugin:80 - create IPUIPlugin
2026-06-12 10:35:42,825 [INFO] PluginManager:220 - loadIPPluginJar : add hash
2026-06-12 10:35:42,832 [INFO] IPUIPlugin:80 - create IPUIPlugin
2026-06-12 10:35:42,833 [INFO] PluginManager:220 - loadIPPluginJar : add i2c
2026-06-12 10:35:42,839 [INFO] IPUIPlugin:80 - create IPUIPlugin
2026-06-12 10:35:42,839 [INFO] PluginManager:220 - loadIPPluginJar : add i2s
2026-06-12 10:35:42,846 [INFO] IPUIPlugin:80 - create IPUIPlugin
2026-06-12 10:35:42,846 [INFO] PluginManager:220 - loadIPPluginJar : add i3c
2026-06-12 10:35:42,857 [INFO] IPUIPlugin:80 - create IPUIPlugin
2026-06-12 10:35:42,858 [INFO] PluginManager:220 - loadIPPluginJar : add ipddr
2026-06-12 10:35:42,872 [INFO] IPUIPlugin:80 - create IPUIPlugin
2026-06-12 10:35:42,872 [INFO] PluginManager:220 - loadIPPluginJar : add linkedlist
2026-06-12 10:35:42,880 [INFO] IPUIPlugin:80 - create IPUIPlugin
2026-06-12 10:35:42,880 [INFO] PluginManager:220 - loadIPPluginJar : add lorawan
2026-06-12 10:35:42,884 [INFO] IPUIPlugin:80 - create IPUIPlugin
2026-06-12 10:35:42,885 [INFO] PluginManager:220 - loadIPPluginJar : add ltdc
2026-06-12 10:35:42,898 [INFO] IPUIPlugin:80 - create IPUIPlugin
2026-06-12 10:35:42,899 [INFO] PluginManager:220 - loadIPPluginJar : add mdma
2026-06-12 10:35:42,907 [INFO] IPUIPlugin:80 - create IPUIPlugin
2026-06-12 10:35:42,908 [INFO] PluginManager:220 - loadIPPluginJar : add nvic
2026-06-12 10:35:43,014 [INFO] IPUIPlugin:80 - create IPUIPlugin
2026-06-12 10:35:43,015 [INFO] PluginManager:220 - loadIPPluginJar : add opamp
2026-06-12 10:35:43,026 [INFO] IPUIPlugin:80 - create IPUIPlugin
2026-06-12 10:35:43,027 [INFO] PluginManager:220 - loadIPPluginJar : add openamp
2026-06-12 10:35:43,039 [INFO] IPUIPlugin:80 - create IPUIPlugin
2026-06-12 10:35:43,039 [INFO] PluginManager:220 - loadIPPluginJar : add pdm2pcm
2026-06-12 10:35:43,054 [INFO] IPUIPlugin:80 - create IPUIPlugin
2026-06-12 10:35:43,058 [INFO] PluginManager:220 - loadIPPluginJar : add plateformsettings
2026-06-12 10:35:43,062 [INFO] IPUIPlugin:80 - create IPUIPlugin
2026-06-12 10:35:43,062 [INFO] PluginManager:220 - loadIPPluginJar : add quadspi
2026-06-12 10:35:43,066 [INFO] IPUIPlugin:80 - create IPUIPlugin
2026-06-12 10:35:43,068 [INFO] PluginManager:220 - loadIPPluginJar : add radio
2026-06-12 10:35:43,077 [INFO] IPUIPlugin:80 - create IPUIPlugin
2026-06-12 10:35:43,078 [INFO] PluginManager:220 - loadIPPluginJar : add resmgrutility
2026-06-12 10:35:43,086 [INFO] IPUIPlugin:80 - create IPUIPlugin
2026-06-12 10:35:43,086 [INFO] PluginManager:220 - loadIPPluginJar : add sai
2026-06-12 10:35:43,093 [INFO] IPUIPlugin:80 - create IPUIPlugin
2026-06-12 10:35:43,093 [INFO] PluginManager:220 - loadIPPluginJar : add spi
2026-06-12 10:35:43,105 [INFO] IPUIPlugin:80 - create IPUIPlugin
2026-06-12 10:35:43,107 [INFO] PluginManager:220 - loadIPPluginJar : add stm32_wpan
2026-06-12 10:35:43,111 [INFO] IPUIPlugin:80 - create IPUIPlugin
2026-06-12 10:35:43,112 [INFO] PluginManager:220 - loadIPPluginJar : add tim
2026-06-12 10:35:43,120 [INFO] IPUIPlugin:80 - create IPUIPlugin
2026-06-12 10:35:43,121 [INFO] PluginManager:220 - loadIPPluginJar : add touchsensing
2026-06-12 10:35:43,128 [INFO] IPUIPlugin:80 - create IPUIPlugin
2026-06-12 10:35:43,128 [INFO] PluginManager:220 - loadIPPluginJar : add tracer_emb
2026-06-12 10:35:43,132 [INFO] IPUIPlugin:80 - create IPUIPlugin
2026-06-12 10:35:43,133 [INFO] PluginManager:220 - loadIPPluginJar : add ts
2026-06-12 10:35:43,138 [INFO] IPUIPlugin:80 - create IPUIPlugin
2026-06-12 10:35:43,138 [INFO] PluginManager:220 - loadIPPluginJar : add tsc
2026-06-12 10:35:43,144 [INFO] IPUIPlugin:80 - create IPUIPlugin
2026-06-12 10:35:43,144 [INFO] PluginManager:220 - loadIPPluginJar : add ucpd
2026-06-12 10:35:43,152 [INFO] IPUIPlugin:80 - create IPUIPlugin
2026-06-12 10:35:43,152 [INFO] PluginManager:220 - loadIPPluginJar : add usart
2026-06-12 10:35:43,161 [INFO] IPUIPlugin:80 - create IPUIPlugin
2026-06-12 10:35:43,162 [INFO] PluginManager:220 - loadIPPluginJar : add usbx
2026-06-12 10:35:43,345 [FATAL] Updater:351 - Updater called before beeing initialized
2026-06-12 10:35:43,434 [INFO] RulesReader:64 - Compatibility file has been processed (317 Rules)
2026-06-12 10:35:43,452 [INFO] RulesReader:64 - Compatibility file has been processed (317 Rules)
2026-06-12 10:35:43,466 [INFO] CADModel:165 - CPN selected for project level
2026-06-12 10:35:43,466 [INFO] CADModel:114 - Register for checkConnection events
2026-06-12 10:35:43,467 [FATAL] Updater:351 - Updater called before beeing initialized
2026-06-12 10:35:43,467 [ERROR] CADModel:125 - Updater not yet initialized, retry later 
2026-06-12 10:35:43,687 [INFO] ThirdPartyUpdaterWithRetryManager:70 - Updater plugin not ready yet. [2/15]
2026-06-12 10:35:43,913 [FATAL] Updater:351 - Updater called before beeing initialized
2026-06-12 10:35:43,916 [INFO] CADModel:165 - CPN selected for project level
2026-06-12 10:35:43,917 [INFO] CADModel:114 - Register for checkConnection events
2026-06-12 10:35:43,917 [FATAL] Updater:351 - Updater called before beeing initialized
2026-06-12 10:35:43,917 [ERROR] CADModel:125 - Updater not yet initialized, retry later 
2026-06-12 10:35:43,920 [FATAL] Updater:351 - Updater called before beeing initialized
2026-06-12 10:35:44,199 [FATAL] Updater:351 - Updater called before beeing initialized
2026-06-12 10:35:44,206 [INFO] DbMcusAds:53 - JSON generation date=Thu May 28 11:08:17 COT 2026 (1779984497073)
2026-06-12 10:35:44,206 [FATAL] Updater:351 - Updater called before beeing initialized
2026-06-12 10:35:44,279 [WARN] DetailPanel:346 - Failed to get advertising image, set to default
2026-06-12 10:35:44,472 [FATAL] Updater:351 - Updater called before beeing initialized
2026-06-12 10:35:44,474 [FATAL] Updater:351 - Updater called before beeing initialized
2026-06-12 10:35:44,475 [FATAL] Updater:351 - Updater called before beeing initialized
2026-06-12 10:35:44,475 [WARN] DetailPanel:346 - Failed to get advertising image, set to default
2026-06-12 10:35:44,477 [FATAL] Updater:351 - Updater called before beeing initialized
2026-06-12 10:35:44,630 [ERROR] Updater:1198 - MainUpdater not yet initialized. External WinMGr cannot be set.
2026-06-12 10:35:44,632 [INFO] Updater:1134 - Updater Version found : 6.15.0
2026-06-12 10:35:44,651 [INFO] ApplicationProperties:184 - Using Application install path: C:\ST\STM32CubeIDE_1.19.0\STM32CubeIDE\plugins\com.st.stm32cube.common.mx_6.15.0.202507011659
2026-06-12 10:35:46,231 [ERROR] LogOutputStream:75 - [STDERR_REDIRECT] Jun 12, 2026 10:35:46 AM java.util.prefs.WindowsPreferences <init>
2026-06-12 10:35:46,234 [ERROR] LogOutputStream:75 - [STDERR_REDIRECT] WARNING: Could not open/create prefs root node Software\JavaSoft\Prefs at root 0xffffffff80000002. Windows RegCreateKeyEx(...) returned error code 5.
2026-06-12 10:35:46,234 [ERROR] LogOutputStream:75 - [STDERR_REDIRECT] 
2026-06-12 10:35:46,689 [FATAL] Updater:351 - Updater called before beeing initialized
2026-06-12 10:35:46,690 [ERROR] IntegrityCheckThread:130 - Cannot retrieve database content from updater: error 21
2026-06-12 10:35:46,690 [INFO] ThirdParty:978 - Integrity check success = false
2026-06-12 10:35:46,691 [INFO] IntegrityCheckThread:100 - exiting critical section [integrity check]
2026-06-12 10:35:46,691 [INFO] IntegrityCheckThread:103 - End integrity checks thread
2026-06-12 10:35:46,822 [INFO] MainUpdater:2872 - connection check result : 10
2026-06-12 10:35:46,823 [INFO] MainUpdater:289 - Updater Check For Update Now.
2026-06-12 10:35:46,824 [INFO] MicroXplorer:498 - Change Database Version : DB.6.0.150
2026-06-12 10:35:46,835 [INFO] McuFinderGlobals:63 - Set McuFinder mode to 2 (CubeIDE integrated)
2026-06-12 10:35:46,838 [INFO] UserAuth:487 - Internet connection configuration mode: 1
2026-06-12 10:35:46,894 [INFO] JxBrowserEngine:152 - Initiate JxBrowser Engine with user profile folder
2026-06-12 10:35:47,079 [INFO] CheckServerUpdateThread:120 - End of CheckServer Thread
2026-06-12 10:35:52,315 [INFO] WebApp:169 - Instantiating new browser for Auth
2026-06-12 10:35:58,009 [INFO] WebApp:463 - Apply proxy settings
2026-06-12 10:35:58,010 [INFO] WebApp:548 - Chromium requires no authentication
2026-06-12 10:35:58,097 [INFO] WebApp:491 - Direct internet connection detected
2026-06-12 10:35:58,306 [INFO] WebApp:900 - Register for checkConnection events
2026-06-12 10:35:58,306 [INFO] WebApp:463 - Apply proxy settings
2026-06-12 10:35:58,306 [INFO] WebApp:548 - Chromium requires no authentication
2026-06-12 10:35:58,307 [INFO] WebApp:491 - Direct internet connection detected
2026-06-12 10:35:59,248 [INFO] WebApp:191 - Connection restablished
2026-06-12 10:36:00,212 [INFO] WebApp:225 - Starting web application
2026-06-12 10:36:00,213 [INFO] WebApp:593 - Web application path used C:\ST\STM32CubeIDE_1.19.0\STM32CubeIDE\plugins\com.st.stm32cube.common.mx_6.15.0.202507011659\db\plugins\mcufinder\reactClient1\index.html
2026-06-12 10:36:01,193 [INFO] UserAuth:487 - Internet connection configuration mode: 1
2026-06-12 10:56:29,988 [INFO] McuFinderGlobals:63 - Set McuFinder mode to 2 (CubeIDE integrated)
2026-06-12 10:56:29,998 [INFO] MainUpdater:2872 - connection check result : 10
2026-06-12 10:56:30,001 [INFO] MainUpdater:2872 - connection check result : 10
2026-06-12 10:56:30,087 [INFO] MicroXplorer:468 - Change Database Path : 
2026-06-12 10:56:30,088 [INFO] MicroXplorer:498 - Change Database Version : DB.6.0.150
2026-06-12 10:56:30,107 [WARN] ThirdParty:871 - waiting for thirdparty lock release [close project]
2026-06-12 10:56:30,107 [INFO] ThirdParty:873 - entering critical section [close project]
2026-06-12 10:56:30,116 [INFO] ThirdParty:883 - exiting critical section [close project]
2026-06-12 10:56:30,120 [INFO] PinOutPanel:1589 - setPackage(No Configuration,No Configuration)
2026-06-12 10:56:30,122 [INFO] UtilMem:75 - Begin LoadConfig() Used Memory: 784712880 Bytes (1073741824)
2026-06-12 10:56:30,125 [INFO] MicroXplorer:468 - Change Database Path : 
2026-06-12 10:56:30,125 [INFO] MicroXplorer:498 - Change Database Version : DB.6.0.150
2026-06-12 10:56:30,125 [INFO] OpenFileManager:355 - Change cursor
2026-06-12 10:56:30,156 [WARN] IntegrityCheckThread:84 - waiting for thirdparty lock release [integrity check]
2026-06-12 10:56:30,157 [INFO] IntegrityCheckThread:86 - entering critical section [integrity check]
2026-06-12 10:56:30,683 [WARN] PackLoader:240 - Cannot read IP mode file for STMicroelectronics.X-CUBE-AZRTOS-H7.3.5.0
2026-06-12 10:56:30,703 [WARN] PackLoader:240 - Cannot read IP mode file for STMicroelectronics.FP-SNS-MOTENVWB1.1.4.0
2026-06-12 10:56:30,717 [WARN] PackLoader:240 - Cannot read IP mode file for STMicroelectronics.FP-ATR-ASTRA1.2.0.2
2026-06-12 10:56:30,734 [ERROR] Engine:466 - C:\Users\Usuario\.stm32cubemx\thirdparties\pdsc\STMicroelectronics.X-CUBE-SMBUS.2.1.1.pdsc: PDSC version is not supported
2026-06-12 10:56:30,743 [WARN] PackLoader:240 - Cannot read IP mode file for STMicroelectronics.X-CUBE-SMBUS.2.1.0
2026-06-12 10:56:30,752 [WARN] PackLoader:240 - Cannot read IP mode file for STMicroelectronics.X-CUBE-ST60.1.0.0
2026-06-12 10:56:30,780 [WARN] PackLoader:240 - Cannot read IP mode file for STMicroelectronics.X-CUBE-AZRTOS-F7.1.1.0
2026-06-12 10:56:30,794 [WARN] PackLoader:240 - Cannot read IP mode file for STMicroelectronics.FP-SNS-MOTENV1.5.1.0
2026-06-12 10:56:30,824 [WARN] PackLoader:240 - Cannot read IP mode file for STMicroelectronics.X-CUBE-AZRTOS-H7.3.4.0
2026-06-12 10:56:30,838 [WARN] PackLoader:240 - Cannot read IP mode file for STMicroelectronics.X-CUBE-DISPLAY.3.0.0
2026-06-12 10:56:30,857 [WARN] PackLoader:240 - Cannot read IP mode file for STMicroelectronics.X-CUBE-GNSS1.7.1.1
2026-06-12 10:56:30,862 [WARN] PackLoader:240 - Cannot read IP mode file for STMicroelectronics.FP-SNS-MOTENVWB1.1.5.0
2026-06-12 10:56:30,871 [WARN] PackLoader:240 - Cannot read IP mode file for STMicroelectronics.X-CUBE-NFC10.1.0.0
2026-06-12 10:56:30,878 [WARN] PackLoader:240 - Cannot read IP mode file for STMicroelectronics.X-CUBE-ST60.1.1.0
2026-06-12 10:56:30,887 [WARN] PackLoader:240 - Cannot read IP mode file for STMicroelectronics.X-CUBE-GNSS1.7.1.0
2026-06-12 10:56:30,895 [WARN] PackLoader:240 - Cannot read IP mode file for STMicroelectronics.FP-SNS-SMARTAG2.1.2.0
2026-06-12 10:56:30,903 [WARN] PackLoader:240 - Cannot read IP mode file for STMicroelectronics.FP-SNS-FLIGHT1.5.1.0
2026-06-12 10:56:30,913 [INFO] LogOutputStream:77 - [STDOUT_REDIRECT] 1 : Invalid condition id : UX_CORESTACK_Condition cause : null
2026-06-12 10:56:30,914 [INFO] LogOutputStream:77 - [STDOUT_REDIRECT] 1 : Invalid condition id : UX_CORESTACK_Condition cause : null
2026-06-12 10:56:30,918 [INFO] LogOutputStream:77 - [STDOUT_REDIRECT] 1 : Invalid condition id : UX_CORESTACK_Condition cause : null
2026-06-12 10:56:30,919 [INFO] LogOutputStream:77 - [STDOUT_REDIRECT] 1 : Invalid condition id : UX_CORESTACK_Condition cause : null
2026-06-12 10:56:30,921 [INFO] LogOutputStream:77 - [STDOUT_REDIRECT] 1 : Invalid condition id : UX_CORESTACK_Condition cause : null
2026-06-12 10:56:30,924 [WARN] PackLoader:240 - Cannot read IP mode file for STMicroelectronics.X-CUBE-AZRTOS-WL.2.0.0
2026-06-12 10:56:30,930 [WARN] PackLoader:240 - Cannot read IP mode file for STMicroelectronics.FP-SNS-MOTENV1.5.0.0
2026-06-12 10:56:30,957 [WARN] PackLoader:240 - Cannot read IP mode file for STMicroelectronics.X-CUBE-AZRTOS-H7RS.1.2.0
2026-06-12 10:56:30,974 [WARN] PackLoader:240 - Cannot read IP mode file for WES.I-CUBE-Cesium.1.3.0
2026-06-12 10:56:30,980 [WARN] PackLoader:240 - Cannot read IP mode file for STMicroelectronics.X-CUBE-BLE2.3.3.0
2026-06-12 10:56:31,010 [WARN] PackLoader:240 - Cannot read IP mode file for STMicroelectronics.X-CUBE-NFC9.1.0.0
2026-06-12 10:56:31,020 [WARN] PackLoader:240 - Cannot read IP mode file for STMicroelectronics.X-CUBE-BLE1.7.1.0
2026-06-12 10:56:31,027 [WARN] PackLoader:240 - Cannot read IP mode file for STMicroelectronics.FP-SNS-STAIOTCFT.1.1.0
2026-06-12 10:56:31,076 [WARN] PackLoader:240 - Cannot read IP mode file for STMicroelectronics.X-CUBE-MEMS1.12.0.0
2026-06-12 10:56:31,222 [WARN] PackLoader:240 - Cannot read IP mode file for STMicroelectronics.X-CUBE-AZRTOS-G0.1.1.0
2026-06-12 10:56:31,233 [WARN] PackLoader:240 - Cannot read IP mode file for STMicroelectronics.X-CUBE-SAFEA1.1.2.2
2026-06-12 10:56:31,241 [WARN] PackLoader:240 - Cannot read IP mode file for STMicroelectronics.X-CUBE-NFC4.3.0.0
2026-06-12 10:56:31,255 [WARN] PackLoader:240 - Cannot read IP mode file for EmbeddedOffice.I-CUBE-FS-RTOS.1.0.1
2026-06-12 10:56:31,263 [WARN] PackLoader:240 - Cannot read IP mode file for STMicroelectronics.X-CUBE-WB05N.2.0.0
2026-06-12 10:56:31,273 [WARN] PackLoader:240 - Cannot read IP mode file for STMicroelectronics.X-CUBE-TCPP.4.2.0
2026-06-12 10:56:31,284 [WARN] PackLoader:240 - Cannot read IP mode file for RealThread.X-CUBE-RT-Thread_Nano.4.1.1
2026-06-12 10:56:31,291 [WARN] PackLoader:240 - Cannot read IP mode file for STMicroelectronics.FP-ATR-SIGFOX1.3.2.0
2026-06-12 10:56:31,297 [WARN] PackLoader:240 - Cannot read IP mode file for STMicroelectronics.X-CUBE-FREERTOS.1.5.0
2026-06-12 10:56:31,306 [WARN] PackLoader:240 - Cannot read IP mode file for STMicroelectronics.X-CUBE-NFC6.3.2.0
2026-06-12 10:56:31,318 [WARN] PackLoader:240 - Cannot read IP mode file for STMicroelectronics.X-CUBE-ST67W61.1.0.0
2026-06-12 10:56:31,360 [WARN] PackLoader:240 - Cannot read IP mode file for STMicroelectronics.X-CUBE-MEMS1.12.1.0
2026-06-12 10:56:31,446 [WARN] PackLoader:240 - Cannot read IP mode file for SEGGER.I-CUBE-embOS.1.3.1
2026-06-12 10:56:31,478 [WARN] PackLoader:240 - Cannot read IP mode file for STMicroelectronics.X-CUBE-ALGOBUILD.1.4.0
2026-06-12 10:56:31,519 [WARN] PackLoader:240 - Cannot read IP mode file for STMicroelectronics.X-CUBE-MEMS1.11.3.0
2026-06-12 10:56:31,614 [WARN] PackLoader:240 - Cannot read IP mode file for STMicroelectronics.X-CUBE-PM33A1.1.0.0
2026-06-12 10:56:31,629 [WARN] PackLoader:240 - Cannot read IP mode file for STMicroelectronics.X-CUBE-AZRTOS-F4.1.1.0
2026-06-12 10:56:31,638 [WARN] PackLoader:240 - Cannot read IP mode file for STMicroelectronics.X-CUBE-ISPU.2.1.0
2026-06-12 10:56:31,652 [WARN] PackLoader:240 - Cannot read IP mode file for STMicroelectronics.X-CUBE-IPS.3.2.0
2026-06-12 10:56:31,664 [WARN] PackLoader:240 - Cannot read IP mode file for STMicroelectronics.eDS-WB_DPC_TT-BIDIR.2.1.1
2026-06-12 10:56:31,681 [WARN] PackLoader:240 - Cannot read IP mode file for STMicroelectronics.X-CUBE-AZRTOS-L5.2.0.0
2026-06-12 10:56:31,691 [WARN] PackLoader:240 - Cannot read IP mode file for STMicroelectronics.X-CUBE-NFC6.3.1.0
2026-06-12 10:56:31,700 [WARN] PackLoader:240 - Cannot read IP mode file for STMicroelectronics.X-CUBE-ALGOBUILD.1.5.0
2026-06-12 10:56:31,705 [WARN] PackLoader:240 - Cannot read IP mode file for STMicroelectronics.eDS-WB_DPC_VIENNA.1.2.0
2026-06-12 10:56:31,711 [WARN] PackLoader:240 - Cannot read IP mode file for STMicroelectronics.eDS-WB_DPC_3PH2L-BIDIR.1.1.1
2026-06-12 10:56:31,717 [ERROR] Engine:466 - C:\Users\Usuario\.stm32cubemx\thirdparties\pdsc\STMicroelectronics.X-CUBE-ST67W61.1.3.0.pdsc: PDSC version is not supported
2026-06-12 10:56:31,723 [WARN] PackLoader:240 - Cannot read IP mode file for STMicroelectronics.X-CUBE-FREERTOS.1.3.1
2026-06-12 10:56:31,735 [WARN] PackLoader:240 - Cannot read IP mode file for STMicroelectronics.X-CUBE-TOUCHGFX.4.26.1
2026-06-12 10:56:31,740 [WARN] PackLoader:240 - Cannot read IP mode file for STMicroelectronics.FP-SNS-STAIOTCFT.1.0.0
2026-06-12 10:56:31,746 [WARN] PackLoader:240 - Cannot read IP mode file for STMicroelectronics.X-CUBE-DPower.1.3.0
2026-06-12 10:56:31,764 [WARN] ConditionMgr:438 - getConditionDescription Invalid condition id : LAN8742 Phy interface Condition cause : null
2026-06-12 10:56:31,764 [WARN] PackLoader:240 - Cannot read IP mode file for STMicroelectronics.X-CUBE-AZRTOS-L4.2.0.0
2026-06-12 10:56:31,767 [WARN] ConditionMgr:1044 - genDependencies : Invalid condition id : LAN8742 Phy interface Condition cause : null
2026-06-12 10:56:31,767 [WARN] ConditionMgr:1044 - genDependencies : Invalid condition id : LAN8742 Phy interface Condition cause : null
2026-06-12 10:56:31,768 [WARN] ConditionMgr:1044 - genDependencies : Invalid condition id : LAN8742 Phy interface Condition cause : null
2026-06-12 10:56:31,775 [WARN] PackLoader:240 - Cannot read IP mode file for STMicroelectronics.X-CUBE-SFXS2LP1.4.0.0
2026-06-12 10:56:31,782 [WARN] PackLoader:240 - Cannot read IP mode file for STMicroelectronics.X-CUBE-WB05N.2.1.0
2026-06-12 10:56:31,790 [WARN] PackLoader:240 - Cannot read IP mode file for STMicroelectronics.X-CUBE-ST67W61.1.2.0
2026-06-12 10:56:31,803 [WARN] ConditionMgr:438 - getConditionDescription Invalid condition id : UX DEVICE CLASS RTOS Condition cause : null
2026-06-12 10:56:31,803 [WARN] ConditionMgr:438 - getConditionDescription Invalid condition id : UX DEVICE CLASS RTOS Condition cause : null
2026-06-12 10:56:31,805 [WARN] PackLoader:240 - Cannot read IP mode file for STMicroelectronics.X-CUBE-AZRTOS-WB.2.0.0
2026-06-12 10:56:31,805 [WARN] ConditionMgr:1044 - genDependencies : Invalid condition id : UX DEVICE CLASS RTOS Condition cause : null
2026-06-12 10:56:31,806 [WARN] ConditionMgr:1044 - genDependencies : Invalid condition id : UX DEVICE CLASS RTOS Condition cause : null
2026-06-12 10:56:31,806 [WARN] ConditionMgr:1044 - genDependencies : Invalid condition id : UX DEVICE CLASS RTOS Condition cause : null
2026-06-12 10:56:31,806 [WARN] ConditionMgr:1044 - genDependencies : Invalid condition id : UX DEVICE CLASS RTOS Condition cause : null
2026-06-12 10:56:31,806 [WARN] ConditionMgr:1044 - genDependencies : Invalid condition id : UX DEVICE CLASS RTOS Condition cause : null
2026-06-12 10:56:31,811 [WARN] PackLoader:240 - Cannot read IP mode file for STMicroelectronics.X-CUBE-GNSS1.7.0.1
2026-06-12 10:56:31,817 [WARN] PackLoader:240 - Cannot read IP mode file for STMicroelectronics.X-CUBE-TOUCHGFX.4.25.0
2026-06-12 10:56:31,822 [WARN] ConditionMgr:438 - getConditionDescription Invalid condition id : Cortex-A Device cause : null
2026-06-12 10:56:31,834 [WARN] ConditionMgr:1044 - genDependencies : Invalid condition id : Cortex-A Device cause : null
2026-06-12 10:56:31,834 [WARN] ConditionMgr:1044 - genDependencies : Invalid condition id : Cortex-A Device cause : null
2026-06-12 10:56:31,834 [WARN] ConditionMgr:1044 - genDependencies : Invalid condition id : Cortex-A Device cause : null
2026-06-12 10:56:31,843 [WARN] PackLoader:240 - Cannot read IP mode file for STMicroelectronics.X-CUBE-STSE01.2.0.0
2026-06-12 10:56:31,854 [WARN] PackLoader:240 - Cannot read IP mode file for STMicroelectronics.X-CUBE-SUBG2.5.0.0
2026-06-12 10:56:31,874 [WARN] PackLoader:240 - Cannot read IP mode file for STMicroelectronics.X-CUBE-AZRTOS-H7RS.1.1.0
2026-06-12 10:56:31,884 [WARN] PackLoader:240 - Cannot read IP mode file for Cesanta.I-CUBE-Mongoose.7.13.0
2026-06-12 10:56:31,910 [WARN] PackLoader:240 - Cannot read IP mode file for STMicroelectronics.X-CUBE-AZRTOS-G4.2.0.0
2026-06-12 10:56:31,919 [WARN] PackLoader:240 - Cannot read IP mode file for STMicroelectronics.X-CUBE-NFC7.2.0.0
2026-06-12 10:56:31,929 [WARN] PackLoader:240 - Cannot read IP mode file for STMicroelectronics.X-CUBE-IPS.3.1.0
2026-06-12 10:56:31,939 [WARN] PackLoader:240 - Cannot read IP mode file for STMicroelectronics.X-CUBE-ALS.1.0.2
2026-06-12 10:56:31,946 [WARN] PackLoader:240 - Cannot read IP mode file for portGmbH.I-Cube-SoM-uGOAL.1.1.0
2026-06-12 10:56:31,958 [WARN] PackLoader:240 - Cannot read IP mode file for STMicroelectronics.X-CUBE-TOF1.3.4.3
2026-06-12 10:56:31,967 [INFO] ThirdParty:978 - Integrity check success = true
2026-06-12 10:56:31,967 [INFO] IntegrityCheckThread:100 - exiting critical section [integrity check]
2026-06-12 10:56:31,967 [INFO] IntegrityCheckThread:103 - End integrity checks thread
2026-06-12 10:56:31,993 [INFO] Mcu:2029 - Initializing MCU STM32F103R(C-D-E)Tx STM32F103RCTx STM32F103RCT6
2026-06-12 10:56:33,471 [INFO] Context:786 - Trying to add GPIOservice into a context  which must be forbidden
2026-06-12 10:56:33,978 [INFO] ImportTextPane:234 - (OptionalMessage_ERROR) Pin17 (VP_RIF_VS_RIF1) cannot be retrieved for this MCU
2026-06-12 10:56:34,212 [INFO] RtosManager:558 - Registered RTOS mode: class=CMSIS, group=RTOS, mode=CMSIS_V1, owner=FREERTOS
2026-06-12 10:56:34,213 [INFO] RtosManager:558 - Registered RTOS mode: class=CMSIS, group=RTOS2, mode=CMSIS_V2, owner=FREERTOS
2026-06-12 10:56:34,213 [INFO] RtosManager:558 - Registered RTOS mode: class=RTOS, group=Core, mode=CMSIS_V1, owner=FREERTOS
2026-06-12 10:56:34,213 [INFO] RtosManager:558 - Registered RTOS mode: class=RTOS, group=Core, mode=CMSIS_V2, owner=FREERTOS
2026-06-12 10:56:34,213 [WARN] ModelIntegratedComponent:184 - Missing modes for component STMicroelectronics:FreeRTOS:0.0.1:STMicroelectronics:RTOS:FreeRTOS:Core:::10.2.0:
2026-06-12 10:56:34,245 [WARN] ModelIntegratedComponent:63 - No mode defined for component null
2026-06-12 10:56:34,246 [WARN] ModelIntegratedComponent:63 - No mode defined for component null
2026-06-12 10:56:34,246 [WARN] ModelIntegratedComponent:63 - No mode defined for component null
2026-06-12 10:56:34,246 [WARN] ModelIntegratedComponent:63 - No mode defined for component null
2026-06-12 10:56:34,246 [WARN] ModelIntegratedComponent:63 - No mode defined for component null
2026-06-12 10:56:34,246 [WARN] ModelIntegratedComponent:63 - No mode defined for component null
2026-06-12 10:56:34,246 [WARN] ModelIntegratedComponent:63 - No mode defined for component null
2026-06-12 10:56:34,246 [WARN] ModelIntegratedComponent:63 - No mode defined for component null
2026-06-12 10:56:34,246 [WARN] ModelIntegratedComponent:63 - No mode defined for component null
2026-06-12 10:56:34,246 [WARN] ModelIntegratedComponent:63 - No mode defined for component null
2026-06-12 10:56:34,246 [WARN] ModelIntegratedComponent:63 - No mode defined for component null
2026-06-12 10:56:34,246 [WARN] ModelIntegratedComponent:63 - No mode defined for component null
2026-06-12 10:56:34,246 [WARN] ModelIntegratedComponent:63 - No mode defined for component null
2026-06-12 10:56:34,246 [WARN] ModelIntegratedComponent:63 - No mode defined for component null
2026-06-12 10:56:34,246 [WARN] ModelIntegratedComponent:63 - No mode defined for component null
2026-06-12 10:56:34,246 [WARN] ModelIntegratedComponent:63 - No mode defined for component null
2026-06-12 10:56:34,247 [WARN] ModelIntegratedComponent:63 - No mode defined for component null
2026-06-12 10:56:34,247 [WARN] ModelIntegratedComponent:63 - No mode defined for component null
2026-06-12 10:56:34,247 [WARN] ModelIntegratedComponent:63 - No mode defined for component null
2026-06-12 10:56:34,247 [WARN] ModelIntegratedComponent:63 - No mode defined for component null
2026-06-12 10:56:34,247 [WARN] ModelIntegratedComponent:63 - No mode defined for component null
2026-06-12 10:56:34,247 [WARN] ModelIntegratedComponent:63 - No mode defined for component null
2026-06-12 10:56:34,247 [WARN] ModelIntegratedComponent:63 - No mode defined for component null
2026-06-12 10:56:34,247 [WARN] ModelIntegratedComponent:63 - No mode defined for component null
2026-06-12 10:56:34,247 [WARN] ModelIntegratedComponent:63 - No mode defined for component null
2026-06-12 10:56:34,247 [WARN] ModelIntegratedComponent:63 - No mode defined for component null
2026-06-12 10:56:34,247 [WARN] ModelIntegratedComponent:63 - No mode defined for component null
2026-06-12 10:56:34,248 [WARN] ModelIntegratedComponent:63 - No mode defined for component null
2026-06-12 10:56:34,249 [WARN] ModelIntegratedComponent:63 - No mode defined for component null
2026-06-12 10:56:34,249 [WARN] ModelIntegratedComponent:63 - No mode defined for component null
2026-06-12 10:56:34,249 [WARN] ModelIntegratedComponent:63 - No mode defined for component null
2026-06-12 10:56:34,250 [WARN] ModelIntegratedComponent:63 - No mode defined for component null
2026-06-12 10:56:34,250 [WARN] ModelIntegratedComponent:63 - No mode defined for component null
2026-06-12 10:56:34,250 [WARN] ModelIntegratedComponent:63 - No mode defined for component null
2026-06-12 10:56:34,250 [WARN] ModelIntegratedComponent:63 - No mode defined for component null
2026-06-12 10:56:34,250 [WARN] ModelPack:524 - Component already loaded: STMicroelectronics:HAL Drivers:0.0.0:STMicroelectronics:Device:STMicro_Driver:XSPI:HAL::0.0.1:HAL_XSPI
2026-06-12 10:56:34,427 [INFO] ThirdPartyModel:298 - Start build external matchings
2026-06-12 10:56:35,140 [INFO] ThirdPartyModel:316 - End build external matchings
2026-06-12 10:56:35,166 [WARN] IP:2250 - I2C_Coeff_DF not found: check if there is a RefParameter without a condition.
2026-06-12 10:56:35,167 [WARN] IP:2250 - Analog_Filter not found: check if there is a RefParameter without a condition.
2026-06-12 10:56:35,685 [INFO] ApiDb:581 - Connected to CubeFinder SQLite database (C:\Users\Usuario\.stmcufinder\plugins\mcufinder\mcu\cube-finder-db.db)
2026-06-12 10:56:35,875 [INFO] ApiDb:668 - CubeFinder database Data Model version=2.1
2026-06-12 10:56:35,875 [INFO] ApiDb:669 - CubeFinder database Configuration version=3.0.42
2026-06-12 10:56:35,876 [INFO] ApiDb:670 - CubeFinder database generation date=2026-05-14 (1778746352)
2026-06-12 10:56:35,876 [INFO] ApiDb:671 - CubeFinder database FW Pack versions=[FP-ATR-ASTRA1_V2.0.0, FP-SNS-FLIGHT1_V5.1.0, FP-SNS-MOTENV1_V5.1.0, FP-SNS-MOTENVWB1_V1.5.0, FP-SNS-SMARTAG2_V1.2.0, FP-SNS-STBOX1_V2.1.0, STM32Cube_FW_C0_V1.4.0, STM32Cube_FW_F4_V1.28.3, STM32Cube_FW_F7_V1.17.4, STM32Cube_FW_G0_V1.6.3, STM32Cube_FW_G4_V1.6.2, STM32Cube_FW_H5_V1.6.0, STM32Cube_FW_H7RS_V1.3.0, STM32Cube_FW_H7_V1.13.0, STM32Cube_FW_L0_V1.12.2, STM32Cube_FW_L4_V1.18.2, STM32Cube_FW_L5_V1.6.0, STM32Cube_FW_N6_V1.3.0, STM32Cube_FW_U0_V1.3.0, STM32Cube_FW_U3_V1.3.0, STM32Cube_FW_U5_V1.8.0, STM32Cube_FW_WB0_V1.4.0, STM32Cube_FW_WBA_V1.9.0, STM32Cube_FW_WB_V1.24.0, STM32Cube_FW_WL3_V1.4.0, STM32Cube_FW_WL_V1.5.0, X-CUBE-ALGOBUILD_V1.4.0, X-CUBE-ALS_V1.0.2, X-CUBE-AZRTOS-F4_V1.1.0, X-CUBE-AZRTOS-F7_V1.1.0, X-CUBE-AZRTOS-G0_V1.1.0, X-CUBE-AZRTOS-G4_V2.0.0, X-CUBE-AZRTOS-H7RS_V1.1.0, X-CUBE-AZRTOS-H7_V3.5.0, X-CUBE-AZRTOS-L4_V2.0.0, X-CUBE-AZRTOS-L5_V2.0.0, X-CUBE-AZRTOS-WB_V2.0.0, X-CUBE-AZRTOS-WL_V2.0.0, X-CUBE-BLE1_V7.1.0, X-CUBE-BLE2_V3.3.0, X-CUBE-BLEMGR_V4.1.0, X-CUBE-EEPRMA1_V5.2.0, X-CUBE-FREERTOS_V1.5.0, X-CUBE-GNSS1_V7.1.1, X-CUBE-MEMS1_V12.1.0, X-CUBE-NFC4_V3.0.0, X-CUBE-NFC7_V2.0.0, X-CUBE-SFXS2LP1_V4.0.0, X-CUBE-ST67W61_V1.3.0, X-CUBE-SUBG2_V5.0.0, X-CUBE-TOF1_V3.4.3]
2026-06-12 10:56:36,149 [INFO] DbBoardsSqlite:226 - include board P-NUCLEO-WB55-NUCLEO as a kit item of type 'Nucleo-64'
2026-06-12 10:56:36,150 [INFO] DbBoardsSqlite:226 - include board P-NUCLEO-WB55-USBDONGLE as a kit item of type 'Nucleo USB Dongle'
2026-06-12 10:56:36,153 [INFO] DbBoardsSqlite:226 - include board STEVAL-IDP005V1 as a kit item of type 'Evaluation Board'
2026-06-12 10:56:36,153 [INFO] DbBoardsSqlite:226 - include board STEVAL-IDP005V2 as a kit item of type 'Evaluation Board'
2026-06-12 10:56:37,277 [INFO] ApiDb:240 - Found 880 in-development CPN: [B-G473E-ZEST1S, B-WB1M-WPAN1, B-WBA5M-WPAN, B-WL5M-SUBG1, NUCLEO-C031C6, NUCLEO-C051C8, NUCLEO-C071RB, NUCLEO-C092RC, NUCLEO-H503RB, NUCLEO-H533RE, NUCLEO-H563ZI, NUCLEO-H7S3L8, NUCLEO-N657X0-Q, NUCLEO-U031R8, NUCLEO-U083RC, NUCLEO-U385RG-Q, NUCLEO-U545RE-Q, NUCLEO-U5A5ZJ-Q, NUCLEO-WB05KZ, NUCLEO-WB07CC, NUCLEO-WB09KE, NUCLEO-WBA52CG, NUCLEO-WBA55CG, NUCLEO-WL33CC1, NUCLEO-WL33CC2, STEVAL-PROTEUS1, STEVAL-SMARTAG2, STEVAL-STWINBX1, STM320518-EVAL, STM32C0116-DK, STM32C011D6Y3TR, STM32C011D6Y6TR, STM32C011F4P3, STM32C011F4P6, STM32C011F4U3, STM32C011F4U6TR, STM32C011F6P3, STM32C011F6P6, STM32C011F6U3, STM32C011F6U6TR, STM32C011J4M3, STM32C011J4M6, STM32C011J6M3, STM32C011J6M6, STM32C0316-DK, STM32C031C4T3, STM32C031C4T6, STM32C031C4U3, STM32C031C4U6, STM32C031C6T3, STM32C031C6T6, STM32C031C6U3, STM32C031C6U6, STM32C031F4P3, STM32C031F4P6, STM32C031F6P3, STM32C031F6P6, STM32C031G4U3, STM32C031G4U6, STM32C031G6U3, STM32C031G6U6, STM32C031K4T3, STM32C031K4T6, STM32C031K4U3, STM32C031K4U6, STM32C031K6T3, STM32C031K6T6, STM32C031K6U3, STM32C031K6U6, STM32C051C6T6, STM32C051C6U6, STM32C051C8T6, STM32C051C8U6, STM32C051D8Y6TR, STM32C051F6P6, STM32C051F8P6, STM32C051G6U6, STM32C051G8U6, STM32C051K6T6, STM32C051K6U6, STM32C051K8T6, STM32C071C8T6, STM32C071C8T6N, STM32C071C8U6, STM32C071C8U6N, STM32C071CBT6, STM32C071CBT6N, STM32C071CBU6, STM32C071CBU6N, STM32C071F8P6, STM32C071F8P6N, STM32C071FBP6, STM32C071FBP6N, STM32C071FBY6TR, STM32C071G8U6, STM32C071G8U6N, STM32C071GBU6, STM32C071GBU6N, STM32C071K8T6, STM32C071K8T6N, STM32C071K8U6, STM32C071K8U6N, STM32C071KBT6, STM32C071KBT6N, STM32C071KBU6, STM32C071KBU6N, STM32C071R8T6, STM32C071R8T6N, STM32C071RBI6N, STM32C071RBT6, STM32C071RBT6N, STM32C091CBT6, STM32C091CBU6, STM32C091CCT6, STM32C091CCU6, STM32C091ECY6TR, STM32C091FBP6, STM32C091FCP6, STM32C091GBU6, STM32C091GCU6, STM32C091KBT6, STM32C091KBU6, STM32C091KCT6, STM32C091KCU6, STM32C091RBT6, STM32C091RCI6, STM32C091RCT6, STM32C092CBT6, STM32C092CBU6, STM32C092CCT6, STM32C092CCU6, STM32C092ECY6TR, STM32C092FBP6, STM32C092FCP6, STM32C092GBU6, STM32C092GCU6, STM32C092KBT6, STM32C092KBU6, STM32C092KCT6, STM32C092KCU6, STM32C092RBT6, STM32C092RCI6, STM32C092RCT6, STM32G071K8TXN, STM32G071K8UXN, STM32G081GBU6N, STM32G081KBT6N, STM32G081KBUXN, STM32G0B1CCT6N, STM32G0B1KCT6, STM32G0B1NEY6TR, STM32G0B1RCT6N, STM32G0C1CCT6, STM32G0C1CCT6N, STM32G0C1CCU6N, STM32G0C1CET6N, STM32G0C1CEU6N, STM32G0C1KCT6, STM32G0C1NEY6TR, STM32G0C1RCI6N, STM32G0C1RCT6N, STM32G0C1REI6N, STM32G0C1RET6N, STM32G0C1VCI6, STM32G0C1VEI6, STM32G411C6T3, STM32G411C6T6, STM32G411C6U3, STM32G411C6U6, STM32G411C8T3, STM32G411C8T6, STM32G411C8U3, STM32G411C8U6, STM32G411CBT3, STM32G411CBT6, STM32G411CBU3, STM32G411CBU6, STM32G411K6T3, STM32G411K6T6, STM32G411K6U3, STM32G411K6U6, STM32G411K8T3, STM32G411K8T6, STM32G411K8U3, STM32G411K8U6, STM32G411KBT3, STM32G411KBT6, STM32G411KBU3, STM32G411KBU6, STM32G411M6T3, STM32G411M6T6, STM32G411M8T3, STM32G411M8T6, STM32G411MBT3, STM32G411MBT6, STM32G411R6T3, STM32G411R6T6, STM32G411R8T3, STM32G411R8T6, STM32G411RBT3, STM32G411RBT6, STM32G414CBT3, STM32G414CBT6, STM32G414CBU3, STM32G414CBU6, STM32G414CCT3, STM32G414CCT6, STM32G414CCU3, STM32G414CCU6, STM32G414MBT3, STM32G414MBT6, STM32G414MCT3, STM32G414MCT6, STM32G414RBT3, STM32G414RBT6, STM32G414RCT3, STM32G414RCT6, STM32G414VBT3, STM32G414VBT6, STM32G414VCT3, STM32G414VCT6, STM32G431CBT3Z, STM32G431RBT3Z, STM32G471CCT6, STM32G471CCU6, STM32G471CET3, STM32G471CET6, STM32G471CEU3, STM32G471CEU6, STM32G471MCT6, STM32G471MET3, STM32G471MET6, STM32G471MEY6TR, STM32G471QCT6, STM32G471QET3, STM32G471RCT6, STM32G471RET3, STM32G471RET6, STM32G471VCH6, STM32G471VCI6, STM32G471VCT6, STM32G471VEH3, STM32G471VEH6, STM32G471VEI3, STM32G471VEI6, STM32G471VET3, STM32G471VET6, STM32G473QET3Z, STM32G473RET3Z, STM32G474CCT6, STM32G491RET3Z, STM32H503CBT6, STM32H503CBU6, STM32H503EBY6TR, STM32H503KBU6, STM32H503RBT6, STM32H523CCT6, STM32H523CCU6, STM32H523CET6, STM32H523CEU6, STM32H523HEY6TR, STM32H523RCT6, STM32H523RET6, STM32H523VCI6, STM32H523VCT6, STM32H523VEI6, STM32H523VET6, STM32H523ZCJ6, STM32H523ZCT6, STM32H523ZEJ6, STM32H523ZET6, STM32H533CET6, STM32H533CEU6, STM32H533HEY6TR, STM32H533RET6, STM32H533VEI6, STM32H533VET6, STM32H533ZEJ6, STM32H533ZET6, STM32H562AGI6, STM32H562AII6, STM32H562IGK6, STM32H562IGT6, STM32H562IIK6, STM32H562IIT6, STM32H562RGT6, STM32H562RGV6, STM32H562RIT6, STM32H562RIV6, STM32H562VGT6, STM32H562VIT6, STM32H562ZGT6, STM32H562ZIT6, STM32H563AGI6, STM32H563AII3Q, STM32H563AII6, STM32H563IGK6, STM32H563IGT6, STM32H563IIK3Q, STM32H563IIK6, STM32H563IIT3Q, STM32H563IIT6, STM32H563MIY3QTR, STM32H563RGT6, STM32H563RGV6, STM32H563RIT6, STM32H563RIV6, STM32H563VGT6, STM32H563VIT3Q, STM32H563VIT6, STM32H563ZGT6, STM32H563ZIT3Q, STM32H563ZIT6, STM32H573AII3Q, STM32H573AII6, STM32H573I-DK, STM32H573IIK3Q, STM32H573IIK6, STM32H573IIT3Q, STM32H573IIT6, STM32H573MIY3QTR, STM32H573RIT6, STM32H573RIV6, STM32H573VIT3Q, STM32H573VIT6, STM32H573ZIT3Q, STM32H573ZIT6, STM32H7R3A8I6, STM32H7R3I8K6, STM32H7R3I8T6, STM32H7R3L8H6, STM32H7R3L8H6H, STM32H7R3R8V6, STM32H7R3V8H6, STM32H7R3V8T6, STM32H7R3V8Y6TR, STM32H7R3Z8J6, STM32H7R3Z8T6, STM32H7R7A8I6, STM32H7R7I8K6, STM32H7R7I8T6, STM32H7R7L8H6, STM32H7R7L8H6H, STM32H7R7Z8J6, STM32H7S3A8I6, STM32H7S3I8K6, STM32H7S3I8T6, STM32H7S3L8H6, STM32H7S3L8H6H, STM32H7S3R8V6, STM32H7S3V8H6, STM32H7S3V8T6, STM32H7S3V8Y6TR, STM32H7S3Z8J6, STM32H7S3Z8T6, STM32H7S78-DK, STM32H7S7A8I6, STM32H7S7I8K6, STM32H7S7I8T6, STM32H7S7L8H6, STM32H7S7L8H6H, STM32H7S7Z8J6, STM32L4R5QGI6STR, STM32MP131AAE3, STM32MP131AAF3, STM32MP131AAG3, STM32MP131CAE3, STM32MP131CAF3, STM32MP131CAG3, STM32MP131DAE7, STM32MP131DAF7, STM32MP131DAG7, STM32MP131FAE7, STM32MP131FAF7, STM32MP131FAG7, STM32MP133AAE3, STM32MP133AAF3, STM32MP133AAG3, STM32MP133CAE3, STM32MP133CAF3, STM32MP133CAG3, STM32MP133DAE7, STM32MP133DAF7, STM32MP133DAG7, STM32MP133FAE7, STM32MP133FAF7, STM32MP133FAG7, STM32MP135AAE3, STM32MP135AAF3, STM32MP135AAG3, STM32MP135CAE3, STM32MP135CAF3, STM32MP135CAG3, STM32MP135DAE7, STM32MP135DAF7, STM32MP135DAG7, STM32MP135F-DK, STM32MP135FAE7, STM32MP135FAF7, STM32MP135FAF7T, STM32MP135FAF7U, STM32MP135FAG7, STM32MP211AAL3, STM32MP211AAM3, STM32MP211AAN3, STM32MP211AAO3, STM32MP211CAL3, STM32MP211CAM3, STM32MP211CAN3, STM32MP211CAO3, STM32MP211DAL3, STM32MP211DAM3, STM32MP211DAN3, STM32MP211DAO3, STM32MP211FAL3, STM32MP211FAM3, STM32MP211FAN3, STM32MP211FAO3, STM32MP213AAL3, STM32MP213AAM3, STM32MP213AAN3, STM32MP213AAO3, STM32MP213CAL3, STM32MP213CAM3, STM32MP213CAN3, STM32MP213CAO3, STM32MP213DAL3, STM32MP213DAM3, STM32MP213DAN3, STM32MP213DAO3, STM32MP213FAL3, STM32MP213FAM3, STM32MP213FAN3, STM32MP213FAO3, STM32MP215AAL3, STM32MP215AAM3, STM32MP215AAN3, STM32MP215AAO3, STM32MP215CAL3, STM32MP215CAM3, STM32MP215CAN3, STM32MP215CAO3, STM32MP215DAL3, STM32MP215DAM3, STM32MP215DAN3, STM32MP215DAO3, STM32MP215F-DK, STM32MP215FAL3, STM32MP215FAM3, STM32MP215FAN3, STM32MP215FAO3, STM32MP231AAJ3, STM32MP231AAK3, STM32MP231AAL3, STM32MP231CAJ3, STM32MP231CAK3, STM32MP231CAL3, STM32MP231DAJ3, STM32MP231DAK3, STM32MP231DAL3, STM32MP231FAJ3, STM32MP231FAK3, STM32MP231FAL3, STM32MP233AAJ3, STM32MP233AAK3, STM32MP233AAL3, STM32MP233CAJ3, STM32MP233CAK3, STM32MP233CAL3, STM32MP233DAJ3, STM32MP233DAK3, STM32MP233DAL3, STM32MP233FAJ3, STM32MP233FAK3, STM32MP233FAL3, STM32MP235AAJ3, STM32MP235AAK3, STM32MP235AAL3, STM32MP235CAJ3, STM32MP235CAK3, STM32MP235CAL3, STM32MP235DAJ3, STM32MP235DAK3, STM32MP235DAL3, STM32MP235FAJ3, STM32MP235FAK3, STM32MP235FAL3, STM32MP251AAI3, STM32MP251AAK3, STM32MP251AAL3, STM32MP251CAI3, STM32MP251CAK3, STM32MP251CAL3, STM32MP251DAI3, STM32MP251DAK3, STM32MP251DAL3, STM32MP251FAI3, STM32MP251FAK3, STM32MP251FAL3, STM32MP253AAI3, STM32MP253AAK3, STM32MP253AAL3, STM32MP253CAI3, STM32MP253CAK3, STM32MP253CAL3, STM32MP253DAI3, STM32MP253DAK3, STM32MP253DAL3, STM32MP253FAI3, STM32MP253FAK3, STM32MP253FAL3, STM32MP255AAI3, STM32MP255AAK3, STM32MP255AAL3, STM32MP255CAI3, STM32MP255CAK3, STM32MP255CAL3, STM32MP255DAI3, STM32MP255DAK3, STM32MP255DAL3, STM32MP255FAI3, STM32MP255FAK3, STM32MP255FAL3, STM32MP257AAI3, STM32MP257AAK3, STM32MP257AAL3, STM32MP257CAI3, STM32MP257CAK3, STM32MP257CAL3, STM32MP257DAI3, STM32MP257DAK3, STM32MP257DAL3, STM32MP257F-DK, STM32MP257F-EV1, STM32MP257FAI3, STM32MP257FAK3, STM32MP257FAL3, STM32N645A0H3Q, STM32N645B0H3Q, STM32N645I0H3Q, STM32N645L0H3Q, STM32N645X0H3Q, STM32N645Z0H3Q, STM32N647A0H3Q, STM32N647B0H3Q, STM32N647I0H3Q, STM32N647L0H3Q, STM32N647X0H3Q, STM32N647Z0H3Q, STM32N655A0H3Q, STM32N655B0H3Q, STM32N655I0H3Q, STM32N655L0H3Q, STM32N655X0H3Q, STM32N655Z0H3Q, STM32N6570-DK, STM32N657A0H3Q, STM32N657B0H3Q, STM32N657I0H3Q, STM32N657L0H3Q, STM32N657X0H3Q, STM32N657Z0H3Q, STM32U031C6T6, STM32U031C6U6, STM32U031C8T6, STM32U031C8U6, STM32U031F4P6, STM32U031F6P6, STM32U031F8P6, STM32U031G6Y6TR, STM32U031G8Y6TR, STM32U031K4U6, STM32U031K6U6, STM32U031K8U6, STM32U031R6I6, STM32U031R6T6, STM32U031R8I6, STM32U031R8T6, STM32U073C8T6, STM32U073C8U6, STM32U073CBT6, STM32U073CBU6, STM32U073CCT6, STM32U073CCU6, STM32U073H8Y6TR, STM32U073HBY6TR, STM32U073HCY6TR, STM32U073K8U6, STM32U073KBU6, STM32U073KCU6, STM32U073M8I6, STM32U073M8T6, STM32U073MBI6, STM32U073MBT6, STM32U073MCI6, STM32U073MCT6, STM32U073R8I6, STM32U073R8T6, STM32U073RBI6, STM32U073RBT6, STM32U073RCI6, STM32U073RCT6, STM32U083C-DK, STM32U083CCT6, STM32U083CCU6, STM32U083HCY6TR, STM32U083KCU6, STM32U083MCI6, STM32U083MCT6, STM32U083RCI6, STM32U083RCT6, STM32U375CET6, STM32U375CET6Q, STM32U375CEU6, STM32U375CEU6Q, STM32U375CEY6QTR, STM32U375CGT6, STM32U375CGT6Q, STM32U375CGU6, STM32U375CGU6Q, STM32U375CGY6QTR, STM32U375KEU6, STM32U375KGU6, STM32U375REI6, STM32U375REI6Q, STM32U375RET6, STM32U375RET6Q, STM32U375REY6GTR, STM32U375REY6QTR, STM32U375RGI6, STM32U375RGI6Q, STM32U375RGT6, STM32U375RGT6Q, STM32U375RGY6GTR, STM32U375RGY6QTR, STM32U375VEI6, STM32U375VEI6Q, STM32U375VET6, STM32U375VET6Q, STM32U375VGI6, STM32U375VGI6Q, STM32U375VGT6, STM32U375VGT6Q, STM32U385CGT6, STM32U385CGT6Q, STM32U385CGU6, STM32U385CGU6Q, STM32U385CGY6QTR, STM32U385KGU6, STM32U385RGI6, STM32U385RGI6Q, STM32U385RGT6, STM32U385RGT6Q, STM32U385RGY6GTR, STM32U385RGY6QTR, STM32U385VGI6, STM32U385VGI6Q, STM32U385VGT6, STM32U385VGT6Q, STM32U535CBT6, STM32U535CBT6Q, STM32U535CBU6, STM32U535CBU6Q, STM32U535CCT6, STM32U535CCT6Q, STM32U535CCU6, STM32U535CCU6Q, STM32U535CET6, STM32U535CET6Q, STM32U535CEU6, STM32U535CEU6Q, STM32U535JEY6QTR, STM32U535NCY6QTR, STM32U535NEY6QTR, STM32U535RBI6, STM32U535RBI6Q, STM32U535RBT6, STM32U535RBT6Q, STM32U535RCI6, STM32U535RCI6Q, STM32U535RCT6, STM32U535RCT6Q, STM32U535REI6, STM32U535REI6Q, STM32U535RET6, STM32U535RET6Q, STM32U535VCI6, STM32U535VCI6Q, STM32U535VCT6, STM32U535VCT6Q, STM32U535VEI6, STM32U535VEI6Q, STM32U535VET6, STM32U535VET6Q, STM32U545CET6, STM32U545CET6Q, STM32U545CEU6, STM32U545CEU6Q, STM32U545JEY6QTR, STM32U545NEY6QTR, STM32U545REI6, STM32U545REI6Q, STM32U545RET6, STM32U545RET6Q, STM32U545VEI6, STM32U545VEI6Q, STM32U545VET6, STM32U545VET6Q, STM32U595AIH6, STM32U595AIH6Q, STM32U595AJH6, STM32U595AJH6Q, STM32U595QII6, STM32U595QII6Q, STM32U595QJI6, STM32U595QJI6Q, STM32U595RIT6, STM32U595RIT6Q, STM32U595RJT6, STM32U595RJT6Q, STM32U595VIT6, STM32U595VIT6Q, STM32U595VJT6, STM32U595VJT6Q, STM32U595ZIT6, STM32U595ZIT6Q, STM32U595ZIY6QTR, STM32U595ZJT6, STM32U595ZJT6Q, STM32U595ZJY6QTR, STM32U599BJY6QTR, STM32U599NIH6Q, STM32U599NJH6Q, STM32U599VIT6Q, STM32U599VJT6, STM32U599VJT6Q, STM32U599ZIT6Q, STM32U599ZIY6QTR, STM32U599ZJT6Q, STM32U599ZJY6QTR, STM32U5A5AJH6, STM32U5A5AJH6Q, STM32U5A5QII3Q , STM32U5A5QJI6, STM32U5A5QJI6Q, STM32U5A5RJT6, STM32U5A5RJT6Q, STM32U5A5VJT6, STM32U5A5VJT6Q, STM32U5A5ZJT6, STM32U5A5ZJT6Q, STM32U5A5ZJY6QTR, STM32U5A9BJY6QTR, STM32U5A9J-DK, STM32U5A9NJH6Q, STM32U5A9VJT6Q, STM32U5A9ZJT6Q, STM32U5A9ZJY6QTR, STM32U5F7VIT6, STM32U5F7VIT6Q, STM32U5F7VJT6, STM32U5F7VJT6Q, STM32U5F9BJY6QTR, STM32U5F9NJH6Q, STM32U5F9VIT6Q, STM32U5F9VJT6Q, STM32U5F9ZIJ6QTR, STM32U5F9ZIT6Q, STM32U5F9ZJJ6QTR, STM32U5F9ZJT6Q, STM32U5G7VJT6, STM32U5G7VJT6Q, STM32U5G9BJY6QTR, STM32U5G9J-DK1, STM32U5G9J-DK2, STM32U5G9NJH6Q, STM32U5G9VJT6Q, STM32U5G9ZJJ6QTR, STM32U5G9ZJT6Q, STM32WB05KZV6TR, STM32WB05KZV7TR, STM32WB05TZF6TR, STM32WB05TZF7TR, STM32WB06CCF6TR, STM32WB06CCF7TR, STM32WB06CCV6TR, STM32WB06CCV7TR, STM32WB06KCV6TR, STM32WB06KCV7TR, STM32WB07CCF6TR, STM32WB07CCF7TR, STM32WB07CCV6TR, STM32WB07CCV7TR, STM32WB07KCV6TR, STM32WB07KCV7TR, STM32WB09KEV6TR, STM32WB09KEV7TR, STM32WB09TEF6TR, STM32WB09TEF7TR, STM32WB1MMCH6, STM32WBA50KGU6, STM32WBA50KGU6TR, STM32WBA52CEU6, STM32WBA52CEU6TR, STM32WBA52CEU7, STM32WBA52CEU7TR, STM32WBA52CGU6, STM32WBA52CGU6TR, STM32WBA52CGU6U, STM32WBA52CGU7, STM32WBA52CGU7TR, STM32WBA52KEU6, STM32WBA52KEU6TR, STM32WBA52KGU6, STM32WBA52KGU6TR, STM32WBA54CEU6, STM32WBA54CEU6TR, STM32WBA54CEU7, STM32WBA54CEU7TR, STM32WBA54CGU6, STM32WBA54CGU6TR, STM32WBA54CGU7, STM32WBA54CGU7TR, STM32WBA54KEU6, STM32WBA54KEU6TR, STM32WBA54KEU7, STM32WBA54KEU7TR, STM32WBA54KGU6, STM32WBA54KGU6TR, STM32WBA54KGU7, STM32WBA54KGU7TR, STM32WBA55CEU6, STM32WBA55CEU6TR, STM32WBA55CEU7, STM32WBA55CEU7TR, STM32WBA55CGU6, STM32WBA55CGU6TR, STM32WBA55CGU6U, STM32WBA55CGU7, STM32WBA55CGU7TR, STM32WBA55G-DK1, STM32WBA55HEF6, STM32WBA55HEF7, STM32WBA55HGF6, STM32WBA55HGF7, STM32WBA55UEI6, STM32WBA55UEI6TR, STM32WBA55UEI7, STM32WBA55UEI7TR, STM32WBA55UGI6, STM32WBA55UGI6TR, STM32WBA55UGI7, STM32WBA55UGI7TR, STM32WBA5MMGH6TR, STM32WBA62MGF6, STM32WBA62MIF6, STM32WBA65MGF7, STM32WBA65MIF6, STM32WBA65MIF7, STM32WL30K8V6, STM32WL30KBV6, STM32WL31C8V6, STM32WL31CBV6, STM32WL31K8V6, STM32WL31KBV6, STM32WL33C8V6, STM32WL33C8V6X, STM32WL33CBV6, STM32WL33CBV6X, STM32WL33CCV6, STM32WL33CCV6A, STM32WL33CCV6X, STM32WL33K8V7, STM32WL33K8V7X, STM32WL33KBV7 , STM32WL33KBV7X, STM32WL33KCV7, STM32WL33KCV7X, STM32WL5MOCH6, STM32WL5MOCH6TR]
2026-06-12 10:56:37,282 [INFO] ApiDb:668 - CubeFinder database Data Model version=2.1
2026-06-12 10:56:37,282 [INFO] ApiDb:669 - CubeFinder database Configuration version=3.0.42
2026-06-12 10:56:37,282 [INFO] ApiDb:670 - CubeFinder database generation date=2026-05-14 (1778746352)
2026-06-12 10:56:37,282 [INFO] ApiDb:671 - CubeFinder database FW Pack versions=[FP-ATR-ASTRA1_V2.0.0, FP-SNS-FLIGHT1_V5.1.0, FP-SNS-MOTENV1_V5.1.0, FP-SNS-MOTENVWB1_V1.5.0, FP-SNS-SMARTAG2_V1.2.0, FP-SNS-STBOX1_V2.1.0, STM32Cube_FW_C0_V1.4.0, STM32Cube_FW_F4_V1.28.3, STM32Cube_FW_F7_V1.17.4, STM32Cube_FW_G0_V1.6.3, STM32Cube_FW_G4_V1.6.2, STM32Cube_FW_H5_V1.6.0, STM32Cube_FW_H7RS_V1.3.0, STM32Cube_FW_H7_V1.13.0, STM32Cube_FW_L0_V1.12.2, STM32Cube_FW_L4_V1.18.2, STM32Cube_FW_L5_V1.6.0, STM32Cube_FW_N6_V1.3.0, STM32Cube_FW_U0_V1.3.0, STM32Cube_FW_U3_V1.3.0, STM32Cube_FW_U5_V1.8.0, STM32Cube_FW_WB0_V1.4.0, STM32Cube_FW_WBA_V1.9.0, STM32Cube_FW_WB_V1.24.0, STM32Cube_FW_WL3_V1.4.0, STM32Cube_FW_WL_V1.5.0, X-CUBE-ALGOBUILD_V1.4.0, X-CUBE-ALS_V1.0.2, X-CUBE-AZRTOS-F4_V1.1.0, X-CUBE-AZRTOS-F7_V1.1.0, X-CUBE-AZRTOS-G0_V1.1.0, X-CUBE-AZRTOS-G4_V2.0.0, X-CUBE-AZRTOS-H7RS_V1.1.0, X-CUBE-AZRTOS-H7_V3.5.0, X-CUBE-AZRTOS-L4_V2.0.0, X-CUBE-AZRTOS-L5_V2.0.0, X-CUBE-AZRTOS-WB_V2.0.0, X-CUBE-AZRTOS-WL_V2.0.0, X-CUBE-BLE1_V7.1.0, X-CUBE-BLE2_V3.3.0, X-CUBE-BLEMGR_V4.1.0, X-CUBE-EEPRMA1_V5.2.0, X-CUBE-FREERTOS_V1.5.0, X-CUBE-GNSS1_V7.1.1, X-CUBE-MEMS1_V12.1.0, X-CUBE-NFC4_V3.0.0, X-CUBE-NFC7_V2.0.0, X-CUBE-SFXS2LP1_V4.0.0, X-CUBE-ST67W61_V1.3.0, X-CUBE-SUBG2_V5.0.0, X-CUBE-TOF1_V3.4.3]
2026-06-12 10:56:39,583 [INFO] ApiDb:240 - Found 880 in-development CPN: [B-G473E-ZEST1S, B-WB1M-WPAN1, B-WBA5M-WPAN, B-WL5M-SUBG1, NUCLEO-C031C6, NUCLEO-C051C8, NUCLEO-C071RB, NUCLEO-C092RC, NUCLEO-H503RB, NUCLEO-H533RE, NUCLEO-H563ZI, NUCLEO-H7S3L8, NUCLEO-N657X0-Q, NUCLEO-U031R8, NUCLEO-U083RC, NUCLEO-U385RG-Q, NUCLEO-U545RE-Q, NUCLEO-U5A5ZJ-Q, NUCLEO-WB05KZ, NUCLEO-WB07CC, NUCLEO-WB09KE, NUCLEO-WBA52CG, NUCLEO-WBA55CG, NUCLEO-WL33CC1, NUCLEO-WL33CC2, STEVAL-PROTEUS1, STEVAL-SMARTAG2, STEVAL-STWINBX1, STM320518-EVAL, STM32C0116-DK, STM32C011D6Y3TR, STM32C011D6Y6TR, STM32C011F4P3, STM32C011F4P6, STM32C011F4U3, STM32C011F4U6TR, STM32C011F6P3, STM32C011F6P6, STM32C011F6U3, STM32C011F6U6TR, STM32C011J4M3, STM32C011J4M6, STM32C011J6M3, STM32C011J6M6, STM32C0316-DK, STM32C031C4T3, STM32C031C4T6, STM32C031C4U3, STM32C031C4U6, STM32C031C6T3, STM32C031C6T6, STM32C031C6U3, STM32C031C6U6, STM32C031F4P3, STM32C031F4P6, STM32C031F6P3, STM32C031F6P6, STM32C031G4U3, STM32C031G4U6, STM32C031G6U3, STM32C031G6U6, STM32C031K4T3, STM32C031K4T6, STM32C031K4U3, STM32C031K4U6, STM32C031K6T3, STM32C031K6T6, STM32C031K6U3, STM32C031K6U6, STM32C051C6T6, STM32C051C6U6, STM32C051C8T6, STM32C051C8U6, STM32C051D8Y6TR, STM32C051F6P6, STM32C051F8P6, STM32C051G6U6, STM32C051G8U6, STM32C051K6T6, STM32C051K6U6, STM32C051K8T6, STM32C071C8T6, STM32C071C8T6N, STM32C071C8U6, STM32C071C8U6N, STM32C071CBT6, STM32C071CBT6N, STM32C071CBU6, STM32C071CBU6N, STM32C071F8P6, STM32C071F8P6N, STM32C071FBP6, STM32C071FBP6N, STM32C071FBY6TR, STM32C071G8U6, STM32C071G8U6N, STM32C071GBU6, STM32C071GBU6N, STM32C071K8T6, STM32C071K8T6N, STM32C071K8U6, STM32C071K8U6N, STM32C071KBT6, STM32C071KBT6N, STM32C071KBU6, STM32C071KBU6N, STM32C071R8T6, STM32C071R8T6N, STM32C071RBI6N, STM32C071RBT6, STM32C071RBT6N, STM32C091CBT6, STM32C091CBU6, STM32C091CCT6, STM32C091CCU6, STM32C091ECY6TR, STM32C091FBP6, STM32C091FCP6, STM32C091GBU6, STM32C091GCU6, STM32C091KBT6, STM32C091KBU6, STM32C091KCT6, STM32C091KCU6, STM32C091RBT6, STM32C091RCI6, STM32C091RCT6, STM32C092CBT6, STM32C092CBU6, STM32C092CCT6, STM32C092CCU6, STM32C092ECY6TR, STM32C092FBP6, STM32C092FCP6, STM32C092GBU6, STM32C092GCU6, STM32C092KBT6, STM32C092KBU6, STM32C092KCT6, STM32C092KCU6, STM32C092RBT6, STM32C092RCI6, STM32C092RCT6, STM32G071K8TXN, STM32G071K8UXN, STM32G081GBU6N, STM32G081KBT6N, STM32G081KBUXN, STM32G0B1CCT6N, STM32G0B1KCT6, STM32G0B1NEY6TR, STM32G0B1RCT6N, STM32G0C1CCT6, STM32G0C1CCT6N, STM32G0C1CCU6N, STM32G0C1CET6N, STM32G0C1CEU6N, STM32G0C1KCT6, STM32G0C1NEY6TR, STM32G0C1RCI6N, STM32G0C1RCT6N, STM32G0C1REI6N, STM32G0C1RET6N, STM32G0C1VCI6, STM32G0C1VEI6, STM32G411C6T3, STM32G411C6T6, STM32G411C6U3, STM32G411C6U6, STM32G411C8T3, STM32G411C8T6, STM32G411C8U3, STM32G411C8U6, STM32G411CBT3, STM32G411CBT6, STM32G411CBU3, STM32G411CBU6, STM32G411K6T3, STM32G411K6T6, STM32G411K6U3, STM32G411K6U6, STM32G411K8T3, STM32G411K8T6, STM32G411K8U3, STM32G411K8U6, STM32G411KBT3, STM32G411KBT6, STM32G411KBU3, STM32G411KBU6, STM32G411M6T3, STM32G411M6T6, STM32G411M8T3, STM32G411M8T6, STM32G411MBT3, STM32G411MBT6, STM32G411R6T3, STM32G411R6T6, STM32G411R8T3, STM32G411R8T6, STM32G411RBT3, STM32G411RBT6, STM32G414CBT3, STM32G414CBT6, STM32G414CBU3, STM32G414CBU6, STM32G414CCT3, STM32G414CCT6, STM32G414CCU3, STM32G414CCU6, STM32G414MBT3, STM32G414MBT6, STM32G414MCT3, STM32G414MCT6, STM32G414RBT3, STM32G414RBT6, STM32G414RCT3, STM32G414RCT6, STM32G414VBT3, STM32G414VBT6, STM32G414VCT3, STM32G414VCT6, STM32G431CBT3Z, STM32G431RBT3Z, STM32G471CCT6, STM32G471CCU6, STM32G471CET3, STM32G471CET6, STM32G471CEU3, STM32G471CEU6, STM32G471MCT6, STM32G471MET3, STM32G471MET6, STM32G471MEY6TR, STM32G471QCT6, STM32G471QET3, STM32G471RCT6, STM32G471RET3, STM32G471RET6, STM32G471VCH6, STM32G471VCI6, STM32G471VCT6, STM32G471VEH3, STM32G471VEH6, STM32G471VEI3, STM32G471VEI6, STM32G471VET3, STM32G471VET6, STM32G473QET3Z, STM32G473RET3Z, STM32G474CCT6, STM32G491RET3Z, STM32H503CBT6, STM32H503CBU6, STM32H503EBY6TR, STM32H503KBU6, STM32H503RBT6, STM32H523CCT6, STM32H523CCU6, STM32H523CET6, STM32H523CEU6, STM32H523HEY6TR, STM32H523RCT6, STM32H523RET6, STM32H523VCI6, STM32H523VCT6, STM32H523VEI6, STM32H523VET6, STM32H523ZCJ6, STM32H523ZCT6, STM32H523ZEJ6, STM32H523ZET6, STM32H533CET6, STM32H533CEU6, STM32H533HEY6TR, STM32H533RET6, STM32H533VEI6, STM32H533VET6, STM32H533ZEJ6, STM32H533ZET6, STM32H562AGI6, STM32H562AII6, STM32H562IGK6, STM32H562IGT6, STM32H562IIK6, STM32H562IIT6, STM32H562RGT6, STM32H562RGV6, STM32H562RIT6, STM32H562RIV6, STM32H562VGT6, STM32H562VIT6, STM32H562ZGT6, STM32H562ZIT6, STM32H563AGI6, STM32H563AII3Q, STM32H563AII6, STM32H563IGK6, STM32H563IGT6, STM32H563IIK3Q, STM32H563IIK6, STM32H563IIT3Q, STM32H563IIT6, STM32H563MIY3QTR, STM32H563RGT6, STM32H563RGV6, STM32H563RIT6, STM32H563RIV6, STM32H563VGT6, STM32H563VIT3Q, STM32H563VIT6, STM32H563ZGT6, STM32H563ZIT3Q, STM32H563ZIT6, STM32H573AII3Q, STM32H573AII6, STM32H573I-DK, STM32H573IIK3Q, STM32H573IIK6, STM32H573IIT3Q, STM32H573IIT6, STM32H573MIY3QTR, STM32H573RIT6, STM32H573RIV6, STM32H573VIT3Q, STM32H573VIT6, STM32H573ZIT3Q, STM32H573ZIT6, STM32H7R3A8I6, STM32H7R3I8K6, STM32H7R3I8T6, STM32H7R3L8H6, STM32H7R3L8H6H, STM32H7R3R8V6, STM32H7R3V8H6, STM32H7R3V8T6, STM32H7R3V8Y6TR, STM32H7R3Z8J6, STM32H7R3Z8T6, STM32H7R7A8I6, STM32H7R7I8K6, STM32H7R7I8T6, STM32H7R7L8H6, STM32H7R7L8H6H, STM32H7R7Z8J6, STM32H7S3A8I6, STM32H7S3I8K6, STM32H7S3I8T6, STM32H7S3L8H6, STM32H7S3L8H6H, STM32H7S3R8V6, STM32H7S3V8H6, STM32H7S3V8T6, STM32H7S3V8Y6TR, STM32H7S3Z8J6, STM32H7S3Z8T6, STM32H7S78-DK, STM32H7S7A8I6, STM32H7S7I8K6, STM32H7S7I8T6, STM32H7S7L8H6, STM32H7S7L8H6H, STM32H7S7Z8J6, STM32L4R5QGI6STR, STM32MP131AAE3, STM32MP131AAF3, STM32MP131AAG3, STM32MP131CAE3, STM32MP131CAF3, STM32MP131CAG3, STM32MP131DAE7, STM32MP131DAF7, STM32MP131DAG7, STM32MP131FAE7, STM32MP131FAF7, STM32MP131FAG7, STM32MP133AAE3, STM32MP133AAF3, STM32MP133AAG3, STM32MP133CAE3, STM32MP133CAF3, STM32MP133CAG3, STM32MP133DAE7, STM32MP133DAF7, STM32MP133DAG7, STM32MP133FAE7, STM32MP133FAF7, STM32MP133FAG7, STM32MP135AAE3, STM32MP135AAF3, STM32MP135AAG3, STM32MP135CAE3, STM32MP135CAF3, STM32MP135CAG3, STM32MP135DAE7, STM32MP135DAF7, STM32MP135DAG7, STM32MP135F-DK, STM32MP135FAE7, STM32MP135FAF7, STM32MP135FAF7T, STM32MP135FAF7U, STM32MP135FAG7, STM32MP211AAL3, STM32MP211AAM3, STM32MP211AAN3, STM32MP211AAO3, STM32MP211CAL3, STM32MP211CAM3, STM32MP211CAN3, STM32MP211CAO3, STM32MP211DAL3, STM32MP211DAM3, STM32MP211DAN3, STM32MP211DAO3, STM32MP211FAL3, STM32MP211FAM3, STM32MP211FAN3, STM32MP211FAO3, STM32MP213AAL3, STM32MP213AAM3, STM32MP213AAN3, STM32MP213AAO3, STM32MP213CAL3, STM32MP213CAM3, STM32MP213CAN3, STM32MP213CAO3, STM32MP213DAL3, STM32MP213DAM3, STM32MP213DAN3, STM32MP213DAO3, STM32MP213FAL3, STM32MP213FAM3, STM32MP213FAN3, STM32MP213FAO3, STM32MP215AAL3, STM32MP215AAM3, STM32MP215AAN3, STM32MP215AAO3, STM32MP215CAL3, STM32MP215CAM3, STM32MP215CAN3, STM32MP215CAO3, STM32MP215DAL3, STM32MP215DAM3, STM32MP215DAN3, STM32MP215DAO3, STM32MP215F-DK, STM32MP215FAL3, STM32MP215FAM3, STM32MP215FAN3, STM32MP215FAO3, STM32MP231AAJ3, STM32MP231AAK3, STM32MP231AAL3, STM32MP231CAJ3, STM32MP231CAK3, STM32MP231CAL3, STM32MP231DAJ3, STM32MP231DAK3, STM32MP231DAL3, STM32MP231FAJ3, STM32MP231FAK3, STM32MP231FAL3, STM32MP233AAJ3, STM32MP233AAK3, STM32MP233AAL3, STM32MP233CAJ3, STM32MP233CAK3, STM32MP233CAL3, STM32MP233DAJ3, STM32MP233DAK3, STM32MP233DAL3, STM32MP233FAJ3, STM32MP233FAK3, STM32MP233FAL3, STM32MP235AAJ3, STM32MP235AAK3, STM32MP235AAL3, STM32MP235CAJ3, STM32MP235CAK3, STM32MP235CAL3, STM32MP235DAJ3, STM32MP235DAK3, STM32MP235DAL3, STM32MP235FAJ3, STM32MP235FAK3, STM32MP235FAL3, STM32MP251AAI3, STM32MP251AAK3, STM32MP251AAL3, STM32MP251CAI3, STM32MP251CAK3, STM32MP251CAL3, STM32MP251DAI3, STM32MP251DAK3, STM32MP251DAL3, STM32MP251FAI3, STM32MP251FAK3, STM32MP251FAL3, STM32MP253AAI3, STM32MP253AAK3, STM32MP253AAL3, STM32MP253CAI3, STM32MP253CAK3, STM32MP253CAL3, STM32MP253DAI3, STM32MP253DAK3, STM32MP253DAL3, STM32MP253FAI3, STM32MP253FAK3, STM32MP253FAL3, STM32MP255AAI3, STM32MP255AAK3, STM32MP255AAL3, STM32MP255CAI3, STM32MP255CAK3, STM32MP255CAL3, STM32MP255DAI3, STM32MP255DAK3, STM32MP255DAL3, STM32MP255FAI3, STM32MP255FAK3, STM32MP255FAL3, STM32MP257AAI3, STM32MP257AAK3, STM32MP257AAL3, STM32MP257CAI3, STM32MP257CAK3, STM32MP257CAL3, STM32MP257DAI3, STM32MP257DAK3, STM32MP257DAL3, STM32MP257F-DK, STM32MP257F-EV1, STM32MP257FAI3, STM32MP257FAK3, STM32MP257FAL3, STM32N645A0H3Q, STM32N645B0H3Q, STM32N645I0H3Q, STM32N645L0H3Q, STM32N645X0H3Q, STM32N645Z0H3Q, STM32N647A0H3Q, STM32N647B0H3Q, STM32N647I0H3Q, STM32N647L0H3Q, STM32N647X0H3Q, STM32N647Z0H3Q, STM32N655A0H3Q, STM32N655B0H3Q, STM32N655I0H3Q, STM32N655L0H3Q, STM32N655X0H3Q, STM32N655Z0H3Q, STM32N6570-DK, STM32N657A0H3Q, STM32N657B0H3Q, STM32N657I0H3Q, STM32N657L0H3Q, STM32N657X0H3Q, STM32N657Z0H3Q, STM32U031C6T6, STM32U031C6U6, STM32U031C8T6, STM32U031C8U6, STM32U031F4P6, STM32U031F6P6, STM32U031F8P6, STM32U031G6Y6TR, STM32U031G8Y6TR, STM32U031K4U6, STM32U031K6U6, STM32U031K8U6, STM32U031R6I6, STM32U031R6T6, STM32U031R8I6, STM32U031R8T6, STM32U073C8T6, STM32U073C8U6, STM32U073CBT6, STM32U073CBU6, STM32U073CCT6, STM32U073CCU6, STM32U073H8Y6TR, STM32U073HBY6TR, STM32U073HCY6TR, STM32U073K8U6, STM32U073KBU6, STM32U073KCU6, STM32U073M8I6, STM32U073M8T6, STM32U073MBI6, STM32U073MBT6, STM32U073MCI6, STM32U073MCT6, STM32U073R8I6, STM32U073R8T6, STM32U073RBI6, STM32U073RBT6, STM32U073RCI6, STM32U073RCT6, STM32U083C-DK, STM32U083CCT6, STM32U083CCU6, STM32U083HCY6TR, STM32U083KCU6, STM32U083MCI6, STM32U083MCT6, STM32U083RCI6, STM32U083RCT6, STM32U375CET6, STM32U375CET6Q, STM32U375CEU6, STM32U375CEU6Q, STM32U375CEY6QTR, STM32U375CGT6, STM32U375CGT6Q, STM32U375CGU6, STM32U375CGU6Q, STM32U375CGY6QTR, STM32U375KEU6, STM32U375KGU6, STM32U375REI6, STM32U375REI6Q, STM32U375RET6, STM32U375RET6Q, STM32U375REY6GTR, STM32U375REY6QTR, STM32U375RGI6, STM32U375RGI6Q, STM32U375RGT6, STM32U375RGT6Q, STM32U375RGY6GTR, STM32U375RGY6QTR, STM32U375VEI6, STM32U375VEI6Q, STM32U375VET6, STM32U375VET6Q, STM32U375VGI6, STM32U375VGI6Q, STM32U375VGT6, STM32U375VGT6Q, STM32U385CGT6, STM32U385CGT6Q, STM32U385CGU6, STM32U385CGU6Q, STM32U385CGY6QTR, STM32U385KGU6, STM32U385RGI6, STM32U385RGI6Q, STM32U385RGT6, STM32U385RGT6Q, STM32U385RGY6GTR, STM32U385RGY6QTR, STM32U385VGI6, STM32U385VGI6Q, STM32U385VGT6, STM32U385VGT6Q, STM32U535CBT6, STM32U535CBT6Q, STM32U535CBU6, STM32U535CBU6Q, STM32U535CCT6, STM32U535CCT6Q, STM32U535CCU6, STM32U535CCU6Q, STM32U535CET6, STM32U535CET6Q, STM32U535CEU6, STM32U535CEU6Q, STM32U535JEY6QTR, STM32U535NCY6QTR, STM32U535NEY6QTR, STM32U535RBI6, STM32U535RBI6Q, STM32U535RBT6, STM32U535RBT6Q, STM32U535RCI6, STM32U535RCI6Q, STM32U535RCT6, STM32U535RCT6Q, STM32U535REI6, STM32U535REI6Q, STM32U535RET6, STM32U535RET6Q, STM32U535VCI6, STM32U535VCI6Q, STM32U535VCT6, STM32U535VCT6Q, STM32U535VEI6, STM32U535VEI6Q, STM32U535VET6, STM32U535VET6Q, STM32U545CET6, STM32U545CET6Q, STM32U545CEU6, STM32U545CEU6Q, STM32U545JEY6QTR, STM32U545NEY6QTR, STM32U545REI6, STM32U545REI6Q, STM32U545RET6, STM32U545RET6Q, STM32U545VEI6, STM32U545VEI6Q, STM32U545VET6, STM32U545VET6Q, STM32U595AIH6, STM32U595AIH6Q, STM32U595AJH6, STM32U595AJH6Q, STM32U595QII6, STM32U595QII6Q, STM32U595QJI6, STM32U595QJI6Q, STM32U595RIT6, STM32U595RIT6Q, STM32U595RJT6, STM32U595RJT6Q, STM32U595VIT6, STM32U595VIT6Q, STM32U595VJT6, STM32U595VJT6Q, STM32U595ZIT6, STM32U595ZIT6Q, STM32U595ZIY6QTR, STM32U595ZJT6, STM32U595ZJT6Q, STM32U595ZJY6QTR, STM32U599BJY6QTR, STM32U599NIH6Q, STM32U599NJH6Q, STM32U599VIT6Q, STM32U599VJT6, STM32U599VJT6Q, STM32U599ZIT6Q, STM32U599ZIY6QTR, STM32U599ZJT6Q, STM32U599ZJY6QTR, STM32U5A5AJH6, STM32U5A5AJH6Q, STM32U5A5QII3Q , STM32U5A5QJI6, STM32U5A5QJI6Q, STM32U5A5RJT6, STM32U5A5RJT6Q, STM32U5A5VJT6, STM32U5A5VJT6Q, STM32U5A5ZJT6, STM32U5A5ZJT6Q, STM32U5A5ZJY6QTR, STM32U5A9BJY6QTR, STM32U5A9J-DK, STM32U5A9NJH6Q, STM32U5A9VJT6Q, STM32U5A9ZJT6Q, STM32U5A9ZJY6QTR, STM32U5F7VIT6, STM32U5F7VIT6Q, STM32U5F7VJT6, STM32U5F7VJT6Q, STM32U5F9BJY6QTR, STM32U5F9NJH6Q, STM32U5F9VIT6Q, STM32U5F9VJT6Q, STM32U5F9ZIJ6QTR, STM32U5F9ZIT6Q, STM32U5F9ZJJ6QTR, STM32U5F9ZJT6Q, STM32U5G7VJT6, STM32U5G7VJT6Q, STM32U5G9BJY6QTR, STM32U5G9J-DK1, STM32U5G9J-DK2, STM32U5G9NJH6Q, STM32U5G9VJT6Q, STM32U5G9ZJJ6QTR, STM32U5G9ZJT6Q, STM32WB05KZV6TR, STM32WB05KZV7TR, STM32WB05TZF6TR, STM32WB05TZF7TR, STM32WB06CCF6TR, STM32WB06CCF7TR, STM32WB06CCV6TR, STM32WB06CCV7TR, STM32WB06KCV6TR, STM32WB06KCV7TR, STM32WB07CCF6TR, STM32WB07CCF7TR, STM32WB07CCV6TR, STM32WB07CCV7TR, STM32WB07KCV6TR, STM32WB07KCV7TR, STM32WB09KEV6TR, STM32WB09KEV7TR, STM32WB09TEF6TR, STM32WB09TEF7TR, STM32WB1MMCH6, STM32WBA50KGU6, STM32WBA50KGU6TR, STM32WBA52CEU6, STM32WBA52CEU6TR, STM32WBA52CEU7, STM32WBA52CEU7TR, STM32WBA52CGU6, STM32WBA52CGU6TR, STM32WBA52CGU6U, STM32WBA52CGU7, STM32WBA52CGU7TR, STM32WBA52KEU6, STM32WBA52KEU6TR, STM32WBA52KGU6, STM32WBA52KGU6TR, STM32WBA54CEU6, STM32WBA54CEU6TR, STM32WBA54CEU7, STM32WBA54CEU7TR, STM32WBA54CGU6, STM32WBA54CGU6TR, STM32WBA54CGU7, STM32WBA54CGU7TR, STM32WBA54KEU6, STM32WBA54KEU6TR, STM32WBA54KEU7, STM32WBA54KEU7TR, STM32WBA54KGU6, STM32WBA54KGU6TR, STM32WBA54KGU7, STM32WBA54KGU7TR, STM32WBA55CEU6, STM32WBA55CEU6TR, STM32WBA55CEU7, STM32WBA55CEU7TR, STM32WBA55CGU6, STM32WBA55CGU6TR, STM32WBA55CGU6U, STM32WBA55CGU7, STM32WBA55CGU7TR, STM32WBA55G-DK1, STM32WBA55HEF6, STM32WBA55HEF7, STM32WBA55HGF6, STM32WBA55HGF7, STM32WBA55UEI6, STM32WBA55UEI6TR, STM32WBA55UEI7, STM32WBA55UEI7TR, STM32WBA55UGI6, STM32WBA55UGI6TR, STM32WBA55UGI7, STM32WBA55UGI7TR, STM32WBA5MMGH6TR, STM32WBA62MGF6, STM32WBA62MIF6, STM32WBA65MGF7, STM32WBA65MIF6, STM32WBA65MIF7, STM32WL30K8V6, STM32WL30KBV6, STM32WL31C8V6, STM32WL31CBV6, STM32WL31K8V6, STM32WL31KBV6, STM32WL33C8V6, STM32WL33C8V6X, STM32WL33CBV6, STM32WL33CBV6X, STM32WL33CCV6, STM32WL33CCV6A, STM32WL33CCV6X, STM32WL33K8V7, STM32WL33K8V7X, STM32WL33KBV7 , STM32WL33KBV7X, STM32WL33KCV7, STM32WL33KCV7X, STM32WL5MOCH6, STM32WL5MOCH6TR]
2026-06-12 10:56:39,588 [INFO] DbMcus:218 - Found 5086 MCUs, 4968 are supported
2026-06-12 10:56:39,590 [INFO] ApiDb:423 - Load user favorites file C:\Users\Usuario/.stm32cubeide/favorites.mcus.txt: 2 item(s)
2026-06-12 10:56:39,590 [INFO] ApiDb:427 - User favorites MCUs=[STM32F103C8T6, STM32F103RCT6]
2026-06-12 10:56:39,590 [INFO] DbMcus:224 - Set 2 / 2 favorites MCUs
2026-06-12 10:56:40,524 [INFO] BoardInfo:889 - No configuration file found for board NUCLEO-H5E5ZJ
2026-06-12 10:56:40,526 [INFO] DbBoards:161 - Board is not supported: NUCLEO-H5E5ZJ
2026-06-12 10:56:40,610 [INFO] BoardInfo:889 - No configuration file found for board NUCLEO-U3C5ZI-Q
2026-06-12 10:56:40,612 [INFO] DbBoards:161 - Board is not supported: NUCLEO-U3C5ZI-Q
2026-06-12 10:56:40,634 [INFO] BoardInfo:889 - No configuration file found for board NUCLEO-WBA25CE1
2026-06-12 10:56:40,635 [INFO] DbBoards:161 - Board is not supported: NUCLEO-WBA25CE1
2026-06-12 10:56:40,648 [INFO] BoardInfo:889 - No configuration file found for board NUCLEO-WL3RKB1
2026-06-12 10:56:40,649 [INFO] DbBoards:161 - Board is not supported: NUCLEO-WL3RKB1
2026-06-12 10:56:40,652 [INFO] BoardInfo:889 - No configuration file found for board NUCLEO-WL3RKB2
2026-06-12 10:56:40,653 [INFO] DbBoards:161 - Board is not supported: NUCLEO-WL3RKB2
2026-06-12 10:56:40,664 [INFO] BoardInfo:889 - No configuration file found for board P-NUCLEO-WB55
2026-06-12 10:56:40,667 [INFO] DbBoards:161 - Kit is not supported: P-NUCLEO-WB55
2026-06-12 10:56:40,675 [INFO] BoardInfo:889 - No configuration file found for board STEVAL-BFA001V1B
2026-06-12 10:56:40,677 [INFO] DbBoards:161 - Kit is not supported: STEVAL-BFA001V1B
2026-06-12 10:56:40,678 [INFO] BoardInfo:889 - No configuration file found for board STEVAL-BFA001V2B
2026-06-12 10:56:40,679 [INFO] DbBoards:161 - Kit is not supported: STEVAL-BFA001V2B
2026-06-12 10:56:40,844 [INFO] BoardInfo:889 - No configuration file found for board STM32H5F5J-DK
2026-06-12 10:56:40,846 [INFO] DbBoards:161 - Board is not supported: STM32H5F5J-DK
2026-06-12 10:56:40,961 [INFO] DbBoards:168 - Found 218 boards, 209 are supported
2026-06-12 10:56:40,961 [INFO] DbBoards:169 - Found 218 boards, 43 of them is supported for  Bsp
2026-06-12 10:56:40,968 [INFO] ApiDb:423 - Load user favorites file C:\Users\Usuario/.stm32cubeide/favorites.boards.txt: 0 item(s)
2026-06-12 10:56:40,968 [INFO] ApiDb:427 - User favorites Boards=[]
2026-06-12 10:56:40,968 [INFO] DbBoards:198 - Set 0 / 0 favorites Boards
2026-06-12 10:56:41,039 [INFO] UtilMem:75 - End LoadConfig() Used Memory: 949393016 Bytes (1073741824)
2026-06-12 10:56:41,255 [WARN] ThirdParty:833 - waiting for thirdparty lock release [change project]
2026-06-12 10:56:41,255 [INFO] ThirdParty:835 - entering critical section [change project]
2026-06-12 10:56:41,255 [INFO] ThirdParty:1030 - CMSIS Pack Vendor :STMicroelectronics X-CUBE-AZRTOS-H7 3.5.0
2026-06-12 10:56:41,255 [INFO] ThirdParty:1030 - CMSIS Pack Vendor :STMicroelectronics X-CUBE-PM33A1 1.0.0
2026-06-12 10:56:41,256 [INFO] ThirdParty:1030 - CMSIS Pack Vendor :STMicroelectronics USBPD 4.1
2026-06-12 10:56:41,256 [INFO] ThirdParty:1030 - CMSIS Pack Vendor :STMicroelectronics X-CUBE-NFC9 1.0.0
2026-06-12 10:56:41,256 [INFO] ThirdParty:1030 - CMSIS Pack Vendor :STMicroelectronics USB_HOST 2.0.0
2026-06-12 10:56:41,256 [INFO] ThirdParty:1030 - CMSIS Pack Vendor :STMicroelectronics FP-SNS-MOTENVWB1 1.4.0
2026-06-12 10:56:41,256 [INFO] ThirdParty:1030 - CMSIS Pack Vendor :STMicroelectronics X-CUBE-AZRTOS-F4 1.1.0
2026-06-12 10:56:41,256 [INFO] ThirdParty:1030 - CMSIS Pack Vendor :STMicroelectronics LIBJPEG 8.0.0
2026-06-12 10:56:41,256 [INFO] ThirdParty:1030 - CMSIS Pack Vendor :STMicroelectronics FP-ATR-ASTRA1 2.0.2
2026-06-12 10:56:41,256 [INFO] ThirdParty:1030 - CMSIS Pack Vendor :STMicroelectronics X-CUBE-BLE1 7.1.0
2026-06-12 10:56:41,256 [INFO] ThirdParty:1030 - CMSIS Pack Vendor :STMicroelectronics X-CUBE-SMBUS 2.1.0
2026-06-12 10:56:41,256 [INFO] ThirdParty:1030 - CMSIS Pack Vendor :STMicroelectronics USB_DEVICE 3.0.0
2026-06-12 10:56:41,256 [INFO] ThirdParty:1030 - CMSIS Pack Vendor :STMicroelectronics X-CUBE-ISPU 2.1.0
2026-06-12 10:56:41,256 [INFO] ThirdParty:1030 - CMSIS Pack Vendor :STMicroelectronics X-CUBE-IPS 3.2.0
2026-06-12 10:56:41,256 [INFO] ThirdParty:1030 - CMSIS Pack Vendor :STMicroelectronics eDS-WB_DPC_TT-BIDIR 2.1.1
2026-06-12 10:56:41,256 [INFO] ThirdParty:1030 - CMSIS Pack Vendor :STMicroelectronics X-CUBE-AZRTOS-WB 2.0.0
2026-06-12 10:56:41,256 [INFO] ThirdParty:1030 - CMSIS Pack Vendor :STMicroelectronics X-CUBE-ST60 1.0.0
2026-06-12 10:56:41,256 [INFO] ThirdParty:1030 - CMSIS Pack Vendor :STMicroelectronics X-CUBE-GNSS1 7.0.1
2026-06-12 10:56:41,256 [INFO] ThirdParty:1030 - CMSIS Pack Vendor :STMicroelectronics X-CUBE-AZRTOS-F7 1.1.0
2026-06-12 10:56:41,256 [INFO] ThirdParty:1030 - CMSIS Pack Vendor :STMicroelectronics X-CUBE-AZRTOS-L5 2.0.0
2026-06-12 10:56:41,256 [INFO] ThirdParty:1030 - CMSIS Pack Vendor :STMicroelectronics X-CUBE-TOUCHGFX 4.25.0
2026-06-12 10:56:41,256 [INFO] ThirdParty:1030 - CMSIS Pack Vendor :STMicroelectronics USB_DEVICE 2.0.0
2026-06-12 10:56:41,256 [INFO] ThirdParty:1030 - CMSIS Pack Vendor :STMicroelectronics X-CUBE-NFC6 3.1.0
2026-06-12 10:56:41,256 [INFO] ThirdParty:1030 - CMSIS Pack Vendor :STMicroelectronics FP-SNS-STAIOTCFT 1.1.0
2026-06-12 10:56:41,256 [INFO] ThirdParty:1030 - CMSIS Pack Vendor :quantropi X-CUBE-qispace-sdk-base 2.1.0
2026-06-12 10:56:41,256 [INFO] ThirdParty:1030 - CMSIS Pack Vendor :STMicroelectronics X-CUBE-MEMS1 12.0.0
2026-06-12 10:56:41,256 [INFO] ThirdParty:1030 - CMSIS Pack Vendor :STMicroelectronics X-CUBE-STSE01 2.0.0
2026-06-12 10:56:41,256 [INFO] ThirdParty:1030 - CMSIS Pack Vendor :STMicroelectronics X-CUBE-ALGOBUILD 1.5.0
2026-06-12 10:56:41,257 [INFO] ThirdParty:1030 - CMSIS Pack Vendor :STMicroelectronics FP-SNS-MOTENV1 5.1.0
2026-06-12 10:56:41,257 [INFO] ThirdParty:1030 - CMSIS Pack Vendor :STMicroelectronics FreeRTOS 0.0.1
2026-06-12 10:56:41,257 [INFO] ThirdParty:1030 - CMSIS Pack Vendor :STMicroelectronics X-CUBE-AZRTOS-G0 1.1.0
2026-06-12 10:56:41,257 [INFO] ThirdParty:1030 - CMSIS Pack Vendor :STMicroelectronics X-CUBE-SAFEA1 1.2.2
2026-06-12 10:56:41,257 [INFO] ThirdParty:1030 - CMSIS Pack Vendor :STMicroelectronics X-CUBE-NFC4 3.0.0
2026-06-12 10:56:41,257 [INFO] ThirdParty:1030 - CMSIS Pack Vendor :STMicroelectronics X-CUBE-SUBG2 5.0.0
2026-06-12 10:56:41,257 [INFO] ThirdParty:1030 - CMSIS Pack Vendor :STMicroelectronics X-CUBE-AZRTOS-H7RS 1.1.0
2026-06-12 10:56:41,257 [INFO] ThirdParty:1030 - CMSIS Pack Vendor :STMicroelectronics STM32_WPAN 1.0.0
2026-06-12 10:56:41,257 [INFO] ThirdParty:1030 - CMSIS Pack Vendor :STMicroelectronics eDS-WB_DPC_VIENNA 1.2.0
2026-06-12 10:56:41,257 [INFO] ThirdParty:1030 - CMSIS Pack Vendor :EmbeddedOffice I-CUBE-FS-RTOS 1.0.1
2026-06-12 10:56:41,257 [INFO] ThirdParty:1030 - CMSIS Pack Vendor :STMicroelectronics lwIP 2.0.3
2026-06-12 10:56:41,257 [INFO] ThirdParty:1030 - CMSIS Pack Vendor :Cesanta I-CUBE-Mongoose 7.13.0
2026-06-12 10:56:41,257 [INFO] ThirdParty:1030 - CMSIS Pack Vendor :STMicroelectronics eDS-WB_DPC_3PH2L-BIDIR 1.1.1
2026-06-12 10:56:41,257 [INFO] ThirdParty:1030 - CMSIS Pack Vendor :STMicroelectronics USB_HOST 1.0.0
2026-06-12 10:56:41,257 [INFO] ThirdParty:1030 - CMSIS Pack Vendor :STMicroelectronics X-CUBE-AZRTOS-G4 2.0.0
2026-06-12 10:56:41,257 [INFO] ThirdParty:1030 - CMSIS Pack Vendor :STMicroelectronics X-CUBE-WB05N 2.0.0
2026-06-12 10:56:41,257 [INFO] ThirdParty:1030 - CMSIS Pack Vendor :STMicroelectronics PDM2PCM 3.1.0
2026-06-12 10:56:41,257 [INFO] ThirdParty:1030 - CMSIS Pack Vendor :STMicroelectronics PDM2PCM 3.3.0
2026-06-12 10:56:41,257 [INFO] ThirdParty:1030 - CMSIS Pack Vendor :STMicroelectronics X-CUBE-AZRTOS-H7 3.4.0
2026-06-12 10:56:41,257 [INFO] ThirdParty:1030 - CMSIS Pack Vendor :STMicroelectronics X-CUBE-DISPLAY 3.0.0
2026-06-12 10:56:41,257 [INFO] ThirdParty:1030 - CMSIS Pack Vendor :STMicroelectronics X-CUBE-NFC7 2.0.0
2026-06-12 10:56:41,258 [INFO] ThirdParty:1030 - CMSIS Pack Vendor :STMicroelectronics X-CUBE-GNSS1 7.1.1
2026-06-12 10:56:41,258 [INFO] ThirdParty:1030 - CMSIS Pack Vendor :STMicroelectronics FP-SNS-MOTENVWB1 1.5.0
2026-06-12 10:56:41,258 [INFO] ThirdParty:1030 - CMSIS Pack Vendor :STMicroelectronics X-CUBE-TCPP 4.2.0
2026-06-12 10:56:41,258 [INFO] ThirdParty:1030 - CMSIS Pack Vendor :RealThread X-CUBE-RT-Thread_Nano 4.1.1
2026-06-12 10:56:41,258 [INFO] ThirdParty:1030 - CMSIS Pack Vendor :STMicroelectronics FP-ATR-SIGFOX1 3.2.0
2026-06-12 10:56:41,258 [INFO] ThirdParty:1030 - CMSIS Pack Vendor :STMicroelectronics X-CUBE-NFC10 1.0.0
2026-06-12 10:56:41,258 [INFO] ThirdParty:1030 - CMSIS Pack Vendor :STMicroelectronics X-CUBE-FREERTOS 1.3.1
2026-06-12 10:56:41,258 [INFO] ThirdParty:1030 - CMSIS Pack Vendor :STMicroelectronics HAL Drivers 0.0.0
2026-06-12 10:56:41,258 [INFO] ThirdParty:1030 - CMSIS Pack Vendor :STMicroelectronics X-CUBE-FREERTOS 1.5.0
2026-06-12 10:56:41,258 [INFO] ThirdParty:1030 - CMSIS Pack Vendor :STMicroelectronics MBEDTLS 2.16.2
2026-06-12 10:56:41,258 [INFO] ThirdParty:1030 - CMSIS Pack Vendor :STMicroelectronics X-CUBE-ST60 1.1.0
2026-06-12 10:56:41,258 [INFO] ThirdParty:1030 - CMSIS Pack Vendor :STMicroelectronics X-CUBE-IPS 3.1.0
2026-06-12 10:56:41,258 [INFO] ThirdParty:1030 - CMSIS Pack Vendor :STMicroelectronics X-CUBE-ALS 1.0.2
2026-06-12 10:56:41,258 [INFO] ThirdParty:1030 - CMSIS Pack Vendor :STMicroelectronics MBEDTLS 2.14.1
2026-06-12 10:56:41,258 [INFO] ThirdParty:1030 - CMSIS Pack Vendor :STMicroelectronics X-CUBE-GNSS1 7.1.0
2026-06-12 10:56:41,258 [INFO] ThirdParty:1030 - CMSIS Pack Vendor :STMicroelectronics X-CUBE-TOUCHGFX 4.26.1
2026-06-12 10:56:41,258 [INFO] ThirdParty:1030 - CMSIS Pack Vendor :portGmbH I-Cube-SoM-uGOAL 1.1.0
2026-06-12 10:56:41,258 [INFO] ThirdParty:1030 - CMSIS Pack Vendor :STMicroelectronics X-CUBE-NFC6 3.2.0
2026-06-12 10:56:41,258 [INFO] ThirdParty:1030 - CMSIS Pack Vendor :STMicroelectronics X-CUBE-ST67W61 1.0.0
2026-06-12 10:56:41,258 [INFO] ThirdParty:1030 - CMSIS Pack Vendor :STMicroelectronics FP-SNS-STAIOTCFT 1.0.0
2026-06-12 10:56:41,258 [INFO] ThirdParty:1030 - CMSIS Pack Vendor :STMicroelectronics ThreadX 1.0.0
2026-06-12 10:56:41,258 [INFO] ThirdParty:1030 - CMSIS Pack Vendor :STMicroelectronics FP-SNS-SMARTAG2 1.2.0
2026-06-12 10:56:41,258 [INFO] ThirdParty:1030 - CMSIS Pack Vendor :STMicroelectronics X-CUBE-MEMS1 12.1.0
2026-06-12 10:56:41,258 [INFO] ThirdParty:1030 - CMSIS Pack Vendor :STMicroelectronics FP-SNS-FLIGHT1 5.1.0
2026-06-12 10:56:41,258 [INFO] ThirdParty:1030 - CMSIS Pack Vendor :STMicroelectronics X-CUBE-AZRTOS-WL 2.0.0
2026-06-12 10:56:41,258 [INFO] ThirdParty:1030 - CMSIS Pack Vendor :SEGGER I-CUBE-embOS 1.3.1
2026-06-12 10:56:41,258 [INFO] ThirdParty:1030 - CMSIS Pack Vendor :STMicroelectronics X-CUBE-ALGOBUILD 1.4.0
2026-06-12 10:56:41,259 [INFO] ThirdParty:1030 - CMSIS Pack Vendor :STMicroelectronics X-CUBE-DPower 1.3.0
2026-06-12 10:56:41,259 [INFO] ThirdParty:1030 - CMSIS Pack Vendor :STMicroelectronics X-CUBE-MEMS1 11.3.0
2026-06-12 10:56:41,259 [INFO] ThirdParty:1030 - CMSIS Pack Vendor :STMicroelectronics FP-SNS-MOTENV1 5.0.0
2026-06-12 10:56:41,259 [INFO] ThirdParty:1030 - CMSIS Pack Vendor :STMicroelectronics USB_DEVICE 1.0.0
2026-06-12 10:56:41,259 [INFO] ThirdParty:1030 - CMSIS Pack Vendor :STMicroelectronics X-CUBE-AZRTOS-H7RS 1.2.0
2026-06-12 10:56:41,259 [INFO] ThirdParty:1030 - CMSIS Pack Vendor :STMicroelectronics X-CUBE-AZRTOS-L4 2.0.0
2026-06-12 10:56:41,259 [INFO] ThirdParty:1030 - CMSIS Pack Vendor :STMicroelectronics ThreadX 0.0.2
2026-06-12 10:56:41,259 [INFO] ThirdParty:1030 - CMSIS Pack Vendor :WES I-CUBE-Cesium 1.3.0
2026-06-12 10:56:41,259 [INFO] ThirdParty:1030 - CMSIS Pack Vendor :STMicroelectronics lwIP 2.1.2
2026-06-12 10:56:41,259 [INFO] ThirdParty:1030 - CMSIS Pack Vendor :STMicroelectronics X-CUBE-SFXS2LP1 4.0.0
2026-06-12 10:56:41,259 [INFO] ThirdParty:1030 - CMSIS Pack Vendor :STMicroelectronics X-CUBE-BLE2 3.3.0
2026-06-12 10:56:41,259 [INFO] ThirdParty:1030 - CMSIS Pack Vendor :Avnet-IOTCONNECT X-CUBE-iotc-st67-sdk 1.0.0
2026-06-12 10:56:41,259 [INFO] ThirdParty:1030 - CMSIS Pack Vendor :STMicroelectronics X-CUBE-TOF1 3.4.3
2026-06-12 10:56:41,259 [INFO] ThirdParty:1030 - CMSIS Pack Vendor :STMicroelectronics PDM2PCM 3.2.0
2026-06-12 10:56:41,259 [INFO] ThirdParty:1030 - CMSIS Pack Vendor :STMicroelectronics X-CUBE-WB05N 2.1.0
2026-06-12 10:56:41,259 [INFO] ThirdParty:1030 - CMSIS Pack Vendor :STMicroelectronics X-CUBE-ST67W61 1.2.0
2026-06-12 10:56:41,260 [INFO] ThirdParty:841 - exiting critical section [change project]
2026-06-12 10:56:41,770 [INFO] PinOutPanel:1589 - setPackage(No Configuration,No Configuration)
2026-06-12 10:56:41,773 [INFO] PinOutPanel:1589 - setPackage(STM32F103RCTx,LQFP64)
2026-06-12 10:56:42,412 [INFO] UtilMem:75 - Before build in PCC Used Memory: 665845760 Bytes (1073741824)
2026-06-12 10:56:43,721 [INFO] UtilMem:75 - After build in PCC Used Memory: 743440384 Bytes (1073741824)
2026-06-12 10:56:43,770 [INFO] IPUIPlugin:80 - create IPUIPlugin
2026-06-12 10:56:43,770 [INFO] IPUIPlugin:80 - create IPUIPlugin
2026-06-12 10:56:43,770 [INFO] IPUIPlugin:80 - create IPUIPlugin
2026-06-12 10:56:43,770 [INFO] IPUIPlugin:80 - create IPUIPlugin
2026-06-12 10:56:43,771 [INFO] IPUIPlugin:80 - create IPUIPlugin
2026-06-12 10:56:43,771 [INFO] IPUIPlugin:80 - create IPUIPlugin
2026-06-12 10:56:43,771 [INFO] IPUIPlugin:80 - create IPUIPlugin
2026-06-12 10:56:43,771 [INFO] IPUIPlugin:80 - create IPUIPlugin
2026-06-12 10:56:43,771 [INFO] IPUIPlugin:80 - create IPUIPlugin
2026-06-12 10:56:43,771 [INFO] IPUIPlugin:80 - create IPUIPlugin
2026-06-12 10:56:43,772 [INFO] IPUIPlugin:80 - create IPUIPlugin
2026-06-12 10:56:43,772 [INFO] IPUIPlugin:80 - create IPUIPlugin
2026-06-12 10:56:43,772 [INFO] IPUIPlugin:80 - create IPUIPlugin
2026-06-12 10:56:43,772 [INFO] IPUIPlugin:80 - create IPUIPlugin
2026-06-12 10:56:43,772 [INFO] IPUIPlugin:80 - create IPUIPlugin
2026-06-12 10:56:43,772 [INFO] IPUIPlugin:80 - create IPUIPlugin
2026-06-12 10:56:43,773 [INFO] IPUIPlugin:80 - create IPUIPlugin
2026-06-12 10:56:43,773 [INFO] IPUIPlugin:80 - create IPUIPlugin
2026-06-12 10:56:43,773 [INFO] IPUIPlugin:80 - create IPUIPlugin
2026-06-12 10:56:43,773 [INFO] IPUIPlugin:80 - create IPUIPlugin
2026-06-12 10:56:43,773 [INFO] IPUIPlugin:80 - create IPUIPlugin
2026-06-12 10:56:43,774 [INFO] IPUIPlugin:80 - create IPUIPlugin
2026-06-12 10:56:43,774 [INFO] IPUIPlugin:80 - create IPUIPlugin
2026-06-12 10:56:43,774 [INFO] IPUIPlugin:80 - create IPUIPlugin
2026-06-12 10:56:43,774 [INFO] IPUIPlugin:80 - create IPUIPlugin
2026-06-12 10:56:43,775 [INFO] IPUIPlugin:80 - create IPUIPlugin
2026-06-12 10:56:43,775 [INFO] IPUIPlugin:80 - create IPUIPlugin
2026-06-12 10:56:43,775 [INFO] IPUIPlugin:80 - create IPUIPlugin
2026-06-12 10:56:43,776 [INFO] IPUIPlugin:80 - create IPUIPlugin
2026-06-12 10:56:43,776 [INFO] IPUIPlugin:80 - create IPUIPlugin
2026-06-12 10:56:43,776 [INFO] IPUIPlugin:80 - create IPUIPlugin
2026-06-12 10:56:43,777 [INFO] IPUIPlugin:80 - create IPUIPlugin
2026-06-12 10:56:43,777 [INFO] IPUIPlugin:80 - create IPUIPlugin
2026-06-12 10:56:43,777 [INFO] IPUIPlugin:80 - create IPUIPlugin
2026-06-12 10:56:43,778 [INFO] IPUIPlugin:80 - create IPUIPlugin
2026-06-12 10:56:43,778 [INFO] IPUIPlugin:80 - create IPUIPlugin
2026-06-12 10:56:43,778 [INFO] IPUIPlugin:80 - create IPUIPlugin
2026-06-12 10:56:43,779 [INFO] IPUIPlugin:80 - create IPUIPlugin
2026-06-12 10:56:43,779 [INFO] IPUIPlugin:80 - create IPUIPlugin
2026-06-12 10:56:43,797 [WARN] IP:2250 - I2C_Coeff_DF not found: check if there is a RefParameter without a condition.
2026-06-12 10:56:43,797 [WARN] IP:2250 - Analog_Filter not found: check if there is a RefParameter without a condition.
2026-06-12 10:56:44,089 [INFO] CADModel:165 - CPN selected for project levelSTM32F103RCT6
2026-06-12 10:56:44,089 [INFO] CADModel:114 - Register for checkConnection events
2026-06-12 10:56:44,142 [INFO] OpenFileManager:386 - Restore cursor
2026-06-12 10:56:44,396 [WARN] IP:2250 - I2C_Coeff_DF not found: check if there is a RefParameter without a condition.
2026-06-12 10:56:44,396 [WARN] IP:2250 - Analog_Filter not found: check if there is a RefParameter without a condition.
2026-06-12 10:56:44,398 [WARN] IP:2250 - I2C_Coeff_DF not found: check if there is a RefParameter without a condition.
2026-06-12 10:56:44,399 [WARN] IP:2250 - Analog_Filter not found: check if there is a RefParameter without a condition.
2026-06-12 11:00:36,778 [INFO] UtilMem:75 - End SaveConfig() Used Memory: 942476768 Bytes (1073741824)
2026-06-12 11:00:37,827 [INFO] UtilMem:75 - End SaveConfig() Used Memory: 990731920 Bytes (1073741824)
2026-06-12 11:00:40,895 [INFO] UtilMem:75 - End SaveConfig() Used Memory: 645265928 Bytes (1073741824)
2026-06-12 11:00:41,901 [INFO] BlockDiagram:2775 - set Specific Code input for plugin: NVIC
2026-06-12 11:00:41,902 [INFO] BlockDiagram:2775 - set Specific Code input for plugin: USART
2026-06-12 11:00:41,902 [INFO] BlockDiagram:2775 - set Specific Code input for plugin: USART
2026-06-12 11:00:41,902 [INFO] BlockDiagram:2775 - set Specific Code input for plugin: TIM6_7F1
2026-06-12 11:00:41,903 [INFO] BlockDiagram:2775 - set Specific Code input for plugin: TIM1_8F1
2026-06-12 11:00:41,904 [INFO] BlockDiagram:2775 - set Specific Code input for plugin: TIM1_8F1
2026-06-12 11:00:41,904 [INFO] BlockDiagram:2775 - set Specific Code input for plugin: SYS
2026-06-12 11:00:41,905 [INFO] BlockDiagram:2775 - set Specific Code input for plugin: GPIO
2026-06-12 11:00:41,908 [INFO] BlockDiagram:2775 - set Specific Code input for plugin: RCC
2026-06-12 11:00:41,909 [INFO] BlockDiagram:2775 - set Specific Code input for plugin: I2C
2026-06-12 11:00:41,912 [INFO] CodeGenerator:892 - code generatio: config db path: C:\ST\STM32CubeIDE_1.19.0\STM32CubeIDE\plugins\com.st.stm32cube.common.mx_6.15.0.202507011659\\db\
2026-06-12 11:00:41,919 [WARN] IP:2250 - I2C_Coeff_DF not found: check if there is a RefParameter without a condition.
2026-06-12 11:00:41,920 [WARN] IP:2250 - Analog_Filter not found: check if there is a RefParameter without a condition.
2026-06-12 11:00:42,271 [INFO] CodeEngine:265 - oldGeneratedFile, C:\Users\Usuario\Desktop\UNAL\2026-1\Control\proyectoControl\controlRobot\MXTmpFiles\license.tmp_save
2026-06-12 11:00:43,274 [INFO] CodeEngine:289 - Generated code: C:\Users\Usuario\Desktop\UNAL\2026-1\Control\proyectoControl\controlRobot\MXTmpFiles\license.tmp
2026-06-12 11:00:43,494 [INFO] CodeEngine:265 - oldGeneratedFile, C:\Users\Usuario\Desktop\UNAL\2026-1\Control\proyectoControl\controlRobot\MXTmpFiles\gpio.tmp_save
2026-06-12 11:00:43,699 [INFO] CodeEngine:289 - Generated code: C:\Users\Usuario\Desktop\UNAL\2026-1\Control\proyectoControl\controlRobot\MXTmpFiles\gpio.tmp
2026-06-12 11:00:44,445 [INFO] CodeEngine:265 - oldGeneratedFile, C:\Users\Usuario\Desktop\UNAL\2026-1\Control\proyectoControl\controlRobot\Core\Src\stm32f1xx_it.c_save
2026-06-12 11:00:44,646 [INFO] CodeEngine:289 - Generated code: C:\Users\Usuario\Desktop\UNAL\2026-1\Control\proyectoControl\controlRobot\Core\Src\stm32f1xx_it.c
2026-06-12 11:00:44,663 [INFO] CodeEngine:265 - oldGeneratedFile, C:\Users\Usuario\Desktop\UNAL\2026-1\Control\proyectoControl\controlRobot\Core\Inc\stm32f1xx_it.h_save
2026-06-12 11:00:44,802 [INFO] CodeEngine:289 - Generated code: C:\Users\Usuario\Desktop\UNAL\2026-1\Control\proyectoControl\controlRobot\Core\Inc\stm32f1xx_it.h
2026-06-12 11:00:45,127 [INFO] CodeEngine:265 - oldGeneratedFile, C:\Users\Usuario\Desktop\UNAL\2026-1\Control\proyectoControl\controlRobot\Core\Src\stm32f1xx_hal_msp.c_save
2026-06-12 11:00:45,540 [INFO] CodeEngine:289 - Generated code: C:\Users\Usuario\Desktop\UNAL\2026-1\Control\proyectoControl\controlRobot\Core\Src\stm32f1xx_hal_msp.c
2026-06-12 11:00:45,559 [INFO] CodeEngine:265 - oldGeneratedFile, C:\Users\Usuario\Desktop\UNAL\2026-1\Control\proyectoControl\controlRobot\MXTmpFiles\system.tmp_save
2026-06-12 11:00:45,732 [INFO] CodeEngine:289 - Generated code: C:\Users\Usuario\Desktop\UNAL\2026-1\Control\proyectoControl\controlRobot\MXTmpFiles\system.tmp
2026-06-12 11:00:46,481 [INFO] CodeEngine:321 - oldGeneratedFile, C:\Users\Usuario\Desktop\UNAL\2026-1\Control\proyectoControl\controlRobot\Core\Inc\stm32f1xx_hal_conf.h_save
2026-06-12 11:00:46,875 [INFO] CodeEngine:345 - Generated code: C:\Users\Usuario\Desktop\UNAL\2026-1\Control\proyectoControl\controlRobot\Core\Inc\stm32f1xx_hal_conf.h
2026-06-12 11:00:46,971 [INFO] ApiDbMcu:532 - Load IP Config File for I2C1
2026-06-12 11:00:47,010 [INFO] ApiDbMcu:532 - Load IP Config File for TIM2
2026-06-12 11:00:47,042 [INFO] ApiDbMcu:532 - Load IP Config File for TIM4
2026-06-12 11:00:47,072 [INFO] ApiDbMcu:532 - Load IP Config File for TIM6
2026-06-12 11:00:47,080 [INFO] ApiDbMcu:532 - Load IP Config File for USART1
2026-06-12 11:00:47,085 [INFO] ApiDbMcu:532 - Load IP Config File for USART3
2026-06-12 11:00:47,093 [INFO] ApiDbMcu:532 - Load IP Config File for RCC
2026-06-12 11:00:47,099 [WARN] IPConfigManager:3811 - IP not found : TIM
2026-06-12 11:00:47,104 [WARN] CodeGenerator:4259 - IP not found : null
2026-06-12 11:00:47,130 [INFO] CodeEngine:265 - oldGeneratedFile, C:\Users\Usuario\Desktop\UNAL\2026-1\Control\proyectoControl\controlRobot\Core\Inc\main.h_save
2026-06-12 11:00:47,665 [INFO] CodeEngine:289 - Generated code: C:\Users\Usuario\Desktop\UNAL\2026-1\Control\proyectoControl\controlRobot\Core\Inc\main.h
2026-06-12 11:00:47,771 [INFO] CodeEngine:265 - oldGeneratedFile, C:\Users\Usuario\Desktop\UNAL\2026-1\Control\proyectoControl\controlRobot\Core\Src\main.c_save
2026-06-12 11:00:48,320 [INFO] CodeEngine:289 - Generated code: C:\Users\Usuario\Desktop\UNAL\2026-1\Control\proyectoControl\controlRobot\Core\Src\main.c
2026-06-12 11:00:50,039 [INFO] ProjectBuilder:3606 - Time for Copy HAL[1] : 1211mS.
2026-06-12 11:00:50,057 [INFO] ProjectBuilder:5216 - Project Generator version: 4.7.0-B52
2026-06-12 11:00:50,217 [INFO] ConfigFileManager:1595 - The Die is : DIE414
2026-06-12 11:00:50,231 [INFO] ApiDbMcu:532 - Load IP Config File for FATFS
2026-06-12 11:00:50,244 [INFO] ApiDbMcu:532 - Load IP Config File for FREERTOS
2026-06-12 11:00:50,276 [INFO] ApiDbMcu:532 - Load IP Config File for USB_DEVICE
2026-06-12 11:00:53,448 [INFO] LogOutputStream:77 - [STDOUT_REDIRECT] 
2026-06-12 11:00:57,209 [INFO] ProjectBuilder:5496 - Time for Generating toolchain IDE Files: 7151mS.
2026-06-12 11:00:57,213 [INFO] ProjectBuilder:3463 - Time for Copy CMSIS : 3mS.
2026-06-12 11:00:57,223 [INFO] ProjectBuilder:3463 - Time for Copy CMSIS : 0mS.
2026-06-12 11:18:06,280 [INFO] MainUpdater:2872 - connection check result : 10
2026-06-12 11:18:06,280 [INFO] MainUpdater:2872 - connection check result : 10
2026-06-12 11:18:06,361 [INFO] MicroXplorer:468 - Change Database Path : 
2026-06-12 11:18:06,361 [INFO] MicroXplorer:498 - Change Database Version : DB.6.0.150
2026-06-12 11:18:06,393 [ERROR] ProjectManagerView:395 - 
java.lang.NullPointerException: Cannot invoke "javax.swing.JTextField.getText()" because the return value of "java.util.List.get(int)" is null
	at com.st.microxplorer.plugins.projectmanager.gui.ProjectChoiceTab$9.caretUpdate(ProjectChoiceTab.java:2706) ~[filemanager.jar:?]
	at javax.swing.text.JTextComponent.fireCaretUpdate(JTextComponent.java:408) ~[?:?]
	at javax.swing.text.JTextComponent$MutableCaretEvent.fire(JTextComponent.java:4484) ~[?:?]
	at javax.swing.text.JTextComponent$MutableCaretEvent.stateChanged(JTextComponent.java:4506) ~[?:?]
	at javax.swing.text.DefaultCaret.fireStateChanged(DefaultCaret.java:857) ~[?:?]
	at javax.swing.text.DefaultCaret.changeCaretPosition(DefaultCaret.java:1343) ~[?:?]
	at javax.swing.text.DefaultCaret.handleSetDot(DefaultCaret.java:1242) ~[?:?]
	at javax.swing.text.DefaultCaret.setDot(DefaultCaret.java:1223) ~[?:?]
	at javax.swing.text.DefaultCaret$Handler.insertUpdate(DefaultCaret.java:1819) ~[?:?]
	at javax.swing.text.AbstractDocument.fireInsertUpdate(AbstractDocument.java:227) ~[?:?]
	at javax.swing.text.AbstractDocument.handleInsertString(AbstractDocument.java:781) ~[?:?]
	at javax.swing.text.AbstractDocument.insertString(AbstractDocument.java:740) ~[?:?]
	at javax.swing.text.PlainDocument.insertString(PlainDocument.java:131) ~[?:?]
	at javax.swing.text.AbstractDocument.replace(AbstractDocument.java:699) ~[?:?]
	at javax.swing.text.JTextComponent.setText(JTextComponent.java:1725) ~[?:?]
	at com.st.microxplorer.plugins.projectmanager.gui.ProjectChoiceTab.createHeapStackFields(ProjectChoiceTab.java:993) ~[filemanager.jar:?]
	at com.st.microxplorer.plugins.projectmanager.gui.ProjectChoiceTab.buildLinkSettingsPanel(ProjectChoiceTab.java:3813) ~[filemanager.jar:?]
	at com.st.microxplorer.plugins.projectmanager.gui.ProjectChoiceTab.defineWindowsFields(ProjectChoiceTab.java:1987) ~[filemanager.jar:?]
	at com.st.microxplorer.plugins.projectmanager.gui.ProjectChoiceTab.updateSettings(ProjectChoiceTab.java:558) ~[filemanager.jar:?]
	at com.st.microxplorer.plugins.projectmanager.gui.ProjectSettingsPanel.UpdateDialog(ProjectSettingsPanel.java:247) ~[filemanager.jar:?]
	at com.st.microxplorer.plugins.projectmanager.ProjectManagerView.propertyChange(ProjectManagerView.java:392) ~[filemanager.jar:?]
	at java.beans.PropertyChangeSupport.fire(PropertyChangeSupport.java:343) ~[?:?]
	at java.beans.PropertyChangeSupport.firePropertyChange(PropertyChangeSupport.java:335) ~[?:?]
	at java.beans.PropertyChangeSupport.firePropertyChange(PropertyChangeSupport.java:268) ~[?:?]
	at com.st.microxplorer.util.MXPropertyChangeSupport.firePropertyChange(MXPropertyChangeSupport.java:54) ~[STM32CubeMX.jar:?]
	at com.st.microxplorer.mxsystem.MxSystem.closeConfig(MxSystem.java:899) ~[STM32CubeMX.jar:?]
	at com.st.microxplorer.maingui.MainPanel.closeConfig(MainPanel.java:792) ~[STM32CubeMX.jar:?]
	at com.st.microxplorer.plugins.filemanager.engine.OpenFileManager.loadConfigurationFile(OpenFileManager.java:288) ~[filemanager.jar:?]
	at com.st.microxplorer.plugins.filemanager.engine.MainFileManager.userLoadConfig(MainFileManager.java:364) ~[filemanager.jar:?]
	at com.st.microxplorer.plugins.filemanager.engine.MainFileManager.userLoadConfig(MainFileManager.java:342) ~[filemanager.jar:?]
	at com.st.microxplorer.plugins.filemanager.FileManagerView.getSpecificTask(FileManagerView.java:264) ~[filemanager.jar:?]
	at com.st.stm32cube.common.mx.editor.CubeMxEditor.getMxTabbedPaneInstance(CubeMxEditor.java:1198) ~[com.st.stm32cube.common.mx_6.15.0.202507011659/:?]
	at com.st.stm32cube.common.mx.editor.CubeMxEditor$12$1.createSwingComponent(CubeMxEditor.java:1068) ~[com.st.stm32cube.common.mx_6.15.0.202507011659/:?]
	at com.st.stm32cube.common.mx.oss.core.awtswtbridge.EmbeddedSwingComposite.doComponentCreation(EmbeddedSwingComposite.java:492) ~[com.st.stm32cube.common.mx.oss_6.15.0.202507011659/:?]
	at com.st.stm32cube.common.mx.oss.core.awtswtbridge.EmbeddedSwingComposite$4.run(EmbeddedSwingComposite.java:291) ~[com.st.stm32cube.common.mx.oss_6.15.0.202507011659/:?]
	at com.st.stm32cube.common.mx.oss.core.awtswtbridge.AwtEnvironment$2.run(AwtEnvironment.java:166) ~[com.st.stm32cube.common.mx.oss_6.15.0.202507011659/:?]
	at java.awt.event.InvocationEvent.dispatch(InvocationEvent.java:318) ~[?:?]
	at java.awt.EventQueue.dispatchEventImpl(EventQueue.java:773) ~[?:?]
	at java.awt.EventQueue$4.run(EventQueue.java:720) ~[?:?]
	at java.awt.EventQueue$4.run(EventQueue.java:714) ~[?:?]
	at java.security.AccessController.doPrivileged(AccessController.java:400) ~[?:?]
	at java.security.ProtectionDomain$JavaSecurityAccessImpl.doIntersectionPrivilege(ProtectionDomain.java:87) ~[?:?]
	at java.awt.EventQueue.dispatchEvent(EventQueue.java:742) ~[?:?]
	at java.awt.EventDispatchThread.pumpOneEventForFilters(EventDispatchThread.java:203) ~[?:?]
	at java.awt.EventDispatchThread.pumpEventsForFilter(EventDispatchThread.java:124) ~[?:?]
	at java.awt.EventDispatchThread.pumpEventsForHierarchy(EventDispatchThread.java:113) ~[?:?]
	at java.awt.EventDispatchThread.pumpEvents(EventDispatchThread.java:109) ~[?:?]
	at java.awt.EventDispatchThread.pumpEvents(EventDispatchThread.java:101) ~[?:?]
	at java.awt.EventDispatchThread.run(EventDispatchThread.java:90) ~[?:?]
2026-06-12 11:18:06,411 [WARN] ThirdParty:871 - waiting for thirdparty lock release [close project]
2026-06-12 11:18:06,411 [INFO] ThirdParty:873 - entering critical section [close project]
2026-06-12 11:18:06,411 [INFO] ThirdParty:883 - exiting critical section [close project]
2026-06-12 11:18:06,413 [INFO] PinOutPanel:1589 - setPackage(No Configuration,No Configuration)
2026-06-12 11:18:06,424 [INFO] UtilMem:75 - Begin LoadConfig() Used Memory: 961237192 Bytes (1073741824)
2026-06-12 11:18:06,425 [INFO] MicroXplorer:468 - Change Database Path : 
2026-06-12 11:18:06,425 [INFO] MicroXplorer:498 - Change Database Version : DB.6.0.150
2026-06-12 11:18:06,426 [INFO] OpenFileManager:355 - Change cursor
2026-06-12 11:18:06,457 [INFO] RulesReader:64 - Compatibility file has been processed (317 Rules)
2026-06-12 11:18:06,463 [INFO] Mcu:2029 - Initializing MCU STM32F103R(C-D-E)Tx STM32F103RCTx STM32F103RCT6
2026-06-12 11:18:07,543 [INFO] Context:786 - Trying to add GPIOservice into a context  which must be forbidden
2026-06-12 11:18:07,857 [INFO] ImportTextPane:234 - (OptionalMessage_ERROR) Pin5 (VP_RIF_VS_RIF1) cannot be retrieved for this MCU
2026-06-12 11:18:08,012 [INFO] RtosManager:558 - Registered RTOS mode: class=CMSIS, group=RTOS, mode=CMSIS_V1, owner=FREERTOS
2026-06-12 11:18:08,013 [INFO] RtosManager:558 - Registered RTOS mode: class=CMSIS, group=RTOS2, mode=CMSIS_V2, owner=FREERTOS
2026-06-12 11:18:08,013 [INFO] RtosManager:558 - Registered RTOS mode: class=RTOS, group=Core, mode=CMSIS_V1, owner=FREERTOS
2026-06-12 11:18:08,013 [INFO] RtosManager:558 - Registered RTOS mode: class=RTOS, group=Core, mode=CMSIS_V2, owner=FREERTOS
2026-06-12 11:18:08,013 [WARN] ModelIntegratedComponent:184 - Missing modes for component STMicroelectronics:FreeRTOS:0.0.1:STMicroelectronics:RTOS:FreeRTOS:Core:::10.2.0:
2026-06-12 11:18:08,026 [WARN] ModelIntegratedComponent:63 - No mode defined for component null
2026-06-12 11:18:08,026 [WARN] ModelIntegratedComponent:63 - No mode defined for component null
2026-06-12 11:18:08,027 [WARN] ModelIntegratedComponent:63 - No mode defined for component null
2026-06-12 11:18:08,027 [WARN] ModelIntegratedComponent:63 - No mode defined for component null
2026-06-12 11:18:08,027 [WARN] ModelIntegratedComponent:63 - No mode defined for component null
2026-06-12 11:18:08,027 [WARN] ModelIntegratedComponent:63 - No mode defined for component null
2026-06-12 11:18:08,027 [WARN] ModelIntegratedComponent:63 - No mode defined for component null
2026-06-12 11:18:08,027 [WARN] ModelIntegratedComponent:63 - No mode defined for component null
2026-06-12 11:18:08,027 [WARN] ModelIntegratedComponent:63 - No mode defined for component null
2026-06-12 11:18:08,027 [WARN] ModelIntegratedComponent:63 - No mode defined for component null
2026-06-12 11:18:08,027 [WARN] ModelIntegratedComponent:63 - No mode defined for component null
2026-06-12 11:18:08,027 [WARN] ModelIntegratedComponent:63 - No mode defined for component null
2026-06-12 11:18:08,027 [WARN] ModelIntegratedComponent:63 - No mode defined for component null
2026-06-12 11:18:08,027 [WARN] ModelIntegratedComponent:63 - No mode defined for component null
2026-06-12 11:18:08,027 [WARN] ModelIntegratedComponent:63 - No mode defined for component null
2026-06-12 11:18:08,027 [WARN] ModelIntegratedComponent:63 - No mode defined for component null
2026-06-12 11:18:08,027 [WARN] ModelIntegratedComponent:63 - No mode defined for component null
2026-06-12 11:18:08,027 [WARN] ModelIntegratedComponent:63 - No mode defined for component null
2026-06-12 11:18:08,028 [WARN] ModelIntegratedComponent:63 - No mode defined for component null
2026-06-12 11:18:08,028 [WARN] ModelIntegratedComponent:63 - No mode defined for component null
2026-06-12 11:18:08,028 [WARN] ModelIntegratedComponent:63 - No mode defined for component null
2026-06-12 11:18:08,028 [WARN] ModelIntegratedComponent:63 - No mode defined for component null
2026-06-12 11:18:08,028 [WARN] ModelIntegratedComponent:63 - No mode defined for component null
2026-06-12 11:18:08,028 [WARN] ModelIntegratedComponent:63 - No mode defined for component null
2026-06-12 11:18:08,028 [WARN] ModelIntegratedComponent:63 - No mode defined for component null
2026-06-12 11:18:08,028 [WARN] ModelIntegratedComponent:63 - No mode defined for component null
2026-06-12 11:18:08,028 [WARN] ModelIntegratedComponent:63 - No mode defined for component null
2026-06-12 11:18:08,028 [WARN] ModelIntegratedComponent:63 - No mode defined for component null
2026-06-12 11:18:08,028 [WARN] ModelIntegratedComponent:63 - No mode defined for component null
2026-06-12 11:18:08,028 [WARN] ModelIntegratedComponent:63 - No mode defined for component null
2026-06-12 11:18:08,028 [WARN] ModelIntegratedComponent:63 - No mode defined for component null
2026-06-12 11:18:08,028 [WARN] ModelIntegratedComponent:63 - No mode defined for component null
2026-06-12 11:18:08,028 [WARN] ModelIntegratedComponent:63 - No mode defined for component null
2026-06-12 11:18:08,028 [WARN] ModelIntegratedComponent:63 - No mode defined for component null
2026-06-12 11:18:08,029 [WARN] ModelIntegratedComponent:63 - No mode defined for component null
2026-06-12 11:18:08,029 [WARN] ModelPack:524 - Component already loaded: STMicroelectronics:HAL Drivers:0.0.0:STMicroelectronics:Device:STMicro_Driver:XSPI:HAL::0.0.1:HAL_XSPI
2026-06-12 11:18:08,153 [INFO] ThirdPartyModel:298 - Start build external matchings
2026-06-12 11:18:08,953 [INFO] ThirdPartyModel:316 - End build external matchings
2026-06-12 11:18:09,299 [INFO] UtilMem:75 - End LoadConfig() Used Memory: 753866248 Bytes (1073741824)
2026-06-12 11:18:09,342 [WARN] ThirdParty:833 - waiting for thirdparty lock release [change project]
2026-06-12 11:18:09,343 [INFO] ThirdParty:835 - entering critical section [change project]
2026-06-12 11:18:09,343 [INFO] ThirdParty:1030 - CMSIS Pack Vendor :STMicroelectronics X-CUBE-AZRTOS-H7 3.5.0
2026-06-12 11:18:09,343 [INFO] ThirdParty:1030 - CMSIS Pack Vendor :STMicroelectronics X-CUBE-PM33A1 1.0.0
2026-06-12 11:18:09,343 [INFO] ThirdParty:1030 - CMSIS Pack Vendor :STMicroelectronics USBPD 4.1
2026-06-12 11:18:09,343 [INFO] ThirdParty:1030 - CMSIS Pack Vendor :STMicroelectronics X-CUBE-NFC9 1.0.0
2026-06-12 11:18:09,343 [INFO] ThirdParty:1030 - CMSIS Pack Vendor :STMicroelectronics USB_HOST 2.0.0
2026-06-12 11:18:09,343 [INFO] ThirdParty:1030 - CMSIS Pack Vendor :STMicroelectronics FP-SNS-MOTENVWB1 1.4.0
2026-06-12 11:18:09,343 [INFO] ThirdParty:1030 - CMSIS Pack Vendor :STMicroelectronics X-CUBE-AZRTOS-F4 1.1.0
2026-06-12 11:18:09,343 [INFO] ThirdParty:1030 - CMSIS Pack Vendor :STMicroelectronics LIBJPEG 8.0.0
2026-06-12 11:18:09,343 [INFO] ThirdParty:1030 - CMSIS Pack Vendor :STMicroelectronics FP-ATR-ASTRA1 2.0.2
2026-06-12 11:18:09,343 [INFO] ThirdParty:1030 - CMSIS Pack Vendor :STMicroelectronics X-CUBE-BLE1 7.1.0
2026-06-12 11:18:09,344 [INFO] ThirdParty:1030 - CMSIS Pack Vendor :STMicroelectronics X-CUBE-SMBUS 2.1.0
2026-06-12 11:18:09,344 [INFO] ThirdParty:1030 - CMSIS Pack Vendor :STMicroelectronics USB_DEVICE 3.0.0
2026-06-12 11:18:09,344 [INFO] ThirdParty:1030 - CMSIS Pack Vendor :STMicroelectronics X-CUBE-ISPU 2.1.0
2026-06-12 11:18:09,344 [INFO] ThirdParty:1030 - CMSIS Pack Vendor :STMicroelectronics X-CUBE-IPS 3.2.0
2026-06-12 11:18:09,344 [INFO] ThirdParty:1030 - CMSIS Pack Vendor :STMicroelectronics eDS-WB_DPC_TT-BIDIR 2.1.1
2026-06-12 11:18:09,344 [INFO] ThirdParty:1030 - CMSIS Pack Vendor :STMicroelectronics X-CUBE-AZRTOS-WB 2.0.0
2026-06-12 11:18:09,345 [INFO] ThirdParty:1030 - CMSIS Pack Vendor :STMicroelectronics X-CUBE-ST60 1.0.0
2026-06-12 11:18:09,345 [INFO] ThirdParty:1030 - CMSIS Pack Vendor :STMicroelectronics X-CUBE-GNSS1 7.0.1
2026-06-12 11:18:09,345 [INFO] ThirdParty:1030 - CMSIS Pack Vendor :STMicroelectronics X-CUBE-AZRTOS-F7 1.1.0
2026-06-12 11:18:09,345 [INFO] ThirdParty:1030 - CMSIS Pack Vendor :STMicroelectronics X-CUBE-AZRTOS-L5 2.0.0
2026-06-12 11:18:09,345 [INFO] ThirdParty:1030 - CMSIS Pack Vendor :STMicroelectronics X-CUBE-TOUCHGFX 4.25.0
2026-06-12 11:18:09,345 [INFO] ThirdParty:1030 - CMSIS Pack Vendor :STMicroelectronics USB_DEVICE 2.0.0
2026-06-12 11:18:09,345 [INFO] ThirdParty:1030 - CMSIS Pack Vendor :STMicroelectronics X-CUBE-NFC6 3.1.0
2026-06-12 11:18:09,345 [INFO] ThirdParty:1030 - CMSIS Pack Vendor :STMicroelectronics FP-SNS-STAIOTCFT 1.1.0
2026-06-12 11:18:09,345 [INFO] ThirdParty:1030 - CMSIS Pack Vendor :quantropi X-CUBE-qispace-sdk-base 2.1.0
2026-06-12 11:18:09,345 [INFO] ThirdParty:1030 - CMSIS Pack Vendor :STMicroelectronics X-CUBE-MEMS1 12.0.0
2026-06-12 11:18:09,345 [INFO] ThirdParty:1030 - CMSIS Pack Vendor :STMicroelectronics X-CUBE-STSE01 2.0.0
2026-06-12 11:18:09,345 [INFO] ThirdParty:1030 - CMSIS Pack Vendor :STMicroelectronics X-CUBE-ALGOBUILD 1.5.0
2026-06-12 11:18:09,346 [INFO] ThirdParty:1030 - CMSIS Pack Vendor :STMicroelectronics FP-SNS-MOTENV1 5.1.0
2026-06-12 11:18:09,346 [INFO] ThirdParty:1030 - CMSIS Pack Vendor :STMicroelectronics FreeRTOS 0.0.1
2026-06-12 11:18:09,348 [INFO] ThirdParty:1030 - CMSIS Pack Vendor :STMicroelectronics X-CUBE-AZRTOS-G0 1.1.0
2026-06-12 11:18:09,348 [INFO] ThirdParty:1030 - CMSIS Pack Vendor :STMicroelectronics X-CUBE-SAFEA1 1.2.2
2026-06-12 11:18:09,348 [INFO] ThirdParty:1030 - CMSIS Pack Vendor :STMicroelectronics X-CUBE-NFC4 3.0.0
2026-06-12 11:18:09,348 [INFO] ThirdParty:1030 - CMSIS Pack Vendor :STMicroelectronics X-CUBE-SUBG2 5.0.0
2026-06-12 11:18:09,349 [INFO] ThirdParty:1030 - CMSIS Pack Vendor :STMicroelectronics X-CUBE-AZRTOS-H7RS 1.1.0
2026-06-12 11:18:09,349 [INFO] ThirdParty:1030 - CMSIS Pack Vendor :STMicroelectronics STM32_WPAN 1.0.0
2026-06-12 11:18:09,350 [INFO] ThirdParty:1030 - CMSIS Pack Vendor :STMicroelectronics eDS-WB_DPC_VIENNA 1.2.0
2026-06-12 11:18:09,351 [INFO] ThirdParty:1030 - CMSIS Pack Vendor :EmbeddedOffice I-CUBE-FS-RTOS 1.0.1
2026-06-12 11:18:09,352 [INFO] ThirdParty:1030 - CMSIS Pack Vendor :STMicroelectronics lwIP 2.0.3
2026-06-12 11:18:09,352 [INFO] ThirdParty:1030 - CMSIS Pack Vendor :Cesanta I-CUBE-Mongoose 7.13.0
2026-06-12 11:18:09,352 [INFO] ThirdParty:1030 - CMSIS Pack Vendor :STMicroelectronics eDS-WB_DPC_3PH2L-BIDIR 1.1.1
2026-06-12 11:18:09,352 [INFO] ThirdParty:1030 - CMSIS Pack Vendor :STMicroelectronics USB_HOST 1.0.0
2026-06-12 11:18:09,352 [INFO] ThirdParty:1030 - CMSIS Pack Vendor :STMicroelectronics X-CUBE-AZRTOS-G4 2.0.0
2026-06-12 11:18:09,354 [INFO] ThirdParty:1030 - CMSIS Pack Vendor :STMicroelectronics X-CUBE-WB05N 2.0.0
2026-06-12 11:18:09,355 [INFO] ThirdParty:1030 - CMSIS Pack Vendor :STMicroelectronics PDM2PCM 3.1.0
2026-06-12 11:18:09,355 [INFO] ThirdParty:1030 - CMSIS Pack Vendor :STMicroelectronics PDM2PCM 3.3.0
2026-06-12 11:18:09,356 [INFO] ThirdParty:1030 - CMSIS Pack Vendor :STMicroelectronics X-CUBE-AZRTOS-H7 3.4.0
2026-06-12 11:18:09,356 [INFO] ThirdParty:1030 - CMSIS Pack Vendor :STMicroelectronics X-CUBE-DISPLAY 3.0.0
2026-06-12 11:18:09,356 [INFO] ThirdParty:1030 - CMSIS Pack Vendor :STMicroelectronics X-CUBE-NFC7 2.0.0
2026-06-12 11:18:09,356 [INFO] ThirdParty:1030 - CMSIS Pack Vendor :STMicroelectronics X-CUBE-GNSS1 7.1.1
2026-06-12 11:18:09,356 [INFO] ThirdParty:1030 - CMSIS Pack Vendor :STMicroelectronics FP-SNS-MOTENVWB1 1.5.0
2026-06-12 11:18:09,356 [INFO] ThirdParty:1030 - CMSIS Pack Vendor :STMicroelectronics X-CUBE-TCPP 4.2.0
2026-06-12 11:18:09,356 [INFO] ThirdParty:1030 - CMSIS Pack Vendor :RealThread X-CUBE-RT-Thread_Nano 4.1.1
2026-06-12 11:18:09,357 [INFO] ThirdParty:1030 - CMSIS Pack Vendor :STMicroelectronics FP-ATR-SIGFOX1 3.2.0
2026-06-12 11:18:09,357 [INFO] ThirdParty:1030 - CMSIS Pack Vendor :STMicroelectronics X-CUBE-NFC10 1.0.0
2026-06-12 11:18:09,358 [INFO] ThirdParty:1030 - CMSIS Pack Vendor :STMicroelectronics X-CUBE-FREERTOS 1.3.1
2026-06-12 11:18:09,358 [INFO] ThirdParty:1030 - CMSIS Pack Vendor :STMicroelectronics HAL Drivers 0.0.0
2026-06-12 11:18:09,358 [INFO] ThirdParty:1030 - CMSIS Pack Vendor :STMicroelectronics X-CUBE-FREERTOS 1.5.0
2026-06-12 11:18:09,358 [INFO] ThirdParty:1030 - CMSIS Pack Vendor :STMicroelectronics MBEDTLS 2.16.2
2026-06-12 11:18:09,358 [INFO] ThirdParty:1030 - CMSIS Pack Vendor :STMicroelectronics X-CUBE-ST60 1.1.0
2026-06-12 11:18:09,358 [INFO] ThirdParty:1030 - CMSIS Pack Vendor :STMicroelectronics X-CUBE-IPS 3.1.0
2026-06-12 11:18:09,359 [INFO] ThirdParty:1030 - CMSIS Pack Vendor :STMicroelectronics X-CUBE-ALS 1.0.2
2026-06-12 11:18:09,359 [INFO] ThirdParty:1030 - CMSIS Pack Vendor :STMicroelectronics MBEDTLS 2.14.1
2026-06-12 11:18:09,359 [INFO] ThirdParty:1030 - CMSIS Pack Vendor :STMicroelectronics X-CUBE-GNSS1 7.1.0
2026-06-12 11:18:09,359 [INFO] ThirdParty:1030 - CMSIS Pack Vendor :STMicroelectronics X-CUBE-TOUCHGFX 4.26.1
2026-06-12 11:18:09,359 [INFO] ThirdParty:1030 - CMSIS Pack Vendor :portGmbH I-Cube-SoM-uGOAL 1.1.0
2026-06-12 11:18:09,359 [INFO] ThirdParty:1030 - CMSIS Pack Vendor :STMicroelectronics X-CUBE-NFC6 3.2.0
2026-06-12 11:18:09,359 [INFO] ThirdParty:1030 - CMSIS Pack Vendor :STMicroelectronics X-CUBE-ST67W61 1.0.0
2026-06-12 11:18:09,359 [INFO] ThirdParty:1030 - CMSIS Pack Vendor :STMicroelectronics FP-SNS-STAIOTCFT 1.0.0
2026-06-12 11:18:09,359 [INFO] ThirdParty:1030 - CMSIS Pack Vendor :STMicroelectronics ThreadX 1.0.0
2026-06-12 11:18:09,359 [INFO] ThirdParty:1030 - CMSIS Pack Vendor :STMicroelectronics FP-SNS-SMARTAG2 1.2.0
2026-06-12 11:18:09,360 [INFO] ThirdParty:1030 - CMSIS Pack Vendor :STMicroelectronics X-CUBE-MEMS1 12.1.0
2026-06-12 11:18:09,360 [INFO] ThirdParty:1030 - CMSIS Pack Vendor :STMicroelectronics FP-SNS-FLIGHT1 5.1.0
2026-06-12 11:18:09,360 [INFO] ThirdParty:1030 - CMSIS Pack Vendor :STMicroelectronics X-CUBE-AZRTOS-WL 2.0.0
2026-06-12 11:18:09,360 [INFO] ThirdParty:1030 - CMSIS Pack Vendor :SEGGER I-CUBE-embOS 1.3.1
2026-06-12 11:18:09,361 [INFO] ThirdParty:1030 - CMSIS Pack Vendor :STMicroelectronics X-CUBE-ALGOBUILD 1.4.0
2026-06-12 11:18:09,361 [INFO] ThirdParty:1030 - CMSIS Pack Vendor :STMicroelectronics X-CUBE-DPower 1.3.0
2026-06-12 11:18:09,361 [INFO] ThirdParty:1030 - CMSIS Pack Vendor :STMicroelectronics X-CUBE-MEMS1 11.3.0
2026-06-12 11:18:09,361 [INFO] ThirdParty:1030 - CMSIS Pack Vendor :STMicroelectronics FP-SNS-MOTENV1 5.0.0
2026-06-12 11:18:09,361 [INFO] ThirdParty:1030 - CMSIS Pack Vendor :STMicroelectronics USB_DEVICE 1.0.0
2026-06-12 11:18:09,361 [INFO] ThirdParty:1030 - CMSIS Pack Vendor :STMicroelectronics X-CUBE-AZRTOS-H7RS 1.2.0
2026-06-12 11:18:09,361 [INFO] ThirdParty:1030 - CMSIS Pack Vendor :STMicroelectronics X-CUBE-AZRTOS-L4 2.0.0
2026-06-12 11:18:09,361 [INFO] ThirdParty:1030 - CMSIS Pack Vendor :STMicroelectronics ThreadX 0.0.2
2026-06-12 11:18:09,361 [INFO] ThirdParty:1030 - CMSIS Pack Vendor :WES I-CUBE-Cesium 1.3.0
2026-06-12 11:18:09,361 [INFO] ThirdParty:1030 - CMSIS Pack Vendor :STMicroelectronics lwIP 2.1.2
2026-06-12 11:18:09,361 [INFO] ThirdParty:1030 - CMSIS Pack Vendor :STMicroelectronics X-CUBE-SFXS2LP1 4.0.0
2026-06-12 11:18:09,361 [INFO] ThirdParty:1030 - CMSIS Pack Vendor :STMicroelectronics X-CUBE-BLE2 3.3.0
2026-06-12 11:18:09,362 [INFO] ThirdParty:1030 - CMSIS Pack Vendor :Avnet-IOTCONNECT X-CUBE-iotc-st67-sdk 1.0.0
2026-06-12 11:18:09,362 [INFO] ThirdParty:1030 - CMSIS Pack Vendor :STMicroelectronics X-CUBE-TOF1 3.4.3
2026-06-12 11:18:09,362 [INFO] ThirdParty:1030 - CMSIS Pack Vendor :STMicroelectronics PDM2PCM 3.2.0
2026-06-12 11:18:09,362 [INFO] ThirdParty:1030 - CMSIS Pack Vendor :STMicroelectronics X-CUBE-WB05N 2.1.0
2026-06-12 11:18:09,362 [INFO] ThirdParty:1030 - CMSIS Pack Vendor :STMicroelectronics X-CUBE-ST67W61 1.2.0
2026-06-12 11:18:09,362 [INFO] ThirdParty:841 - exiting critical section [change project]
2026-06-12 11:18:09,738 [INFO] PinOutPanel:1589 - setPackage(No Configuration,No Configuration)
2026-06-12 11:18:09,739 [INFO] PinOutPanel:1589 - setPackage(STM32F103RCTx,LQFP64)
2026-06-12 11:18:10,240 [INFO] UtilMem:75 - Before build in PCC Used Memory: 878069144 Bytes (1073741824)
2026-06-12 11:18:10,607 [INFO] UtilMem:75 - After build in PCC Used Memory: 922109336 Bytes (1073741824)
2026-06-12 11:18:10,629 [INFO] IPUIPlugin:80 - create IPUIPlugin
2026-06-12 11:18:10,629 [INFO] IPUIPlugin:80 - create IPUIPlugin
2026-06-12 11:18:10,629 [INFO] IPUIPlugin:80 - create IPUIPlugin
2026-06-12 11:18:10,629 [INFO] IPUIPlugin:80 - create IPUIPlugin
2026-06-12 11:18:10,630 [INFO] IPUIPlugin:80 - create IPUIPlugin
2026-06-12 11:18:10,630 [INFO] IPUIPlugin:80 - create IPUIPlugin
2026-06-12 11:18:10,630 [INFO] IPUIPlugin:80 - create IPUIPlugin
2026-06-12 11:18:10,630 [INFO] IPUIPlugin:80 - create IPUIPlugin
2026-06-12 11:18:10,630 [INFO] IPUIPlugin:80 - create IPUIPlugin
2026-06-12 11:18:10,630 [INFO] IPUIPlugin:80 - create IPUIPlugin
2026-06-12 11:18:10,631 [INFO] IPUIPlugin:80 - create IPUIPlugin
2026-06-12 11:18:10,631 [INFO] IPUIPlugin:80 - create IPUIPlugin
2026-06-12 11:18:10,631 [INFO] IPUIPlugin:80 - create IPUIPlugin
2026-06-12 11:18:10,631 [INFO] IPUIPlugin:80 - create IPUIPlugin
2026-06-12 11:18:10,631 [INFO] IPUIPlugin:80 - create IPUIPlugin
2026-06-12 11:18:10,632 [INFO] IPUIPlugin:80 - create IPUIPlugin
2026-06-12 11:18:10,632 [INFO] IPUIPlugin:80 - create IPUIPlugin
2026-06-12 11:18:10,632 [INFO] IPUIPlugin:80 - create IPUIPlugin
2026-06-12 11:18:10,632 [INFO] IPUIPlugin:80 - create IPUIPlugin
2026-06-12 11:18:10,632 [INFO] IPUIPlugin:80 - create IPUIPlugin
2026-06-12 11:18:10,632 [INFO] IPUIPlugin:80 - create IPUIPlugin
2026-06-12 11:18:10,632 [INFO] IPUIPlugin:80 - create IPUIPlugin
2026-06-12 11:18:10,633 [INFO] IPUIPlugin:80 - create IPUIPlugin
2026-06-12 11:18:10,633 [INFO] IPUIPlugin:80 - create IPUIPlugin
2026-06-12 11:18:10,633 [INFO] IPUIPlugin:80 - create IPUIPlugin
2026-06-12 11:18:10,633 [INFO] IPUIPlugin:80 - create IPUIPlugin
2026-06-12 11:18:10,633 [INFO] IPUIPlugin:80 - create IPUIPlugin
2026-06-12 11:18:10,633 [INFO] IPUIPlugin:80 - create IPUIPlugin
2026-06-12 11:18:10,633 [INFO] IPUIPlugin:80 - create IPUIPlugin
2026-06-12 11:18:10,634 [INFO] IPUIPlugin:80 - create IPUIPlugin
2026-06-12 11:18:10,634 [INFO] IPUIPlugin:80 - create IPUIPlugin
2026-06-12 11:18:10,635 [INFO] IPUIPlugin:80 - create IPUIPlugin
2026-06-12 11:18:10,635 [INFO] IPUIPlugin:80 - create IPUIPlugin
2026-06-12 11:18:10,636 [INFO] IPUIPlugin:80 - create IPUIPlugin
2026-06-12 11:18:10,636 [INFO] IPUIPlugin:80 - create IPUIPlugin
2026-06-12 11:18:10,636 [INFO] IPUIPlugin:80 - create IPUIPlugin
2026-06-12 11:18:10,636 [INFO] IPUIPlugin:80 - create IPUIPlugin
2026-06-12 11:18:10,637 [INFO] IPUIPlugin:80 - create IPUIPlugin
2026-06-12 11:18:10,637 [INFO] IPUIPlugin:80 - create IPUIPlugin
2026-06-12 11:18:10,684 [INFO] CADModel:165 - CPN selected for project levelSTM32F103RCT6
2026-06-12 11:18:10,684 [INFO] CADModel:114 - Register for checkConnection events
2026-06-12 11:18:10,740 [INFO] OpenFileManager:386 - Restore cursor
2026-06-12 11:18:19,524 [INFO] UtilMem:75 - End SaveConfig() Used Memory: 877362208 Bytes (1073741824)
2026-06-12 11:18:20,529 [INFO] UtilMem:75 - End SaveConfig() Used Memory: 897765920 Bytes (1073741824)
2026-06-12 11:18:21,857 [INFO] UtilMem:75 - End SaveConfig() Used Memory: 969595424 Bytes (1073741824)
2026-06-12 11:18:22,049 [INFO] BlockDiagram:2775 - set Specific Code input for plugin: NVIC
2026-06-12 11:18:22,049 [INFO] BlockDiagram:2775 - set Specific Code input for plugin: USART
2026-06-12 11:18:22,049 [INFO] BlockDiagram:2775 - set Specific Code input for plugin: SYS
2026-06-12 11:18:22,050 [INFO] BlockDiagram:2775 - set Specific Code input for plugin: GPIO
2026-06-12 11:18:22,051 [INFO] BlockDiagram:2775 - set Specific Code input for plugin: RCC
2026-06-12 11:18:22,053 [INFO] CodeGenerator:892 - code generatio: config db path: C:\ST\STM32CubeIDE_1.19.0\STM32CubeIDE\plugins\com.st.stm32cube.common.mx_6.15.0.202507011659\\db\
2026-06-12 11:18:22,180 [INFO] CodeEngine:265 - oldGeneratedFile, C:\Users\Usuario\Desktop\UNAL\2026-1\Control\proyectoControl\blink\MXTmpFiles\license.tmp_save
2026-06-12 11:18:22,611 [INFO] CodeEngine:289 - Generated code: C:\Users\Usuario\Desktop\UNAL\2026-1\Control\proyectoControl\blink\MXTmpFiles\license.tmp
2026-06-12 11:18:22,752 [INFO] CodeEngine:265 - oldGeneratedFile, C:\Users\Usuario\Desktop\UNAL\2026-1\Control\proyectoControl\blink\MXTmpFiles\gpio.tmp_save
2026-06-12 11:18:22,973 [INFO] CodeEngine:289 - Generated code: C:\Users\Usuario\Desktop\UNAL\2026-1\Control\proyectoControl\blink\MXTmpFiles\gpio.tmp
2026-06-12 11:18:23,067 [INFO] CodeEngine:265 - oldGeneratedFile, C:\Users\Usuario\Desktop\UNAL\2026-1\Control\proyectoControl\blink\Core\Src\stm32f1xx_it.c_save
2026-06-12 11:18:23,462 [INFO] CodeEngine:289 - Generated code: C:\Users\Usuario\Desktop\UNAL\2026-1\Control\proyectoControl\blink\Core\Src\stm32f1xx_it.c
2026-06-12 11:18:23,482 [INFO] CodeEngine:265 - oldGeneratedFile, C:\Users\Usuario\Desktop\UNAL\2026-1\Control\proyectoControl\blink\Core\Inc\stm32f1xx_it.h_save
2026-06-12 11:18:23,622 [INFO] CodeEngine:289 - Generated code: C:\Users\Usuario\Desktop\UNAL\2026-1\Control\proyectoControl\blink\Core\Inc\stm32f1xx_it.h
2026-06-12 11:18:23,653 [INFO] CodeEngine:265 - oldGeneratedFile, C:\Users\Usuario\Desktop\UNAL\2026-1\Control\proyectoControl\blink\Core\Src\stm32f1xx_hal_msp.c_save
2026-06-12 11:18:23,915 [INFO] CodeEngine:289 - Generated code: C:\Users\Usuario\Desktop\UNAL\2026-1\Control\proyectoControl\blink\Core\Src\stm32f1xx_hal_msp.c
2026-06-12 11:18:23,928 [INFO] CodeEngine:265 - oldGeneratedFile, C:\Users\Usuario\Desktop\UNAL\2026-1\Control\proyectoControl\blink\MXTmpFiles\system.tmp_save
2026-06-12 11:18:24,025 [INFO] CodeEngine:289 - Generated code: C:\Users\Usuario\Desktop\UNAL\2026-1\Control\proyectoControl\blink\MXTmpFiles\system.tmp
2026-06-12 11:18:24,053 [INFO] CodeEngine:321 - oldGeneratedFile, C:\Users\Usuario\Desktop\UNAL\2026-1\Control\proyectoControl\blink\Core\Inc\stm32f1xx_hal_conf.h_save
2026-06-12 11:18:24,164 [INFO] CodeEngine:345 - Generated code: C:\Users\Usuario\Desktop\UNAL\2026-1\Control\proyectoControl\blink\Core\Inc\stm32f1xx_hal_conf.h
2026-06-12 11:18:24,201 [INFO] ApiDbMcu:532 - Load IP Config File for USART1
2026-06-12 11:18:24,206 [INFO] ApiDbMcu:532 - Load IP Config File for RCC
2026-06-12 11:18:24,228 [INFO] CodeEngine:265 - oldGeneratedFile, C:\Users\Usuario\Desktop\UNAL\2026-1\Control\proyectoControl\blink\Core\Inc\main.h_save
2026-06-12 11:18:24,359 [INFO] CodeEngine:289 - Generated code: C:\Users\Usuario\Desktop\UNAL\2026-1\Control\proyectoControl\blink\Core\Inc\main.h
2026-06-12 11:18:24,371 [INFO] CodeEngine:265 - oldGeneratedFile, C:\Users\Usuario\Desktop\UNAL\2026-1\Control\proyectoControl\blink\Core\Src\main.c_save
2026-06-12 11:18:24,504 [INFO] CodeEngine:289 - Generated code: C:\Users\Usuario\Desktop\UNAL\2026-1\Control\proyectoControl\blink\Core\Src\main.c
2026-06-12 11:18:24,996 [INFO] ProjectBuilder:3606 - Time for Copy HAL[1] : 294mS.
2026-06-12 11:18:25,002 [INFO] ProjectBuilder:5216 - Project Generator version: 4.7.0-B52
2026-06-12 11:18:25,078 [INFO] ConfigFileManager:1595 - The Die is : DIE414
2026-06-12 11:18:25,080 [INFO] ApiDbMcu:532 - Load IP Config File for FATFS
2026-06-12 11:18:25,083 [INFO] ApiDbMcu:532 - Load IP Config File for FREERTOS
2026-06-12 11:18:25,089 [INFO] ApiDbMcu:532 - Load IP Config File for USB_DEVICE
2026-06-12 11:18:26,559 [INFO] ProjectBuilder:5496 - Time for Generating toolchain IDE Files: 1557mS.
2026-06-12 11:18:26,560 [INFO] ProjectBuilder:3463 - Time for Copy CMSIS : 1mS.
2026-06-12 11:18:26,568 [INFO] ProjectBuilder:3463 - Time for Copy CMSIS : 0mS.
2026-06-12 11:31:49,071 [INFO] MainUpdater:2872 - connection check result : 10
2026-06-12 11:31:49,071 [INFO] MainUpdater:2872 - connection check result : 10
2026-06-12 11:31:49,140 [INFO] MicroXplorer:468 - Change Database Path : 
2026-06-12 11:31:49,140 [INFO] MicroXplorer:498 - Change Database Version : DB.6.0.150
2026-06-12 11:31:49,172 [ERROR] ProjectManagerView:395 - 
java.lang.NullPointerException: Cannot invoke "javax.swing.JTextField.getText()" because the return value of "java.util.List.get(int)" is null
	at com.st.microxplorer.plugins.projectmanager.gui.ProjectChoiceTab$9.caretUpdate(ProjectChoiceTab.java:2706) ~[filemanager.jar:?]
	at javax.swing.text.JTextComponent.fireCaretUpdate(JTextComponent.java:408) ~[?:?]
	at javax.swing.text.JTextComponent$MutableCaretEvent.fire(JTextComponent.java:4484) ~[?:?]
	at javax.swing.text.JTextComponent$MutableCaretEvent.stateChanged(JTextComponent.java:4506) ~[?:?]
	at javax.swing.text.DefaultCaret.fireStateChanged(DefaultCaret.java:857) ~[?:?]
	at javax.swing.text.DefaultCaret.changeCaretPosition(DefaultCaret.java:1343) ~[?:?]
	at javax.swing.text.DefaultCaret.handleSetDot(DefaultCaret.java:1242) ~[?:?]
	at javax.swing.text.DefaultCaret.setDot(DefaultCaret.java:1223) ~[?:?]
	at javax.swing.text.DefaultCaret$Handler.insertUpdate(DefaultCaret.java:1819) ~[?:?]
	at javax.swing.text.AbstractDocument.fireInsertUpdate(AbstractDocument.java:227) ~[?:?]
	at javax.swing.text.AbstractDocument.handleInsertString(AbstractDocument.java:781) ~[?:?]
	at javax.swing.text.AbstractDocument.insertString(AbstractDocument.java:740) ~[?:?]
	at javax.swing.text.PlainDocument.insertString(PlainDocument.java:131) ~[?:?]
	at javax.swing.text.AbstractDocument.replace(AbstractDocument.java:699) ~[?:?]
	at javax.swing.text.JTextComponent.setText(JTextComponent.java:1725) ~[?:?]
	at com.st.microxplorer.plugins.projectmanager.gui.ProjectChoiceTab.createHeapStackFields(ProjectChoiceTab.java:993) ~[filemanager.jar:?]
	at com.st.microxplorer.plugins.projectmanager.gui.ProjectChoiceTab.buildLinkSettingsPanel(ProjectChoiceTab.java:3813) ~[filemanager.jar:?]
	at com.st.microxplorer.plugins.projectmanager.gui.ProjectChoiceTab.defineWindowsFields(ProjectChoiceTab.java:1987) ~[filemanager.jar:?]
	at com.st.microxplorer.plugins.projectmanager.gui.ProjectChoiceTab.updateSettings(ProjectChoiceTab.java:558) ~[filemanager.jar:?]
	at com.st.microxplorer.plugins.projectmanager.gui.ProjectSettingsPanel.UpdateDialog(ProjectSettingsPanel.java:247) ~[filemanager.jar:?]
	at com.st.microxplorer.plugins.projectmanager.ProjectManagerView.propertyChange(ProjectManagerView.java:392) ~[filemanager.jar:?]
	at java.beans.PropertyChangeSupport.fire(PropertyChangeSupport.java:343) ~[?:?]
	at java.beans.PropertyChangeSupport.firePropertyChange(PropertyChangeSupport.java:335) ~[?:?]
	at java.beans.PropertyChangeSupport.firePropertyChange(PropertyChangeSupport.java:268) ~[?:?]
	at com.st.microxplorer.util.MXPropertyChangeSupport.firePropertyChange(MXPropertyChangeSupport.java:54) ~[STM32CubeMX.jar:?]
	at com.st.microxplorer.mxsystem.MxSystem.closeConfig(MxSystem.java:899) ~[STM32CubeMX.jar:?]
	at com.st.microxplorer.maingui.MainPanel.closeConfig(MainPanel.java:792) ~[STM32CubeMX.jar:?]
	at com.st.microxplorer.plugins.filemanager.engine.OpenFileManager.loadConfigurationFile(OpenFileManager.java:288) ~[filemanager.jar:?]
	at com.st.microxplorer.plugins.filemanager.engine.MainFileManager.userLoadConfig(MainFileManager.java:364) ~[filemanager.jar:?]
	at com.st.microxplorer.plugins.filemanager.engine.MainFileManager.userLoadConfig(MainFileManager.java:342) ~[filemanager.jar:?]
	at com.st.microxplorer.plugins.filemanager.FileManagerView.getSpecificTask(FileManagerView.java:264) ~[filemanager.jar:?]
	at com.st.stm32cube.common.mx.editor.CubeMxEditor.getMxTabbedPaneInstance(CubeMxEditor.java:1198) ~[com.st.stm32cube.common.mx_6.15.0.202507011659/:?]
	at com.st.stm32cube.common.mx.editor.CubeMxEditor$12$1.createSwingComponent(CubeMxEditor.java:1068) ~[com.st.stm32cube.common.mx_6.15.0.202507011659/:?]
	at com.st.stm32cube.common.mx.oss.core.awtswtbridge.EmbeddedSwingComposite.doComponentCreation(EmbeddedSwingComposite.java:492) ~[com.st.stm32cube.common.mx.oss_6.15.0.202507011659/:?]
	at com.st.stm32cube.common.mx.oss.core.awtswtbridge.EmbeddedSwingComposite$4.run(EmbeddedSwingComposite.java:291) ~[com.st.stm32cube.common.mx.oss_6.15.0.202507011659/:?]
	at com.st.stm32cube.common.mx.oss.core.awtswtbridge.AwtEnvironment$2.run(AwtEnvironment.java:166) ~[com.st.stm32cube.common.mx.oss_6.15.0.202507011659/:?]
	at java.awt.event.InvocationEvent.dispatch(InvocationEvent.java:318) ~[?:?]
	at java.awt.EventQueue.dispatchEventImpl(EventQueue.java:773) ~[?:?]
	at java.awt.EventQueue$4.run(EventQueue.java:720) ~[?:?]
	at java.awt.EventQueue$4.run(EventQueue.java:714) ~[?:?]
	at java.security.AccessController.doPrivileged(AccessController.java:400) ~[?:?]
	at java.security.ProtectionDomain$JavaSecurityAccessImpl.doIntersectionPrivilege(ProtectionDomain.java:87) ~[?:?]
	at java.awt.EventQueue.dispatchEvent(EventQueue.java:742) ~[?:?]
	at java.awt.EventDispatchThread.pumpOneEventForFilters(EventDispatchThread.java:203) ~[?:?]
	at java.awt.EventDispatchThread.pumpEventsForFilter(EventDispatchThread.java:124) ~[?:?]
	at java.awt.EventDispatchThread.pumpEventsForHierarchy(EventDispatchThread.java:113) ~[?:?]
	at java.awt.EventDispatchThread.pumpEvents(EventDispatchThread.java:109) ~[?:?]
	at java.awt.EventDispatchThread.pumpEvents(EventDispatchThread.java:101) ~[?:?]
	at java.awt.EventDispatchThread.run(EventDispatchThread.java:90) ~[?:?]
2026-06-12 11:31:49,173 [WARN] ThirdParty:871 - waiting for thirdparty lock release [close project]
2026-06-12 11:31:49,174 [INFO] ThirdParty:873 - entering critical section [close project]
2026-06-12 11:31:49,174 [INFO] ThirdParty:883 - exiting critical section [close project]
2026-06-12 11:31:49,176 [INFO] PinOutPanel:1589 - setPackage(No Configuration,No Configuration)
2026-06-12 11:31:49,182 [INFO] UtilMem:75 - Begin LoadConfig() Used Memory: 983930120 Bytes (1073741824)
2026-06-12 11:31:49,183 [INFO] MicroXplorer:468 - Change Database Path : 
2026-06-12 11:31:49,183 [INFO] MicroXplorer:498 - Change Database Version : DB.6.0.150
2026-06-12 11:31:49,183 [INFO] OpenFileManager:355 - Change cursor
2026-06-12 11:31:49,205 [INFO] RulesReader:64 - Compatibility file has been processed (317 Rules)
2026-06-12 11:31:49,208 [INFO] Mcu:2029 - Initializing MCU STM32F103R(C-D-E)Tx STM32F103RCTx STM32F103RCT6
2026-06-12 11:31:50,473 [INFO] Context:786 - Trying to add GPIOservice into a context  which must be forbidden
2026-06-12 11:31:50,866 [INFO] ImportTextPane:234 - (OptionalMessage_ERROR) Pin17 (VP_RIF_VS_RIF1) cannot be retrieved for this MCU
2026-06-12 11:31:51,033 [INFO] RtosManager:558 - Registered RTOS mode: class=CMSIS, group=RTOS, mode=CMSIS_V1, owner=FREERTOS
2026-06-12 11:31:51,033 [INFO] RtosManager:558 - Registered RTOS mode: class=CMSIS, group=RTOS2, mode=CMSIS_V2, owner=FREERTOS
2026-06-12 11:31:51,033 [INFO] RtosManager:558 - Registered RTOS mode: class=RTOS, group=Core, mode=CMSIS_V1, owner=FREERTOS
2026-06-12 11:31:51,033 [INFO] RtosManager:558 - Registered RTOS mode: class=RTOS, group=Core, mode=CMSIS_V2, owner=FREERTOS
2026-06-12 11:31:51,033 [WARN] ModelIntegratedComponent:184 - Missing modes for component STMicroelectronics:FreeRTOS:0.0.1:STMicroelectronics:RTOS:FreeRTOS:Core:::10.2.0:
2026-06-12 11:31:51,042 [WARN] ModelIntegratedComponent:63 - No mode defined for component null
2026-06-12 11:31:51,043 [WARN] ModelIntegratedComponent:63 - No mode defined for component null
2026-06-12 11:31:51,043 [WARN] ModelIntegratedComponent:63 - No mode defined for component null
2026-06-12 11:31:51,043 [WARN] ModelIntegratedComponent:63 - No mode defined for component null
2026-06-12 11:31:51,043 [WARN] ModelIntegratedComponent:63 - No mode defined for component null
2026-06-12 11:31:51,043 [WARN] ModelIntegratedComponent:63 - No mode defined for component null
2026-06-12 11:31:51,043 [WARN] ModelIntegratedComponent:63 - No mode defined for component null
2026-06-12 11:31:51,043 [WARN] ModelIntegratedComponent:63 - No mode defined for component null
2026-06-12 11:31:51,043 [WARN] ModelIntegratedComponent:63 - No mode defined for component null
2026-06-12 11:31:51,043 [WARN] ModelIntegratedComponent:63 - No mode defined for component null
2026-06-12 11:31:51,043 [WARN] ModelIntegratedComponent:63 - No mode defined for component null
2026-06-12 11:31:51,044 [WARN] ModelIntegratedComponent:63 - No mode defined for component null
2026-06-12 11:31:51,044 [WARN] ModelIntegratedComponent:63 - No mode defined for component null
2026-06-12 11:31:51,044 [WARN] ModelIntegratedComponent:63 - No mode defined for component null
2026-06-12 11:31:51,044 [WARN] ModelIntegratedComponent:63 - No mode defined for component null
2026-06-12 11:31:51,044 [WARN] ModelIntegratedComponent:63 - No mode defined for component null
2026-06-12 11:31:51,044 [WARN] ModelIntegratedComponent:63 - No mode defined for component null
2026-06-12 11:31:51,044 [WARN] ModelIntegratedComponent:63 - No mode defined for component null
2026-06-12 11:31:51,044 [WARN] ModelIntegratedComponent:63 - No mode defined for component null
2026-06-12 11:31:51,044 [WARN] ModelIntegratedComponent:63 - No mode defined for component null
2026-06-12 11:31:51,044 [WARN] ModelIntegratedComponent:63 - No mode defined for component null
2026-06-12 11:31:51,044 [WARN] ModelIntegratedComponent:63 - No mode defined for component null
2026-06-12 11:31:51,044 [WARN] ModelIntegratedComponent:63 - No mode defined for component null
2026-06-12 11:31:51,044 [WARN] ModelIntegratedComponent:63 - No mode defined for component null
2026-06-12 11:31:51,044 [WARN] ModelIntegratedComponent:63 - No mode defined for component null
2026-06-12 11:31:51,044 [WARN] ModelIntegratedComponent:63 - No mode defined for component null
2026-06-12 11:31:51,044 [WARN] ModelIntegratedComponent:63 - No mode defined for component null
2026-06-12 11:31:51,045 [WARN] ModelIntegratedComponent:63 - No mode defined for component null
2026-06-12 11:31:51,045 [WARN] ModelIntegratedComponent:63 - No mode defined for component null
2026-06-12 11:31:51,045 [WARN] ModelIntegratedComponent:63 - No mode defined for component null
2026-06-12 11:31:51,045 [WARN] ModelIntegratedComponent:63 - No mode defined for component null
2026-06-12 11:31:51,045 [WARN] ModelIntegratedComponent:63 - No mode defined for component null
2026-06-12 11:31:51,046 [WARN] ModelIntegratedComponent:63 - No mode defined for component null
2026-06-12 11:31:51,046 [WARN] ModelIntegratedComponent:63 - No mode defined for component null
2026-06-12 11:31:51,046 [WARN] ModelIntegratedComponent:63 - No mode defined for component null
2026-06-12 11:31:51,046 [WARN] ModelPack:524 - Component already loaded: STMicroelectronics:HAL Drivers:0.0.0:STMicroelectronics:Device:STMicro_Driver:XSPI:HAL::0.0.1:HAL_XSPI
2026-06-12 11:31:51,240 [INFO] ThirdPartyModel:298 - Start build external matchings
2026-06-12 11:31:52,131 [INFO] ThirdPartyModel:316 - End build external matchings
2026-06-12 11:31:52,155 [WARN] IP:2250 - I2C_Coeff_DF not found: check if there is a RefParameter without a condition.
2026-06-12 11:31:52,155 [WARN] IP:2250 - Analog_Filter not found: check if there is a RefParameter without a condition.
2026-06-12 11:31:52,489 [INFO] UtilMem:75 - End LoadConfig() Used Memory: 796494248 Bytes (1073741824)
2026-06-12 11:31:52,526 [WARN] ThirdParty:833 - waiting for thirdparty lock release [change project]
2026-06-12 11:31:52,527 [INFO] ThirdParty:835 - entering critical section [change project]
2026-06-12 11:31:52,527 [INFO] ThirdParty:1030 - CMSIS Pack Vendor :STMicroelectronics X-CUBE-AZRTOS-H7 3.5.0
2026-06-12 11:31:52,527 [INFO] ThirdParty:1030 - CMSIS Pack Vendor :STMicroelectronics X-CUBE-PM33A1 1.0.0
2026-06-12 11:31:52,528 [INFO] ThirdParty:1030 - CMSIS Pack Vendor :STMicroelectronics USBPD 4.1
2026-06-12 11:31:52,529 [INFO] ThirdParty:1030 - CMSIS Pack Vendor :STMicroelectronics X-CUBE-NFC9 1.0.0
2026-06-12 11:31:52,529 [INFO] ThirdParty:1030 - CMSIS Pack Vendor :STMicroelectronics USB_HOST 2.0.0
2026-06-12 11:31:52,529 [INFO] ThirdParty:1030 - CMSIS Pack Vendor :STMicroelectronics FP-SNS-MOTENVWB1 1.4.0
2026-06-12 11:31:52,529 [INFO] ThirdParty:1030 - CMSIS Pack Vendor :STMicroelectronics X-CUBE-AZRTOS-F4 1.1.0
2026-06-12 11:31:52,530 [INFO] ThirdParty:1030 - CMSIS Pack Vendor :STMicroelectronics LIBJPEG 8.0.0
2026-06-12 11:31:52,530 [INFO] ThirdParty:1030 - CMSIS Pack Vendor :STMicroelectronics FP-ATR-ASTRA1 2.0.2
2026-06-12 11:31:52,530 [INFO] ThirdParty:1030 - CMSIS Pack Vendor :STMicroelectronics X-CUBE-BLE1 7.1.0
2026-06-12 11:31:52,530 [INFO] ThirdParty:1030 - CMSIS Pack Vendor :STMicroelectronics X-CUBE-SMBUS 2.1.0
2026-06-12 11:31:52,530 [INFO] ThirdParty:1030 - CMSIS Pack Vendor :STMicroelectronics USB_DEVICE 3.0.0
2026-06-12 11:31:52,530 [INFO] ThirdParty:1030 - CMSIS Pack Vendor :STMicroelectronics X-CUBE-ISPU 2.1.0
2026-06-12 11:31:52,530 [INFO] ThirdParty:1030 - CMSIS Pack Vendor :STMicroelectronics X-CUBE-IPS 3.2.0
2026-06-12 11:31:52,530 [INFO] ThirdParty:1030 - CMSIS Pack Vendor :STMicroelectronics eDS-WB_DPC_TT-BIDIR 2.1.1
2026-06-12 11:31:52,530 [INFO] ThirdParty:1030 - CMSIS Pack Vendor :STMicroelectronics X-CUBE-AZRTOS-WB 2.0.0
2026-06-12 11:31:52,530 [INFO] ThirdParty:1030 - CMSIS Pack Vendor :STMicroelectronics X-CUBE-ST60 1.0.0
2026-06-12 11:31:52,530 [INFO] ThirdParty:1030 - CMSIS Pack Vendor :STMicroelectronics X-CUBE-GNSS1 7.0.1
2026-06-12 11:31:52,530 [INFO] ThirdParty:1030 - CMSIS Pack Vendor :STMicroelectronics X-CUBE-AZRTOS-F7 1.1.0
2026-06-12 11:31:52,530 [INFO] ThirdParty:1030 - CMSIS Pack Vendor :STMicroelectronics X-CUBE-AZRTOS-L5 2.0.0
2026-06-12 11:31:52,530 [INFO] ThirdParty:1030 - CMSIS Pack Vendor :STMicroelectronics X-CUBE-TOUCHGFX 4.25.0
2026-06-12 11:31:52,530 [INFO] ThirdParty:1030 - CMSIS Pack Vendor :STMicroelectronics USB_DEVICE 2.0.0
2026-06-12 11:31:52,530 [INFO] ThirdParty:1030 - CMSIS Pack Vendor :STMicroelectronics X-CUBE-NFC6 3.1.0
2026-06-12 11:31:52,530 [INFO] ThirdParty:1030 - CMSIS Pack Vendor :STMicroelectronics FP-SNS-STAIOTCFT 1.1.0
2026-06-12 11:31:52,530 [INFO] ThirdParty:1030 - CMSIS Pack Vendor :quantropi X-CUBE-qispace-sdk-base 2.1.0
2026-06-12 11:31:52,531 [INFO] ThirdParty:1030 - CMSIS Pack Vendor :STMicroelectronics X-CUBE-MEMS1 12.0.0
2026-06-12 11:31:52,531 [INFO] ThirdParty:1030 - CMSIS Pack Vendor :STMicroelectronics X-CUBE-STSE01 2.0.0
2026-06-12 11:31:52,531 [INFO] ThirdParty:1030 - CMSIS Pack Vendor :STMicroelectronics X-CUBE-ALGOBUILD 1.5.0
2026-06-12 11:31:52,531 [INFO] ThirdParty:1030 - CMSIS Pack Vendor :STMicroelectronics FP-SNS-MOTENV1 5.1.0
2026-06-12 11:31:52,531 [INFO] ThirdParty:1030 - CMSIS Pack Vendor :STMicroelectronics FreeRTOS 0.0.1
2026-06-12 11:31:52,531 [INFO] ThirdParty:1030 - CMSIS Pack Vendor :STMicroelectronics X-CUBE-AZRTOS-G0 1.1.0
2026-06-12 11:31:52,531 [INFO] ThirdParty:1030 - CMSIS Pack Vendor :STMicroelectronics X-CUBE-SAFEA1 1.2.2
2026-06-12 11:31:52,531 [INFO] ThirdParty:1030 - CMSIS Pack Vendor :STMicroelectronics X-CUBE-NFC4 3.0.0
2026-06-12 11:31:52,531 [INFO] ThirdParty:1030 - CMSIS Pack Vendor :STMicroelectronics X-CUBE-SUBG2 5.0.0
2026-06-12 11:31:52,531 [INFO] ThirdParty:1030 - CMSIS Pack Vendor :STMicroelectronics X-CUBE-AZRTOS-H7RS 1.1.0
2026-06-12 11:31:52,532 [INFO] ThirdParty:1030 - CMSIS Pack Vendor :STMicroelectronics STM32_WPAN 1.0.0
2026-06-12 11:31:52,532 [INFO] ThirdParty:1030 - CMSIS Pack Vendor :STMicroelectronics eDS-WB_DPC_VIENNA 1.2.0
2026-06-12 11:31:52,532 [INFO] ThirdParty:1030 - CMSIS Pack Vendor :EmbeddedOffice I-CUBE-FS-RTOS 1.0.1
2026-06-12 11:31:52,532 [INFO] ThirdParty:1030 - CMSIS Pack Vendor :STMicroelectronics lwIP 2.0.3
2026-06-12 11:31:52,532 [INFO] ThirdParty:1030 - CMSIS Pack Vendor :Cesanta I-CUBE-Mongoose 7.13.0
2026-06-12 11:31:52,532 [INFO] ThirdParty:1030 - CMSIS Pack Vendor :STMicroelectronics eDS-WB_DPC_3PH2L-BIDIR 1.1.1
2026-06-12 11:31:52,532 [INFO] ThirdParty:1030 - CMSIS Pack Vendor :STMicroelectronics USB_HOST 1.0.0
2026-06-12 11:31:52,532 [INFO] ThirdParty:1030 - CMSIS Pack Vendor :STMicroelectronics X-CUBE-AZRTOS-G4 2.0.0
2026-06-12 11:31:52,532 [INFO] ThirdParty:1030 - CMSIS Pack Vendor :STMicroelectronics X-CUBE-WB05N 2.0.0
2026-06-12 11:31:52,532 [INFO] ThirdParty:1030 - CMSIS Pack Vendor :STMicroelectronics PDM2PCM 3.1.0
2026-06-12 11:31:52,532 [INFO] ThirdParty:1030 - CMSIS Pack Vendor :STMicroelectronics PDM2PCM 3.3.0
2026-06-12 11:31:52,533 [INFO] ThirdParty:1030 - CMSIS Pack Vendor :STMicroelectronics X-CUBE-AZRTOS-H7 3.4.0
2026-06-12 11:31:52,533 [INFO] ThirdParty:1030 - CMSIS Pack Vendor :STMicroelectronics X-CUBE-DISPLAY 3.0.0
2026-06-12 11:31:52,533 [INFO] ThirdParty:1030 - CMSIS Pack Vendor :STMicroelectronics X-CUBE-NFC7 2.0.0
2026-06-12 11:31:52,533 [INFO] ThirdParty:1030 - CMSIS Pack Vendor :STMicroelectronics X-CUBE-GNSS1 7.1.1
2026-06-12 11:31:52,533 [INFO] ThirdParty:1030 - CMSIS Pack Vendor :STMicroelectronics FP-SNS-MOTENVWB1 1.5.0
2026-06-12 11:31:52,533 [INFO] ThirdParty:1030 - CMSIS Pack Vendor :STMicroelectronics X-CUBE-TCPP 4.2.0
2026-06-12 11:31:52,533 [INFO] ThirdParty:1030 - CMSIS Pack Vendor :RealThread X-CUBE-RT-Thread_Nano 4.1.1
2026-06-12 11:31:52,533 [INFO] ThirdParty:1030 - CMSIS Pack Vendor :STMicroelectronics FP-ATR-SIGFOX1 3.2.0
2026-06-12 11:31:52,533 [INFO] ThirdParty:1030 - CMSIS Pack Vendor :STMicroelectronics X-CUBE-NFC10 1.0.0
2026-06-12 11:31:52,533 [INFO] ThirdParty:1030 - CMSIS Pack Vendor :STMicroelectronics X-CUBE-FREERTOS 1.3.1
2026-06-12 11:31:52,533 [INFO] ThirdParty:1030 - CMSIS Pack Vendor :STMicroelectronics HAL Drivers 0.0.0
2026-06-12 11:31:52,533 [INFO] ThirdParty:1030 - CMSIS Pack Vendor :STMicroelectronics X-CUBE-FREERTOS 1.5.0
2026-06-12 11:31:52,533 [INFO] ThirdParty:1030 - CMSIS Pack Vendor :STMicroelectronics MBEDTLS 2.16.2
2026-06-12 11:31:52,533 [INFO] ThirdParty:1030 - CMSIS Pack Vendor :STMicroelectronics X-CUBE-ST60 1.1.0
2026-06-12 11:31:52,533 [INFO] ThirdParty:1030 - CMSIS Pack Vendor :STMicroelectronics X-CUBE-IPS 3.1.0
2026-06-12 11:31:52,533 [INFO] ThirdParty:1030 - CMSIS Pack Vendor :STMicroelectronics X-CUBE-ALS 1.0.2
2026-06-12 11:31:52,533 [INFO] ThirdParty:1030 - CMSIS Pack Vendor :STMicroelectronics MBEDTLS 2.14.1
2026-06-12 11:31:52,534 [INFO] ThirdParty:1030 - CMSIS Pack Vendor :STMicroelectronics X-CUBE-GNSS1 7.1.0
2026-06-12 11:31:52,534 [INFO] ThirdParty:1030 - CMSIS Pack Vendor :STMicroelectronics X-CUBE-TOUCHGFX 4.26.1
2026-06-12 11:31:52,534 [INFO] ThirdParty:1030 - CMSIS Pack Vendor :portGmbH I-Cube-SoM-uGOAL 1.1.0
2026-06-12 11:31:52,534 [INFO] ThirdParty:1030 - CMSIS Pack Vendor :STMicroelectronics X-CUBE-NFC6 3.2.0
2026-06-12 11:31:52,535 [INFO] ThirdParty:1030 - CMSIS Pack Vendor :STMicroelectronics X-CUBE-ST67W61 1.0.0
2026-06-12 11:31:52,535 [INFO] ThirdParty:1030 - CMSIS Pack Vendor :STMicroelectronics FP-SNS-STAIOTCFT 1.0.0
2026-06-12 11:31:52,535 [INFO] ThirdParty:1030 - CMSIS Pack Vendor :STMicroelectronics ThreadX 1.0.0
2026-06-12 11:31:52,536 [INFO] ThirdParty:1030 - CMSIS Pack Vendor :STMicroelectronics FP-SNS-SMARTAG2 1.2.0
2026-06-12 11:31:52,536 [INFO] ThirdParty:1030 - CMSIS Pack Vendor :STMicroelectronics X-CUBE-MEMS1 12.1.0
2026-06-12 11:31:52,536 [INFO] ThirdParty:1030 - CMSIS Pack Vendor :STMicroelectronics FP-SNS-FLIGHT1 5.1.0
2026-06-12 11:31:52,536 [INFO] ThirdParty:1030 - CMSIS Pack Vendor :STMicroelectronics X-CUBE-AZRTOS-WL 2.0.0
2026-06-12 11:31:52,536 [INFO] ThirdParty:1030 - CMSIS Pack Vendor :SEGGER I-CUBE-embOS 1.3.1
2026-06-12 11:31:52,536 [INFO] ThirdParty:1030 - CMSIS Pack Vendor :STMicroelectronics X-CUBE-ALGOBUILD 1.4.0
2026-06-12 11:31:52,536 [INFO] ThirdParty:1030 - CMSIS Pack Vendor :STMicroelectronics X-CUBE-DPower 1.3.0
2026-06-12 11:31:52,537 [INFO] ThirdParty:1030 - CMSIS Pack Vendor :STMicroelectronics X-CUBE-MEMS1 11.3.0
2026-06-12 11:31:52,537 [INFO] ThirdParty:1030 - CMSIS Pack Vendor :STMicroelectronics FP-SNS-MOTENV1 5.0.0
2026-06-12 11:31:52,537 [INFO] ThirdParty:1030 - CMSIS Pack Vendor :STMicroelectronics USB_DEVICE 1.0.0
2026-06-12 11:31:52,537 [INFO] ThirdParty:1030 - CMSIS Pack Vendor :STMicroelectronics X-CUBE-AZRTOS-H7RS 1.2.0
2026-06-12 11:31:52,538 [INFO] ThirdParty:1030 - CMSIS Pack Vendor :STMicroelectronics X-CUBE-AZRTOS-L4 2.0.0
2026-06-12 11:31:52,538 [INFO] ThirdParty:1030 - CMSIS Pack Vendor :STMicroelectronics ThreadX 0.0.2
2026-06-12 11:31:52,538 [INFO] ThirdParty:1030 - CMSIS Pack Vendor :WES I-CUBE-Cesium 1.3.0
2026-06-12 11:31:52,538 [INFO] ThirdParty:1030 - CMSIS Pack Vendor :STMicroelectronics lwIP 2.1.2
2026-06-12 11:31:52,538 [INFO] ThirdParty:1030 - CMSIS Pack Vendor :STMicroelectronics X-CUBE-SFXS2LP1 4.0.0
2026-06-12 11:31:52,538 [INFO] ThirdParty:1030 - CMSIS Pack Vendor :STMicroelectronics X-CUBE-BLE2 3.3.0
2026-06-12 11:31:52,538 [INFO] ThirdParty:1030 - CMSIS Pack Vendor :Avnet-IOTCONNECT X-CUBE-iotc-st67-sdk 1.0.0
2026-06-12 11:31:52,538 [INFO] ThirdParty:1030 - CMSIS Pack Vendor :STMicroelectronics X-CUBE-TOF1 3.4.3
2026-06-12 11:31:52,538 [INFO] ThirdParty:1030 - CMSIS Pack Vendor :STMicroelectronics PDM2PCM 3.2.0
2026-06-12 11:31:52,538 [INFO] ThirdParty:1030 - CMSIS Pack Vendor :STMicroelectronics X-CUBE-WB05N 2.1.0
2026-06-12 11:31:52,538 [INFO] ThirdParty:1030 - CMSIS Pack Vendor :STMicroelectronics X-CUBE-ST67W61 1.2.0
2026-06-12 11:31:52,538 [INFO] ThirdParty:841 - exiting critical section [change project]
2026-06-12 11:31:52,769 [INFO] PinOutPanel:1589 - setPackage(No Configuration,No Configuration)
2026-06-12 11:31:52,770 [INFO] PinOutPanel:1589 - setPackage(STM32F103RCTx,LQFP64)
2026-06-12 11:31:53,121 [INFO] UtilMem:75 - Before build in PCC Used Memory: 908381320 Bytes (1073741824)
2026-06-12 11:31:53,531 [INFO] UtilMem:75 - After build in PCC Used Memory: 952421496 Bytes (1073741824)
2026-06-12 11:31:53,555 [INFO] IPUIPlugin:80 - create IPUIPlugin
2026-06-12 11:31:53,555 [INFO] IPUIPlugin:80 - create IPUIPlugin
2026-06-12 11:31:53,555 [INFO] IPUIPlugin:80 - create IPUIPlugin
2026-06-12 11:31:53,555 [INFO] IPUIPlugin:80 - create IPUIPlugin
2026-06-12 11:31:53,555 [INFO] IPUIPlugin:80 - create IPUIPlugin
2026-06-12 11:31:53,556 [INFO] IPUIPlugin:80 - create IPUIPlugin
2026-06-12 11:31:53,556 [INFO] IPUIPlugin:80 - create IPUIPlugin
2026-06-12 11:31:53,556 [INFO] IPUIPlugin:80 - create IPUIPlugin
2026-06-12 11:31:53,556 [INFO] IPUIPlugin:80 - create IPUIPlugin
2026-06-12 11:31:53,557 [INFO] IPUIPlugin:80 - create IPUIPlugin
2026-06-12 11:31:53,557 [INFO] IPUIPlugin:80 - create IPUIPlugin
2026-06-12 11:31:53,557 [INFO] IPUIPlugin:80 - create IPUIPlugin
2026-06-12 11:31:53,557 [INFO] IPUIPlugin:80 - create IPUIPlugin
2026-06-12 11:31:53,557 [INFO] IPUIPlugin:80 - create IPUIPlugin
2026-06-12 11:31:53,558 [INFO] IPUIPlugin:80 - create IPUIPlugin
2026-06-12 11:31:53,558 [INFO] IPUIPlugin:80 - create IPUIPlugin
2026-06-12 11:31:53,558 [INFO] IPUIPlugin:80 - create IPUIPlugin
2026-06-12 11:31:53,558 [INFO] IPUIPlugin:80 - create IPUIPlugin
2026-06-12 11:31:53,558 [INFO] IPUIPlugin:80 - create IPUIPlugin
2026-06-12 11:31:53,559 [INFO] IPUIPlugin:80 - create IPUIPlugin
2026-06-12 11:31:53,559 [INFO] IPUIPlugin:80 - create IPUIPlugin
2026-06-12 11:31:53,559 [INFO] IPUIPlugin:80 - create IPUIPlugin
2026-06-12 11:31:53,559 [INFO] IPUIPlugin:80 - create IPUIPlugin
2026-06-12 11:31:53,559 [INFO] IPUIPlugin:80 - create IPUIPlugin
2026-06-12 11:31:53,560 [INFO] IPUIPlugin:80 - create IPUIPlugin
2026-06-12 11:31:53,560 [INFO] IPUIPlugin:80 - create IPUIPlugin
2026-06-12 11:31:53,560 [INFO] IPUIPlugin:80 - create IPUIPlugin
2026-06-12 11:31:53,560 [INFO] IPUIPlugin:80 - create IPUIPlugin
2026-06-12 11:31:53,560 [INFO] IPUIPlugin:80 - create IPUIPlugin
2026-06-12 11:31:53,561 [INFO] IPUIPlugin:80 - create IPUIPlugin
2026-06-12 11:31:53,562 [INFO] IPUIPlugin:80 - create IPUIPlugin
2026-06-12 11:31:53,563 [INFO] IPUIPlugin:80 - create IPUIPlugin
2026-06-12 11:31:53,564 [INFO] IPUIPlugin:80 - create IPUIPlugin
2026-06-12 11:31:53,564 [INFO] IPUIPlugin:80 - create IPUIPlugin
2026-06-12 11:31:53,564 [INFO] IPUIPlugin:80 - create IPUIPlugin
2026-06-12 11:31:53,565 [INFO] IPUIPlugin:80 - create IPUIPlugin
2026-06-12 11:31:53,565 [INFO] IPUIPlugin:80 - create IPUIPlugin
2026-06-12 11:31:53,565 [INFO] IPUIPlugin:80 - create IPUIPlugin
2026-06-12 11:31:53,565 [INFO] IPUIPlugin:80 - create IPUIPlugin
2026-06-12 11:31:53,567 [WARN] IP:2250 - I2C_Coeff_DF not found: check if there is a RefParameter without a condition.
2026-06-12 11:31:53,567 [WARN] IP:2250 - Analog_Filter not found: check if there is a RefParameter without a condition.
2026-06-12 11:31:53,666 [INFO] CADModel:165 - CPN selected for project levelSTM32F103RCT6
2026-06-12 11:31:53,666 [INFO] CADModel:114 - Register for checkConnection events
2026-06-12 11:31:53,722 [INFO] OpenFileManager:386 - Restore cursor
2026-06-12 11:31:53,934 [WARN] IP:2250 - I2C_Coeff_DF not found: check if there is a RefParameter without a condition.
2026-06-12 11:31:53,934 [WARN] IP:2250 - Analog_Filter not found: check if there is a RefParameter without a condition.
2026-06-12 11:31:53,935 [WARN] IP:2250 - I2C_Coeff_DF not found: check if there is a RefParameter without a condition.
2026-06-12 11:31:53,935 [WARN] IP:2250 - Analog_Filter not found: check if there is a RefParameter without a condition.
2026-06-12 11:41:42,910 [WARN] IP:2250 - I2C_Coeff_DF not found: check if there is a RefParameter without a condition.
2026-06-12 11:41:42,911 [WARN] IP:2250 - Analog_Filter not found: check if there is a RefParameter without a condition.
2026-06-12 11:41:55,133 [INFO] Mcu:1682 - InternalPropertyChange: try BijectiveRequest:I2C
2026-06-12 11:41:55,488 [WARN] IP:2250 - I2C_Coeff_DF not found: check if there is a RefParameter without a condition.
2026-06-12 11:41:55,488 [WARN] IP:2250 - Analog_Filter not found: check if there is a RefParameter without a condition.
2026-06-12 11:41:55,506 [WARN] IP:2250 - I2C_Coeff_DF not found: check if there is a RefParameter without a condition.
2026-06-12 11:41:55,506 [WARN] IP:2250 - Analog_Filter not found: check if there is a RefParameter without a condition.
2026-06-12 11:41:55,507 [WARN] IP:2250 - I2C_Coeff_DF not found: check if there is a RefParameter without a condition.
2026-06-12 11:41:55,507 [WARN] IP:2250 - Analog_Filter not found: check if there is a RefParameter without a condition.
2026-06-12 11:41:55,588 [WARN] IP:2250 - I2C_Coeff_DF not found: check if there is a RefParameter without a condition.
2026-06-12 11:41:55,589 [WARN] IP:2250 - Analog_Filter not found: check if there is a RefParameter without a condition.
2026-06-12 11:41:55,591 [WARN] IP:2250 - I2C_Coeff_DF not found: check if there is a RefParameter without a condition.
2026-06-12 11:41:55,591 [WARN] IP:2250 - Analog_Filter not found: check if there is a RefParameter without a condition.
2026-06-12 11:46:01,663 [INFO] UtilMem:75 - End SaveConfig() Used Memory: 874606328 Bytes (1073741824)
2026-06-12 11:46:03,797 [INFO] UtilMem:75 - End SaveConfig() Used Memory: 922666072 Bytes (1073741824)
2026-06-12 11:46:06,280 [INFO] UtilMem:75 - End SaveConfig() Used Memory: 1004442272 Bytes (1073741824)
2026-06-12 11:46:06,479 [INFO] BlockDiagram:2775 - set Specific Code input for plugin: NVIC
2026-06-12 11:46:06,479 [INFO] BlockDiagram:2775 - set Specific Code input for plugin: USART
2026-06-12 11:46:06,480 [INFO] BlockDiagram:2775 - set Specific Code input for plugin: USART
2026-06-12 11:46:06,480 [INFO] BlockDiagram:2775 - set Specific Code input for plugin: TIM6_7F1
2026-06-12 11:46:06,481 [INFO] BlockDiagram:2775 - set Specific Code input for plugin: TIM1_8F1
2026-06-12 11:46:06,481 [INFO] BlockDiagram:2775 - set Specific Code input for plugin: TIM1_8F1
2026-06-12 11:46:06,481 [INFO] BlockDiagram:2775 - set Specific Code input for plugin: SYS
2026-06-12 11:46:06,482 [INFO] BlockDiagram:2775 - set Specific Code input for plugin: GPIO
2026-06-12 11:46:06,482 [INFO] BlockDiagram:2775 - set Specific Code input for plugin: RCC
2026-06-12 11:46:06,482 [INFO] BlockDiagram:2775 - set Specific Code input for plugin: I2C
2026-06-12 11:46:06,484 [INFO] CodeGenerator:892 - code generatio: config db path: C:\ST\STM32CubeIDE_1.19.0\STM32CubeIDE\plugins\com.st.stm32cube.common.mx_6.15.0.202507011659\\db\
2026-06-12 11:46:06,487 [WARN] IP:2250 - I2C_Coeff_DF not found: check if there is a RefParameter without a condition.
2026-06-12 11:46:06,488 [WARN] IP:2250 - Analog_Filter not found: check if there is a RefParameter without a condition.
2026-06-12 11:46:06,585 [INFO] CodeEngine:265 - oldGeneratedFile, C:\Users\Usuario\Desktop\UNAL\2026-1\Control\proyectoControl\controlRobot\MXTmpFiles\license.tmp_save
2026-06-12 11:46:07,018 [INFO] CodeEngine:289 - Generated code: C:\Users\Usuario\Desktop\UNAL\2026-1\Control\proyectoControl\controlRobot\MXTmpFiles\license.tmp
2026-06-12 11:46:07,106 [INFO] CodeEngine:265 - oldGeneratedFile, C:\Users\Usuario\Desktop\UNAL\2026-1\Control\proyectoControl\controlRobot\MXTmpFiles\gpio.tmp_save
2026-06-12 11:46:07,357 [INFO] CodeEngine:289 - Generated code: C:\Users\Usuario\Desktop\UNAL\2026-1\Control\proyectoControl\controlRobot\MXTmpFiles\gpio.tmp
2026-06-12 11:46:07,878 [INFO] CodeEngine:265 - oldGeneratedFile, C:\Users\Usuario\Desktop\UNAL\2026-1\Control\proyectoControl\controlRobot\Core\Src\stm32f1xx_it.c_save
2026-06-12 11:46:08,559 [INFO] CodeEngine:289 - Generated code: C:\Users\Usuario\Desktop\UNAL\2026-1\Control\proyectoControl\controlRobot\Core\Src\stm32f1xx_it.c
2026-06-12 11:46:08,577 [INFO] CodeEngine:265 - oldGeneratedFile, C:\Users\Usuario\Desktop\UNAL\2026-1\Control\proyectoControl\controlRobot\Core\Inc\stm32f1xx_it.h_save
2026-06-12 11:46:08,720 [INFO] CodeEngine:289 - Generated code: C:\Users\Usuario\Desktop\UNAL\2026-1\Control\proyectoControl\controlRobot\Core\Inc\stm32f1xx_it.h
2026-06-12 11:46:08,747 [INFO] CodeEngine:265 - oldGeneratedFile, C:\Users\Usuario\Desktop\UNAL\2026-1\Control\proyectoControl\controlRobot\Core\Src\stm32f1xx_hal_msp.c_save
2026-06-12 11:46:08,968 [INFO] CodeEngine:289 - Generated code: C:\Users\Usuario\Desktop\UNAL\2026-1\Control\proyectoControl\controlRobot\Core\Src\stm32f1xx_hal_msp.c
2026-06-12 11:46:08,982 [INFO] CodeEngine:265 - oldGeneratedFile, C:\Users\Usuario\Desktop\UNAL\2026-1\Control\proyectoControl\controlRobot\MXTmpFiles\system.tmp_save
2026-06-12 11:46:09,066 [INFO] CodeEngine:289 - Generated code: C:\Users\Usuario\Desktop\UNAL\2026-1\Control\proyectoControl\controlRobot\MXTmpFiles\system.tmp
2026-06-12 11:46:09,091 [INFO] CodeEngine:321 - oldGeneratedFile, C:\Users\Usuario\Desktop\UNAL\2026-1\Control\proyectoControl\controlRobot\Core\Inc\stm32f1xx_hal_conf.h_save
2026-06-12 11:46:09,179 [INFO] CodeEngine:345 - Generated code: C:\Users\Usuario\Desktop\UNAL\2026-1\Control\proyectoControl\controlRobot\Core\Inc\stm32f1xx_hal_conf.h
2026-06-12 11:46:09,216 [INFO] ApiDbMcu:532 - Load IP Config File for I2C2
2026-06-12 11:46:09,229 [INFO] ApiDbMcu:532 - Load IP Config File for TIM2
2026-06-12 11:46:09,241 [INFO] ApiDbMcu:532 - Load IP Config File for TIM4
2026-06-12 11:46:09,251 [INFO] ApiDbMcu:532 - Load IP Config File for TIM6
2026-06-12 11:46:09,256 [INFO] ApiDbMcu:532 - Load IP Config File for USART1
2026-06-12 11:46:09,259 [INFO] ApiDbMcu:532 - Load IP Config File for USART3
2026-06-12 11:46:09,261 [INFO] ApiDbMcu:532 - Load IP Config File for RCC
2026-06-12 11:46:09,263 [WARN] IPConfigManager:3811 - IP not found : TIM
2026-06-12 11:46:09,264 [WARN] CodeGenerator:4259 - IP not found : null
2026-06-12 11:46:09,279 [INFO] CodeEngine:265 - oldGeneratedFile, C:\Users\Usuario\Desktop\UNAL\2026-1\Control\proyectoControl\controlRobot\Core\Inc\main.h_save
2026-06-12 11:46:09,401 [INFO] CodeEngine:289 - Generated code: C:\Users\Usuario\Desktop\UNAL\2026-1\Control\proyectoControl\controlRobot\Core\Inc\main.h
2026-06-12 11:46:09,417 [INFO] CodeEngine:265 - oldGeneratedFile, C:\Users\Usuario\Desktop\UNAL\2026-1\Control\proyectoControl\controlRobot\Core\Src\main.c_save
2026-06-12 11:46:09,609 [INFO] CodeEngine:289 - Generated code: C:\Users\Usuario\Desktop\UNAL\2026-1\Control\proyectoControl\controlRobot\Core\Src\main.c
2026-06-12 11:46:10,225 [INFO] ProjectBuilder:3606 - Time for Copy HAL[1] : 313mS.
2026-06-12 11:46:10,231 [INFO] ProjectBuilder:5216 - Project Generator version: 4.7.0-B52
2026-06-12 11:46:10,429 [INFO] ConfigFileManager:1595 - The Die is : DIE414
2026-06-12 11:46:10,438 [INFO] ApiDbMcu:532 - Load IP Config File for FATFS
2026-06-12 11:46:10,445 [INFO] ApiDbMcu:532 - Load IP Config File for FREERTOS
2026-06-12 11:46:10,456 [INFO] ApiDbMcu:532 - Load IP Config File for USB_DEVICE
2026-06-12 11:46:12,213 [INFO] ProjectBuilder:5496 - Time for Generating toolchain IDE Files: 1982mS.
2026-06-12 11:46:12,215 [INFO] ProjectBuilder:3463 - Time for Copy CMSIS : 1mS.
2026-06-12 11:46:12,221 [INFO] ProjectBuilder:3463 - Time for Copy CMSIS : 0mS.
2026-06-12 11:46:12,757 [INFO] MainUpdater:2872 - connection check result : 10
2026-06-12 11:46:12,757 [INFO] MainUpdater:2872 - connection check result : 10
2026-06-12 11:46:12,885 [INFO] MicroXplorer:468 - Change Database Path : 
2026-06-12 11:46:12,885 [INFO] MicroXplorer:498 - Change Database Version : DB.6.0.150
2026-06-12 11:46:12,920 [ERROR] ProjectManagerView:395 - 
java.lang.NullPointerException: Cannot invoke "javax.swing.JTextField.getText()" because the return value of "java.util.List.get(int)" is null
	at com.st.microxplorer.plugins.projectmanager.gui.ProjectChoiceTab$9.caretUpdate(ProjectChoiceTab.java:2706) ~[filemanager.jar:?]
	at javax.swing.text.JTextComponent.fireCaretUpdate(JTextComponent.java:408) ~[?:?]
	at javax.swing.text.JTextComponent$MutableCaretEvent.fire(JTextComponent.java:4484) ~[?:?]
	at javax.swing.text.JTextComponent$MutableCaretEvent.stateChanged(JTextComponent.java:4506) ~[?:?]
	at javax.swing.text.DefaultCaret.fireStateChanged(DefaultCaret.java:857) ~[?:?]
	at javax.swing.text.DefaultCaret.changeCaretPosition(DefaultCaret.java:1343) ~[?:?]
	at javax.swing.text.DefaultCaret.handleSetDot(DefaultCaret.java:1242) ~[?:?]
	at javax.swing.text.DefaultCaret.setDot(DefaultCaret.java:1223) ~[?:?]
	at javax.swing.text.DefaultCaret$Handler.insertUpdate(DefaultCaret.java:1819) ~[?:?]
	at javax.swing.text.AbstractDocument.fireInsertUpdate(AbstractDocument.java:227) ~[?:?]
	at javax.swing.text.AbstractDocument.handleInsertString(AbstractDocument.java:781) ~[?:?]
	at javax.swing.text.AbstractDocument.insertString(AbstractDocument.java:740) ~[?:?]
	at javax.swing.text.PlainDocument.insertString(PlainDocument.java:131) ~[?:?]
	at javax.swing.text.AbstractDocument.replace(AbstractDocument.java:699) ~[?:?]
	at javax.swing.text.JTextComponent.setText(JTextComponent.java:1725) ~[?:?]
	at com.st.microxplorer.plugins.projectmanager.gui.ProjectChoiceTab.createHeapStackFields(ProjectChoiceTab.java:993) ~[filemanager.jar:?]
	at com.st.microxplorer.plugins.projectmanager.gui.ProjectChoiceTab.buildLinkSettingsPanel(ProjectChoiceTab.java:3813) ~[filemanager.jar:?]
	at com.st.microxplorer.plugins.projectmanager.gui.ProjectChoiceTab.defineWindowsFields(ProjectChoiceTab.java:1987) ~[filemanager.jar:?]
	at com.st.microxplorer.plugins.projectmanager.gui.ProjectChoiceTab.updateSettings(ProjectChoiceTab.java:558) ~[filemanager.jar:?]
	at com.st.microxplorer.plugins.projectmanager.gui.ProjectSettingsPanel.UpdateDialog(ProjectSettingsPanel.java:247) ~[filemanager.jar:?]
	at com.st.microxplorer.plugins.projectmanager.ProjectManagerView.propertyChange(ProjectManagerView.java:392) ~[filemanager.jar:?]
	at java.beans.PropertyChangeSupport.fire(PropertyChangeSupport.java:343) ~[?:?]
	at java.beans.PropertyChangeSupport.firePropertyChange(PropertyChangeSupport.java:335) ~[?:?]
	at java.beans.PropertyChangeSupport.firePropertyChange(PropertyChangeSupport.java:268) ~[?:?]
	at com.st.microxplorer.util.MXPropertyChangeSupport.firePropertyChange(MXPropertyChangeSupport.java:54) ~[STM32CubeMX.jar:?]
	at com.st.microxplorer.mxsystem.MxSystem.closeConfig(MxSystem.java:899) ~[STM32CubeMX.jar:?]
	at com.st.microxplorer.maingui.MainPanel.closeConfig(MainPanel.java:792) ~[STM32CubeMX.jar:?]
	at com.st.microxplorer.plugins.filemanager.engine.OpenFileManager.loadConfigurationFile(OpenFileManager.java:288) ~[filemanager.jar:?]
	at com.st.microxplorer.plugins.filemanager.engine.MainFileManager.userLoadConfig(MainFileManager.java:364) ~[filemanager.jar:?]
	at com.st.microxplorer.plugins.filemanager.engine.MainFileManager.userLoadConfig(MainFileManager.java:342) ~[filemanager.jar:?]
	at com.st.microxplorer.plugins.filemanager.FileManagerView.getSpecificTask(FileManagerView.java:264) ~[filemanager.jar:?]
	at com.st.stm32cube.common.mx.editor.CubeMxEditor.getMxTabbedPaneInstance(CubeMxEditor.java:1198) ~[com.st.stm32cube.common.mx_6.15.0.202507011659/:?]
	at com.st.stm32cube.common.mx.editor.CubeMxEditor$12$1.createSwingComponent(CubeMxEditor.java:1068) ~[com.st.stm32cube.common.mx_6.15.0.202507011659/:?]
	at com.st.stm32cube.common.mx.oss.core.awtswtbridge.EmbeddedSwingComposite.doComponentCreation(EmbeddedSwingComposite.java:492) ~[com.st.stm32cube.common.mx.oss_6.15.0.202507011659/:?]
	at com.st.stm32cube.common.mx.oss.core.awtswtbridge.EmbeddedSwingComposite$4.run(EmbeddedSwingComposite.java:291) ~[com.st.stm32cube.common.mx.oss_6.15.0.202507011659/:?]
	at com.st.stm32cube.common.mx.oss.core.awtswtbridge.AwtEnvironment$2.run(AwtEnvironment.java:166) ~[com.st.stm32cube.common.mx.oss_6.15.0.202507011659/:?]
	at java.awt.event.InvocationEvent.dispatch(InvocationEvent.java:318) ~[?:?]
	at java.awt.EventQueue.dispatchEventImpl(EventQueue.java:773) ~[?:?]
	at java.awt.EventQueue$4.run(EventQueue.java:720) ~[?:?]
	at java.awt.EventQueue$4.run(EventQueue.java:714) ~[?:?]
	at java.security.AccessController.doPrivileged(AccessController.java:400) ~[?:?]
	at java.security.ProtectionDomain$JavaSecurityAccessImpl.doIntersectionPrivilege(ProtectionDomain.java:87) ~[?:?]
	at java.awt.EventQueue.dispatchEvent(EventQueue.java:742) ~[?:?]
	at java.awt.EventDispatchThread.pumpOneEventForFilters(EventDispatchThread.java:203) ~[?:?]
	at java.awt.EventDispatchThread.pumpEventsForFilter(EventDispatchThread.java:124) ~[?:?]
	at java.awt.EventDispatchThread.pumpEventsForHierarchy(EventDispatchThread.java:113) ~[?:?]
	at java.awt.EventDispatchThread.pumpEvents(EventDispatchThread.java:109) ~[?:?]
	at java.awt.EventDispatchThread.pumpEvents(EventDispatchThread.java:101) ~[?:?]
	at java.awt.EventDispatchThread.run(EventDispatchThread.java:90) ~[?:?]
2026-06-12 11:46:12,924 [WARN] ThirdParty:871 - waiting for thirdparty lock release [close project]
2026-06-12 11:46:12,924 [INFO] ThirdParty:873 - entering critical section [close project]
2026-06-12 11:46:12,924 [INFO] ThirdParty:883 - exiting critical section [close project]
2026-06-12 11:46:12,928 [INFO] PinOutPanel:1589 - setPackage(No Configuration,No Configuration)
2026-06-12 11:46:12,941 [INFO] UtilMem:75 - Begin LoadConfig() Used Memory: 756641640 Bytes (1073741824)
2026-06-12 11:46:12,943 [INFO] MicroXplorer:468 - Change Database Path : 
2026-06-12 11:46:12,944 [INFO] MicroXplorer:498 - Change Database Version : DB.6.0.150
2026-06-12 11:46:12,945 [INFO] OpenFileManager:355 - Change cursor
2026-06-12 11:46:12,988 [INFO] RulesReader:64 - Compatibility file has been processed (317 Rules)
2026-06-12 11:46:12,996 [INFO] Mcu:2029 - Initializing MCU STM32F103R(C-D-E)Tx STM32F103RCTx STM32F103RCT6
2026-06-12 11:46:14,535 [INFO] Context:786 - Trying to add GPIOservice into a context  which must be forbidden
2026-06-12 11:46:14,941 [INFO] ImportTextPane:234 - (OptionalMessage_ERROR) Pin7 (VP_RIF_VS_RIF1) cannot be retrieved for this MCU
2026-06-12 11:46:15,078 [INFO] RtosManager:558 - Registered RTOS mode: class=CMSIS, group=RTOS, mode=CMSIS_V1, owner=FREERTOS
2026-06-12 11:46:15,079 [INFO] RtosManager:558 - Registered RTOS mode: class=CMSIS, group=RTOS2, mode=CMSIS_V2, owner=FREERTOS
2026-06-12 11:46:15,079 [INFO] RtosManager:558 - Registered RTOS mode: class=RTOS, group=Core, mode=CMSIS_V1, owner=FREERTOS
2026-06-12 11:46:15,079 [INFO] RtosManager:558 - Registered RTOS mode: class=RTOS, group=Core, mode=CMSIS_V2, owner=FREERTOS
2026-06-12 11:46:15,079 [WARN] ModelIntegratedComponent:184 - Missing modes for component STMicroelectronics:FreeRTOS:0.0.1:STMicroelectronics:RTOS:FreeRTOS:Core:::10.2.0:
2026-06-12 11:46:15,092 [WARN] ModelIntegratedComponent:63 - No mode defined for component null
2026-06-12 11:46:15,092 [WARN] ModelIntegratedComponent:63 - No mode defined for component null
2026-06-12 11:46:15,093 [WARN] ModelIntegratedComponent:63 - No mode defined for component null
2026-06-12 11:46:15,093 [WARN] ModelIntegratedComponent:63 - No mode defined for component null
2026-06-12 11:46:15,093 [WARN] ModelIntegratedComponent:63 - No mode defined for component null
2026-06-12 11:46:15,093 [WARN] ModelIntegratedComponent:63 - No mode defined for component null
2026-06-12 11:46:15,093 [WARN] ModelIntegratedComponent:63 - No mode defined for component null
2026-06-12 11:46:15,093 [WARN] ModelIntegratedComponent:63 - No mode defined for component null
2026-06-12 11:46:15,093 [WARN] ModelIntegratedComponent:63 - No mode defined for component null
2026-06-12 11:46:15,093 [WARN] ModelIntegratedComponent:63 - No mode defined for component null
2026-06-12 11:46:15,093 [WARN] ModelIntegratedComponent:63 - No mode defined for component null
2026-06-12 11:46:15,093 [WARN] ModelIntegratedComponent:63 - No mode defined for component null
2026-06-12 11:46:15,093 [WARN] ModelIntegratedComponent:63 - No mode defined for component null
2026-06-12 11:46:15,093 [WARN] ModelIntegratedComponent:63 - No mode defined for component null
2026-06-12 11:46:15,093 [WARN] ModelIntegratedComponent:63 - No mode defined for component null
2026-06-12 11:46:15,093 [WARN] ModelIntegratedComponent:63 - No mode defined for component null
2026-06-12 11:46:15,094 [WARN] ModelIntegratedComponent:63 - No mode defined for component null
2026-06-12 11:46:15,094 [WARN] ModelIntegratedComponent:63 - No mode defined for component null
2026-06-12 11:46:15,094 [WARN] ModelIntegratedComponent:63 - No mode defined for component null
2026-06-12 11:46:15,094 [WARN] ModelIntegratedComponent:63 - No mode defined for component null
2026-06-12 11:46:15,094 [WARN] ModelIntegratedComponent:63 - No mode defined for component null
2026-06-12 11:46:15,094 [WARN] ModelIntegratedComponent:63 - No mode defined for component null
2026-06-12 11:46:15,095 [WARN] ModelIntegratedComponent:63 - No mode defined for component null
2026-06-12 11:46:15,095 [WARN] ModelIntegratedComponent:63 - No mode defined for component null
2026-06-12 11:46:15,095 [WARN] ModelIntegratedComponent:63 - No mode defined for component null
2026-06-12 11:46:15,095 [WARN] ModelIntegratedComponent:63 - No mode defined for component null
2026-06-12 11:46:15,095 [WARN] ModelIntegratedComponent:63 - No mode defined for component null
2026-06-12 11:46:15,095 [WARN] ModelIntegratedComponent:63 - No mode defined for component null
2026-06-12 11:46:15,095 [WARN] ModelIntegratedComponent:63 - No mode defined for component null
2026-06-12 11:46:15,095 [WARN] ModelIntegratedComponent:63 - No mode defined for component null
2026-06-12 11:46:15,096 [WARN] ModelIntegratedComponent:63 - No mode defined for component null
2026-06-12 11:46:15,096 [WARN] ModelIntegratedComponent:63 - No mode defined for component null
2026-06-12 11:46:15,096 [WARN] ModelIntegratedComponent:63 - No mode defined for component null
2026-06-12 11:46:15,096 [WARN] ModelIntegratedComponent:63 - No mode defined for component null
2026-06-12 11:46:15,096 [WARN] ModelIntegratedComponent:63 - No mode defined for component null
2026-06-12 11:46:15,096 [WARN] ModelPack:524 - Component already loaded: STMicroelectronics:HAL Drivers:0.0.0:STMicroelectronics:Device:STMicro_Driver:XSPI:HAL::0.0.1:HAL_XSPI
2026-06-12 11:46:15,234 [INFO] ThirdPartyModel:298 - Start build external matchings
2026-06-12 11:46:16,109 [INFO] ThirdPartyModel:316 - End build external matchings
2026-06-12 11:46:16,398 [INFO] UtilMem:75 - End LoadConfig() Used Memory: 971244992 Bytes (1073741824)
2026-06-12 11:46:16,434 [WARN] ThirdParty:833 - waiting for thirdparty lock release [change project]
2026-06-12 11:46:16,434 [INFO] ThirdParty:835 - entering critical section [change project]
2026-06-12 11:46:16,434 [INFO] ThirdParty:1030 - CMSIS Pack Vendor :STMicroelectronics X-CUBE-AZRTOS-H7 3.5.0
2026-06-12 11:46:16,435 [INFO] ThirdParty:1030 - CMSIS Pack Vendor :STMicroelectronics X-CUBE-PM33A1 1.0.0
2026-06-12 11:46:16,435 [INFO] ThirdParty:1030 - CMSIS Pack Vendor :STMicroelectronics USBPD 4.1
2026-06-12 11:46:16,435 [INFO] ThirdParty:1030 - CMSIS Pack Vendor :STMicroelectronics X-CUBE-NFC9 1.0.0
2026-06-12 11:46:16,435 [INFO] ThirdParty:1030 - CMSIS Pack Vendor :STMicroelectronics USB_HOST 2.0.0
2026-06-12 11:46:16,435 [INFO] ThirdParty:1030 - CMSIS Pack Vendor :STMicroelectronics FP-SNS-MOTENVWB1 1.4.0
2026-06-12 11:46:16,435 [INFO] ThirdParty:1030 - CMSIS Pack Vendor :STMicroelectronics X-CUBE-AZRTOS-F4 1.1.0
2026-06-12 11:46:16,435 [INFO] ThirdParty:1030 - CMSIS Pack Vendor :STMicroelectronics LIBJPEG 8.0.0
2026-06-12 11:46:16,435 [INFO] ThirdParty:1030 - CMSIS Pack Vendor :STMicroelectronics FP-ATR-ASTRA1 2.0.2
2026-06-12 11:46:16,435 [INFO] ThirdParty:1030 - CMSIS Pack Vendor :STMicroelectronics X-CUBE-BLE1 7.1.0
2026-06-12 11:46:16,435 [INFO] ThirdParty:1030 - CMSIS Pack Vendor :STMicroelectronics X-CUBE-SMBUS 2.1.0
2026-06-12 11:46:16,435 [INFO] ThirdParty:1030 - CMSIS Pack Vendor :STMicroelectronics USB_DEVICE 3.0.0
2026-06-12 11:46:16,435 [INFO] ThirdParty:1030 - CMSIS Pack Vendor :STMicroelectronics X-CUBE-ISPU 2.1.0
2026-06-12 11:46:16,435 [INFO] ThirdParty:1030 - CMSIS Pack Vendor :STMicroelectronics X-CUBE-IPS 3.2.0
2026-06-12 11:46:16,435 [INFO] ThirdParty:1030 - CMSIS Pack Vendor :STMicroelectronics eDS-WB_DPC_TT-BIDIR 2.1.1
2026-06-12 11:46:16,435 [INFO] ThirdParty:1030 - CMSIS Pack Vendor :STMicroelectronics X-CUBE-AZRTOS-WB 2.0.0
2026-06-12 11:46:16,435 [INFO] ThirdParty:1030 - CMSIS Pack Vendor :STMicroelectronics X-CUBE-ST60 1.0.0
2026-06-12 11:46:16,435 [INFO] ThirdParty:1030 - CMSIS Pack Vendor :STMicroelectronics X-CUBE-GNSS1 7.0.1
2026-06-12 11:46:16,435 [INFO] ThirdParty:1030 - CMSIS Pack Vendor :STMicroelectronics X-CUBE-AZRTOS-F7 1.1.0
2026-06-12 11:46:16,435 [INFO] ThirdParty:1030 - CMSIS Pack Vendor :STMicroelectronics X-CUBE-AZRTOS-L5 2.0.0
2026-06-12 11:46:16,436 [INFO] ThirdParty:1030 - CMSIS Pack Vendor :STMicroelectronics X-CUBE-TOUCHGFX 4.25.0
2026-06-12 11:46:16,436 [INFO] ThirdParty:1030 - CMSIS Pack Vendor :STMicroelectronics USB_DEVICE 2.0.0
2026-06-12 11:46:16,437 [INFO] ThirdParty:1030 - CMSIS Pack Vendor :STMicroelectronics X-CUBE-NFC6 3.1.0
2026-06-12 11:46:16,437 [INFO] ThirdParty:1030 - CMSIS Pack Vendor :STMicroelectronics FP-SNS-STAIOTCFT 1.1.0
2026-06-12 11:46:16,438 [INFO] ThirdParty:1030 - CMSIS Pack Vendor :quantropi X-CUBE-qispace-sdk-base 2.1.0
2026-06-12 11:46:16,438 [INFO] ThirdParty:1030 - CMSIS Pack Vendor :STMicroelectronics X-CUBE-MEMS1 12.0.0
2026-06-12 11:46:16,439 [INFO] ThirdParty:1030 - CMSIS Pack Vendor :STMicroelectronics X-CUBE-STSE01 2.0.0
2026-06-12 11:46:16,439 [INFO] ThirdParty:1030 - CMSIS Pack Vendor :STMicroelectronics X-CUBE-ALGOBUILD 1.5.0
2026-06-12 11:46:16,440 [INFO] ThirdParty:1030 - CMSIS Pack Vendor :STMicroelectronics FP-SNS-MOTENV1 5.1.0
2026-06-12 11:46:16,440 [INFO] ThirdParty:1030 - CMSIS Pack Vendor :STMicroelectronics FreeRTOS 0.0.1
2026-06-12 11:46:16,440 [INFO] ThirdParty:1030 - CMSIS Pack Vendor :STMicroelectronics X-CUBE-AZRTOS-G0 1.1.0
2026-06-12 11:46:16,440 [INFO] ThirdParty:1030 - CMSIS Pack Vendor :STMicroelectronics X-CUBE-SAFEA1 1.2.2
2026-06-12 11:46:16,440 [INFO] ThirdParty:1030 - CMSIS Pack Vendor :STMicroelectronics X-CUBE-NFC4 3.0.0
2026-06-12 11:46:16,440 [INFO] ThirdParty:1030 - CMSIS Pack Vendor :STMicroelectronics X-CUBE-SUBG2 5.0.0
2026-06-12 11:46:16,440 [INFO] ThirdParty:1030 - CMSIS Pack Vendor :STMicroelectronics X-CUBE-AZRTOS-H7RS 1.1.0
2026-06-12 11:46:16,440 [INFO] ThirdParty:1030 - CMSIS Pack Vendor :STMicroelectronics STM32_WPAN 1.0.0
2026-06-12 11:46:16,440 [INFO] ThirdParty:1030 - CMSIS Pack Vendor :STMicroelectronics eDS-WB_DPC_VIENNA 1.2.0
2026-06-12 11:46:16,440 [INFO] ThirdParty:1030 - CMSIS Pack Vendor :EmbeddedOffice I-CUBE-FS-RTOS 1.0.1
2026-06-12 11:46:16,440 [INFO] ThirdParty:1030 - CMSIS Pack Vendor :STMicroelectronics lwIP 2.0.3
2026-06-12 11:46:16,440 [INFO] ThirdParty:1030 - CMSIS Pack Vendor :Cesanta I-CUBE-Mongoose 7.13.0
2026-06-12 11:46:16,441 [INFO] ThirdParty:1030 - CMSIS Pack Vendor :STMicroelectronics eDS-WB_DPC_3PH2L-BIDIR 1.1.1
2026-06-12 11:46:16,441 [INFO] ThirdParty:1030 - CMSIS Pack Vendor :STMicroelectronics USB_HOST 1.0.0
2026-06-12 11:46:16,441 [INFO] ThirdParty:1030 - CMSIS Pack Vendor :STMicroelectronics X-CUBE-AZRTOS-G4 2.0.0
2026-06-12 11:46:16,441 [INFO] ThirdParty:1030 - CMSIS Pack Vendor :STMicroelectronics X-CUBE-WB05N 2.0.0
2026-06-12 11:46:16,441 [INFO] ThirdParty:1030 - CMSIS Pack Vendor :STMicroelectronics PDM2PCM 3.1.0
2026-06-12 11:46:16,441 [INFO] ThirdParty:1030 - CMSIS Pack Vendor :STMicroelectronics PDM2PCM 3.3.0
2026-06-12 11:46:16,441 [INFO] ThirdParty:1030 - CMSIS Pack Vendor :STMicroelectronics X-CUBE-AZRTOS-H7 3.4.0
2026-06-12 11:46:16,441 [INFO] ThirdParty:1030 - CMSIS Pack Vendor :STMicroelectronics X-CUBE-DISPLAY 3.0.0
2026-06-12 11:46:16,441 [INFO] ThirdParty:1030 - CMSIS Pack Vendor :STMicroelectronics X-CUBE-NFC7 2.0.0
2026-06-12 11:46:16,441 [INFO] ThirdParty:1030 - CMSIS Pack Vendor :STMicroelectronics X-CUBE-GNSS1 7.1.1
2026-06-12 11:46:16,441 [INFO] ThirdParty:1030 - CMSIS Pack Vendor :STMicroelectronics FP-SNS-MOTENVWB1 1.5.0
2026-06-12 11:46:16,441 [INFO] ThirdParty:1030 - CMSIS Pack Vendor :STMicroelectronics X-CUBE-TCPP 4.2.0
2026-06-12 11:46:16,441 [INFO] ThirdParty:1030 - CMSIS Pack Vendor :RealThread X-CUBE-RT-Thread_Nano 4.1.1
2026-06-12 11:46:16,441 [INFO] ThirdParty:1030 - CMSIS Pack Vendor :STMicroelectronics FP-ATR-SIGFOX1 3.2.0
2026-06-12 11:46:16,441 [INFO] ThirdParty:1030 - CMSIS Pack Vendor :STMicroelectronics X-CUBE-NFC10 1.0.0
2026-06-12 11:46:16,441 [INFO] ThirdParty:1030 - CMSIS Pack Vendor :STMicroelectronics X-CUBE-FREERTOS 1.3.1
2026-06-12 11:46:16,441 [INFO] ThirdParty:1030 - CMSIS Pack Vendor :STMicroelectronics HAL Drivers 0.0.0
2026-06-12 11:46:16,441 [INFO] ThirdParty:1030 - CMSIS Pack Vendor :STMicroelectronics X-CUBE-FREERTOS 1.5.0
2026-06-12 11:46:16,441 [INFO] ThirdParty:1030 - CMSIS Pack Vendor :STMicroelectronics MBEDTLS 2.16.2
2026-06-12 11:46:16,441 [INFO] ThirdParty:1030 - CMSIS Pack Vendor :STMicroelectronics X-CUBE-ST60 1.1.0
2026-06-12 11:46:16,441 [INFO] ThirdParty:1030 - CMSIS Pack Vendor :STMicroelectronics X-CUBE-IPS 3.1.0
2026-06-12 11:46:16,441 [INFO] ThirdParty:1030 - CMSIS Pack Vendor :STMicroelectronics X-CUBE-ALS 1.0.2
2026-06-12 11:46:16,441 [INFO] ThirdParty:1030 - CMSIS Pack Vendor :STMicroelectronics MBEDTLS 2.14.1
2026-06-12 11:46:16,441 [INFO] ThirdParty:1030 - CMSIS Pack Vendor :STMicroelectronics X-CUBE-GNSS1 7.1.0
2026-06-12 11:46:16,441 [INFO] ThirdParty:1030 - CMSIS Pack Vendor :STMicroelectronics X-CUBE-TOUCHGFX 4.26.1
2026-06-12 11:46:16,441 [INFO] ThirdParty:1030 - CMSIS Pack Vendor :portGmbH I-Cube-SoM-uGOAL 1.1.0
2026-06-12 11:46:16,441 [INFO] ThirdParty:1030 - CMSIS Pack Vendor :STMicroelectronics X-CUBE-NFC6 3.2.0
2026-06-12 11:46:16,442 [INFO] ThirdParty:1030 - CMSIS Pack Vendor :STMicroelectronics X-CUBE-ST67W61 1.0.0
2026-06-12 11:46:16,442 [INFO] ThirdParty:1030 - CMSIS Pack Vendor :STMicroelectronics FP-SNS-STAIOTCFT 1.0.0
2026-06-12 11:46:16,442 [INFO] ThirdParty:1030 - CMSIS Pack Vendor :STMicroelectronics ThreadX 1.0.0
2026-06-12 11:46:16,442 [INFO] ThirdParty:1030 - CMSIS Pack Vendor :STMicroelectronics FP-SNS-SMARTAG2 1.2.0
2026-06-12 11:46:16,442 [INFO] ThirdParty:1030 - CMSIS Pack Vendor :STMicroelectronics X-CUBE-MEMS1 12.1.0
2026-06-12 11:46:16,442 [INFO] ThirdParty:1030 - CMSIS Pack Vendor :STMicroelectronics FP-SNS-FLIGHT1 5.1.0
2026-06-12 11:46:16,442 [INFO] ThirdParty:1030 - CMSIS Pack Vendor :STMicroelectronics X-CUBE-AZRTOS-WL 2.0.0
2026-06-12 11:46:16,442 [INFO] ThirdParty:1030 - CMSIS Pack Vendor :SEGGER I-CUBE-embOS 1.3.1
2026-06-12 11:46:16,442 [INFO] ThirdParty:1030 - CMSIS Pack Vendor :STMicroelectronics X-CUBE-ALGOBUILD 1.4.0
2026-06-12 11:46:16,442 [INFO] ThirdParty:1030 - CMSIS Pack Vendor :STMicroelectronics X-CUBE-DPower 1.3.0
2026-06-12 11:46:16,442 [INFO] ThirdParty:1030 - CMSIS Pack Vendor :STMicroelectronics X-CUBE-MEMS1 11.3.0
2026-06-12 11:46:16,442 [INFO] ThirdParty:1030 - CMSIS Pack Vendor :STMicroelectronics FP-SNS-MOTENV1 5.0.0
2026-06-12 11:46:16,442 [INFO] ThirdParty:1030 - CMSIS Pack Vendor :STMicroelectronics USB_DEVICE 1.0.0
2026-06-12 11:46:16,442 [INFO] ThirdParty:1030 - CMSIS Pack Vendor :STMicroelectronics X-CUBE-AZRTOS-H7RS 1.2.0
2026-06-12 11:46:16,442 [INFO] ThirdParty:1030 - CMSIS Pack Vendor :STMicroelectronics X-CUBE-AZRTOS-L4 2.0.0
2026-06-12 11:46:16,442 [INFO] ThirdParty:1030 - CMSIS Pack Vendor :STMicroelectronics ThreadX 0.0.2
2026-06-12 11:46:16,442 [INFO] ThirdParty:1030 - CMSIS Pack Vendor :WES I-CUBE-Cesium 1.3.0
2026-06-12 11:46:16,442 [INFO] ThirdParty:1030 - CMSIS Pack Vendor :STMicroelectronics lwIP 2.1.2
2026-06-12 11:46:16,442 [INFO] ThirdParty:1030 - CMSIS Pack Vendor :STMicroelectronics X-CUBE-SFXS2LP1 4.0.0
2026-06-12 11:46:16,442 [INFO] ThirdParty:1030 - CMSIS Pack Vendor :STMicroelectronics X-CUBE-BLE2 3.3.0
2026-06-12 11:46:16,442 [INFO] ThirdParty:1030 - CMSIS Pack Vendor :Avnet-IOTCONNECT X-CUBE-iotc-st67-sdk 1.0.0
2026-06-12 11:46:16,442 [INFO] ThirdParty:1030 - CMSIS Pack Vendor :STMicroelectronics X-CUBE-TOF1 3.4.3
2026-06-12 11:46:16,442 [INFO] ThirdParty:1030 - CMSIS Pack Vendor :STMicroelectronics PDM2PCM 3.2.0
2026-06-12 11:46:16,442 [INFO] ThirdParty:1030 - CMSIS Pack Vendor :STMicroelectronics X-CUBE-WB05N 2.1.0
2026-06-12 11:46:16,442 [INFO] ThirdParty:1030 - CMSIS Pack Vendor :STMicroelectronics X-CUBE-ST67W61 1.2.0
2026-06-12 11:46:16,442 [INFO] ThirdParty:841 - exiting critical section [change project]
2026-06-12 11:46:16,714 [INFO] PinOutPanel:1589 - setPackage(No Configuration,No Configuration)
2026-06-12 11:46:16,716 [INFO] PinOutPanel:1589 - setPackage(STM32F103RCTx,LQFP64)
2026-06-12 11:46:17,194 [INFO] UtilMem:75 - Before build in PCC Used Memory: 806228768 Bytes (1073741824)
2026-06-12 11:46:17,707 [INFO] UtilMem:75 - After build in PCC Used Memory: 839593928 Bytes (1073741824)
2026-06-12 11:46:17,736 [INFO] IPUIPlugin:80 - create IPUIPlugin
2026-06-12 11:46:17,737 [INFO] IPUIPlugin:80 - create IPUIPlugin
2026-06-12 11:46:17,737 [INFO] IPUIPlugin:80 - create IPUIPlugin
2026-06-12 11:46:17,737 [INFO] IPUIPlugin:80 - create IPUIPlugin
2026-06-12 11:46:17,738 [INFO] IPUIPlugin:80 - create IPUIPlugin
2026-06-12 11:46:17,738 [INFO] IPUIPlugin:80 - create IPUIPlugin
2026-06-12 11:46:17,738 [INFO] IPUIPlugin:80 - create IPUIPlugin
2026-06-12 11:46:17,739 [INFO] IPUIPlugin:80 - create IPUIPlugin
2026-06-12 11:46:17,739 [INFO] IPUIPlugin:80 - create IPUIPlugin
2026-06-12 11:46:17,739 [INFO] IPUIPlugin:80 - create IPUIPlugin
2026-06-12 11:46:17,739 [INFO] IPUIPlugin:80 - create IPUIPlugin
2026-06-12 11:46:17,739 [INFO] IPUIPlugin:80 - create IPUIPlugin
2026-06-12 11:46:17,740 [INFO] IPUIPlugin:80 - create IPUIPlugin
2026-06-12 11:46:17,740 [INFO] IPUIPlugin:80 - create IPUIPlugin
2026-06-12 11:46:17,740 [INFO] IPUIPlugin:80 - create IPUIPlugin
2026-06-12 11:46:17,740 [INFO] IPUIPlugin:80 - create IPUIPlugin
2026-06-12 11:46:17,741 [INFO] IPUIPlugin:80 - create IPUIPlugin
2026-06-12 11:46:17,741 [INFO] IPUIPlugin:80 - create IPUIPlugin
2026-06-12 11:46:17,741 [INFO] IPUIPlugin:80 - create IPUIPlugin
2026-06-12 11:46:17,742 [INFO] IPUIPlugin:80 - create IPUIPlugin
2026-06-12 11:46:17,742 [INFO] IPUIPlugin:80 - create IPUIPlugin
2026-06-12 11:46:17,742 [INFO] IPUIPlugin:80 - create IPUIPlugin
2026-06-12 11:46:17,743 [INFO] IPUIPlugin:80 - create IPUIPlugin
2026-06-12 11:46:17,743 [INFO] IPUIPlugin:80 - create IPUIPlugin
2026-06-12 11:46:17,743 [INFO] IPUIPlugin:80 - create IPUIPlugin
2026-06-12 11:46:17,743 [INFO] IPUIPlugin:80 - create IPUIPlugin
2026-06-12 11:46:17,744 [INFO] IPUIPlugin:80 - create IPUIPlugin
2026-06-12 11:46:17,744 [INFO] IPUIPlugin:80 - create IPUIPlugin
2026-06-12 11:46:17,744 [INFO] IPUIPlugin:80 - create IPUIPlugin
2026-06-12 11:46:17,744 [INFO] IPUIPlugin:80 - create IPUIPlugin
2026-06-12 11:46:17,745 [INFO] IPUIPlugin:80 - create IPUIPlugin
2026-06-12 11:46:17,745 [INFO] IPUIPlugin:80 - create IPUIPlugin
2026-06-12 11:46:17,746 [INFO] IPUIPlugin:80 - create IPUIPlugin
2026-06-12 11:46:17,746 [INFO] IPUIPlugin:80 - create IPUIPlugin
2026-06-12 11:46:17,746 [INFO] IPUIPlugin:80 - create IPUIPlugin
2026-06-12 11:46:17,747 [INFO] IPUIPlugin:80 - create IPUIPlugin
2026-06-12 11:46:17,747 [INFO] IPUIPlugin:80 - create IPUIPlugin
2026-06-12 11:46:17,748 [INFO] IPUIPlugin:80 - create IPUIPlugin
2026-06-12 11:46:17,748 [INFO] IPUIPlugin:80 - create IPUIPlugin
2026-06-12 11:46:17,824 [INFO] CADModel:165 - CPN selected for project levelSTM32F103RCT6
2026-06-12 11:46:17,825 [INFO] CADModel:114 - Register for checkConnection events
2026-06-12 11:46:17,884 [INFO] OpenFileManager:386 - Restore cursor
2026-06-12 11:47:18,735 [INFO] MainUpdater:2872 - connection check result : 10
2026-06-12 11:47:18,735 [INFO] MainUpdater:2872 - connection check result : 10
2026-06-12 11:47:18,795 [INFO] MicroXplorer:468 - Change Database Path : 
2026-06-12 11:47:18,795 [INFO] MicroXplorer:498 - Change Database Version : DB.6.0.150
2026-06-12 11:47:18,808 [ERROR] ProjectManagerView:395 - 
java.lang.NullPointerException: Cannot invoke "javax.swing.JTextField.getText()" because the return value of "java.util.List.get(int)" is null
	at com.st.microxplorer.plugins.projectmanager.gui.ProjectChoiceTab$9.caretUpdate(ProjectChoiceTab.java:2706) ~[filemanager.jar:?]
	at javax.swing.text.JTextComponent.fireCaretUpdate(JTextComponent.java:408) ~[?:?]
	at javax.swing.text.JTextComponent$MutableCaretEvent.fire(JTextComponent.java:4484) ~[?:?]
	at javax.swing.text.JTextComponent$MutableCaretEvent.stateChanged(JTextComponent.java:4506) ~[?:?]
	at javax.swing.text.DefaultCaret.fireStateChanged(DefaultCaret.java:857) ~[?:?]
	at javax.swing.text.DefaultCaret.changeCaretPosition(DefaultCaret.java:1343) ~[?:?]
	at javax.swing.text.DefaultCaret.handleSetDot(DefaultCaret.java:1242) ~[?:?]
	at javax.swing.text.DefaultCaret.setDot(DefaultCaret.java:1223) ~[?:?]
	at javax.swing.text.DefaultCaret$Handler.insertUpdate(DefaultCaret.java:1819) ~[?:?]
	at javax.swing.text.AbstractDocument.fireInsertUpdate(AbstractDocument.java:227) ~[?:?]
	at javax.swing.text.AbstractDocument.handleInsertString(AbstractDocument.java:781) ~[?:?]
	at javax.swing.text.AbstractDocument.insertString(AbstractDocument.java:740) ~[?:?]
	at javax.swing.text.PlainDocument.insertString(PlainDocument.java:131) ~[?:?]
	at javax.swing.text.AbstractDocument.replace(AbstractDocument.java:699) ~[?:?]
	at javax.swing.text.JTextComponent.setText(JTextComponent.java:1725) ~[?:?]
	at com.st.microxplorer.plugins.projectmanager.gui.ProjectChoiceTab.createHeapStackFields(ProjectChoiceTab.java:993) ~[filemanager.jar:?]
	at com.st.microxplorer.plugins.projectmanager.gui.ProjectChoiceTab.buildLinkSettingsPanel(ProjectChoiceTab.java:3813) ~[filemanager.jar:?]
	at com.st.microxplorer.plugins.projectmanager.gui.ProjectChoiceTab.defineWindowsFields(ProjectChoiceTab.java:1987) ~[filemanager.jar:?]
	at com.st.microxplorer.plugins.projectmanager.gui.ProjectChoiceTab.updateSettings(ProjectChoiceTab.java:558) ~[filemanager.jar:?]
	at com.st.microxplorer.plugins.projectmanager.gui.ProjectSettingsPanel.UpdateDialog(ProjectSettingsPanel.java:247) ~[filemanager.jar:?]
	at com.st.microxplorer.plugins.projectmanager.ProjectManagerView.propertyChange(ProjectManagerView.java:392) ~[filemanager.jar:?]
	at java.beans.PropertyChangeSupport.fire(PropertyChangeSupport.java:343) ~[?:?]
	at java.beans.PropertyChangeSupport.firePropertyChange(PropertyChangeSupport.java:335) ~[?:?]
	at java.beans.PropertyChangeSupport.firePropertyChange(PropertyChangeSupport.java:268) ~[?:?]
	at com.st.microxplorer.util.MXPropertyChangeSupport.firePropertyChange(MXPropertyChangeSupport.java:54) ~[STM32CubeMX.jar:?]
	at com.st.microxplorer.mxsystem.MxSystem.closeConfig(MxSystem.java:899) ~[STM32CubeMX.jar:?]
	at com.st.microxplorer.maingui.MainPanel.closeConfig(MainPanel.java:792) ~[STM32CubeMX.jar:?]
	at com.st.microxplorer.plugins.filemanager.engine.OpenFileManager.loadConfigurationFile(OpenFileManager.java:288) ~[filemanager.jar:?]
	at com.st.microxplorer.plugins.filemanager.engine.MainFileManager.userLoadConfig(MainFileManager.java:364) ~[filemanager.jar:?]
	at com.st.microxplorer.plugins.filemanager.engine.MainFileManager.userLoadConfig(MainFileManager.java:342) ~[filemanager.jar:?]
	at com.st.microxplorer.plugins.filemanager.FileManagerView.getSpecificTask(FileManagerView.java:264) ~[filemanager.jar:?]
	at com.st.stm32cube.common.mx.editor.CubeMxEditor.getMxTabbedPaneInstance(CubeMxEditor.java:1198) ~[com.st.stm32cube.common.mx_6.15.0.202507011659/:?]
	at com.st.stm32cube.common.mx.editor.CubeMxEditor$12$1.createSwingComponent(CubeMxEditor.java:1068) ~[com.st.stm32cube.common.mx_6.15.0.202507011659/:?]
	at com.st.stm32cube.common.mx.oss.core.awtswtbridge.EmbeddedSwingComposite.doComponentCreation(EmbeddedSwingComposite.java:492) ~[com.st.stm32cube.common.mx.oss_6.15.0.202507011659/:?]
	at com.st.stm32cube.common.mx.oss.core.awtswtbridge.EmbeddedSwingComposite$4.run(EmbeddedSwingComposite.java:291) ~[com.st.stm32cube.common.mx.oss_6.15.0.202507011659/:?]
	at com.st.stm32cube.common.mx.oss.core.awtswtbridge.AwtEnvironment$2.run(AwtEnvironment.java:166) ~[com.st.stm32cube.common.mx.oss_6.15.0.202507011659/:?]
	at java.awt.event.InvocationEvent.dispatch(InvocationEvent.java:318) ~[?:?]
	at java.awt.EventQueue.dispatchEventImpl(EventQueue.java:773) ~[?:?]
	at java.awt.EventQueue$4.run(EventQueue.java:720) ~[?:?]
	at java.awt.EventQueue$4.run(EventQueue.java:714) ~[?:?]
	at java.security.AccessController.doPrivileged(AccessController.java:400) ~[?:?]
	at java.security.ProtectionDomain$JavaSecurityAccessImpl.doIntersectionPrivilege(ProtectionDomain.java:87) ~[?:?]
	at java.awt.EventQueue.dispatchEvent(EventQueue.java:742) ~[?:?]
	at java.awt.EventDispatchThread.pumpOneEventForFilters(EventDispatchThread.java:203) ~[?:?]
	at java.awt.EventDispatchThread.pumpEventsForFilter(EventDispatchThread.java:124) ~[?:?]
	at java.awt.EventDispatchThread.pumpEventsForHierarchy(EventDispatchThread.java:113) ~[?:?]
	at java.awt.EventDispatchThread.pumpEvents(EventDispatchThread.java:109) ~[?:?]
	at java.awt.EventDispatchThread.pumpEvents(EventDispatchThread.java:101) ~[?:?]
	at java.awt.EventDispatchThread.run(EventDispatchThread.java:90) ~[?:?]
2026-06-12 11:47:18,809 [WARN] ThirdParty:871 - waiting for thirdparty lock release [close project]
2026-06-12 11:47:18,809 [INFO] ThirdParty:873 - entering critical section [close project]
2026-06-12 11:47:18,809 [INFO] ThirdParty:883 - exiting critical section [close project]
2026-06-12 11:47:18,810 [INFO] PinOutPanel:1589 - setPackage(No Configuration,No Configuration)
2026-06-12 11:47:18,814 [INFO] UtilMem:75 - Begin LoadConfig() Used Memory: 859030512 Bytes (1073741824)
2026-06-12 11:47:18,815 [INFO] MicroXplorer:468 - Change Database Path : 
2026-06-12 11:47:18,815 [INFO] MicroXplorer:498 - Change Database Version : DB.6.0.150
2026-06-12 11:47:18,815 [INFO] OpenFileManager:355 - Change cursor
2026-06-12 11:47:18,824 [INFO] Mcu:2029 - Initializing MCU STM32F103R(C-D-E)Tx STM32F103RCTx STM32F103RCT6
2026-06-12 11:47:19,764 [INFO] Context:786 - Trying to add GPIOservice into a context  which must be forbidden
2026-06-12 11:47:19,964 [INFO] ImportTextPane:234 - (OptionalMessage_ERROR) Pin17 (VP_RIF_VS_RIF1) cannot be retrieved for this MCU
2026-06-12 11:47:20,056 [INFO] RtosManager:558 - Registered RTOS mode: class=CMSIS, group=RTOS, mode=CMSIS_V1, owner=FREERTOS
2026-06-12 11:47:20,056 [INFO] RtosManager:558 - Registered RTOS mode: class=CMSIS, group=RTOS2, mode=CMSIS_V2, owner=FREERTOS
2026-06-12 11:47:20,056 [INFO] RtosManager:558 - Registered RTOS mode: class=RTOS, group=Core, mode=CMSIS_V1, owner=FREERTOS
2026-06-12 11:47:20,056 [INFO] RtosManager:558 - Registered RTOS mode: class=RTOS, group=Core, mode=CMSIS_V2, owner=FREERTOS
2026-06-12 11:47:20,056 [WARN] ModelIntegratedComponent:184 - Missing modes for component STMicroelectronics:FreeRTOS:0.0.1:STMicroelectronics:RTOS:FreeRTOS:Core:::10.2.0:
2026-06-12 11:47:20,067 [WARN] ModelIntegratedComponent:63 - No mode defined for component null
2026-06-12 11:47:20,067 [WARN] ModelIntegratedComponent:63 - No mode defined for component null
2026-06-12 11:47:20,067 [WARN] ModelIntegratedComponent:63 - No mode defined for component null
2026-06-12 11:47:20,067 [WARN] ModelIntegratedComponent:63 - No mode defined for component null
2026-06-12 11:47:20,068 [WARN] ModelIntegratedComponent:63 - No mode defined for component null
2026-06-12 11:47:20,068 [WARN] ModelIntegratedComponent:63 - No mode defined for component null
2026-06-12 11:47:20,068 [WARN] ModelIntegratedComponent:63 - No mode defined for component null
2026-06-12 11:47:20,068 [WARN] ModelIntegratedComponent:63 - No mode defined for component null
2026-06-12 11:47:20,068 [WARN] ModelIntegratedComponent:63 - No mode defined for component null
2026-06-12 11:47:20,068 [WARN] ModelIntegratedComponent:63 - No mode defined for component null
2026-06-12 11:47:20,068 [WARN] ModelIntegratedComponent:63 - No mode defined for component null
2026-06-12 11:47:20,068 [WARN] ModelIntegratedComponent:63 - No mode defined for component null
2026-06-12 11:47:20,068 [WARN] ModelIntegratedComponent:63 - No mode defined for component null
2026-06-12 11:47:20,068 [WARN] ModelIntegratedComponent:63 - No mode defined for component null
2026-06-12 11:47:20,068 [WARN] ModelIntegratedComponent:63 - No mode defined for component null
2026-06-12 11:47:20,068 [WARN] ModelIntegratedComponent:63 - No mode defined for component null
2026-06-12 11:47:20,068 [WARN] ModelIntegratedComponent:63 - No mode defined for component null
2026-06-12 11:47:20,068 [WARN] ModelIntegratedComponent:63 - No mode defined for component null
2026-06-12 11:47:20,068 [WARN] ModelIntegratedComponent:63 - No mode defined for component null
2026-06-12 11:47:20,068 [WARN] ModelIntegratedComponent:63 - No mode defined for component null
2026-06-12 11:47:20,068 [WARN] ModelIntegratedComponent:63 - No mode defined for component null
2026-06-12 11:47:20,068 [WARN] ModelIntegratedComponent:63 - No mode defined for component null
2026-06-12 11:47:20,068 [WARN] ModelIntegratedComponent:63 - No mode defined for component null
2026-06-12 11:47:20,068 [WARN] ModelIntegratedComponent:63 - No mode defined for component null
2026-06-12 11:47:20,069 [WARN] ModelIntegratedComponent:63 - No mode defined for component null
2026-06-12 11:47:20,069 [WARN] ModelIntegratedComponent:63 - No mode defined for component null
2026-06-12 11:47:20,069 [WARN] ModelIntegratedComponent:63 - No mode defined for component null
2026-06-12 11:47:20,069 [WARN] ModelIntegratedComponent:63 - No mode defined for component null
2026-06-12 11:47:20,069 [WARN] ModelIntegratedComponent:63 - No mode defined for component null
2026-06-12 11:47:20,069 [WARN] ModelIntegratedComponent:63 - No mode defined for component null
2026-06-12 11:47:20,069 [WARN] ModelIntegratedComponent:63 - No mode defined for component null
2026-06-12 11:47:20,069 [WARN] ModelIntegratedComponent:63 - No mode defined for component null
2026-06-12 11:47:20,069 [WARN] ModelIntegratedComponent:63 - No mode defined for component null
2026-06-12 11:47:20,069 [WARN] ModelIntegratedComponent:63 - No mode defined for component null
2026-06-12 11:47:20,069 [WARN] ModelIntegratedComponent:63 - No mode defined for component null
2026-06-12 11:47:20,069 [WARN] ModelPack:524 - Component already loaded: STMicroelectronics:HAL Drivers:0.0.0:STMicroelectronics:Device:STMicro_Driver:XSPI:HAL::0.0.1:HAL_XSPI
2026-06-12 11:47:20,215 [INFO] ThirdPartyModel:298 - Start build external matchings
2026-06-12 11:47:21,061 [INFO] ThirdPartyModel:316 - End build external matchings
2026-06-12 11:47:21,296 [INFO] UtilMem:75 - End LoadConfig() Used Memory: 750788808 Bytes (1073741824)
2026-06-12 11:47:21,330 [WARN] ThirdParty:833 - waiting for thirdparty lock release [change project]
2026-06-12 11:47:21,330 [INFO] ThirdParty:835 - entering critical section [change project]
2026-06-12 11:47:21,330 [INFO] ThirdParty:1030 - CMSIS Pack Vendor :STMicroelectronics X-CUBE-AZRTOS-H7 3.5.0
2026-06-12 11:47:21,330 [INFO] ThirdParty:1030 - CMSIS Pack Vendor :STMicroelectronics X-CUBE-PM33A1 1.0.0
2026-06-12 11:47:21,330 [INFO] ThirdParty:1030 - CMSIS Pack Vendor :STMicroelectronics USBPD 4.1
2026-06-12 11:47:21,330 [INFO] ThirdParty:1030 - CMSIS Pack Vendor :STMicroelectronics X-CUBE-NFC9 1.0.0
2026-06-12 11:47:21,330 [INFO] ThirdParty:1030 - CMSIS Pack Vendor :STMicroelectronics USB_HOST 2.0.0
2026-06-12 11:47:21,330 [INFO] ThirdParty:1030 - CMSIS Pack Vendor :STMicroelectronics FP-SNS-MOTENVWB1 1.4.0
2026-06-12 11:47:21,330 [INFO] ThirdParty:1030 - CMSIS Pack Vendor :STMicroelectronics X-CUBE-AZRTOS-F4 1.1.0
2026-06-12 11:47:21,330 [INFO] ThirdParty:1030 - CMSIS Pack Vendor :STMicroelectronics LIBJPEG 8.0.0
2026-06-12 11:47:21,330 [INFO] ThirdParty:1030 - CMSIS Pack Vendor :STMicroelectronics FP-ATR-ASTRA1 2.0.2
2026-06-12 11:47:21,330 [INFO] ThirdParty:1030 - CMSIS Pack Vendor :STMicroelectronics X-CUBE-BLE1 7.1.0
2026-06-12 11:47:21,330 [INFO] ThirdParty:1030 - CMSIS Pack Vendor :STMicroelectronics X-CUBE-SMBUS 2.1.0
2026-06-12 11:47:21,331 [INFO] ThirdParty:1030 - CMSIS Pack Vendor :STMicroelectronics USB_DEVICE 3.0.0
2026-06-12 11:47:21,331 [INFO] ThirdParty:1030 - CMSIS Pack Vendor :STMicroelectronics X-CUBE-ISPU 2.1.0
2026-06-12 11:47:21,331 [INFO] ThirdParty:1030 - CMSIS Pack Vendor :STMicroelectronics X-CUBE-IPS 3.2.0
2026-06-12 11:47:21,331 [INFO] ThirdParty:1030 - CMSIS Pack Vendor :STMicroelectronics eDS-WB_DPC_TT-BIDIR 2.1.1
2026-06-12 11:47:21,331 [INFO] ThirdParty:1030 - CMSIS Pack Vendor :STMicroelectronics X-CUBE-AZRTOS-WB 2.0.0
2026-06-12 11:47:21,331 [INFO] ThirdParty:1030 - CMSIS Pack Vendor :STMicroelectronics X-CUBE-ST60 1.0.0
2026-06-12 11:47:21,331 [INFO] ThirdParty:1030 - CMSIS Pack Vendor :STMicroelectronics X-CUBE-GNSS1 7.0.1
2026-06-12 11:47:21,331 [INFO] ThirdParty:1030 - CMSIS Pack Vendor :STMicroelectronics X-CUBE-AZRTOS-F7 1.1.0
2026-06-12 11:47:21,331 [INFO] ThirdParty:1030 - CMSIS Pack Vendor :STMicroelectronics X-CUBE-AZRTOS-L5 2.0.0
2026-06-12 11:47:21,331 [INFO] ThirdParty:1030 - CMSIS Pack Vendor :STMicroelectronics X-CUBE-TOUCHGFX 4.25.0
2026-06-12 11:47:21,331 [INFO] ThirdParty:1030 - CMSIS Pack Vendor :STMicroelectronics USB_DEVICE 2.0.0
2026-06-12 11:47:21,331 [INFO] ThirdParty:1030 - CMSIS Pack Vendor :STMicroelectronics X-CUBE-NFC6 3.1.0
2026-06-12 11:47:21,331 [INFO] ThirdParty:1030 - CMSIS Pack Vendor :STMicroelectronics FP-SNS-STAIOTCFT 1.1.0
2026-06-12 11:47:21,331 [INFO] ThirdParty:1030 - CMSIS Pack Vendor :quantropi X-CUBE-qispace-sdk-base 2.1.0
2026-06-12 11:47:21,331 [INFO] ThirdParty:1030 - CMSIS Pack Vendor :STMicroelectronics X-CUBE-MEMS1 12.0.0
2026-06-12 11:47:21,331 [INFO] ThirdParty:1030 - CMSIS Pack Vendor :STMicroelectronics X-CUBE-STSE01 2.0.0
2026-06-12 11:47:21,331 [INFO] ThirdParty:1030 - CMSIS Pack Vendor :STMicroelectronics X-CUBE-ALGOBUILD 1.5.0
2026-06-12 11:47:21,331 [INFO] ThirdParty:1030 - CMSIS Pack Vendor :STMicroelectronics FP-SNS-MOTENV1 5.1.0
2026-06-12 11:47:21,331 [INFO] ThirdParty:1030 - CMSIS Pack Vendor :STMicroelectronics FreeRTOS 0.0.1
2026-06-12 11:47:21,331 [INFO] ThirdParty:1030 - CMSIS Pack Vendor :STMicroelectronics X-CUBE-AZRTOS-G0 1.1.0
2026-06-12 11:47:21,331 [INFO] ThirdParty:1030 - CMSIS Pack Vendor :STMicroelectronics X-CUBE-SAFEA1 1.2.2
2026-06-12 11:47:21,331 [INFO] ThirdParty:1030 - CMSIS Pack Vendor :STMicroelectronics X-CUBE-NFC4 3.0.0
2026-06-12 11:47:21,331 [INFO] ThirdParty:1030 - CMSIS Pack Vendor :STMicroelectronics X-CUBE-SUBG2 5.0.0
2026-06-12 11:47:21,331 [INFO] ThirdParty:1030 - CMSIS Pack Vendor :STMicroelectronics X-CUBE-AZRTOS-H7RS 1.1.0
2026-06-12 11:47:21,331 [INFO] ThirdParty:1030 - CMSIS Pack Vendor :STMicroelectronics STM32_WPAN 1.0.0
2026-06-12 11:47:21,331 [INFO] ThirdParty:1030 - CMSIS Pack Vendor :STMicroelectronics eDS-WB_DPC_VIENNA 1.2.0
2026-06-12 11:47:21,331 [INFO] ThirdParty:1030 - CMSIS Pack Vendor :EmbeddedOffice I-CUBE-FS-RTOS 1.0.1
2026-06-12 11:47:21,331 [INFO] ThirdParty:1030 - CMSIS Pack Vendor :STMicroelectronics lwIP 2.0.3
2026-06-12 11:47:21,331 [INFO] ThirdParty:1030 - CMSIS Pack Vendor :Cesanta I-CUBE-Mongoose 7.13.0
2026-06-12 11:47:21,331 [INFO] ThirdParty:1030 - CMSIS Pack Vendor :STMicroelectronics eDS-WB_DPC_3PH2L-BIDIR 1.1.1
2026-06-12 11:47:21,331 [INFO] ThirdParty:1030 - CMSIS Pack Vendor :STMicroelectronics USB_HOST 1.0.0
2026-06-12 11:47:21,331 [INFO] ThirdParty:1030 - CMSIS Pack Vendor :STMicroelectronics X-CUBE-AZRTOS-G4 2.0.0
2026-06-12 11:47:21,332 [INFO] ThirdParty:1030 - CMSIS Pack Vendor :STMicroelectronics X-CUBE-WB05N 2.0.0
2026-06-12 11:47:21,332 [INFO] ThirdParty:1030 - CMSIS Pack Vendor :STMicroelectronics PDM2PCM 3.1.0
2026-06-12 11:47:21,332 [INFO] ThirdParty:1030 - CMSIS Pack Vendor :STMicroelectronics PDM2PCM 3.3.0
2026-06-12 11:47:21,332 [INFO] ThirdParty:1030 - CMSIS Pack Vendor :STMicroelectronics X-CUBE-AZRTOS-H7 3.4.0
2026-06-12 11:47:21,332 [INFO] ThirdParty:1030 - CMSIS Pack Vendor :STMicroelectronics X-CUBE-DISPLAY 3.0.0
2026-06-12 11:47:21,332 [INFO] ThirdParty:1030 - CMSIS Pack Vendor :STMicroelectronics X-CUBE-NFC7 2.0.0
2026-06-12 11:47:21,332 [INFO] ThirdParty:1030 - CMSIS Pack Vendor :STMicroelectronics X-CUBE-GNSS1 7.1.1
2026-06-12 11:47:21,332 [INFO] ThirdParty:1030 - CMSIS Pack Vendor :STMicroelectronics FP-SNS-MOTENVWB1 1.5.0
2026-06-12 11:47:21,333 [INFO] ThirdParty:1030 - CMSIS Pack Vendor :STMicroelectronics X-CUBE-TCPP 4.2.0
2026-06-12 11:47:21,333 [INFO] ThirdParty:1030 - CMSIS Pack Vendor :RealThread X-CUBE-RT-Thread_Nano 4.1.1
2026-06-12 11:47:21,333 [INFO] ThirdParty:1030 - CMSIS Pack Vendor :STMicroelectronics FP-ATR-SIGFOX1 3.2.0
2026-06-12 11:47:21,333 [INFO] ThirdParty:1030 - CMSIS Pack Vendor :STMicroelectronics X-CUBE-NFC10 1.0.0
2026-06-12 11:47:21,335 [INFO] ThirdParty:1030 - CMSIS Pack Vendor :STMicroelectronics X-CUBE-FREERTOS 1.3.1
2026-06-12 11:47:21,335 [INFO] ThirdParty:1030 - CMSIS Pack Vendor :STMicroelectronics HAL Drivers 0.0.0
2026-06-12 11:47:21,335 [INFO] ThirdParty:1030 - CMSIS Pack Vendor :STMicroelectronics X-CUBE-FREERTOS 1.5.0
2026-06-12 11:47:21,335 [INFO] ThirdParty:1030 - CMSIS Pack Vendor :STMicroelectronics MBEDTLS 2.16.2
2026-06-12 11:47:21,335 [INFO] ThirdParty:1030 - CMSIS Pack Vendor :STMicroelectronics X-CUBE-ST60 1.1.0
2026-06-12 11:47:21,335 [INFO] ThirdParty:1030 - CMSIS Pack Vendor :STMicroelectronics X-CUBE-IPS 3.1.0
2026-06-12 11:47:21,335 [INFO] ThirdParty:1030 - CMSIS Pack Vendor :STMicroelectronics X-CUBE-ALS 1.0.2
2026-06-12 11:47:21,335 [INFO] ThirdParty:1030 - CMSIS Pack Vendor :STMicroelectronics MBEDTLS 2.14.1
2026-06-12 11:47:21,335 [INFO] ThirdParty:1030 - CMSIS Pack Vendor :STMicroelectronics X-CUBE-GNSS1 7.1.0
2026-06-12 11:47:21,336 [INFO] ThirdParty:1030 - CMSIS Pack Vendor :STMicroelectronics X-CUBE-TOUCHGFX 4.26.1
2026-06-12 11:47:21,336 [INFO] ThirdParty:1030 - CMSIS Pack Vendor :portGmbH I-Cube-SoM-uGOAL 1.1.0
2026-06-12 11:47:21,336 [INFO] ThirdParty:1030 - CMSIS Pack Vendor :STMicroelectronics X-CUBE-NFC6 3.2.0
2026-06-12 11:47:21,336 [INFO] ThirdParty:1030 - CMSIS Pack Vendor :STMicroelectronics X-CUBE-ST67W61 1.0.0
2026-06-12 11:47:21,336 [INFO] ThirdParty:1030 - CMSIS Pack Vendor :STMicroelectronics FP-SNS-STAIOTCFT 1.0.0
2026-06-12 11:47:21,336 [INFO] ThirdParty:1030 - CMSIS Pack Vendor :STMicroelectronics ThreadX 1.0.0
2026-06-12 11:47:21,336 [INFO] ThirdParty:1030 - CMSIS Pack Vendor :STMicroelectronics FP-SNS-SMARTAG2 1.2.0
2026-06-12 11:47:21,336 [INFO] ThirdParty:1030 - CMSIS Pack Vendor :STMicroelectronics X-CUBE-MEMS1 12.1.0
2026-06-12 11:47:21,336 [INFO] ThirdParty:1030 - CMSIS Pack Vendor :STMicroelectronics FP-SNS-FLIGHT1 5.1.0
2026-06-12 11:47:21,336 [INFO] ThirdParty:1030 - CMSIS Pack Vendor :STMicroelectronics X-CUBE-AZRTOS-WL 2.0.0
2026-06-12 11:47:21,336 [INFO] ThirdParty:1030 - CMSIS Pack Vendor :SEGGER I-CUBE-embOS 1.3.1
2026-06-12 11:47:21,336 [INFO] ThirdParty:1030 - CMSIS Pack Vendor :STMicroelectronics X-CUBE-ALGOBUILD 1.4.0
2026-06-12 11:47:21,336 [INFO] ThirdParty:1030 - CMSIS Pack Vendor :STMicroelectronics X-CUBE-DPower 1.3.0
2026-06-12 11:47:21,336 [INFO] ThirdParty:1030 - CMSIS Pack Vendor :STMicroelectronics X-CUBE-MEMS1 11.3.0
2026-06-12 11:47:21,336 [INFO] ThirdParty:1030 - CMSIS Pack Vendor :STMicroelectronics FP-SNS-MOTENV1 5.0.0
2026-06-12 11:47:21,336 [INFO] ThirdParty:1030 - CMSIS Pack Vendor :STMicroelectronics USB_DEVICE 1.0.0
2026-06-12 11:47:21,336 [INFO] ThirdParty:1030 - CMSIS Pack Vendor :STMicroelectronics X-CUBE-AZRTOS-H7RS 1.2.0
2026-06-12 11:47:21,336 [INFO] ThirdParty:1030 - CMSIS Pack Vendor :STMicroelectronics X-CUBE-AZRTOS-L4 2.0.0
2026-06-12 11:47:21,337 [INFO] ThirdParty:1030 - CMSIS Pack Vendor :STMicroelectronics ThreadX 0.0.2
2026-06-12 11:47:21,337 [INFO] ThirdParty:1030 - CMSIS Pack Vendor :WES I-CUBE-Cesium 1.3.0
2026-06-12 11:47:21,337 [INFO] ThirdParty:1030 - CMSIS Pack Vendor :STMicroelectronics lwIP 2.1.2
2026-06-12 11:47:21,337 [INFO] ThirdParty:1030 - CMSIS Pack Vendor :STMicroelectronics X-CUBE-SFXS2LP1 4.0.0
2026-06-12 11:47:21,337 [INFO] ThirdParty:1030 - CMSIS Pack Vendor :STMicroelectronics X-CUBE-BLE2 3.3.0
2026-06-12 11:47:21,337 [INFO] ThirdParty:1030 - CMSIS Pack Vendor :Avnet-IOTCONNECT X-CUBE-iotc-st67-sdk 1.0.0
2026-06-12 11:47:21,337 [INFO] ThirdParty:1030 - CMSIS Pack Vendor :STMicroelectronics X-CUBE-TOF1 3.4.3
2026-06-12 11:47:21,337 [INFO] ThirdParty:1030 - CMSIS Pack Vendor :STMicroelectronics PDM2PCM 3.2.0
2026-06-12 11:47:21,337 [INFO] ThirdParty:1030 - CMSIS Pack Vendor :STMicroelectronics X-CUBE-WB05N 2.1.0
2026-06-12 11:47:21,337 [INFO] ThirdParty:1030 - CMSIS Pack Vendor :STMicroelectronics X-CUBE-ST67W61 1.2.0
2026-06-12 11:47:21,337 [INFO] ThirdParty:841 - exiting critical section [change project]
2026-06-12 11:47:21,469 [INFO] PinOutPanel:1589 - setPackage(No Configuration,No Configuration)
2026-06-12 11:47:21,470 [INFO] PinOutPanel:1589 - setPackage(STM32F103RCTx,LQFP64)
2026-06-12 11:47:21,620 [INFO] UtilMem:75 - Before build in PCC Used Memory: 862147888 Bytes (1073741824)
2026-06-12 11:47:21,775 [INFO] UtilMem:75 - After build in PCC Used Memory: 904924256 Bytes (1073741824)
2026-06-12 11:47:21,794 [INFO] IPUIPlugin:80 - create IPUIPlugin
2026-06-12 11:47:21,794 [INFO] IPUIPlugin:80 - create IPUIPlugin
2026-06-12 11:47:21,794 [INFO] IPUIPlugin:80 - create IPUIPlugin
2026-06-12 11:47:21,794 [INFO] IPUIPlugin:80 - create IPUIPlugin
2026-06-12 11:47:21,794 [INFO] IPUIPlugin:80 - create IPUIPlugin
2026-06-12 11:47:21,794 [INFO] IPUIPlugin:80 - create IPUIPlugin
2026-06-12 11:47:21,795 [INFO] IPUIPlugin:80 - create IPUIPlugin
2026-06-12 11:47:21,795 [INFO] IPUIPlugin:80 - create IPUIPlugin
2026-06-12 11:47:21,795 [INFO] IPUIPlugin:80 - create IPUIPlugin
2026-06-12 11:47:21,795 [INFO] IPUIPlugin:80 - create IPUIPlugin
2026-06-12 11:47:21,795 [INFO] IPUIPlugin:80 - create IPUIPlugin
2026-06-12 11:47:21,795 [INFO] IPUIPlugin:80 - create IPUIPlugin
2026-06-12 11:47:21,795 [INFO] IPUIPlugin:80 - create IPUIPlugin
2026-06-12 11:47:21,795 [INFO] IPUIPlugin:80 - create IPUIPlugin
2026-06-12 11:47:21,795 [INFO] IPUIPlugin:80 - create IPUIPlugin
2026-06-12 11:47:21,795 [INFO] IPUIPlugin:80 - create IPUIPlugin
2026-06-12 11:47:21,795 [INFO] IPUIPlugin:80 - create IPUIPlugin
2026-06-12 11:47:21,795 [INFO] IPUIPlugin:80 - create IPUIPlugin
2026-06-12 11:47:21,796 [INFO] IPUIPlugin:80 - create IPUIPlugin
2026-06-12 11:47:21,796 [INFO] IPUIPlugin:80 - create IPUIPlugin
2026-06-12 11:47:21,796 [INFO] IPUIPlugin:80 - create IPUIPlugin
2026-06-12 11:47:21,796 [INFO] IPUIPlugin:80 - create IPUIPlugin
2026-06-12 11:47:21,796 [INFO] IPUIPlugin:80 - create IPUIPlugin
2026-06-12 11:47:21,796 [INFO] IPUIPlugin:80 - create IPUIPlugin
2026-06-12 11:47:21,796 [INFO] IPUIPlugin:80 - create IPUIPlugin
2026-06-12 11:47:21,797 [INFO] IPUIPlugin:80 - create IPUIPlugin
2026-06-12 11:47:21,797 [INFO] IPUIPlugin:80 - create IPUIPlugin
2026-06-12 11:47:21,797 [INFO] IPUIPlugin:80 - create IPUIPlugin
2026-06-12 11:47:21,798 [INFO] IPUIPlugin:80 - create IPUIPlugin
2026-06-12 11:47:21,798 [INFO] IPUIPlugin:80 - create IPUIPlugin
2026-06-12 11:47:21,798 [INFO] IPUIPlugin:80 - create IPUIPlugin
2026-06-12 11:47:21,798 [INFO] IPUIPlugin:80 - create IPUIPlugin
2026-06-12 11:47:21,798 [INFO] IPUIPlugin:80 - create IPUIPlugin
2026-06-12 11:47:21,798 [INFO] IPUIPlugin:80 - create IPUIPlugin
2026-06-12 11:47:21,799 [INFO] IPUIPlugin:80 - create IPUIPlugin
2026-06-12 11:47:21,799 [INFO] IPUIPlugin:80 - create IPUIPlugin
2026-06-12 11:47:21,800 [INFO] IPUIPlugin:80 - create IPUIPlugin
2026-06-12 11:47:21,800 [INFO] IPUIPlugin:80 - create IPUIPlugin
2026-06-12 11:47:21,801 [INFO] IPUIPlugin:80 - create IPUIPlugin
2026-06-12 11:47:21,802 [WARN] IP:2250 - I2C_Coeff_DF not found: check if there is a RefParameter without a condition.
2026-06-12 11:47:21,802 [WARN] IP:2250 - Analog_Filter not found: check if there is a RefParameter without a condition.
2026-06-12 11:47:21,857 [INFO] CADModel:165 - CPN selected for project levelSTM32F103RCT6
2026-06-12 11:47:21,857 [INFO] CADModel:114 - Register for checkConnection events
2026-06-12 11:47:21,913 [INFO] OpenFileManager:386 - Restore cursor
2026-06-12 11:47:22,139 [WARN] IP:2250 - I2C_Coeff_DF not found: check if there is a RefParameter without a condition.
2026-06-12 11:47:22,139 [WARN] IP:2250 - Analog_Filter not found: check if there is a RefParameter without a condition.
2026-06-12 11:47:22,140 [WARN] IP:2250 - I2C_Coeff_DF not found: check if there is a RefParameter without a condition.
2026-06-12 11:47:22,140 [WARN] IP:2250 - Analog_Filter not found: check if there is a RefParameter without a condition.
2026-06-12 12:40:13,641 [WARN] IP:2250 - I2C_Coeff_DF not found: check if there is a RefParameter without a condition.
2026-06-12 12:40:13,641 [WARN] IP:2250 - Analog_Filter not found: check if there is a RefParameter without a condition.
2026-06-12 12:40:13,642 [WARN] IP:2250 - I2C_Coeff_DF not found: check if there is a RefParameter without a condition.
2026-06-12 12:40:13,642 [WARN] IP:2250 - Analog_Filter not found: check if there is a RefParameter without a condition.
2026-06-12 12:40:23,776 [WARN] IpParametersView:155 - Warning: This peripheral hasn't parameters
2026-06-12 12:40:23,798 [WARN] IP:2250 - I2C_Coeff_DF not found: check if there is a RefParameter without a condition.
2026-06-12 12:40:23,799 [WARN] IP:2250 - Analog_Filter not found: check if there is a RefParameter without a condition.
2026-06-12 12:40:36,067 [WARN] IP:2250 - I2C_Coeff_DF not found: check if there is a RefParameter without a condition.
2026-06-12 12:40:36,067 [WARN] IP:2250 - Analog_Filter not found: check if there is a RefParameter without a condition.
2026-06-12 12:40:41,482 [WARN] IP:2250 - I2C_Coeff_DF not found: check if there is a RefParameter without a condition.
2026-06-12 12:40:41,482 [WARN] IP:2250 - Analog_Filter not found: check if there is a RefParameter without a condition.
2026-06-12 12:42:08,804 [INFO] UtilMem:75 - End SaveConfig() Used Memory: 743044640 Bytes (1073741824)
2026-06-12 12:42:12,864 [INFO] UtilMem:75 - End SaveConfig() Used Memory: 768435752 Bytes (1073741824)
2026-06-12 12:42:15,875 [INFO] UtilMem:75 - End SaveConfig() Used Memory: 856610688 Bytes (1073741824)
2026-06-12 12:42:16,180 [INFO] ProjectBuilder:2395 - IP not ready for code generation: I2C2
2026-06-12 13:14:22,877 [WARN] IP:2250 - I2C_Coeff_DF not found: check if there is a RefParameter without a condition.
2026-06-12 13:14:22,879 [WARN] IP:2250 - Analog_Filter not found: check if there is a RefParameter without a condition.
2026-06-12 14:48:59,387 [WARN] IP:2250 - I2C_Coeff_DF not found: check if there is a RefParameter without a condition.
2026-06-12 14:48:59,388 [WARN] IP:2250 - Analog_Filter not found: check if there is a RefParameter without a condition.
2026-06-12 14:48:59,388 [WARN] IP:2250 - I2C_Coeff_DF not found: check if there is a RefParameter without a condition.
2026-06-12 14:48:59,389 [WARN] IP:2250 - Analog_Filter not found: check if there is a RefParameter without a condition.
2026-06-12 14:48:59,466 [WARN] IP:2250 - I2C_Coeff_DF not found: check if there is a RefParameter without a condition.
2026-06-12 14:48:59,466 [WARN] IP:2250 - Analog_Filter not found: check if there is a RefParameter without a condition.
2026-06-12 14:48:59,515 [WARN] IP:2250 - I2C_Coeff_DF not found: check if there is a RefParameter without a condition.
2026-06-12 14:48:59,516 [WARN] IP:2250 - Analog_Filter not found: check if there is a RefParameter without a condition.
2026-06-12 14:49:44,494 [WARN] IP:2250 - I2C_Coeff_DF not found: check if there is a RefParameter without a condition.
2026-06-12 14:49:44,495 [WARN] IP:2250 - Analog_Filter not found: check if there is a RefParameter without a condition.
2026-06-12 14:49:44,495 [WARN] IP:2250 - I2C_Coeff_DF not found: check if there is a RefParameter without a condition.
2026-06-12 14:49:44,495 [WARN] IP:2250 - Analog_Filter not found: check if there is a RefParameter without a condition.
2026-06-12 14:49:44,533 [WARN] IP:2250 - I2C_Coeff_DF not found: check if there is a RefParameter without a condition.
2026-06-12 14:49:44,534 [WARN] IP:2250 - Analog_Filter not found: check if there is a RefParameter without a condition.
2026-06-12 14:49:44,565 [WARN] IP:2250 - I2C_Coeff_DF not found: check if there is a RefParameter without a condition.
2026-06-12 14:49:44,565 [WARN] IP:2250 - Analog_Filter not found: check if there is a RefParameter without a condition.
2026-06-12 14:50:16,869 [WARN] IP:2250 - I2C_Coeff_DF not found: check if there is a RefParameter without a condition.
2026-06-12 14:50:16,869 [WARN] IP:2250 - Analog_Filter not found: check if there is a RefParameter without a condition.
2026-06-12 14:50:32,454 [WARN] IP:2250 - I2C_Coeff_DF not found: check if there is a RefParameter without a condition.
2026-06-12 14:50:32,454 [WARN] IP:2250 - Analog_Filter not found: check if there is a RefParameter without a condition.
2026-06-12 14:50:32,455 [WARN] IP:2250 - I2C_Coeff_DF not found: check if there is a RefParameter without a condition.
2026-06-12 14:50:32,455 [WARN] IP:2250 - Analog_Filter not found: check if there is a RefParameter without a condition.
2026-06-12 14:50:32,494 [WARN] IP:2250 - I2C_Coeff_DF not found: check if there is a RefParameter without a condition.
2026-06-12 14:50:32,495 [WARN] IP:2250 - Analog_Filter not found: check if there is a RefParameter without a condition.
2026-06-12 14:50:32,528 [WARN] IP:2250 - I2C_Coeff_DF not found: check if there is a RefParameter without a condition.
2026-06-12 14:50:32,529 [WARN] IP:2250 - Analog_Filter not found: check if there is a RefParameter without a condition.
2026-06-12 14:50:35,790 [WARN] IP:2250 - I2C_Coeff_DF not found: check if there is a RefParameter without a condition.
2026-06-12 14:50:35,790 [WARN] IP:2250 - Analog_Filter not found: check if there is a RefParameter without a condition.
2026-06-12 14:50:35,790 [WARN] IP:2250 - I2C_Coeff_DF not found: check if there is a RefParameter without a condition.
2026-06-12 14:50:35,791 [WARN] IP:2250 - Analog_Filter not found: check if there is a RefParameter without a condition.
2026-06-12 14:50:35,823 [WARN] IP:2250 - I2C_Coeff_DF not found: check if there is a RefParameter without a condition.
2026-06-12 14:50:35,823 [WARN] IP:2250 - Analog_Filter not found: check if there is a RefParameter without a condition.
2026-06-12 14:50:35,856 [WARN] IP:2250 - I2C_Coeff_DF not found: check if there is a RefParameter without a condition.
2026-06-12 14:50:35,856 [WARN] IP:2250 - Analog_Filter not found: check if there is a RefParameter without a condition.
2026-06-12 14:50:40,217 [WARN] IP:2250 - I2C_Coeff_DF not found: check if there is a RefParameter without a condition.
2026-06-12 14:50:40,217 [WARN] IP:2250 - Analog_Filter not found: check if there is a RefParameter without a condition.
2026-06-12 14:50:47,135 [WARN] IP:2250 - I2C_Coeff_DF not found: check if there is a RefParameter without a condition.
2026-06-12 14:50:47,135 [WARN] IP:2250 - Analog_Filter not found: check if there is a RefParameter without a condition.
2026-06-12 14:50:47,136 [WARN] IP:2250 - I2C_Coeff_DF not found: check if there is a RefParameter without a condition.
2026-06-12 14:50:47,136 [WARN] IP:2250 - Analog_Filter not found: check if there is a RefParameter without a condition.
2026-06-12 14:50:47,168 [WARN] IP:2250 - I2C_Coeff_DF not found: check if there is a RefParameter without a condition.
2026-06-12 14:50:47,169 [WARN] IP:2250 - Analog_Filter not found: check if there is a RefParameter without a condition.
2026-06-12 14:50:47,204 [WARN] IP:2250 - I2C_Coeff_DF not found: check if there is a RefParameter without a condition.
2026-06-12 14:50:47,204 [WARN] IP:2250 - Analog_Filter not found: check if there is a RefParameter without a condition.
2026-06-12 14:50:54,885 [WARN] IP:2250 - I2C_Coeff_DF not found: check if there is a RefParameter without a condition.
2026-06-12 14:50:54,885 [WARN] IP:2250 - Analog_Filter not found: check if there is a RefParameter without a condition.
2026-06-12 14:50:54,886 [WARN] IP:2250 - I2C_Coeff_DF not found: check if there is a RefParameter without a condition.
2026-06-12 14:50:54,886 [WARN] IP:2250 - Analog_Filter not found: check if there is a RefParameter without a condition.
2026-06-12 14:50:54,924 [WARN] IP:2250 - I2C_Coeff_DF not found: check if there is a RefParameter without a condition.
2026-06-12 14:50:54,924 [WARN] IP:2250 - Analog_Filter not found: check if there is a RefParameter without a condition.
2026-06-12 14:50:54,950 [WARN] IP:2250 - I2C_Coeff_DF not found: check if there is a RefParameter without a condition.
2026-06-12 14:50:54,950 [WARN] IP:2250 - Analog_Filter not found: check if there is a RefParameter without a condition.
2026-06-12 14:51:01,773 [WARN] IP:2250 - I2C_Coeff_DF not found: check if there is a RefParameter without a condition.
2026-06-12 14:51:01,774 [WARN] IP:2250 - Analog_Filter not found: check if there is a RefParameter without a condition.
2026-06-12 14:51:22,750 [WARN] IP:2250 - I2C_Coeff_DF not found: check if there is a RefParameter without a condition.
2026-06-12 14:51:22,750 [WARN] IP:2250 - Analog_Filter not found: check if there is a RefParameter without a condition.
2026-06-12 14:51:22,751 [WARN] IP:2250 - I2C_Coeff_DF not found: check if there is a RefParameter without a condition.
2026-06-12 14:51:22,751 [WARN] IP:2250 - Analog_Filter not found: check if there is a RefParameter without a condition.
2026-06-12 14:52:00,499 [INFO] UtilMem:75 - End SaveConfig() Used Memory: 735722128 Bytes (1073741824)
2026-06-12 14:52:07,409 [INFO] UtilMem:75 - End SaveConfig() Used Memory: 765518240 Bytes (1073741824)
2026-06-12 14:52:14,713 [INFO] UtilMem:75 - End SaveConfig() Used Memory: 799607696 Bytes (1073741824)
2026-06-12 14:52:14,923 [INFO] BlockDiagram:2775 - set Specific Code input for plugin: NVIC
2026-06-12 14:52:14,924 [INFO] BlockDiagram:2775 - set Specific Code input for plugin: USART
2026-06-12 14:52:14,929 [INFO] BlockDiagram:2775 - set Specific Code input for plugin: USART
2026-06-12 14:52:14,930 [INFO] BlockDiagram:2775 - set Specific Code input for plugin: TIM6_7F1
2026-06-12 14:52:14,931 [INFO] BlockDiagram:2775 - set Specific Code input for plugin: TIM1_8F1
2026-06-12 14:52:14,931 [INFO] BlockDiagram:2775 - set Specific Code input for plugin: TIM1_8F1
2026-06-12 14:52:14,931 [INFO] BlockDiagram:2775 - set Specific Code input for plugin: SYS
2026-06-12 14:52:14,932 [INFO] BlockDiagram:2775 - set Specific Code input for plugin: GPIO
2026-06-12 14:52:14,932 [INFO] BlockDiagram:2775 - set Specific Code input for plugin: RCC
2026-06-12 14:52:14,932 [INFO] BlockDiagram:2775 - set Specific Code input for plugin: I2C
2026-06-12 14:52:14,935 [INFO] CodeGenerator:892 - code generatio: config db path: C:\ST\STM32CubeIDE_1.19.0\STM32CubeIDE\plugins\com.st.stm32cube.common.mx_6.15.0.202507011659\\db\
2026-06-12 14:52:14,937 [WARN] IP:2250 - I2C_Coeff_DF not found: check if there is a RefParameter without a condition.
2026-06-12 14:52:14,938 [WARN] IP:2250 - Analog_Filter not found: check if there is a RefParameter without a condition.
2026-06-12 14:52:15,094 [INFO] CodeEngine:265 - oldGeneratedFile, C:\Users\Usuario\Desktop\UNAL\2026-1\Control\proyectoControl\controlRobot\MXTmpFiles\license.tmp_save
2026-06-12 14:52:15,646 [INFO] CodeEngine:289 - Generated code: C:\Users\Usuario\Desktop\UNAL\2026-1\Control\proyectoControl\controlRobot\MXTmpFiles\license.tmp
2026-06-12 14:52:15,800 [INFO] CodeEngine:265 - oldGeneratedFile, C:\Users\Usuario\Desktop\UNAL\2026-1\Control\proyectoControl\controlRobot\MXTmpFiles\gpio.tmp_save
2026-06-12 14:52:16,045 [INFO] CodeEngine:289 - Generated code: C:\Users\Usuario\Desktop\UNAL\2026-1\Control\proyectoControl\controlRobot\MXTmpFiles\gpio.tmp
2026-06-12 14:52:16,702 [INFO] CodeEngine:265 - oldGeneratedFile, C:\Users\Usuario\Desktop\UNAL\2026-1\Control\proyectoControl\controlRobot\Core\Src\stm32f1xx_it.c_save
2026-06-12 14:52:17,433 [INFO] CodeEngine:289 - Generated code: C:\Users\Usuario\Desktop\UNAL\2026-1\Control\proyectoControl\controlRobot\Core\Src\stm32f1xx_it.c
2026-06-12 14:52:17,452 [INFO] CodeEngine:265 - oldGeneratedFile, C:\Users\Usuario\Desktop\UNAL\2026-1\Control\proyectoControl\controlRobot\Core\Inc\stm32f1xx_it.h_save
2026-06-12 14:52:17,618 [INFO] CodeEngine:289 - Generated code: C:\Users\Usuario\Desktop\UNAL\2026-1\Control\proyectoControl\controlRobot\Core\Inc\stm32f1xx_it.h
2026-06-12 14:52:17,647 [INFO] CodeEngine:265 - oldGeneratedFile, C:\Users\Usuario\Desktop\UNAL\2026-1\Control\proyectoControl\controlRobot\Core\Src\stm32f1xx_hal_msp.c_save
2026-06-12 14:52:17,836 [INFO] CodeEngine:289 - Generated code: C:\Users\Usuario\Desktop\UNAL\2026-1\Control\proyectoControl\controlRobot\Core\Src\stm32f1xx_hal_msp.c
2026-06-12 14:52:17,846 [INFO] CodeEngine:265 - oldGeneratedFile, C:\Users\Usuario\Desktop\UNAL\2026-1\Control\proyectoControl\controlRobot\MXTmpFiles\system.tmp_save
2026-06-12 14:52:17,928 [INFO] CodeEngine:289 - Generated code: C:\Users\Usuario\Desktop\UNAL\2026-1\Control\proyectoControl\controlRobot\MXTmpFiles\system.tmp
2026-06-12 14:52:17,952 [INFO] CodeEngine:321 - oldGeneratedFile, C:\Users\Usuario\Desktop\UNAL\2026-1\Control\proyectoControl\controlRobot\Core\Inc\stm32f1xx_hal_conf.h_save
2026-06-12 14:52:18,050 [INFO] CodeEngine:345 - Generated code: C:\Users\Usuario\Desktop\UNAL\2026-1\Control\proyectoControl\controlRobot\Core\Inc\stm32f1xx_hal_conf.h
2026-06-12 14:52:18,083 [INFO] ApiDbMcu:532 - Load IP Config File for I2C2
2026-06-12 14:52:18,096 [INFO] ApiDbMcu:532 - Load IP Config File for TIM2
2026-06-12 14:52:18,107 [INFO] ApiDbMcu:532 - Load IP Config File for TIM4
2026-06-12 14:52:18,120 [INFO] ApiDbMcu:532 - Load IP Config File for TIM6
2026-06-12 14:52:18,124 [INFO] ApiDbMcu:532 - Load IP Config File for USART1
2026-06-12 14:52:18,128 [INFO] ApiDbMcu:532 - Load IP Config File for USART3
2026-06-12 14:52:18,131 [INFO] ApiDbMcu:532 - Load IP Config File for RCC
2026-06-12 14:52:18,132 [WARN] IPConfigManager:3811 - IP not found : TIM
2026-06-12 14:52:18,133 [WARN] CodeGenerator:4259 - IP not found : null
2026-06-12 14:52:18,148 [INFO] CodeEngine:265 - oldGeneratedFile, C:\Users\Usuario\Desktop\UNAL\2026-1\Control\proyectoControl\controlRobot\Core\Inc\main.h_save
2026-06-12 14:52:18,266 [INFO] CodeEngine:289 - Generated code: C:\Users\Usuario\Desktop\UNAL\2026-1\Control\proyectoControl\controlRobot\Core\Inc\main.h
2026-06-12 14:52:18,282 [INFO] CodeEngine:265 - oldGeneratedFile, C:\Users\Usuario\Desktop\UNAL\2026-1\Control\proyectoControl\controlRobot\Core\Src\main.c_save
2026-06-12 14:52:18,467 [INFO] CodeEngine:289 - Generated code: C:\Users\Usuario\Desktop\UNAL\2026-1\Control\proyectoControl\controlRobot\Core\Src\main.c
2026-06-12 14:52:19,311 [INFO] ProjectBuilder:3606 - Time for Copy HAL[1] : 450mS.
2026-06-12 14:52:19,321 [INFO] ProjectBuilder:5216 - Project Generator version: 4.7.0-B52
2026-06-12 14:52:19,469 [INFO] ConfigFileManager:1595 - The Die is : DIE414
2026-06-12 14:52:19,473 [INFO] ApiDbMcu:532 - Load IP Config File for FATFS
2026-06-12 14:52:19,483 [INFO] ApiDbMcu:532 - Load IP Config File for FREERTOS
2026-06-12 14:52:19,493 [INFO] ApiDbMcu:532 - Load IP Config File for USB_DEVICE
2026-06-12 14:52:21,415 [INFO] ProjectBuilder:5496 - Time for Generating toolchain IDE Files: 2094mS.
2026-06-12 14:52:21,417 [INFO] ProjectBuilder:3463 - Time for Copy CMSIS : 1mS.
2026-06-12 14:52:21,423 [INFO] ProjectBuilder:3463 - Time for Copy CMSIS : 1mS.
2026-06-12 14:53:32,839 [WARN] IP:2250 - I2C_Coeff_DF not found: check if there is a RefParameter without a condition.
2026-06-12 14:53:32,839 [WARN] IP:2250 - Analog_Filter not found: check if there is a RefParameter without a condition.
2026-06-12 14:53:42,629 [WARN] IP:2250 - I2C_Coeff_DF not found: check if there is a RefParameter without a condition.
2026-06-12 14:53:42,629 [WARN] IP:2250 - Analog_Filter not found: check if there is a RefParameter without a condition.
2026-06-12 14:57:47,483 [WARN] IP:2250 - I2C_Coeff_DF not found: check if there is a RefParameter without a condition.
2026-06-12 14:57:47,483 [WARN] IP:2250 - Analog_Filter not found: check if there is a RefParameter without a condition.
2026-06-12 14:57:47,560 [WARN] IP:2250 - I2C_Coeff_DF not found: check if there is a RefParameter without a condition.
2026-06-12 14:57:47,560 [WARN] IP:2250 - Analog_Filter not found: check if there is a RefParameter without a condition.
2026-06-12 14:57:47,561 [WARN] IP:2250 - I2C_Coeff_DF not found: check if there is a RefParameter without a condition.
2026-06-12 14:57:47,561 [WARN] IP:2250 - Analog_Filter not found: check if there is a RefParameter without a condition.
2026-06-12 14:57:47,596 [WARN] IP:2250 - I2C_Coeff_DF not found: check if there is a RefParameter without a condition.
2026-06-12 14:57:47,596 [WARN] IP:2250 - Analog_Filter not found: check if there is a RefParameter without a condition.
2026-06-12 14:57:47,628 [WARN] IP:2250 - I2C_Coeff_DF not found: check if there is a RefParameter without a condition.
2026-06-12 14:57:47,629 [WARN] IP:2250 - Analog_Filter not found: check if there is a RefParameter without a condition.
2026-06-12 14:57:52,786 [WARN] IP:2250 - I2C_Coeff_DF not found: check if there is a RefParameter without a condition.
2026-06-12 14:57:52,786 [WARN] IP:2250 - Analog_Filter not found: check if there is a RefParameter without a condition.
2026-06-12 14:57:59,417 [WARN] IP:2250 - I2C_Coeff_DF not found: check if there is a RefParameter without a condition.
2026-06-12 14:57:59,417 [WARN] IP:2250 - Analog_Filter not found: check if there is a RefParameter without a condition.
2026-06-12 14:57:59,417 [WARN] IP:2250 - I2C_Coeff_DF not found: check if there is a RefParameter without a condition.
2026-06-12 14:57:59,417 [WARN] IP:2250 - Analog_Filter not found: check if there is a RefParameter without a condition.
2026-06-12 14:58:11,413 [WARN] IP:2250 - I2C_Coeff_DF not found: check if there is a RefParameter without a condition.
2026-06-12 14:58:11,414 [WARN] IP:2250 - Analog_Filter not found: check if there is a RefParameter without a condition.
2026-06-12 14:58:12,076 [WARN] IP:2250 - I2C_Coeff_DF not found: check if there is a RefParameter without a condition.
2026-06-12 14:58:12,076 [WARN] IP:2250 - Analog_Filter not found: check if there is a RefParameter without a condition.
2026-06-12 14:58:12,076 [WARN] IP:2250 - I2C_Coeff_DF not found: check if there is a RefParameter without a condition.
2026-06-12 14:58:12,076 [WARN] IP:2250 - Analog_Filter not found: check if there is a RefParameter without a condition.
2026-06-12 14:58:12,602 [INFO] Gpio:278 - dependency for GPIO [I2C2, TIM2, TIM4, USART1, USART3]
2026-06-12 14:58:13,274 [INFO] Gpio:278 - dependency for GPIO [I2C2, TIM2, TIM4, USART1, USART3]
2026-06-12 14:58:15,067 [INFO] Gpio:278 - dependency for GPIO [I2C2, TIM2, TIM4, USART1, USART3]
2026-06-12 14:58:16,397 [WARN] IP:2250 - I2C_Coeff_DF not found: check if there is a RefParameter without a condition.
2026-06-12 14:58:16,397 [WARN] IP:2250 - Analog_Filter not found: check if there is a RefParameter without a condition.
2026-06-12 14:58:20,506 [WARN] IP:2250 - I2C_Coeff_DF not found: check if there is a RefParameter without a condition.
2026-06-12 14:58:20,506 [WARN] IP:2250 - Analog_Filter not found: check if there is a RefParameter without a condition.
2026-06-12 14:58:20,506 [WARN] IP:2250 - I2C_Coeff_DF not found: check if there is a RefParameter without a condition.
2026-06-12 14:58:20,506 [WARN] IP:2250 - Analog_Filter not found: check if there is a RefParameter without a condition.
2026-06-12 14:58:23,573 [WARN] IP:2250 - I2C_Coeff_DF not found: check if there is a RefParameter without a condition.
2026-06-12 14:58:23,573 [WARN] IP:2250 - Analog_Filter not found: check if there is a RefParameter without a condition.
2026-06-12 14:58:24,323 [WARN] IP:2250 - I2C_Coeff_DF not found: check if there is a RefParameter without a condition.
2026-06-12 14:58:24,323 [WARN] IP:2250 - Analog_Filter not found: check if there is a RefParameter without a condition.
2026-06-12 14:58:24,324 [WARN] IP:2250 - I2C_Coeff_DF not found: check if there is a RefParameter without a condition.
2026-06-12 14:58:24,324 [WARN] IP:2250 - Analog_Filter not found: check if there is a RefParameter without a condition.
2026-06-12 14:58:24,979 [WARN] IP:2250 - I2C_Coeff_DF not found: check if there is a RefParameter without a condition.
2026-06-12 14:58:24,980 [WARN] IP:2250 - Analog_Filter not found: check if there is a RefParameter without a condition.
2026-06-12 14:58:24,980 [WARN] IP:2250 - I2C_Coeff_DF not found: check if there is a RefParameter without a condition.
2026-06-12 14:58:24,980 [WARN] IP:2250 - Analog_Filter not found: check if there is a RefParameter without a condition.
2026-06-12 15:06:50,590 [INFO] UtilMem:75 - End SaveConfig() Used Memory: 901506456 Bytes (1073741824)
2026-06-12 15:06:52,364 [INFO] UtilMem:75 - End SaveConfig() Used Memory: 931786824 Bytes (1073741824)
2026-06-12 15:06:54,426 [INFO] UtilMem:75 - End SaveConfig() Used Memory: 964370528 Bytes (1073741824)
2026-06-12 15:06:54,957 [INFO] BlockDiagram:2775 - set Specific Code input for plugin: NVIC
2026-06-12 15:06:54,957 [INFO] BlockDiagram:2775 - set Specific Code input for plugin: USART
2026-06-12 15:06:54,958 [INFO] BlockDiagram:2775 - set Specific Code input for plugin: USART
2026-06-12 15:06:54,958 [INFO] BlockDiagram:2775 - set Specific Code input for plugin: TIM6_7F1
2026-06-12 15:06:54,958 [INFO] BlockDiagram:2775 - set Specific Code input for plugin: TIM1_8F1
2026-06-12 15:06:54,958 [INFO] BlockDiagram:2775 - set Specific Code input for plugin: TIM1_8F1
2026-06-12 15:06:54,958 [INFO] BlockDiagram:2775 - set Specific Code input for plugin: SYS
2026-06-12 15:06:54,960 [INFO] BlockDiagram:2775 - set Specific Code input for plugin: GPIO
2026-06-12 15:06:54,960 [INFO] BlockDiagram:2775 - set Specific Code input for plugin: RCC
2026-06-12 15:06:54,961 [INFO] BlockDiagram:2775 - set Specific Code input for plugin: I2C
2026-06-12 15:06:54,962 [INFO] CodeGenerator:892 - code generatio: config db path: C:\ST\STM32CubeIDE_1.19.0\STM32CubeIDE\plugins\com.st.stm32cube.common.mx_6.15.0.202507011659\\db\
2026-06-12 15:06:54,965 [WARN] IP:2250 - I2C_Coeff_DF not found: check if there is a RefParameter without a condition.
2026-06-12 15:06:54,966 [WARN] IP:2250 - Analog_Filter not found: check if there is a RefParameter without a condition.
2026-06-12 15:06:55,122 [INFO] CodeEngine:265 - oldGeneratedFile, C:\Users\Usuario\Desktop\UNAL\2026-1\Control\proyectoControl\controlRobot\MXTmpFiles\license.tmp_save
2026-06-12 15:06:55,542 [INFO] CodeEngine:289 - Generated code: C:\Users\Usuario\Desktop\UNAL\2026-1\Control\proyectoControl\controlRobot\MXTmpFiles\license.tmp
2026-06-12 15:06:55,623 [INFO] CodeEngine:265 - oldGeneratedFile, C:\Users\Usuario\Desktop\UNAL\2026-1\Control\proyectoControl\controlRobot\MXTmpFiles\gpio.tmp_save
2026-06-12 15:06:55,834 [INFO] CodeEngine:289 - Generated code: C:\Users\Usuario\Desktop\UNAL\2026-1\Control\proyectoControl\controlRobot\MXTmpFiles\gpio.tmp
2026-06-12 15:06:56,312 [INFO] CodeEngine:265 - oldGeneratedFile, C:\Users\Usuario\Desktop\UNAL\2026-1\Control\proyectoControl\controlRobot\Core\Src\stm32f1xx_it.c_save
2026-06-12 15:06:56,669 [INFO] CodeEngine:289 - Generated code: C:\Users\Usuario\Desktop\UNAL\2026-1\Control\proyectoControl\controlRobot\Core\Src\stm32f1xx_it.c
2026-06-12 15:06:56,684 [INFO] CodeEngine:265 - oldGeneratedFile, C:\Users\Usuario\Desktop\UNAL\2026-1\Control\proyectoControl\controlRobot\Core\Inc\stm32f1xx_it.h_save
2026-06-12 15:06:56,826 [INFO] CodeEngine:289 - Generated code: C:\Users\Usuario\Desktop\UNAL\2026-1\Control\proyectoControl\controlRobot\Core\Inc\stm32f1xx_it.h
2026-06-12 15:06:56,854 [INFO] CodeEngine:265 - oldGeneratedFile, C:\Users\Usuario\Desktop\UNAL\2026-1\Control\proyectoControl\controlRobot\Core\Src\stm32f1xx_hal_msp.c_save
2026-06-12 15:06:57,111 [INFO] CodeEngine:289 - Generated code: C:\Users\Usuario\Desktop\UNAL\2026-1\Control\proyectoControl\controlRobot\Core\Src\stm32f1xx_hal_msp.c
2026-06-12 15:06:57,124 [INFO] CodeEngine:265 - oldGeneratedFile, C:\Users\Usuario\Desktop\UNAL\2026-1\Control\proyectoControl\controlRobot\MXTmpFiles\system.tmp_save
2026-06-12 15:06:57,240 [INFO] CodeEngine:289 - Generated code: C:\Users\Usuario\Desktop\UNAL\2026-1\Control\proyectoControl\controlRobot\MXTmpFiles\system.tmp
2026-06-12 15:06:57,268 [INFO] CodeEngine:321 - oldGeneratedFile, C:\Users\Usuario\Desktop\UNAL\2026-1\Control\proyectoControl\controlRobot\Core\Inc\stm32f1xx_hal_conf.h_save
2026-06-12 15:06:57,407 [INFO] CodeEngine:345 - Generated code: C:\Users\Usuario\Desktop\UNAL\2026-1\Control\proyectoControl\controlRobot\Core\Inc\stm32f1xx_hal_conf.h
2026-06-12 15:06:57,441 [WARN] IPConfigManager:3811 - IP not found : TIM
2026-06-12 15:06:57,442 [WARN] CodeGenerator:4259 - IP not found : null
2026-06-12 15:06:57,459 [INFO] CodeEngine:265 - oldGeneratedFile, C:\Users\Usuario\Desktop\UNAL\2026-1\Control\proyectoControl\controlRobot\Core\Inc\main.h_save
2026-06-12 15:06:57,638 [INFO] CodeEngine:289 - Generated code: C:\Users\Usuario\Desktop\UNAL\2026-1\Control\proyectoControl\controlRobot\Core\Inc\main.h
2026-06-12 15:06:57,652 [INFO] CodeEngine:265 - oldGeneratedFile, C:\Users\Usuario\Desktop\UNAL\2026-1\Control\proyectoControl\controlRobot\Core\Src\main.c_save
2026-06-12 15:06:57,892 [INFO] CodeEngine:289 - Generated code: C:\Users\Usuario\Desktop\UNAL\2026-1\Control\proyectoControl\controlRobot\Core\Src\main.c
2026-06-12 15:06:58,561 [INFO] ProjectBuilder:3606 - Time for Copy HAL[1] : 308mS.
2026-06-12 15:06:58,570 [INFO] ProjectBuilder:5216 - Project Generator version: 4.7.0-B52
2026-06-12 15:06:58,746 [INFO] ConfigFileManager:1595 - The Die is : DIE414
2026-06-12 15:07:01,014 [INFO] ProjectBuilder:5496 - Time for Generating toolchain IDE Files: 2444mS.
2026-06-12 15:07:01,016 [INFO] ProjectBuilder:3463 - Time for Copy CMSIS : 1mS.
2026-06-12 15:07:01,025 [INFO] ProjectBuilder:3463 - Time for Copy CMSIS : 0mS.
2026-06-12 15:12:05,362 [WARN] IP:2250 - I2C_Coeff_DF not found: check if there is a RefParameter without a condition.
2026-06-12 15:12:05,363 [WARN] IP:2250 - Analog_Filter not found: check if there is a RefParameter without a condition.
2026-06-12 15:30:52,067 [INFO] MainUpdater:2872 - connection check result : 10
2026-06-12 15:30:52,067 [INFO] MainUpdater:2872 - connection check result : 10
2026-06-12 15:30:52,226 [INFO] MicroXplorer:468 - Change Database Path : 
2026-06-12 15:30:52,227 [INFO] MicroXplorer:498 - Change Database Version : DB.6.0.150
2026-06-12 15:30:52,290 [ERROR] ProjectManagerView:395 - 
java.lang.NullPointerException: Cannot invoke "javax.swing.JTextField.getText()" because the return value of "java.util.List.get(int)" is null
	at com.st.microxplorer.plugins.projectmanager.gui.ProjectChoiceTab$9.caretUpdate(ProjectChoiceTab.java:2706) ~[filemanager.jar:?]
	at javax.swing.text.JTextComponent.fireCaretUpdate(JTextComponent.java:408) ~[?:?]
	at javax.swing.text.JTextComponent$MutableCaretEvent.fire(JTextComponent.java:4484) ~[?:?]
	at javax.swing.text.JTextComponent$MutableCaretEvent.stateChanged(JTextComponent.java:4506) ~[?:?]
	at javax.swing.text.DefaultCaret.fireStateChanged(DefaultCaret.java:857) ~[?:?]
	at javax.swing.text.DefaultCaret.changeCaretPosition(DefaultCaret.java:1343) ~[?:?]
	at javax.swing.text.DefaultCaret.handleSetDot(DefaultCaret.java:1242) ~[?:?]
	at javax.swing.text.DefaultCaret.setDot(DefaultCaret.java:1223) ~[?:?]
	at javax.swing.text.DefaultCaret$Handler.insertUpdate(DefaultCaret.java:1819) ~[?:?]
	at javax.swing.text.AbstractDocument.fireInsertUpdate(AbstractDocument.java:227) ~[?:?]
	at javax.swing.text.AbstractDocument.handleInsertString(AbstractDocument.java:781) ~[?:?]
	at javax.swing.text.AbstractDocument.insertString(AbstractDocument.java:740) ~[?:?]
	at javax.swing.text.PlainDocument.insertString(PlainDocument.java:131) ~[?:?]
	at javax.swing.text.AbstractDocument.replace(AbstractDocument.java:699) ~[?:?]
	at javax.swing.text.JTextComponent.setText(JTextComponent.java:1725) ~[?:?]
	at com.st.microxplorer.plugins.projectmanager.gui.ProjectChoiceTab.createHeapStackFields(ProjectChoiceTab.java:993) ~[filemanager.jar:?]
	at com.st.microxplorer.plugins.projectmanager.gui.ProjectChoiceTab.buildLinkSettingsPanel(ProjectChoiceTab.java:3813) ~[filemanager.jar:?]
	at com.st.microxplorer.plugins.projectmanager.gui.ProjectChoiceTab.defineWindowsFields(ProjectChoiceTab.java:1987) ~[filemanager.jar:?]
	at com.st.microxplorer.plugins.projectmanager.gui.ProjectChoiceTab.updateSettings(ProjectChoiceTab.java:558) ~[filemanager.jar:?]
	at com.st.microxplorer.plugins.projectmanager.gui.ProjectSettingsPanel.UpdateDialog(ProjectSettingsPanel.java:247) ~[filemanager.jar:?]
	at com.st.microxplorer.plugins.projectmanager.ProjectManagerView.propertyChange(ProjectManagerView.java:392) ~[filemanager.jar:?]
	at java.beans.PropertyChangeSupport.fire(PropertyChangeSupport.java:343) ~[?:?]
	at java.beans.PropertyChangeSupport.firePropertyChange(PropertyChangeSupport.java:335) ~[?:?]
	at java.beans.PropertyChangeSupport.firePropertyChange(PropertyChangeSupport.java:268) ~[?:?]
	at com.st.microxplorer.util.MXPropertyChangeSupport.firePropertyChange(MXPropertyChangeSupport.java:54) ~[STM32CubeMX.jar:?]
	at com.st.microxplorer.mxsystem.MxSystem.closeConfig(MxSystem.java:899) ~[STM32CubeMX.jar:?]
	at com.st.microxplorer.maingui.MainPanel.closeConfig(MainPanel.java:792) ~[STM32CubeMX.jar:?]
	at com.st.microxplorer.plugins.filemanager.engine.OpenFileManager.loadConfigurationFile(OpenFileManager.java:288) ~[filemanager.jar:?]
	at com.st.microxplorer.plugins.filemanager.engine.MainFileManager.userLoadConfig(MainFileManager.java:364) ~[filemanager.jar:?]
	at com.st.microxplorer.plugins.filemanager.engine.MainFileManager.userLoadConfig(MainFileManager.java:342) ~[filemanager.jar:?]
	at com.st.microxplorer.plugins.filemanager.FileManagerView.getSpecificTask(FileManagerView.java:264) ~[filemanager.jar:?]
	at com.st.stm32cube.common.mx.editor.CubeMxEditor.getMxTabbedPaneInstance(CubeMxEditor.java:1198) ~[com.st.stm32cube.common.mx_6.15.0.202507011659/:?]
	at com.st.stm32cube.common.mx.editor.CubeMxEditor$12$1.createSwingComponent(CubeMxEditor.java:1068) ~[com.st.stm32cube.common.mx_6.15.0.202507011659/:?]
	at com.st.stm32cube.common.mx.oss.core.awtswtbridge.EmbeddedSwingComposite.doComponentCreation(EmbeddedSwingComposite.java:492) ~[com.st.stm32cube.common.mx.oss_6.15.0.202507011659/:?]
	at com.st.stm32cube.common.mx.oss.core.awtswtbridge.EmbeddedSwingComposite$4.run(EmbeddedSwingComposite.java:291) ~[com.st.stm32cube.common.mx.oss_6.15.0.202507011659/:?]
	at com.st.stm32cube.common.mx.oss.core.awtswtbridge.AwtEnvironment$2.run(AwtEnvironment.java:166) ~[com.st.stm32cube.common.mx.oss_6.15.0.202507011659/:?]
	at java.awt.event.InvocationEvent.dispatch(InvocationEvent.java:318) ~[?:?]
	at java.awt.EventQueue.dispatchEventImpl(EventQueue.java:773) ~[?:?]
	at java.awt.EventQueue$4.run(EventQueue.java:720) ~[?:?]
	at java.awt.EventQueue$4.run(EventQueue.java:714) ~[?:?]
	at java.security.AccessController.doPrivileged(AccessController.java:400) ~[?:?]
	at java.security.ProtectionDomain$JavaSecurityAccessImpl.doIntersectionPrivilege(ProtectionDomain.java:87) ~[?:?]
	at java.awt.EventQueue.dispatchEvent(EventQueue.java:742) ~[?:?]
	at java.awt.EventDispatchThread.pumpOneEventForFilters(EventDispatchThread.java:203) ~[?:?]
	at java.awt.EventDispatchThread.pumpEventsForFilter(EventDispatchThread.java:124) ~[?:?]
	at java.awt.EventDispatchThread.pumpEventsForHierarchy(EventDispatchThread.java:113) ~[?:?]
	at java.awt.EventDispatchThread.pumpEvents(EventDispatchThread.java:109) ~[?:?]
	at java.awt.EventDispatchThread.pumpEvents(EventDispatchThread.java:101) ~[?:?]
	at java.awt.EventDispatchThread.run(EventDispatchThread.java:90) ~[?:?]
2026-06-12 15:30:52,294 [WARN] ThirdParty:871 - waiting for thirdparty lock release [close project]
2026-06-12 15:30:52,294 [INFO] ThirdParty:873 - entering critical section [close project]
2026-06-12 15:30:52,295 [INFO] ThirdParty:883 - exiting critical section [close project]
2026-06-12 15:30:52,298 [INFO] PinOutPanel:1589 - setPackage(No Configuration,No Configuration)
2026-06-12 15:30:52,307 [INFO] UtilMem:75 - Begin LoadConfig() Used Memory: 765464784 Bytes (1073741824)
2026-06-12 15:30:55,109 [INFO] MicroXplorer:468 - Change Database Path : 
2026-06-12 15:30:55,110 [INFO] MicroXplorer:498 - Change Database Version : DB.6.0.150
2026-06-12 15:30:55,110 [INFO] OpenFileManager:355 - Change cursor
2026-06-12 15:30:55,200 [INFO] RulesReader:64 - Compatibility file has been processed (317 Rules)
2026-06-12 15:30:55,211 [INFO] Mcu:2029 - Initializing MCU STM32F103C(8-B)Tx STM32F103C8Tx STM32F103C8T6
2026-06-12 15:30:56,954 [INFO] Context:786 - Trying to add GPIOservice into a context  which must be forbidden
2026-06-12 15:30:57,465 [INFO] Rule:233 - rule WakeUp0 Mode is applicable
2026-06-12 15:30:57,466 [INFO] Rule:233 - rule WakeUp0 SIGNAL is applicable
2026-06-12 15:30:57,466 [INFO] Rule:233 - rule WakeUp1 Mode is applicable
2026-06-12 15:30:57,467 [INFO] Rule:233 - rule WakeUp1 SIGNAL is applicable
2026-06-12 15:30:57,467 [INFO] Rule:233 - rule WakeUp2 Mode is applicable
2026-06-12 15:30:57,467 [INFO] Rule:233 - rule WakeUp2 SIGNAL is applicable
2026-06-12 15:30:57,467 [INFO] Rule:233 - rule WakeUp4 Mode is applicable
2026-06-12 15:30:57,467 [INFO] Rule:233 - rule WakeUp4 SIGNAL is applicable
2026-06-12 15:30:57,468 [INFO] Rule:233 - rule WakeUp5 Mode is applicable
2026-06-12 15:30:57,468 [INFO] Rule:233 - rule WakeUp5 SIGNAL is applicable
2026-06-12 15:30:57,468 [INFO] Rule:233 - rule Change Default Value for LSE Drive Capability for WB family is applicable
2026-06-12 15:30:57,469 [INFO] Rule:233 - rule change FDCAN default value is applicable
2026-06-12 15:30:57,469 [INFO] Rule:233 - rule Adapt Old IOC before rework replace old CORTEX_M33/CORTEX_M55 attributes by the new one. is applicable
2026-06-12 15:30:57,469 [INFO] Rule:233 - rule Rename parametre of RCC RCC_APBDBG_DIV2 to RCC_TIMPRES_DIV2 is applicable
2026-06-12 15:30:57,469 [INFO] Rule:233 - rule Rename DIE493 pin PA10 [PA12] -> PA10 is applicable
2026-06-12 15:30:57,470 [INFO] Rule:233 - rule Rename DIE493 pin PA9 [PA11] -> PA9 is applicable
2026-06-12 15:30:57,470 [INFO] Rule:233 - rule Rename DIE492 PartNumber CPN STM32WBA5MJGHx -> STM32WBA5MMGHx is applicable
2026-06-12 15:30:57,470 [INFO] Rule:233 - rule Rename DIE492 PartNumber  Name STM32WBA5MJGHx -> STM32WBA5MMGHx is applicable
2026-06-12 15:30:57,471 [INFO] Rule:233 - rule Rename DIE492 PartNumber UserName STM32WBA5MJGHx -> STM32WBA5MMGHx is applicable
2026-06-12 15:30:57,471 [INFO] Rule:233 - rule Rename DIE492 PartNumber DeviceId STM32WBA5MJGHx -> STM32WBA5MMGHx is applicable
2026-06-12 15:30:57,471 [INFO] Rule:233 - rule Adapt Old IOC CSI. is applicable
2026-06-12 15:30:57,471 [INFO] Rule:233 - rule Adapt Old IOC DCMIPP. is applicable
2026-06-12 15:30:57,472 [INFO] Rule:233 - rule Adapt Old IOC DCMIPP Mode Parallel. is applicable
2026-06-12 15:30:57,472 [INFO] Rule:233 - rule Adapt Old IOC LTDC. is applicable
2026-06-12 15:30:57,472 [INFO] Rule:233 - rule Rename STM32MP2 RIF Peripheral LTDC RIF.RISUP.LTDC_L0L1.Privilege -> RIF.RISUP.LTDC_L1L2.Privilege is applicable
2026-06-12 15:30:57,472 [INFO] Rule:233 - rule Rename STM32MP2 RIF Peripheral LTDC RIF.RISUP.LTDC_L0L1.Privilege -> RIF.RISUP.LTDC_L1L2.Privilege is applicable
2026-06-12 15:30:57,473 [INFO] Rule:233 - rule Rename STM32MP2 RIF Peripheral LTDC RIF.RISUP.LTDC_L0L1.Lock -> RIF.RISUP.LTDC_L1L2.Lock is applicable
2026-06-12 15:30:57,473 [INFO] Rule:233 - rule Rename STM32MP2 RIF Peripheral LTDC RIF.RISUP.LTDC_L2.Lock -> RIF.RISUP.LTDC_L3.Lock is applicable
2026-06-12 15:30:57,473 [INFO] Rule:233 - rule Adapt the old IOC example for updating the SYS when it is misconfigured. is applicable
2026-06-12 15:30:57,473 [INFO] Rule:233 - rule Rename STM32C09 Mcu.Package LQFP64 -> LQFP48 is applicable
2026-06-12 15:30:57,473 [INFO] Rule:233 - rule Adapt the old IOC example for updating the SYS when it is misconfigured. is applicable
2026-06-12 15:30:57,474 [INFO] Rule:233 - rule Adapt the old IOC example for updating the SYS when it is misconfigured. is applicable
2026-06-12 15:30:57,484 [INFO] DbConfProperties:307 - Apply Compatibility (5/32 Rules)
2026-06-12 15:30:57,542 [INFO] ImportTextPane:234 - (OptionalMessage_ERROR) Pin11 (VP_RIF_VS_RIF1) cannot be retrieved for this MCU
2026-06-12 15:30:57,962 [INFO] RtosManager:558 - Registered RTOS mode: class=CMSIS, group=RTOS, mode=CMSIS_V1, owner=FREERTOS
2026-06-12 15:30:57,963 [INFO] RtosManager:558 - Registered RTOS mode: class=CMSIS, group=RTOS2, mode=CMSIS_V2, owner=FREERTOS
2026-06-12 15:30:57,964 [INFO] RtosManager:558 - Registered RTOS mode: class=RTOS, group=Core, mode=CMSIS_V1, owner=FREERTOS
2026-06-12 15:30:57,964 [INFO] RtosManager:558 - Registered RTOS mode: class=RTOS, group=Core, mode=CMSIS_V2, owner=FREERTOS
2026-06-12 15:30:57,964 [WARN] ModelIntegratedComponent:184 - Missing modes for component STMicroelectronics:FreeRTOS:0.0.1:STMicroelectronics:RTOS:FreeRTOS:Core:::10.2.0:
2026-06-12 15:30:57,987 [WARN] ModelIntegratedComponent:63 - No mode defined for component null
2026-06-12 15:30:57,987 [WARN] ModelIntegratedComponent:63 - No mode defined for component null
2026-06-12 15:30:57,987 [WARN] ModelIntegratedComponent:63 - No mode defined for component null
2026-06-12 15:30:57,987 [WARN] ModelIntegratedComponent:63 - No mode defined for component null
2026-06-12 15:30:57,987 [WARN] ModelIntegratedComponent:63 - No mode defined for component null
2026-06-12 15:30:57,987 [WARN] ModelIntegratedComponent:63 - No mode defined for component null
2026-06-12 15:30:57,987 [WARN] ModelIntegratedComponent:63 - No mode defined for component null
2026-06-12 15:30:57,987 [WARN] ModelIntegratedComponent:63 - No mode defined for component null
2026-06-12 15:30:57,987 [WARN] ModelIntegratedComponent:63 - No mode defined for component null
2026-06-12 15:30:57,988 [WARN] ModelIntegratedComponent:63 - No mode defined for component null
2026-06-12 15:30:57,988 [WARN] ModelIntegratedComponent:63 - No mode defined for component null
2026-06-12 15:30:57,988 [WARN] ModelIntegratedComponent:63 - No mode defined for component null
2026-06-12 15:30:57,988 [WARN] ModelIntegratedComponent:63 - No mode defined for component null
2026-06-12 15:30:57,988 [WARN] ModelIntegratedComponent:63 - No mode defined for component null
2026-06-12 15:30:57,988 [WARN] ModelIntegratedComponent:63 - No mode defined for component null
2026-06-12 15:30:57,988 [WARN] ModelIntegratedComponent:63 - No mode defined for component null
2026-06-12 15:30:57,988 [WARN] ModelIntegratedComponent:63 - No mode defined for component null
2026-06-12 15:30:57,988 [WARN] ModelIntegratedComponent:63 - No mode defined for component null
2026-06-12 15:30:57,988 [WARN] ModelIntegratedComponent:63 - No mode defined for component null
2026-06-12 15:30:57,989 [WARN] ModelIntegratedComponent:63 - No mode defined for component null
2026-06-12 15:30:57,989 [WARN] ModelIntegratedComponent:63 - No mode defined for component null
2026-06-12 15:30:57,989 [WARN] ModelIntegratedComponent:63 - No mode defined for component null
2026-06-12 15:30:57,989 [WARN] ModelIntegratedComponent:63 - No mode defined for component null
2026-06-12 15:30:57,989 [WARN] ModelIntegratedComponent:63 - No mode defined for component null
2026-06-12 15:30:57,989 [WARN] ModelIntegratedComponent:63 - No mode defined for component null
2026-06-12 15:30:57,989 [WARN] ModelIntegratedComponent:63 - No mode defined for component null
2026-06-12 15:30:57,990 [WARN] ModelIntegratedComponent:63 - No mode defined for component null
2026-06-12 15:30:57,990 [WARN] ModelIntegratedComponent:63 - No mode defined for component null
2026-06-12 15:30:57,990 [WARN] ModelIntegratedComponent:63 - No mode defined for component null
2026-06-12 15:30:57,990 [WARN] ModelIntegratedComponent:63 - No mode defined for component null
2026-06-12 15:30:57,991 [WARN] ModelIntegratedComponent:63 - No mode defined for component null
2026-06-12 15:30:57,991 [WARN] ModelIntegratedComponent:63 - No mode defined for component null
2026-06-12 15:30:57,991 [WARN] ModelIntegratedComponent:63 - No mode defined for component null
2026-06-12 15:30:57,991 [WARN] ModelIntegratedComponent:63 - No mode defined for component null
2026-06-12 15:30:57,991 [WARN] ModelIntegratedComponent:63 - No mode defined for component null
2026-06-12 15:30:57,991 [WARN] ModelPack:524 - Component already loaded: STMicroelectronics:HAL Drivers:0.0.0:STMicroelectronics:Device:STMicro_Driver:XSPI:HAL::0.0.1:HAL_XSPI
2026-06-12 15:30:58,297 [INFO] ThirdPartyModel:298 - Start build external matchings
2026-06-12 15:30:59,637 [INFO] ThirdPartyModel:316 - End build external matchings
2026-06-12 15:30:59,716 [INFO] RtosManager:1018 - Current active RTOS is FREERTOS [Cortex-M3NS]
2026-06-12 15:30:59,733 [WARN] IP:2250 - I2C_Coeff_DF not found: check if there is a RefParameter without a condition.
2026-06-12 15:30:59,734 [WARN] IP:2250 - Analog_Filter not found: check if there is a RefParameter without a condition.
2026-06-12 15:30:59,738 [INFO] ImportTextPane:234 - (OptionalMessage_ERROR) IP (RCC) : Parameter (ADCFreqValue) has invalid value (32000000)
2026-06-12 15:30:59,738 [INFO] ImportTextPane:234 - (OptionalMessage_ERROR) IP (RCC) : Invalid parameter (FamilyName)
2026-06-12 15:30:59,738 [INFO] ImportTextPane:234 - (OptionalMessage_ERROR) IP (RCC) : Parameter (MCOFreq_Value) has invalid value (64000000)
2026-06-12 15:30:59,740 [INFO] ImportTextPane:234 - (OptionalMessage_ERROR) IP (RCC) : Parameter (USBFreq_Value) has invalid value (64000000)
2026-06-12 15:31:00,077 [INFO] UtilMem:75 - End LoadConfig() Used Memory: 987918968 Bytes (1073741824)
2026-06-12 15:31:00,652 [WARN] ThirdParty:833 - waiting for thirdparty lock release [change project]
2026-06-12 15:31:00,652 [INFO] ThirdParty:835 - entering critical section [change project]
2026-06-12 15:31:00,652 [INFO] ThirdParty:1030 - CMSIS Pack Vendor :STMicroelectronics X-CUBE-AZRTOS-H7 3.5.0
2026-06-12 15:31:00,652 [INFO] ThirdParty:1030 - CMSIS Pack Vendor :STMicroelectronics X-CUBE-PM33A1 1.0.0
2026-06-12 15:31:00,652 [INFO] ThirdParty:1030 - CMSIS Pack Vendor :STMicroelectronics USBPD 4.1
2026-06-12 15:31:00,652 [INFO] ThirdParty:1030 - CMSIS Pack Vendor :STMicroelectronics X-CUBE-NFC9 1.0.0
2026-06-12 15:31:00,652 [INFO] ThirdParty:1030 - CMSIS Pack Vendor :STMicroelectronics USB_HOST 2.0.0
2026-06-12 15:31:00,653 [INFO] ThirdParty:1030 - CMSIS Pack Vendor :STMicroelectronics FP-SNS-MOTENVWB1 1.4.0
2026-06-12 15:31:00,653 [INFO] ThirdParty:1030 - CMSIS Pack Vendor :STMicroelectronics X-CUBE-AZRTOS-F4 1.1.0
2026-06-12 15:31:00,653 [INFO] ThirdParty:1030 - CMSIS Pack Vendor :STMicroelectronics LIBJPEG 8.0.0
2026-06-12 15:31:00,653 [INFO] ThirdParty:1030 - CMSIS Pack Vendor :STMicroelectronics FP-ATR-ASTRA1 2.0.2
2026-06-12 15:31:00,653 [INFO] ThirdParty:1030 - CMSIS Pack Vendor :STMicroelectronics X-CUBE-BLE1 7.1.0
2026-06-12 15:31:00,653 [INFO] ThirdParty:1030 - CMSIS Pack Vendor :STMicroelectronics X-CUBE-SMBUS 2.1.0
2026-06-12 15:31:00,653 [INFO] ThirdParty:1030 - CMSIS Pack Vendor :STMicroelectronics USB_DEVICE 3.0.0
2026-06-12 15:31:00,653 [INFO] ThirdParty:1030 - CMSIS Pack Vendor :STMicroelectronics X-CUBE-ISPU 2.1.0
2026-06-12 15:31:00,653 [INFO] ThirdParty:1030 - CMSIS Pack Vendor :STMicroelectronics X-CUBE-IPS 3.2.0
2026-06-12 15:31:00,653 [INFO] ThirdParty:1030 - CMSIS Pack Vendor :STMicroelectronics eDS-WB_DPC_TT-BIDIR 2.1.1
2026-06-12 15:31:00,653 [INFO] ThirdParty:1030 - CMSIS Pack Vendor :STMicroelectronics X-CUBE-AZRTOS-WB 2.0.0
2026-06-12 15:31:00,653 [INFO] ThirdParty:1030 - CMSIS Pack Vendor :STMicroelectronics X-CUBE-ST60 1.0.0
2026-06-12 15:31:00,653 [INFO] ThirdParty:1030 - CMSIS Pack Vendor :STMicroelectronics X-CUBE-GNSS1 7.0.1
2026-06-12 15:31:00,653 [INFO] ThirdParty:1030 - CMSIS Pack Vendor :STMicroelectronics X-CUBE-AZRTOS-F7 1.1.0
2026-06-12 15:31:00,653 [INFO] ThirdParty:1030 - CMSIS Pack Vendor :STMicroelectronics X-CUBE-AZRTOS-L5 2.0.0
2026-06-12 15:31:00,653 [INFO] ThirdParty:1030 - CMSIS Pack Vendor :STMicroelectronics X-CUBE-TOUCHGFX 4.25.0
2026-06-12 15:31:00,653 [INFO] ThirdParty:1030 - CMSIS Pack Vendor :STMicroelectronics USB_DEVICE 2.0.0
2026-06-12 15:31:00,653 [INFO] ThirdParty:1030 - CMSIS Pack Vendor :STMicroelectronics X-CUBE-NFC6 3.1.0
2026-06-12 15:31:00,653 [INFO] ThirdParty:1030 - CMSIS Pack Vendor :STMicroelectronics FP-SNS-STAIOTCFT 1.1.0
2026-06-12 15:31:00,653 [INFO] ThirdParty:1030 - CMSIS Pack Vendor :quantropi X-CUBE-qispace-sdk-base 2.1.0
2026-06-12 15:31:00,654 [INFO] ThirdParty:1030 - CMSIS Pack Vendor :STMicroelectronics X-CUBE-MEMS1 12.0.0
2026-06-12 15:31:00,654 [INFO] ThirdParty:1030 - CMSIS Pack Vendor :STMicroelectronics X-CUBE-STSE01 2.0.0
2026-06-12 15:31:00,654 [INFO] ThirdParty:1030 - CMSIS Pack Vendor :STMicroelectronics X-CUBE-ALGOBUILD 1.5.0
2026-06-12 15:31:00,654 [INFO] ThirdParty:1030 - CMSIS Pack Vendor :STMicroelectronics FP-SNS-MOTENV1 5.1.0
2026-06-12 15:31:00,654 [INFO] ThirdParty:1030 - CMSIS Pack Vendor :STMicroelectronics FreeRTOS 0.0.1
2026-06-12 15:31:00,654 [INFO] ThirdParty:1030 - CMSIS Pack Vendor :STMicroelectronics X-CUBE-AZRTOS-G0 1.1.0
2026-06-12 15:31:00,654 [INFO] ThirdParty:1030 - CMSIS Pack Vendor :STMicroelectronics X-CUBE-SAFEA1 1.2.2
2026-06-12 15:31:00,654 [INFO] ThirdParty:1030 - CMSIS Pack Vendor :STMicroelectronics X-CUBE-NFC4 3.0.0
2026-06-12 15:31:00,654 [INFO] ThirdParty:1030 - CMSIS Pack Vendor :STMicroelectronics X-CUBE-SUBG2 5.0.0
2026-06-12 15:31:00,654 [INFO] ThirdParty:1030 - CMSIS Pack Vendor :STMicroelectronics X-CUBE-AZRTOS-H7RS 1.1.0
2026-06-12 15:31:00,654 [INFO] ThirdParty:1030 - CMSIS Pack Vendor :STMicroelectronics STM32_WPAN 1.0.0
2026-06-12 15:31:00,654 [INFO] ThirdParty:1030 - CMSIS Pack Vendor :STMicroelectronics eDS-WB_DPC_VIENNA 1.2.0
2026-06-12 15:31:00,655 [INFO] ThirdParty:1030 - CMSIS Pack Vendor :EmbeddedOffice I-CUBE-FS-RTOS 1.0.1
2026-06-12 15:31:00,655 [INFO] ThirdParty:1030 - CMSIS Pack Vendor :STMicroelectronics lwIP 2.0.3
2026-06-12 15:31:00,655 [INFO] ThirdParty:1030 - CMSIS Pack Vendor :Cesanta I-CUBE-Mongoose 7.13.0
2026-06-12 15:31:00,655 [INFO] ThirdParty:1030 - CMSIS Pack Vendor :STMicroelectronics eDS-WB_DPC_3PH2L-BIDIR 1.1.1
2026-06-12 15:31:00,655 [INFO] ThirdParty:1030 - CMSIS Pack Vendor :STMicroelectronics USB_HOST 1.0.0
2026-06-12 15:31:00,655 [INFO] ThirdParty:1030 - CMSIS Pack Vendor :STMicroelectronics X-CUBE-AZRTOS-G4 2.0.0
2026-06-12 15:31:00,655 [INFO] ThirdParty:1030 - CMSIS Pack Vendor :STMicroelectronics X-CUBE-WB05N 2.0.0
2026-06-12 15:31:00,655 [INFO] ThirdParty:1030 - CMSIS Pack Vendor :STMicroelectronics PDM2PCM 3.1.0
2026-06-12 15:31:00,655 [INFO] ThirdParty:1030 - CMSIS Pack Vendor :STMicroelectronics PDM2PCM 3.3.0
2026-06-12 15:31:00,655 [INFO] ThirdParty:1030 - CMSIS Pack Vendor :STMicroelectronics X-CUBE-AZRTOS-H7 3.4.0
2026-06-12 15:31:00,655 [INFO] ThirdParty:1030 - CMSIS Pack Vendor :STMicroelectronics X-CUBE-DISPLAY 3.0.0
2026-06-12 15:31:00,656 [INFO] ThirdParty:1030 - CMSIS Pack Vendor :STMicroelectronics X-CUBE-NFC7 2.0.0
2026-06-12 15:31:00,656 [INFO] ThirdParty:1030 - CMSIS Pack Vendor :STMicroelectronics X-CUBE-GNSS1 7.1.1
2026-06-12 15:31:00,656 [INFO] ThirdParty:1030 - CMSIS Pack Vendor :STMicroelectronics FP-SNS-MOTENVWB1 1.5.0
2026-06-12 15:31:00,656 [INFO] ThirdParty:1030 - CMSIS Pack Vendor :STMicroelectronics X-CUBE-TCPP 4.2.0
2026-06-12 15:31:00,656 [INFO] ThirdParty:1030 - CMSIS Pack Vendor :RealThread X-CUBE-RT-Thread_Nano 4.1.1
2026-06-12 15:31:00,656 [INFO] ThirdParty:1030 - CMSIS Pack Vendor :STMicroelectronics FP-ATR-SIGFOX1 3.2.0
2026-06-12 15:31:00,656 [INFO] ThirdParty:1030 - CMSIS Pack Vendor :STMicroelectronics X-CUBE-NFC10 1.0.0
2026-06-12 15:31:00,656 [INFO] ThirdParty:1030 - CMSIS Pack Vendor :STMicroelectronics X-CUBE-FREERTOS 1.3.1
2026-06-12 15:31:00,656 [INFO] ThirdParty:1030 - CMSIS Pack Vendor :STMicroelectronics HAL Drivers 0.0.0
2026-06-12 15:31:00,656 [INFO] ThirdParty:1030 - CMSIS Pack Vendor :STMicroelectronics X-CUBE-FREERTOS 1.5.0
2026-06-12 15:31:00,656 [INFO] ThirdParty:1030 - CMSIS Pack Vendor :STMicroelectronics MBEDTLS 2.16.2
2026-06-12 15:31:00,656 [INFO] ThirdParty:1030 - CMSIS Pack Vendor :STMicroelectronics X-CUBE-ST60 1.1.0
2026-06-12 15:31:00,658 [INFO] ThirdParty:1030 - CMSIS Pack Vendor :STMicroelectronics X-CUBE-IPS 3.1.0
2026-06-12 15:31:00,660 [INFO] ThirdParty:1030 - CMSIS Pack Vendor :STMicroelectronics X-CUBE-ALS 1.0.2
2026-06-12 15:31:00,660 [INFO] ThirdParty:1030 - CMSIS Pack Vendor :STMicroelectronics MBEDTLS 2.14.1
2026-06-12 15:31:00,660 [INFO] ThirdParty:1030 - CMSIS Pack Vendor :STMicroelectronics X-CUBE-GNSS1 7.1.0
2026-06-12 15:31:00,660 [INFO] ThirdParty:1030 - CMSIS Pack Vendor :STMicroelectronics X-CUBE-TOUCHGFX 4.26.1
2026-06-12 15:31:00,660 [INFO] ThirdParty:1030 - CMSIS Pack Vendor :portGmbH I-Cube-SoM-uGOAL 1.1.0
2026-06-12 15:31:00,660 [INFO] ThirdParty:1030 - CMSIS Pack Vendor :STMicroelectronics X-CUBE-NFC6 3.2.0
2026-06-12 15:31:00,660 [INFO] ThirdParty:1030 - CMSIS Pack Vendor :STMicroelectronics X-CUBE-ST67W61 1.0.0
2026-06-12 15:31:00,660 [INFO] ThirdParty:1030 - CMSIS Pack Vendor :STMicroelectronics FP-SNS-STAIOTCFT 1.0.0
2026-06-12 15:31:00,660 [INFO] ThirdParty:1030 - CMSIS Pack Vendor :STMicroelectronics ThreadX 1.0.0
2026-06-12 15:31:00,660 [INFO] ThirdParty:1030 - CMSIS Pack Vendor :STMicroelectronics FP-SNS-SMARTAG2 1.2.0
2026-06-12 15:31:00,660 [INFO] ThirdParty:1030 - CMSIS Pack Vendor :STMicroelectronics X-CUBE-MEMS1 12.1.0
2026-06-12 15:31:00,660 [INFO] ThirdParty:1030 - CMSIS Pack Vendor :STMicroelectronics FP-SNS-FLIGHT1 5.1.0
2026-06-12 15:31:00,660 [INFO] ThirdParty:1030 - CMSIS Pack Vendor :STMicroelectronics X-CUBE-AZRTOS-WL 2.0.0
2026-06-12 15:31:00,660 [INFO] ThirdParty:1030 - CMSIS Pack Vendor :SEGGER I-CUBE-embOS 1.3.1
2026-06-12 15:31:00,660 [INFO] ThirdParty:1030 - CMSIS Pack Vendor :STMicroelectronics X-CUBE-ALGOBUILD 1.4.0
2026-06-12 15:31:00,660 [INFO] ThirdParty:1030 - CMSIS Pack Vendor :STMicroelectronics X-CUBE-DPower 1.3.0
2026-06-12 15:31:00,660 [INFO] ThirdParty:1030 - CMSIS Pack Vendor :STMicroelectronics X-CUBE-MEMS1 11.3.0
2026-06-12 15:31:00,660 [INFO] ThirdParty:1030 - CMSIS Pack Vendor :STMicroelectronics FP-SNS-MOTENV1 5.0.0
2026-06-12 15:31:00,661 [INFO] ThirdParty:1030 - CMSIS Pack Vendor :STMicroelectronics USB_DEVICE 1.0.0
2026-06-12 15:31:00,661 [INFO] ThirdParty:1030 - CMSIS Pack Vendor :STMicroelectronics X-CUBE-AZRTOS-H7RS 1.2.0
2026-06-12 15:31:00,661 [INFO] ThirdParty:1030 - CMSIS Pack Vendor :STMicroelectronics X-CUBE-AZRTOS-L4 2.0.0
2026-06-12 15:31:00,661 [INFO] ThirdParty:1030 - CMSIS Pack Vendor :STMicroelectronics ThreadX 0.0.2
2026-06-12 15:31:00,661 [INFO] ThirdParty:1030 - CMSIS Pack Vendor :WES I-CUBE-Cesium 1.3.0
2026-06-12 15:31:00,661 [INFO] ThirdParty:1030 - CMSIS Pack Vendor :STMicroelectronics lwIP 2.1.2
2026-06-12 15:31:00,661 [INFO] ThirdParty:1030 - CMSIS Pack Vendor :STMicroelectronics X-CUBE-SFXS2LP1 4.0.0
2026-06-12 15:31:00,661 [INFO] ThirdParty:1030 - CMSIS Pack Vendor :STMicroelectronics X-CUBE-BLE2 3.3.0
2026-06-12 15:31:00,661 [INFO] ThirdParty:1030 - CMSIS Pack Vendor :Avnet-IOTCONNECT X-CUBE-iotc-st67-sdk 1.0.0
2026-06-12 15:31:00,661 [INFO] ThirdParty:1030 - CMSIS Pack Vendor :STMicroelectronics X-CUBE-TOF1 3.4.3
2026-06-12 15:31:00,661 [INFO] ThirdParty:1030 - CMSIS Pack Vendor :STMicroelectronics PDM2PCM 3.2.0
2026-06-12 15:31:00,661 [INFO] ThirdParty:1030 - CMSIS Pack Vendor :STMicroelectronics X-CUBE-WB05N 2.1.0
2026-06-12 15:31:00,661 [INFO] ThirdParty:1030 - CMSIS Pack Vendor :STMicroelectronics X-CUBE-ST67W61 1.2.0
2026-06-12 15:31:00,661 [INFO] ThirdParty:841 - exiting critical section [change project]
2026-06-12 15:31:00,956 [INFO] PinOutPanel:1589 - setPackage(No Configuration,No Configuration)
2026-06-12 15:31:00,957 [INFO] PinOutPanel:1589 - setPackage(STM32F103C8Tx,LQFP48)
2026-06-12 15:31:01,832 [INFO] UtilMem:75 - Before build in PCC Used Memory: 863321712 Bytes (1073741824)
2026-06-12 15:31:02,309 [INFO] UtilMem:75 - After build in PCC Used Memory: 905791088 Bytes (1073741824)
2026-06-12 15:31:02,321 [INFO] ApiDbMcu:532 - Load IP Config File for FREERTOS
2026-06-12 15:31:02,367 [INFO] IPUIPlugin:80 - create IPUIPlugin
2026-06-12 15:31:02,367 [INFO] IPUIPlugin:80 - create IPUIPlugin
2026-06-12 15:31:02,367 [INFO] IPUIPlugin:80 - create IPUIPlugin
2026-06-12 15:31:02,367 [INFO] IPUIPlugin:80 - create IPUIPlugin
2026-06-12 15:31:02,368 [INFO] IPUIPlugin:80 - create IPUIPlugin
2026-06-12 15:31:02,368 [INFO] IPUIPlugin:80 - create IPUIPlugin
2026-06-12 15:31:02,368 [INFO] IPUIPlugin:80 - create IPUIPlugin
2026-06-12 15:31:02,368 [INFO] IPUIPlugin:80 - create IPUIPlugin
2026-06-12 15:31:02,369 [INFO] IPUIPlugin:80 - create IPUIPlugin
2026-06-12 15:31:02,369 [INFO] IPUIPlugin:80 - create IPUIPlugin
2026-06-12 15:31:02,369 [INFO] IPUIPlugin:80 - create IPUIPlugin
2026-06-12 15:31:02,369 [INFO] IPUIPlugin:80 - create IPUIPlugin
2026-06-12 15:31:02,371 [INFO] IPUIPlugin:80 - create IPUIPlugin
2026-06-12 15:31:02,371 [INFO] IPUIPlugin:80 - create IPUIPlugin
2026-06-12 15:31:02,372 [INFO] IPUIPlugin:80 - create IPUIPlugin
2026-06-12 15:31:02,372 [INFO] IPUIPlugin:80 - create IPUIPlugin
2026-06-12 15:31:02,373 [INFO] IPUIPlugin:80 - create IPUIPlugin
2026-06-12 15:31:02,373 [INFO] IPUIPlugin:80 - create IPUIPlugin
2026-06-12 15:31:02,374 [INFO] IPUIPlugin:80 - create IPUIPlugin
2026-06-12 15:31:02,374 [INFO] IPUIPlugin:80 - create IPUIPlugin
2026-06-12 15:31:02,375 [INFO] IPUIPlugin:80 - create IPUIPlugin
2026-06-12 15:31:02,376 [INFO] IPUIPlugin:80 - create IPUIPlugin
2026-06-12 15:31:02,376 [INFO] IPUIPlugin:80 - create IPUIPlugin
2026-06-12 15:31:02,377 [INFO] IPUIPlugin:80 - create IPUIPlugin
2026-06-12 15:31:02,377 [INFO] IPUIPlugin:80 - create IPUIPlugin
2026-06-12 15:31:02,378 [INFO] IPUIPlugin:80 - create IPUIPlugin
2026-06-12 15:31:02,379 [INFO] IPUIPlugin:80 - create IPUIPlugin
2026-06-12 15:31:02,385 [WARN] IP:2250 - I2C_Coeff_DF not found: check if there is a RefParameter without a condition.
2026-06-12 15:31:02,385 [WARN] IP:2250 - Analog_Filter not found: check if there is a RefParameter without a condition.
2026-06-12 15:31:02,444 [WARN] FreeRTOS:1023 - Null or empty value: should not occur! (nothing added to the table)
2026-06-12 15:31:02,540 [INFO] CADModel:165 - CPN selected for project levelSTM32F103C8T6
2026-06-12 15:31:02,540 [INFO] CADModel:114 - Register for checkConnection events
2026-06-12 15:31:02,543 [INFO] RtosManager:728 - Active RTOS found at IOC load: FREERTOS [Cortex-M3NS]
2026-06-12 15:31:02,619 [INFO] OpenFileManager:386 - Restore cursor
2026-06-12 15:31:02,709 [WARN] IP:2250 - I2C_Coeff_DF not found: check if there is a RefParameter without a condition.
2026-06-12 15:31:02,710 [WARN] IP:2250 - Analog_Filter not found: check if there is a RefParameter without a condition.
2026-06-12 15:31:02,710 [WARN] IP:2250 - I2C_Coeff_DF not found: check if there is a RefParameter without a condition.
2026-06-12 15:31:02,710 [WARN] IP:2250 - Analog_Filter not found: check if there is a RefParameter without a condition.
2026-06-12 15:32:23,974 [INFO] UtilMem:75 - End SaveConfig() Used Memory: 851491808 Bytes (1073741824)
2026-06-12 15:32:25,339 [INFO] UtilMem:75 - End SaveConfig() Used Memory: 871964944 Bytes (1073741824)
2026-06-12 15:32:26,319 [INFO] UtilMem:75 - End SaveConfig() Used Memory: 939073808 Bytes (1073741824)
2026-06-12 15:38:18,003 [INFO] MainUpdater:2872 - connection check result : 10
2026-06-12 15:38:18,003 [INFO] MainUpdater:2872 - connection check result : 10
2026-06-12 15:38:18,088 [INFO] MicroXplorer:468 - Change Database Path : 
2026-06-12 15:38:18,088 [INFO] MicroXplorer:498 - Change Database Version : DB.6.0.150
2026-06-12 15:38:18,131 [ERROR] ProjectManagerView:395 - 
java.lang.NullPointerException: Cannot invoke "javax.swing.JTextField.getText()" because the return value of "java.util.List.get(int)" is null
	at com.st.microxplorer.plugins.projectmanager.gui.ProjectChoiceTab$9.caretUpdate(ProjectChoiceTab.java:2706) ~[filemanager.jar:?]
	at javax.swing.text.JTextComponent.fireCaretUpdate(JTextComponent.java:408) ~[?:?]
	at javax.swing.text.JTextComponent$MutableCaretEvent.fire(JTextComponent.java:4484) ~[?:?]
	at javax.swing.text.JTextComponent$MutableCaretEvent.stateChanged(JTextComponent.java:4506) ~[?:?]
	at javax.swing.text.DefaultCaret.fireStateChanged(DefaultCaret.java:857) ~[?:?]
	at javax.swing.text.DefaultCaret.changeCaretPosition(DefaultCaret.java:1343) ~[?:?]
	at javax.swing.text.DefaultCaret.handleSetDot(DefaultCaret.java:1242) ~[?:?]
	at javax.swing.text.DefaultCaret.setDot(DefaultCaret.java:1223) ~[?:?]
	at javax.swing.text.DefaultCaret$Handler.insertUpdate(DefaultCaret.java:1819) ~[?:?]
	at javax.swing.text.AbstractDocument.fireInsertUpdate(AbstractDocument.java:227) ~[?:?]
	at javax.swing.text.AbstractDocument.handleInsertString(AbstractDocument.java:781) ~[?:?]
	at javax.swing.text.AbstractDocument.insertString(AbstractDocument.java:740) ~[?:?]
	at javax.swing.text.PlainDocument.insertString(PlainDocument.java:131) ~[?:?]
	at javax.swing.text.AbstractDocument.replace(AbstractDocument.java:699) ~[?:?]
	at javax.swing.text.JTextComponent.setText(JTextComponent.java:1725) ~[?:?]
	at com.st.microxplorer.plugins.projectmanager.gui.ProjectChoiceTab.createHeapStackFields(ProjectChoiceTab.java:993) ~[filemanager.jar:?]
	at com.st.microxplorer.plugins.projectmanager.gui.ProjectChoiceTab.buildLinkSettingsPanel(ProjectChoiceTab.java:3813) ~[filemanager.jar:?]
	at com.st.microxplorer.plugins.projectmanager.gui.ProjectChoiceTab.defineWindowsFields(ProjectChoiceTab.java:1987) ~[filemanager.jar:?]
	at com.st.microxplorer.plugins.projectmanager.gui.ProjectChoiceTab.updateSettings(ProjectChoiceTab.java:558) ~[filemanager.jar:?]
	at com.st.microxplorer.plugins.projectmanager.gui.ProjectSettingsPanel.UpdateDialog(ProjectSettingsPanel.java:247) ~[filemanager.jar:?]
	at com.st.microxplorer.plugins.projectmanager.ProjectManagerView.propertyChange(ProjectManagerView.java:392) ~[filemanager.jar:?]
	at java.beans.PropertyChangeSupport.fire(PropertyChangeSupport.java:343) ~[?:?]
	at java.beans.PropertyChangeSupport.firePropertyChange(PropertyChangeSupport.java:335) ~[?:?]
	at java.beans.PropertyChangeSupport.firePropertyChange(PropertyChangeSupport.java:268) ~[?:?]
	at com.st.microxplorer.util.MXPropertyChangeSupport.firePropertyChange(MXPropertyChangeSupport.java:54) ~[STM32CubeMX.jar:?]
	at com.st.microxplorer.mxsystem.MxSystem.closeConfig(MxSystem.java:899) ~[STM32CubeMX.jar:?]
	at com.st.microxplorer.maingui.MainPanel.closeConfig(MainPanel.java:792) ~[STM32CubeMX.jar:?]
	at com.st.microxplorer.plugins.filemanager.engine.OpenFileManager.loadConfigurationFile(OpenFileManager.java:288) ~[filemanager.jar:?]
	at com.st.microxplorer.plugins.filemanager.engine.MainFileManager.userLoadConfig(MainFileManager.java:364) ~[filemanager.jar:?]
	at com.st.microxplorer.plugins.filemanager.engine.MainFileManager.userLoadConfig(MainFileManager.java:342) ~[filemanager.jar:?]
	at com.st.microxplorer.plugins.filemanager.FileManagerView.getSpecificTask(FileManagerView.java:264) ~[filemanager.jar:?]
	at com.st.stm32cube.common.mx.editor.CubeMxEditor.getMxTabbedPaneInstance(CubeMxEditor.java:1198) ~[com.st.stm32cube.common.mx_6.15.0.202507011659/:?]
	at com.st.stm32cube.common.mx.editor.CubeMxEditor$12$1.createSwingComponent(CubeMxEditor.java:1068) ~[com.st.stm32cube.common.mx_6.15.0.202507011659/:?]
	at com.st.stm32cube.common.mx.oss.core.awtswtbridge.EmbeddedSwingComposite.doComponentCreation(EmbeddedSwingComposite.java:492) ~[com.st.stm32cube.common.mx.oss_6.15.0.202507011659/:?]
	at com.st.stm32cube.common.mx.oss.core.awtswtbridge.EmbeddedSwingComposite$4.run(EmbeddedSwingComposite.java:291) ~[com.st.stm32cube.common.mx.oss_6.15.0.202507011659/:?]
	at com.st.stm32cube.common.mx.oss.core.awtswtbridge.AwtEnvironment$2.run(AwtEnvironment.java:166) ~[com.st.stm32cube.common.mx.oss_6.15.0.202507011659/:?]
	at java.awt.event.InvocationEvent.dispatch(InvocationEvent.java:318) ~[?:?]
	at java.awt.EventQueue.dispatchEventImpl(EventQueue.java:773) ~[?:?]
	at java.awt.EventQueue$4.run(EventQueue.java:720) ~[?:?]
	at java.awt.EventQueue$4.run(EventQueue.java:714) ~[?:?]
	at java.security.AccessController.doPrivileged(AccessController.java:400) ~[?:?]
	at java.security.ProtectionDomain$JavaSecurityAccessImpl.doIntersectionPrivilege(ProtectionDomain.java:87) ~[?:?]
	at java.awt.EventQueue.dispatchEvent(EventQueue.java:742) ~[?:?]
	at java.awt.EventDispatchThread.pumpOneEventForFilters(EventDispatchThread.java:203) ~[?:?]
	at java.awt.EventDispatchThread.pumpEventsForFilter(EventDispatchThread.java:124) ~[?:?]
	at java.awt.EventDispatchThread.pumpEventsForHierarchy(EventDispatchThread.java:113) ~[?:?]
	at java.awt.EventDispatchThread.pumpEvents(EventDispatchThread.java:109) ~[?:?]
	at java.awt.EventDispatchThread.pumpEvents(EventDispatchThread.java:101) ~[?:?]
	at java.awt.EventDispatchThread.run(EventDispatchThread.java:90) ~[?:?]
2026-06-12 15:38:18,133 [WARN] ThirdParty:871 - waiting for thirdparty lock release [close project]
2026-06-12 15:38:18,133 [INFO] ThirdParty:873 - entering critical section [close project]
2026-06-12 15:38:18,133 [INFO] ThirdParty:883 - exiting critical section [close project]
2026-06-12 15:38:18,135 [INFO] PinOutPanel:1589 - setPackage(No Configuration,No Configuration)
2026-06-12 15:38:18,139 [INFO] UtilMem:75 - Begin LoadConfig() Used Memory: 980633424 Bytes (1073741824)
2026-06-12 15:38:18,140 [INFO] MicroXplorer:468 - Change Database Path : 
2026-06-12 15:38:18,140 [INFO] MicroXplorer:498 - Change Database Version : DB.6.0.150
2026-06-12 15:38:18,140 [INFO] OpenFileManager:355 - Change cursor
2026-06-12 15:38:18,185 [INFO] RulesReader:64 - Compatibility file has been processed (317 Rules)
2026-06-12 15:38:18,192 [INFO] Mcu:2029 - Initializing MCU STM32F103R(C-D-E)Tx STM32F103RCTx STM32F103RCT6
2026-06-12 15:38:19,800 [INFO] Context:786 - Trying to add GPIOservice into a context  which must be forbidden
2026-06-12 15:38:20,299 [INFO] ImportTextPane:234 - (OptionalMessage_ERROR) Pin17 (VP_RIF_VS_RIF1) cannot be retrieved for this MCU
2026-06-12 15:38:20,528 [INFO] RtosManager:558 - Registered RTOS mode: class=CMSIS, group=RTOS, mode=CMSIS_V1, owner=FREERTOS
2026-06-12 15:38:20,528 [INFO] RtosManager:558 - Registered RTOS mode: class=CMSIS, group=RTOS2, mode=CMSIS_V2, owner=FREERTOS
2026-06-12 15:38:20,528 [INFO] RtosManager:558 - Registered RTOS mode: class=RTOS, group=Core, mode=CMSIS_V1, owner=FREERTOS
2026-06-12 15:38:20,528 [INFO] RtosManager:558 - Registered RTOS mode: class=RTOS, group=Core, mode=CMSIS_V2, owner=FREERTOS
2026-06-12 15:38:20,528 [WARN] ModelIntegratedComponent:184 - Missing modes for component STMicroelectronics:FreeRTOS:0.0.1:STMicroelectronics:RTOS:FreeRTOS:Core:::10.2.0:
2026-06-12 15:38:20,534 [WARN] ModelIntegratedComponent:63 - No mode defined for component null
2026-06-12 15:38:20,534 [WARN] ModelIntegratedComponent:63 - No mode defined for component null
2026-06-12 15:38:20,534 [WARN] ModelIntegratedComponent:63 - No mode defined for component null
2026-06-12 15:38:20,534 [WARN] ModelIntegratedComponent:63 - No mode defined for component null
2026-06-12 15:38:20,534 [WARN] ModelIntegratedComponent:63 - No mode defined for component null
2026-06-12 15:38:20,534 [WARN] ModelIntegratedComponent:63 - No mode defined for component null
2026-06-12 15:38:20,534 [WARN] ModelIntegratedComponent:63 - No mode defined for component null
2026-06-12 15:38:20,534 [WARN] ModelIntegratedComponent:63 - No mode defined for component null
2026-06-12 15:38:20,534 [WARN] ModelIntegratedComponent:63 - No mode defined for component null
2026-06-12 15:38:20,534 [WARN] ModelIntegratedComponent:63 - No mode defined for component null
2026-06-12 15:38:20,535 [WARN] ModelIntegratedComponent:63 - No mode defined for component null
2026-06-12 15:38:20,535 [WARN] ModelIntegratedComponent:63 - No mode defined for component null
2026-06-12 15:38:20,535 [WARN] ModelIntegratedComponent:63 - No mode defined for component null
2026-06-12 15:38:20,535 [WARN] ModelIntegratedComponent:63 - No mode defined for component null
2026-06-12 15:38:20,535 [WARN] ModelIntegratedComponent:63 - No mode defined for component null
2026-06-12 15:38:20,535 [WARN] ModelIntegratedComponent:63 - No mode defined for component null
2026-06-12 15:38:20,535 [WARN] ModelIntegratedComponent:63 - No mode defined for component null
2026-06-12 15:38:20,535 [WARN] ModelIntegratedComponent:63 - No mode defined for component null
2026-06-12 15:38:20,535 [WARN] ModelIntegratedComponent:63 - No mode defined for component null
2026-06-12 15:38:20,535 [WARN] ModelIntegratedComponent:63 - No mode defined for component null
2026-06-12 15:38:20,535 [WARN] ModelIntegratedComponent:63 - No mode defined for component null
2026-06-12 15:38:20,535 [WARN] ModelIntegratedComponent:63 - No mode defined for component null
2026-06-12 15:38:20,535 [WARN] ModelIntegratedComponent:63 - No mode defined for component null
2026-06-12 15:38:20,535 [WARN] ModelIntegratedComponent:63 - No mode defined for component null
2026-06-12 15:38:20,535 [WARN] ModelIntegratedComponent:63 - No mode defined for component null
2026-06-12 15:38:20,535 [WARN] ModelIntegratedComponent:63 - No mode defined for component null
2026-06-12 15:38:20,535 [WARN] ModelIntegratedComponent:63 - No mode defined for component null
2026-06-12 15:38:20,535 [WARN] ModelIntegratedComponent:63 - No mode defined for component null
2026-06-12 15:38:20,535 [WARN] ModelIntegratedComponent:63 - No mode defined for component null
2026-06-12 15:38:20,535 [WARN] ModelIntegratedComponent:63 - No mode defined for component null
2026-06-12 15:38:20,535 [WARN] ModelIntegratedComponent:63 - No mode defined for component null
2026-06-12 15:38:20,535 [WARN] ModelIntegratedComponent:63 - No mode defined for component null
2026-06-12 15:38:20,535 [WARN] ModelIntegratedComponent:63 - No mode defined for component null
2026-06-12 15:38:20,535 [WARN] ModelIntegratedComponent:63 - No mode defined for component null
2026-06-12 15:38:20,535 [WARN] ModelIntegratedComponent:63 - No mode defined for component null
2026-06-12 15:38:20,535 [WARN] ModelPack:524 - Component already loaded: STMicroelectronics:HAL Drivers:0.0.0:STMicroelectronics:Device:STMicro_Driver:XSPI:HAL::0.0.1:HAL_XSPI
2026-06-12 15:38:20,696 [INFO] ThirdPartyModel:298 - Start build external matchings
2026-06-12 15:38:21,722 [INFO] ThirdPartyModel:316 - End build external matchings
2026-06-12 15:38:22,296 [INFO] UtilMem:75 - End LoadConfig() Used Memory: 818208968 Bytes (1073741824)
2026-06-12 15:38:22,336 [WARN] ThirdParty:833 - waiting for thirdparty lock release [change project]
2026-06-12 15:38:22,337 [INFO] ThirdParty:835 - entering critical section [change project]
2026-06-12 15:38:22,337 [INFO] ThirdParty:1030 - CMSIS Pack Vendor :STMicroelectronics X-CUBE-AZRTOS-H7 3.5.0
2026-06-12 15:38:22,337 [INFO] ThirdParty:1030 - CMSIS Pack Vendor :STMicroelectronics X-CUBE-PM33A1 1.0.0
2026-06-12 15:38:22,337 [INFO] ThirdParty:1030 - CMSIS Pack Vendor :STMicroelectronics USBPD 4.1
2026-06-12 15:38:22,337 [INFO] ThirdParty:1030 - CMSIS Pack Vendor :STMicroelectronics X-CUBE-NFC9 1.0.0
2026-06-12 15:38:22,337 [INFO] ThirdParty:1030 - CMSIS Pack Vendor :STMicroelectronics USB_HOST 2.0.0
2026-06-12 15:38:22,337 [INFO] ThirdParty:1030 - CMSIS Pack Vendor :STMicroelectronics FP-SNS-MOTENVWB1 1.4.0
2026-06-12 15:38:22,337 [INFO] ThirdParty:1030 - CMSIS Pack Vendor :STMicroelectronics X-CUBE-AZRTOS-F4 1.1.0
2026-06-12 15:38:22,337 [INFO] ThirdParty:1030 - CMSIS Pack Vendor :STMicroelectronics LIBJPEG 8.0.0
2026-06-12 15:38:22,337 [INFO] ThirdParty:1030 - CMSIS Pack Vendor :STMicroelectronics FP-ATR-ASTRA1 2.0.2
2026-06-12 15:38:22,337 [INFO] ThirdParty:1030 - CMSIS Pack Vendor :STMicroelectronics X-CUBE-BLE1 7.1.0
2026-06-12 15:38:22,337 [INFO] ThirdParty:1030 - CMSIS Pack Vendor :STMicroelectronics X-CUBE-SMBUS 2.1.0
2026-06-12 15:38:22,337 [INFO] ThirdParty:1030 - CMSIS Pack Vendor :STMicroelectronics USB_DEVICE 3.0.0
2026-06-12 15:38:22,337 [INFO] ThirdParty:1030 - CMSIS Pack Vendor :STMicroelectronics X-CUBE-ISPU 2.1.0
2026-06-12 15:38:22,337 [INFO] ThirdParty:1030 - CMSIS Pack Vendor :STMicroelectronics X-CUBE-IPS 3.2.0
2026-06-12 15:38:22,337 [INFO] ThirdParty:1030 - CMSIS Pack Vendor :STMicroelectronics eDS-WB_DPC_TT-BIDIR 2.1.1
2026-06-12 15:38:22,337 [INFO] ThirdParty:1030 - CMSIS Pack Vendor :STMicroelectronics X-CUBE-AZRTOS-WB 2.0.0
2026-06-12 15:38:22,337 [INFO] ThirdParty:1030 - CMSIS Pack Vendor :STMicroelectronics X-CUBE-ST60 1.0.0
2026-06-12 15:38:22,337 [INFO] ThirdParty:1030 - CMSIS Pack Vendor :STMicroelectronics X-CUBE-GNSS1 7.0.1
2026-06-12 15:38:22,337 [INFO] ThirdParty:1030 - CMSIS Pack Vendor :STMicroelectronics X-CUBE-AZRTOS-F7 1.1.0
2026-06-12 15:38:22,337 [INFO] ThirdParty:1030 - CMSIS Pack Vendor :STMicroelectronics X-CUBE-AZRTOS-L5 2.0.0
2026-06-12 15:38:22,337 [INFO] ThirdParty:1030 - CMSIS Pack Vendor :STMicroelectronics X-CUBE-TOUCHGFX 4.25.0
2026-06-12 15:38:22,337 [INFO] ThirdParty:1030 - CMSIS Pack Vendor :STMicroelectronics USB_DEVICE 2.0.0
2026-06-12 15:38:22,337 [INFO] ThirdParty:1030 - CMSIS Pack Vendor :STMicroelectronics X-CUBE-NFC6 3.1.0
2026-06-12 15:38:22,337 [INFO] ThirdParty:1030 - CMSIS Pack Vendor :STMicroelectronics FP-SNS-STAIOTCFT 1.1.0
2026-06-12 15:38:22,337 [INFO] ThirdParty:1030 - CMSIS Pack Vendor :quantropi X-CUBE-qispace-sdk-base 2.1.0
2026-06-12 15:38:22,337 [INFO] ThirdParty:1030 - CMSIS Pack Vendor :STMicroelectronics X-CUBE-MEMS1 12.0.0
2026-06-12 15:38:22,337 [INFO] ThirdParty:1030 - CMSIS Pack Vendor :STMicroelectronics X-CUBE-STSE01 2.0.0
2026-06-12 15:38:22,337 [INFO] ThirdParty:1030 - CMSIS Pack Vendor :STMicroelectronics X-CUBE-ALGOBUILD 1.5.0
2026-06-12 15:38:22,337 [INFO] ThirdParty:1030 - CMSIS Pack Vendor :STMicroelectronics FP-SNS-MOTENV1 5.1.0
2026-06-12 15:38:22,337 [INFO] ThirdParty:1030 - CMSIS Pack Vendor :STMicroelectronics FreeRTOS 0.0.1
2026-06-12 15:38:22,337 [INFO] ThirdParty:1030 - CMSIS Pack Vendor :STMicroelectronics X-CUBE-AZRTOS-G0 1.1.0
2026-06-12 15:38:22,337 [INFO] ThirdParty:1030 - CMSIS Pack Vendor :STMicroelectronics X-CUBE-SAFEA1 1.2.2
2026-06-12 15:38:22,337 [INFO] ThirdParty:1030 - CMSIS Pack Vendor :STMicroelectronics X-CUBE-NFC4 3.0.0
2026-06-12 15:38:22,338 [INFO] ThirdParty:1030 - CMSIS Pack Vendor :STMicroelectronics X-CUBE-SUBG2 5.0.0
2026-06-12 15:38:22,338 [INFO] ThirdParty:1030 - CMSIS Pack Vendor :STMicroelectronics X-CUBE-AZRTOS-H7RS 1.1.0
2026-06-12 15:38:22,338 [INFO] ThirdParty:1030 - CMSIS Pack Vendor :STMicroelectronics STM32_WPAN 1.0.0
2026-06-12 15:38:22,338 [INFO] ThirdParty:1030 - CMSIS Pack Vendor :STMicroelectronics eDS-WB_DPC_VIENNA 1.2.0
2026-06-12 15:38:22,338 [INFO] ThirdParty:1030 - CMSIS Pack Vendor :EmbeddedOffice I-CUBE-FS-RTOS 1.0.1
2026-06-12 15:38:22,338 [INFO] ThirdParty:1030 - CMSIS Pack Vendor :STMicroelectronics lwIP 2.0.3
2026-06-12 15:38:22,338 [INFO] ThirdParty:1030 - CMSIS Pack Vendor :Cesanta I-CUBE-Mongoose 7.13.0
2026-06-12 15:38:22,338 [INFO] ThirdParty:1030 - CMSIS Pack Vendor :STMicroelectronics eDS-WB_DPC_3PH2L-BIDIR 1.1.1
2026-06-12 15:38:22,338 [INFO] ThirdParty:1030 - CMSIS Pack Vendor :STMicroelectronics USB_HOST 1.0.0
2026-06-12 15:38:22,338 [INFO] ThirdParty:1030 - CMSIS Pack Vendor :STMicroelectronics X-CUBE-AZRTOS-G4 2.0.0
2026-06-12 15:38:22,338 [INFO] ThirdParty:1030 - CMSIS Pack Vendor :STMicroelectronics X-CUBE-WB05N 2.0.0
2026-06-12 15:38:22,338 [INFO] ThirdParty:1030 - CMSIS Pack Vendor :STMicroelectronics PDM2PCM 3.1.0
2026-06-12 15:38:22,338 [INFO] ThirdParty:1030 - CMSIS Pack Vendor :STMicroelectronics PDM2PCM 3.3.0
2026-06-12 15:38:22,338 [INFO] ThirdParty:1030 - CMSIS Pack Vendor :STMicroelectronics X-CUBE-AZRTOS-H7 3.4.0
2026-06-12 15:38:22,338 [INFO] ThirdParty:1030 - CMSIS Pack Vendor :STMicroelectronics X-CUBE-DISPLAY 3.0.0
2026-06-12 15:38:22,338 [INFO] ThirdParty:1030 - CMSIS Pack Vendor :STMicroelectronics X-CUBE-NFC7 2.0.0
2026-06-12 15:38:22,338 [INFO] ThirdParty:1030 - CMSIS Pack Vendor :STMicroelectronics X-CUBE-GNSS1 7.1.1
2026-06-12 15:38:22,338 [INFO] ThirdParty:1030 - CMSIS Pack Vendor :STMicroelectronics FP-SNS-MOTENVWB1 1.5.0
2026-06-12 15:38:22,338 [INFO] ThirdParty:1030 - CMSIS Pack Vendor :STMicroelectronics X-CUBE-TCPP 4.2.0
2026-06-12 15:38:22,339 [INFO] ThirdParty:1030 - CMSIS Pack Vendor :RealThread X-CUBE-RT-Thread_Nano 4.1.1
2026-06-12 15:38:22,339 [INFO] ThirdParty:1030 - CMSIS Pack Vendor :STMicroelectronics FP-ATR-SIGFOX1 3.2.0
2026-06-12 15:38:22,339 [INFO] ThirdParty:1030 - CMSIS Pack Vendor :STMicroelectronics X-CUBE-NFC10 1.0.0
2026-06-12 15:38:22,339 [INFO] ThirdParty:1030 - CMSIS Pack Vendor :STMicroelectronics X-CUBE-FREERTOS 1.3.1
2026-06-12 15:38:22,339 [INFO] ThirdParty:1030 - CMSIS Pack Vendor :STMicroelectronics HAL Drivers 0.0.0
2026-06-12 15:38:22,339 [INFO] ThirdParty:1030 - CMSIS Pack Vendor :STMicroelectronics X-CUBE-FREERTOS 1.5.0
2026-06-12 15:38:22,339 [INFO] ThirdParty:1030 - CMSIS Pack Vendor :STMicroelectronics MBEDTLS 2.16.2
2026-06-12 15:38:22,339 [INFO] ThirdParty:1030 - CMSIS Pack Vendor :STMicroelectronics X-CUBE-ST60 1.1.0
2026-06-12 15:38:22,339 [INFO] ThirdParty:1030 - CMSIS Pack Vendor :STMicroelectronics X-CUBE-IPS 3.1.0
2026-06-12 15:38:22,339 [INFO] ThirdParty:1030 - CMSIS Pack Vendor :STMicroelectronics X-CUBE-ALS 1.0.2
2026-06-12 15:38:22,339 [INFO] ThirdParty:1030 - CMSIS Pack Vendor :STMicroelectronics MBEDTLS 2.14.1
2026-06-12 15:38:22,339 [INFO] ThirdParty:1030 - CMSIS Pack Vendor :STMicroelectronics X-CUBE-GNSS1 7.1.0
2026-06-12 15:38:22,339 [INFO] ThirdParty:1030 - CMSIS Pack Vendor :STMicroelectronics X-CUBE-TOUCHGFX 4.26.1
2026-06-12 15:38:22,339 [INFO] ThirdParty:1030 - CMSIS Pack Vendor :portGmbH I-Cube-SoM-uGOAL 1.1.0
2026-06-12 15:38:22,339 [INFO] ThirdParty:1030 - CMSIS Pack Vendor :STMicroelectronics X-CUBE-NFC6 3.2.0
2026-06-12 15:38:22,339 [INFO] ThirdParty:1030 - CMSIS Pack Vendor :STMicroelectronics X-CUBE-ST67W61 1.0.0
2026-06-12 15:38:22,339 [INFO] ThirdParty:1030 - CMSIS Pack Vendor :STMicroelectronics FP-SNS-STAIOTCFT 1.0.0
2026-06-12 15:38:22,339 [INFO] ThirdParty:1030 - CMSIS Pack Vendor :STMicroelectronics ThreadX 1.0.0
2026-06-12 15:38:22,339 [INFO] ThirdParty:1030 - CMSIS Pack Vendor :STMicroelectronics FP-SNS-SMARTAG2 1.2.0
2026-06-12 15:38:22,339 [INFO] ThirdParty:1030 - CMSIS Pack Vendor :STMicroelectronics X-CUBE-MEMS1 12.1.0
2026-06-12 15:38:22,339 [INFO] ThirdParty:1030 - CMSIS Pack Vendor :STMicroelectronics FP-SNS-FLIGHT1 5.1.0
2026-06-12 15:38:22,339 [INFO] ThirdParty:1030 - CMSIS Pack Vendor :STMicroelectronics X-CUBE-AZRTOS-WL 2.0.0
2026-06-12 15:38:22,339 [INFO] ThirdParty:1030 - CMSIS Pack Vendor :SEGGER I-CUBE-embOS 1.3.1
2026-06-12 15:38:22,339 [INFO] ThirdParty:1030 - CMSIS Pack Vendor :STMicroelectronics X-CUBE-ALGOBUILD 1.4.0
2026-06-12 15:38:22,339 [INFO] ThirdParty:1030 - CMSIS Pack Vendor :STMicroelectronics X-CUBE-DPower 1.3.0
2026-06-12 15:38:22,339 [INFO] ThirdParty:1030 - CMSIS Pack Vendor :STMicroelectronics X-CUBE-MEMS1 11.3.0
2026-06-12 15:38:22,339 [INFO] ThirdParty:1030 - CMSIS Pack Vendor :STMicroelectronics FP-SNS-MOTENV1 5.0.0
2026-06-12 15:38:22,339 [INFO] ThirdParty:1030 - CMSIS Pack Vendor :STMicroelectronics USB_DEVICE 1.0.0
2026-06-12 15:38:22,339 [INFO] ThirdParty:1030 - CMSIS Pack Vendor :STMicroelectronics X-CUBE-AZRTOS-H7RS 1.2.0
2026-06-12 15:38:22,339 [INFO] ThirdParty:1030 - CMSIS Pack Vendor :STMicroelectronics X-CUBE-AZRTOS-L4 2.0.0
2026-06-12 15:38:22,339 [INFO] ThirdParty:1030 - CMSIS Pack Vendor :STMicroelectronics ThreadX 0.0.2
2026-06-12 15:38:22,340 [INFO] ThirdParty:1030 - CMSIS Pack Vendor :WES I-CUBE-Cesium 1.3.0
2026-06-12 15:38:22,340 [INFO] ThirdParty:1030 - CMSIS Pack Vendor :STMicroelectronics lwIP 2.1.2
2026-06-12 15:38:22,340 [INFO] ThirdParty:1030 - CMSIS Pack Vendor :STMicroelectronics X-CUBE-SFXS2LP1 4.0.0
2026-06-12 15:38:22,340 [INFO] ThirdParty:1030 - CMSIS Pack Vendor :STMicroelectronics X-CUBE-BLE2 3.3.0
2026-06-12 15:38:22,341 [INFO] ThirdParty:1030 - CMSIS Pack Vendor :Avnet-IOTCONNECT X-CUBE-iotc-st67-sdk 1.0.0
2026-06-12 15:38:22,341 [INFO] ThirdParty:1030 - CMSIS Pack Vendor :STMicroelectronics X-CUBE-TOF1 3.4.3
2026-06-12 15:38:22,341 [INFO] ThirdParty:1030 - CMSIS Pack Vendor :STMicroelectronics PDM2PCM 3.2.0
2026-06-12 15:38:22,341 [INFO] ThirdParty:1030 - CMSIS Pack Vendor :STMicroelectronics X-CUBE-WB05N 2.1.0
2026-06-12 15:38:22,341 [INFO] ThirdParty:1030 - CMSIS Pack Vendor :STMicroelectronics X-CUBE-ST67W61 1.2.0
2026-06-12 15:38:22,343 [INFO] ThirdParty:841 - exiting critical section [change project]
2026-06-12 15:38:22,621 [INFO] PinOutPanel:1589 - setPackage(No Configuration,No Configuration)
2026-06-12 15:38:22,622 [INFO] PinOutPanel:1589 - setPackage(STM32F103RCTx,LQFP64)
2026-06-12 15:38:23,150 [INFO] UtilMem:75 - Before build in PCC Used Memory: 929584416 Bytes (1073741824)
2026-06-12 15:38:23,476 [INFO] UtilMem:75 - After build in PCC Used Memory: 973102368 Bytes (1073741824)
2026-06-12 15:38:23,525 [INFO] IPUIPlugin:80 - create IPUIPlugin
2026-06-12 15:38:23,525 [INFO] IPUIPlugin:80 - create IPUIPlugin
2026-06-12 15:38:23,525 [INFO] IPUIPlugin:80 - create IPUIPlugin
2026-06-12 15:38:23,525 [INFO] IPUIPlugin:80 - create IPUIPlugin
2026-06-12 15:38:23,525 [INFO] IPUIPlugin:80 - create IPUIPlugin
2026-06-12 15:38:23,525 [INFO] IPUIPlugin:80 - create IPUIPlugin
2026-06-12 15:38:23,525 [INFO] IPUIPlugin:80 - create IPUIPlugin
2026-06-12 15:38:23,525 [INFO] IPUIPlugin:80 - create IPUIPlugin
2026-06-12 15:38:23,525 [INFO] IPUIPlugin:80 - create IPUIPlugin
2026-06-12 15:38:23,526 [INFO] IPUIPlugin:80 - create IPUIPlugin
2026-06-12 15:38:23,526 [INFO] IPUIPlugin:80 - create IPUIPlugin
2026-06-12 15:38:23,526 [INFO] IPUIPlugin:80 - create IPUIPlugin
2026-06-12 15:38:23,526 [INFO] IPUIPlugin:80 - create IPUIPlugin
2026-06-12 15:38:23,526 [INFO] IPUIPlugin:80 - create IPUIPlugin
2026-06-12 15:38:23,526 [INFO] IPUIPlugin:80 - create IPUIPlugin
2026-06-12 15:38:23,526 [INFO] IPUIPlugin:80 - create IPUIPlugin
2026-06-12 15:38:23,527 [INFO] IPUIPlugin:80 - create IPUIPlugin
2026-06-12 15:38:23,527 [INFO] IPUIPlugin:80 - create IPUIPlugin
2026-06-12 15:38:23,527 [INFO] IPUIPlugin:80 - create IPUIPlugin
2026-06-12 15:38:23,527 [INFO] IPUIPlugin:80 - create IPUIPlugin
2026-06-12 15:38:23,527 [INFO] IPUIPlugin:80 - create IPUIPlugin
2026-06-12 15:38:23,528 [INFO] IPUIPlugin:80 - create IPUIPlugin
2026-06-12 15:38:23,528 [INFO] IPUIPlugin:80 - create IPUIPlugin
2026-06-12 15:38:23,528 [INFO] IPUIPlugin:80 - create IPUIPlugin
2026-06-12 15:38:23,528 [INFO] IPUIPlugin:80 - create IPUIPlugin
2026-06-12 15:38:23,528 [INFO] IPUIPlugin:80 - create IPUIPlugin
2026-06-12 15:38:23,528 [INFO] IPUIPlugin:80 - create IPUIPlugin
2026-06-12 15:38:23,528 [INFO] IPUIPlugin:80 - create IPUIPlugin
2026-06-12 15:38:23,529 [INFO] IPUIPlugin:80 - create IPUIPlugin
2026-06-12 15:38:23,529 [INFO] IPUIPlugin:80 - create IPUIPlugin
2026-06-12 15:38:23,529 [INFO] IPUIPlugin:80 - create IPUIPlugin
2026-06-12 15:38:23,529 [INFO] IPUIPlugin:80 - create IPUIPlugin
2026-06-12 15:38:23,529 [INFO] IPUIPlugin:80 - create IPUIPlugin
2026-06-12 15:38:23,530 [INFO] IPUIPlugin:80 - create IPUIPlugin
2026-06-12 15:38:23,530 [INFO] IPUIPlugin:80 - create IPUIPlugin
2026-06-12 15:38:23,530 [INFO] IPUIPlugin:80 - create IPUIPlugin
2026-06-12 15:38:23,530 [INFO] IPUIPlugin:80 - create IPUIPlugin
2026-06-12 15:38:23,531 [INFO] IPUIPlugin:80 - create IPUIPlugin
2026-06-12 15:38:23,531 [INFO] IPUIPlugin:80 - create IPUIPlugin
2026-06-12 15:38:23,534 [WARN] IP:2250 - I2C_Coeff_DF not found: check if there is a RefParameter without a condition.
2026-06-12 15:38:23,534 [WARN] IP:2250 - Analog_Filter not found: check if there is a RefParameter without a condition.
2026-06-12 15:38:23,600 [INFO] CADModel:165 - CPN selected for project levelSTM32F103RCT6
2026-06-12 15:38:23,600 [INFO] CADModel:114 - Register for checkConnection events
2026-06-12 15:38:23,664 [INFO] OpenFileManager:386 - Restore cursor
2026-06-12 15:38:23,975 [WARN] IP:2250 - I2C_Coeff_DF not found: check if there is a RefParameter without a condition.
2026-06-12 15:38:23,975 [WARN] IP:2250 - Analog_Filter not found: check if there is a RefParameter without a condition.
2026-06-12 15:38:23,976 [WARN] IP:2250 - I2C_Coeff_DF not found: check if there is a RefParameter without a condition.
2026-06-12 15:38:23,977 [WARN] IP:2250 - Analog_Filter not found: check if there is a RefParameter without a condition.
2026-06-12 15:53:31,209 [INFO] MainUpdater:2872 - connection check result : 10
2026-06-12 15:53:31,218 [INFO] McuFinderGlobals:76 - Set McuFinderConnectedMode to true
2026-06-12 15:53:31,738 [INFO] ServerAccessManage:452 - Complete download http(s) 200
2026-06-12 15:53:31,750 [INFO] ServerAccessManage:509 - Download File mcusAds.json._tmp_
2026-06-12 15:53:31,996 [INFO] LoadUrlFilesThread:156 - End of LoadUrlFiles Thread
2026-06-12 15:53:33,172 [INFO] ServerAccessManage:452 - Complete download http(s) 200
2026-06-12 15:53:33,174 [INFO] ServerAccessManage:509 - Download File cube-finder-db.zip
2026-06-12 15:54:11,932 [INFO] FileExtend:248 - Unzip File : cube-finder-db.zip
2026-06-12 15:54:11,933 [INFO] FileExtend:263 - Standard Zip Deflate
2026-06-12 15:54:14,442 [INFO] LoadUrlFilesThread:156 - End of LoadUrlFiles Thread
2026-06-12 15:54:15,470 [INFO] ServerAccessManage:452 - Complete download http(s) 200
2026-06-12 15:54:15,471 [INFO] ServerAccessManage:509 - Download File crdb.zip
2026-06-12 15:54:16,729 [INFO] FileExtend:248 - Unzip File : crdb.zip
2026-06-12 15:54:16,730 [INFO] FileExtend:263 - Standard Zip Deflate
2026-06-12 15:54:16,875 [INFO] LoadUrlFilesThread:156 - End of LoadUrlFiles Thread
2026-06-12 15:54:17,994 [INFO] ServerAccessManage:452 - Complete download http(s) 200
2026-06-12 15:54:17,996 [INFO] ServerAccessManage:509 - Download File tutoVideoDB.zip
2026-06-12 15:54:18,535 [INFO] FileExtend:248 - Unzip File : tutoVideoDB.zip
2026-06-12 15:54:18,536 [INFO] FileExtend:263 - Standard Zip Deflate
2026-06-12 15:54:18,667 [INFO] LoadUrlFilesThread:156 - End of LoadUrlFiles Thread
2026-06-12 15:54:18,674 [WARN] DbFile:41 - Overriding database path with different value: C:\Users\Usuario\.stmcufinder\plugins\mcufinder/ => C:\Users\Usuario\.stmcufinder\plugins\mcufinder
2026-06-12 15:54:19,265 [INFO] ServerAccessManage:452 - Complete download http(s) 200
2026-06-12 15:54:19,266 [INFO] ServerAccessManage:509 - Download File api_config.json
2026-06-12 15:54:19,525 [INFO] LoadUrlFilesThread:156 - End of LoadUrlFiles Thread
2026-06-12 15:54:19,529 [INFO] DbMcusAds:53 - JSON generation date=Thu May 28 11:08:16 COT 2026 (1779984496559)
2026-06-12 15:54:19,541 [INFO] ApiDb:448 - Save user favorites file C:\Users\Usuario/.stm32cubeide/favorites.mcus.txt: 2 item(s)
2026-06-12 15:54:19,541 [INFO] ApiDb:452 - User favorites MCUs=[STM32F103C8T6, STM32F103RCT6]
2026-06-12 15:54:19,553 [INFO] ApiDb:581 - Connected to CubeFinder SQLite database (C:\Users\Usuario\.stmcufinder\plugins\mcufinder\mcu\cube-finder-db.db)
2026-06-12 15:54:19,641 [INFO] ApiDb:668 - CubeFinder database Data Model version=2.1
2026-06-12 15:54:19,641 [INFO] ApiDb:669 - CubeFinder database Configuration version=3.0.42
2026-06-12 15:54:19,641 [INFO] ApiDb:670 - CubeFinder database generation date=2026-05-14 (1778746352)
2026-06-12 15:54:19,641 [INFO] ApiDb:671 - CubeFinder database FW Pack versions=[FP-ATR-ASTRA1_V2.0.0, FP-SNS-FLIGHT1_V5.1.0, FP-SNS-MOTENV1_V5.1.0, FP-SNS-MOTENVWB1_V1.5.0, FP-SNS-SMARTAG2_V1.2.0, FP-SNS-STBOX1_V2.1.0, STM32Cube_FW_C0_V1.4.0, STM32Cube_FW_F4_V1.28.3, STM32Cube_FW_F7_V1.17.4, STM32Cube_FW_G0_V1.6.3, STM32Cube_FW_G4_V1.6.2, STM32Cube_FW_H5_V1.6.0, STM32Cube_FW_H7RS_V1.3.0, STM32Cube_FW_H7_V1.13.0, STM32Cube_FW_L0_V1.12.2, STM32Cube_FW_L4_V1.18.2, STM32Cube_FW_L5_V1.6.0, STM32Cube_FW_N6_V1.3.0, STM32Cube_FW_U0_V1.3.0, STM32Cube_FW_U3_V1.3.0, STM32Cube_FW_U5_V1.8.0, STM32Cube_FW_WB0_V1.4.0, STM32Cube_FW_WBA_V1.9.0, STM32Cube_FW_WB_V1.24.0, STM32Cube_FW_WL3_V1.4.0, STM32Cube_FW_WL_V1.5.0, X-CUBE-ALGOBUILD_V1.4.0, X-CUBE-ALS_V1.0.2, X-CUBE-AZRTOS-F4_V1.1.0, X-CUBE-AZRTOS-F7_V1.1.0, X-CUBE-AZRTOS-G0_V1.1.0, X-CUBE-AZRTOS-G4_V2.0.0, X-CUBE-AZRTOS-H7RS_V1.1.0, X-CUBE-AZRTOS-H7_V3.5.0, X-CUBE-AZRTOS-L4_V2.0.0, X-CUBE-AZRTOS-L5_V2.0.0, X-CUBE-AZRTOS-WB_V2.0.0, X-CUBE-AZRTOS-WL_V2.0.0, X-CUBE-BLE1_V7.1.0, X-CUBE-BLE2_V3.3.0, X-CUBE-BLEMGR_V4.1.0, X-CUBE-EEPRMA1_V5.2.0, X-CUBE-FREERTOS_V1.5.0, X-CUBE-GNSS1_V7.1.1, X-CUBE-MEMS1_V12.1.0, X-CUBE-NFC4_V3.0.0, X-CUBE-NFC7_V2.0.0, X-CUBE-SFXS2LP1_V4.0.0, X-CUBE-ST67W61_V1.3.0, X-CUBE-SUBG2_V5.0.0, X-CUBE-TOF1_V3.4.3]
2026-06-12 15:54:21,839 [INFO] ApiDb:240 - Found 880 in-development CPN: [B-G473E-ZEST1S, B-WB1M-WPAN1, B-WBA5M-WPAN, B-WL5M-SUBG1, NUCLEO-C031C6, NUCLEO-C051C8, NUCLEO-C071RB, NUCLEO-C092RC, NUCLEO-H503RB, NUCLEO-H533RE, NUCLEO-H563ZI, NUCLEO-H7S3L8, NUCLEO-N657X0-Q, NUCLEO-U031R8, NUCLEO-U083RC, NUCLEO-U385RG-Q, NUCLEO-U545RE-Q, NUCLEO-U5A5ZJ-Q, NUCLEO-WB05KZ, NUCLEO-WB07CC, NUCLEO-WB09KE, NUCLEO-WBA52CG, NUCLEO-WBA55CG, NUCLEO-WL33CC1, NUCLEO-WL33CC2, STEVAL-PROTEUS1, STEVAL-SMARTAG2, STEVAL-STWINBX1, STM320518-EVAL, STM32C0116-DK, STM32C011D6Y3TR, STM32C011D6Y6TR, STM32C011F4P3, STM32C011F4P6, STM32C011F4U3, STM32C011F4U6TR, STM32C011F6P3, STM32C011F6P6, STM32C011F6U3, STM32C011F6U6TR, STM32C011J4M3, STM32C011J4M6, STM32C011J6M3, STM32C011J6M6, STM32C0316-DK, STM32C031C4T3, STM32C031C4T6, STM32C031C4U3, STM32C031C4U6, STM32C031C6T3, STM32C031C6T6, STM32C031C6U3, STM32C031C6U6, STM32C031F4P3, STM32C031F4P6, STM32C031F6P3, STM32C031F6P6, STM32C031G4U3, STM32C031G4U6, STM32C031G6U3, STM32C031G6U6, STM32C031K4T3, STM32C031K4T6, STM32C031K4U3, STM32C031K4U6, STM32C031K6T3, STM32C031K6T6, STM32C031K6U3, STM32C031K6U6, STM32C051C6T6, STM32C051C6U6, STM32C051C8T6, STM32C051C8U6, STM32C051D8Y6TR, STM32C051F6P6, STM32C051F8P6, STM32C051G6U6, STM32C051G8U6, STM32C051K6T6, STM32C051K6U6, STM32C051K8T6, STM32C071C8T6, STM32C071C8T6N, STM32C071C8U6, STM32C071C8U6N, STM32C071CBT6, STM32C071CBT6N, STM32C071CBU6, STM32C071CBU6N, STM32C071F8P6, STM32C071F8P6N, STM32C071FBP6, STM32C071FBP6N, STM32C071FBY6TR, STM32C071G8U6, STM32C071G8U6N, STM32C071GBU6, STM32C071GBU6N, STM32C071K8T6, STM32C071K8T6N, STM32C071K8U6, STM32C071K8U6N, STM32C071KBT6, STM32C071KBT6N, STM32C071KBU6, STM32C071KBU6N, STM32C071R8T6, STM32C071R8T6N, STM32C071RBI6N, STM32C071RBT6, STM32C071RBT6N, STM32C091CBT6, STM32C091CBU6, STM32C091CCT6, STM32C091CCU6, STM32C091ECY6TR, STM32C091FBP6, STM32C091FCP6, STM32C091GBU6, STM32C091GCU6, STM32C091KBT6, STM32C091KBU6, STM32C091KCT6, STM32C091KCU6, STM32C091RBT6, STM32C091RCI6, STM32C091RCT6, STM32C092CBT6, STM32C092CBU6, STM32C092CCT6, STM32C092CCU6, STM32C092ECY6TR, STM32C092FBP6, STM32C092FCP6, STM32C092GBU6, STM32C092GCU6, STM32C092KBT6, STM32C092KBU6, STM32C092KCT6, STM32C092KCU6, STM32C092RBT6, STM32C092RCI6, STM32C092RCT6, STM32G071K8TXN, STM32G071K8UXN, STM32G081GBU6N, STM32G081KBT6N, STM32G081KBUXN, STM32G0B1CCT6N, STM32G0B1KCT6, STM32G0B1NEY6TR, STM32G0B1RCT6N, STM32G0C1CCT6, STM32G0C1CCT6N, STM32G0C1CCU6N, STM32G0C1CET6N, STM32G0C1CEU6N, STM32G0C1KCT6, STM32G0C1NEY6TR, STM32G0C1RCI6N, STM32G0C1RCT6N, STM32G0C1REI6N, STM32G0C1RET6N, STM32G0C1VCI6, STM32G0C1VEI6, STM32G411C6T3, STM32G411C6T6, STM32G411C6U3, STM32G411C6U6, STM32G411C8T3, STM32G411C8T6, STM32G411C8U3, STM32G411C8U6, STM32G411CBT3, STM32G411CBT6, STM32G411CBU3, STM32G411CBU6, STM32G411K6T3, STM32G411K6T6, STM32G411K6U3, STM32G411K6U6, STM32G411K8T3, STM32G411K8T6, STM32G411K8U3, STM32G411K8U6, STM32G411KBT3, STM32G411KBT6, STM32G411KBU3, STM32G411KBU6, STM32G411M6T3, STM32G411M6T6, STM32G411M8T3, STM32G411M8T6, STM32G411MBT3, STM32G411MBT6, STM32G411R6T3, STM32G411R6T6, STM32G411R8T3, STM32G411R8T6, STM32G411RBT3, STM32G411RBT6, STM32G414CBT3, STM32G414CBT6, STM32G414CBU3, STM32G414CBU6, STM32G414CCT3, STM32G414CCT6, STM32G414CCU3, STM32G414CCU6, STM32G414MBT3, STM32G414MBT6, STM32G414MCT3, STM32G414MCT6, STM32G414RBT3, STM32G414RBT6, STM32G414RCT3, STM32G414RCT6, STM32G414VBT3, STM32G414VBT6, STM32G414VCT3, STM32G414VCT6, STM32G431CBT3Z, STM32G431RBT3Z, STM32G471CCT6, STM32G471CCU6, STM32G471CET3, STM32G471CET6, STM32G471CEU3, STM32G471CEU6, STM32G471MCT6, STM32G471MET3, STM32G471MET6, STM32G471MEY6TR, STM32G471QCT6, STM32G471QET3, STM32G471RCT6, STM32G471RET3, STM32G471RET6, STM32G471VCH6, STM32G471VCI6, STM32G471VCT6, STM32G471VEH3, STM32G471VEH6, STM32G471VEI3, STM32G471VEI6, STM32G471VET3, STM32G471VET6, STM32G473QET3Z, STM32G473RET3Z, STM32G474CCT6, STM32G491RET3Z, STM32H503CBT6, STM32H503CBU6, STM32H503EBY6TR, STM32H503KBU6, STM32H503RBT6, STM32H523CCT6, STM32H523CCU6, STM32H523CET6, STM32H523CEU6, STM32H523HEY6TR, STM32H523RCT6, STM32H523RET6, STM32H523VCI6, STM32H523VCT6, STM32H523VEI6, STM32H523VET6, STM32H523ZCJ6, STM32H523ZCT6, STM32H523ZEJ6, STM32H523ZET6, STM32H533CET6, STM32H533CEU6, STM32H533HEY6TR, STM32H533RET6, STM32H533VEI6, STM32H533VET6, STM32H533ZEJ6, STM32H533ZET6, STM32H562AGI6, STM32H562AII6, STM32H562IGK6, STM32H562IGT6, STM32H562IIK6, STM32H562IIT6, STM32H562RGT6, STM32H562RGV6, STM32H562RIT6, STM32H562RIV6, STM32H562VGT6, STM32H562VIT6, STM32H562ZGT6, STM32H562ZIT6, STM32H563AGI6, STM32H563AII3Q, STM32H563AII6, STM32H563IGK6, STM32H563IGT6, STM32H563IIK3Q, STM32H563IIK6, STM32H563IIT3Q, STM32H563IIT6, STM32H563MIY3QTR, STM32H563RGT6, STM32H563RGV6, STM32H563RIT6, STM32H563RIV6, STM32H563VGT6, STM32H563VIT3Q, STM32H563VIT6, STM32H563ZGT6, STM32H563ZIT3Q, STM32H563ZIT6, STM32H573AII3Q, STM32H573AII6, STM32H573I-DK, STM32H573IIK3Q, STM32H573IIK6, STM32H573IIT3Q, STM32H573IIT6, STM32H573MIY3QTR, STM32H573RIT6, STM32H573RIV6, STM32H573VIT3Q, STM32H573VIT6, STM32H573ZIT3Q, STM32H573ZIT6, STM32H7R3A8I6, STM32H7R3I8K6, STM32H7R3I8T6, STM32H7R3L8H6, STM32H7R3L8H6H, STM32H7R3R8V6, STM32H7R3V8H6, STM32H7R3V8T6, STM32H7R3V8Y6TR, STM32H7R3Z8J6, STM32H7R3Z8T6, STM32H7R7A8I6, STM32H7R7I8K6, STM32H7R7I8T6, STM32H7R7L8H6, STM32H7R7L8H6H, STM32H7R7Z8J6, STM32H7S3A8I6, STM32H7S3I8K6, STM32H7S3I8T6, STM32H7S3L8H6, STM32H7S3L8H6H, STM32H7S3R8V6, STM32H7S3V8H6, STM32H7S3V8T6, STM32H7S3V8Y6TR, STM32H7S3Z8J6, STM32H7S3Z8T6, STM32H7S78-DK, STM32H7S7A8I6, STM32H7S7I8K6, STM32H7S7I8T6, STM32H7S7L8H6, STM32H7S7L8H6H, STM32H7S7Z8J6, STM32L4R5QGI6STR, STM32MP131AAE3, STM32MP131AAF3, STM32MP131AAG3, STM32MP131CAE3, STM32MP131CAF3, STM32MP131CAG3, STM32MP131DAE7, STM32MP131DAF7, STM32MP131DAG7, STM32MP131FAE7, STM32MP131FAF7, STM32MP131FAG7, STM32MP133AAE3, STM32MP133AAF3, STM32MP133AAG3, STM32MP133CAE3, STM32MP133CAF3, STM32MP133CAG3, STM32MP133DAE7, STM32MP133DAF7, STM32MP133DAG7, STM32MP133FAE7, STM32MP133FAF7, STM32MP133FAG7, STM32MP135AAE3, STM32MP135AAF3, STM32MP135AAG3, STM32MP135CAE3, STM32MP135CAF3, STM32MP135CAG3, STM32MP135DAE7, STM32MP135DAF7, STM32MP135DAG7, STM32MP135F-DK, STM32MP135FAE7, STM32MP135FAF7, STM32MP135FAF7T, STM32MP135FAF7U, STM32MP135FAG7, STM32MP211AAL3, STM32MP211AAM3, STM32MP211AAN3, STM32MP211AAO3, STM32MP211CAL3, STM32MP211CAM3, STM32MP211CAN3, STM32MP211CAO3, STM32MP211DAL3, STM32MP211DAM3, STM32MP211DAN3, STM32MP211DAO3, STM32MP211FAL3, STM32MP211FAM3, STM32MP211FAN3, STM32MP211FAO3, STM32MP213AAL3, STM32MP213AAM3, STM32MP213AAN3, STM32MP213AAO3, STM32MP213CAL3, STM32MP213CAM3, STM32MP213CAN3, STM32MP213CAO3, STM32MP213DAL3, STM32MP213DAM3, STM32MP213DAN3, STM32MP213DAO3, STM32MP213FAL3, STM32MP213FAM3, STM32MP213FAN3, STM32MP213FAO3, STM32MP215AAL3, STM32MP215AAM3, STM32MP215AAN3, STM32MP215AAO3, STM32MP215CAL3, STM32MP215CAM3, STM32MP215CAN3, STM32MP215CAO3, STM32MP215DAL3, STM32MP215DAM3, STM32MP215DAN3, STM32MP215DAO3, STM32MP215F-DK, STM32MP215FAL3, STM32MP215FAM3, STM32MP215FAN3, STM32MP215FAO3, STM32MP231AAJ3, STM32MP231AAK3, STM32MP231AAL3, STM32MP231CAJ3, STM32MP231CAK3, STM32MP231CAL3, STM32MP231DAJ3, STM32MP231DAK3, STM32MP231DAL3, STM32MP231FAJ3, STM32MP231FAK3, STM32MP231FAL3, STM32MP233AAJ3, STM32MP233AAK3, STM32MP233AAL3, STM32MP233CAJ3, STM32MP233CAK3, STM32MP233CAL3, STM32MP233DAJ3, STM32MP233DAK3, STM32MP233DAL3, STM32MP233FAJ3, STM32MP233FAK3, STM32MP233FAL3, STM32MP235AAJ3, STM32MP235AAK3, STM32MP235AAL3, STM32MP235CAJ3, STM32MP235CAK3, STM32MP235CAL3, STM32MP235DAJ3, STM32MP235DAK3, STM32MP235DAL3, STM32MP235FAJ3, STM32MP235FAK3, STM32MP235FAL3, STM32MP251AAI3, STM32MP251AAK3, STM32MP251AAL3, STM32MP251CAI3, STM32MP251CAK3, STM32MP251CAL3, STM32MP251DAI3, STM32MP251DAK3, STM32MP251DAL3, STM32MP251FAI3, STM32MP251FAK3, STM32MP251FAL3, STM32MP253AAI3, STM32MP253AAK3, STM32MP253AAL3, STM32MP253CAI3, STM32MP253CAK3, STM32MP253CAL3, STM32MP253DAI3, STM32MP253DAK3, STM32MP253DAL3, STM32MP253FAI3, STM32MP253FAK3, STM32MP253FAL3, STM32MP255AAI3, STM32MP255AAK3, STM32MP255AAL3, STM32MP255CAI3, STM32MP255CAK3, STM32MP255CAL3, STM32MP255DAI3, STM32MP255DAK3, STM32MP255DAL3, STM32MP255FAI3, STM32MP255FAK3, STM32MP255FAL3, STM32MP257AAI3, STM32MP257AAK3, STM32MP257AAL3, STM32MP257CAI3, STM32MP257CAK3, STM32MP257CAL3, STM32MP257DAI3, STM32MP257DAK3, STM32MP257DAL3, STM32MP257F-DK, STM32MP257F-EV1, STM32MP257FAI3, STM32MP257FAK3, STM32MP257FAL3, STM32N645A0H3Q, STM32N645B0H3Q, STM32N645I0H3Q, STM32N645L0H3Q, STM32N645X0H3Q, STM32N645Z0H3Q, STM32N647A0H3Q, STM32N647B0H3Q, STM32N647I0H3Q, STM32N647L0H3Q, STM32N647X0H3Q, STM32N647Z0H3Q, STM32N655A0H3Q, STM32N655B0H3Q, STM32N655I0H3Q, STM32N655L0H3Q, STM32N655X0H3Q, STM32N655Z0H3Q, STM32N6570-DK, STM32N657A0H3Q, STM32N657B0H3Q, STM32N657I0H3Q, STM32N657L0H3Q, STM32N657X0H3Q, STM32N657Z0H3Q, STM32U031C6T6, STM32U031C6U6, STM32U031C8T6, STM32U031C8U6, STM32U031F4P6, STM32U031F6P6, STM32U031F8P6, STM32U031G6Y6TR, STM32U031G8Y6TR, STM32U031K4U6, STM32U031K6U6, STM32U031K8U6, STM32U031R6I6, STM32U031R6T6, STM32U031R8I6, STM32U031R8T6, STM32U073C8T6, STM32U073C8U6, STM32U073CBT6, STM32U073CBU6, STM32U073CCT6, STM32U073CCU6, STM32U073H8Y6TR, STM32U073HBY6TR, STM32U073HCY6TR, STM32U073K8U6, STM32U073KBU6, STM32U073KCU6, STM32U073M8I6, STM32U073M8T6, STM32U073MBI6, STM32U073MBT6, STM32U073MCI6, STM32U073MCT6, STM32U073R8I6, STM32U073R8T6, STM32U073RBI6, STM32U073RBT6, STM32U073RCI6, STM32U073RCT6, STM32U083C-DK, STM32U083CCT6, STM32U083CCU6, STM32U083HCY6TR, STM32U083KCU6, STM32U083MCI6, STM32U083MCT6, STM32U083RCI6, STM32U083RCT6, STM32U375CET6, STM32U375CET6Q, STM32U375CEU6, STM32U375CEU6Q, STM32U375CEY6QTR, STM32U375CGT6, STM32U375CGT6Q, STM32U375CGU6, STM32U375CGU6Q, STM32U375CGY6QTR, STM32U375KEU6, STM32U375KGU6, STM32U375REI6, STM32U375REI6Q, STM32U375RET6, STM32U375RET6Q, STM32U375REY6GTR, STM32U375REY6QTR, STM32U375RGI6, STM32U375RGI6Q, STM32U375RGT6, STM32U375RGT6Q, STM32U375RGY6GTR, STM32U375RGY6QTR, STM32U375VEI6, STM32U375VEI6Q, STM32U375VET6, STM32U375VET6Q, STM32U375VGI6, STM32U375VGI6Q, STM32U375VGT6, STM32U375VGT6Q, STM32U385CGT6, STM32U385CGT6Q, STM32U385CGU6, STM32U385CGU6Q, STM32U385CGY6QTR, STM32U385KGU6, STM32U385RGI6, STM32U385RGI6Q, STM32U385RGT6, STM32U385RGT6Q, STM32U385RGY6GTR, STM32U385RGY6QTR, STM32U385VGI6, STM32U385VGI6Q, STM32U385VGT6, STM32U385VGT6Q, STM32U535CBT6, STM32U535CBT6Q, STM32U535CBU6, STM32U535CBU6Q, STM32U535CCT6, STM32U535CCT6Q, STM32U535CCU6, STM32U535CCU6Q, STM32U535CET6, STM32U535CET6Q, STM32U535CEU6, STM32U535CEU6Q, STM32U535JEY6QTR, STM32U535NCY6QTR, STM32U535NEY6QTR, STM32U535RBI6, STM32U535RBI6Q, STM32U535RBT6, STM32U535RBT6Q, STM32U535RCI6, STM32U535RCI6Q, STM32U535RCT6, STM32U535RCT6Q, STM32U535REI6, STM32U535REI6Q, STM32U535RET6, STM32U535RET6Q, STM32U535VCI6, STM32U535VCI6Q, STM32U535VCT6, STM32U535VCT6Q, STM32U535VEI6, STM32U535VEI6Q, STM32U535VET6, STM32U535VET6Q, STM32U545CET6, STM32U545CET6Q, STM32U545CEU6, STM32U545CEU6Q, STM32U545JEY6QTR, STM32U545NEY6QTR, STM32U545REI6, STM32U545REI6Q, STM32U545RET6, STM32U545RET6Q, STM32U545VEI6, STM32U545VEI6Q, STM32U545VET6, STM32U545VET6Q, STM32U595AIH6, STM32U595AIH6Q, STM32U595AJH6, STM32U595AJH6Q, STM32U595QII6, STM32U595QII6Q, STM32U595QJI6, STM32U595QJI6Q, STM32U595RIT6, STM32U595RIT6Q, STM32U595RJT6, STM32U595RJT6Q, STM32U595VIT6, STM32U595VIT6Q, STM32U595VJT6, STM32U595VJT6Q, STM32U595ZIT6, STM32U595ZIT6Q, STM32U595ZIY6QTR, STM32U595ZJT6, STM32U595ZJT6Q, STM32U595ZJY6QTR, STM32U599BJY6QTR, STM32U599NIH6Q, STM32U599NJH6Q, STM32U599VIT6Q, STM32U599VJT6, STM32U599VJT6Q, STM32U599ZIT6Q, STM32U599ZIY6QTR, STM32U599ZJT6Q, STM32U599ZJY6QTR, STM32U5A5AJH6, STM32U5A5AJH6Q, STM32U5A5QII3Q , STM32U5A5QJI6, STM32U5A5QJI6Q, STM32U5A5RJT6, STM32U5A5RJT6Q, STM32U5A5VJT6, STM32U5A5VJT6Q, STM32U5A5ZJT6, STM32U5A5ZJT6Q, STM32U5A5ZJY6QTR, STM32U5A9BJY6QTR, STM32U5A9J-DK, STM32U5A9NJH6Q, STM32U5A9VJT6Q, STM32U5A9ZJT6Q, STM32U5A9ZJY6QTR, STM32U5F7VIT6, STM32U5F7VIT6Q, STM32U5F7VJT6, STM32U5F7VJT6Q, STM32U5F9BJY6QTR, STM32U5F9NJH6Q, STM32U5F9VIT6Q, STM32U5F9VJT6Q, STM32U5F9ZIJ6QTR, STM32U5F9ZIT6Q, STM32U5F9ZJJ6QTR, STM32U5F9ZJT6Q, STM32U5G7VJT6, STM32U5G7VJT6Q, STM32U5G9BJY6QTR, STM32U5G9J-DK1, STM32U5G9J-DK2, STM32U5G9NJH6Q, STM32U5G9VJT6Q, STM32U5G9ZJJ6QTR, STM32U5G9ZJT6Q, STM32WB05KZV6TR, STM32WB05KZV7TR, STM32WB05TZF6TR, STM32WB05TZF7TR, STM32WB06CCF6TR, STM32WB06CCF7TR, STM32WB06CCV6TR, STM32WB06CCV7TR, STM32WB06KCV6TR, STM32WB06KCV7TR, STM32WB07CCF6TR, STM32WB07CCF7TR, STM32WB07CCV6TR, STM32WB07CCV7TR, STM32WB07KCV6TR, STM32WB07KCV7TR, STM32WB09KEV6TR, STM32WB09KEV7TR, STM32WB09TEF6TR, STM32WB09TEF7TR, STM32WB1MMCH6, STM32WBA50KGU6, STM32WBA50KGU6TR, STM32WBA52CEU6, STM32WBA52CEU6TR, STM32WBA52CEU7, STM32WBA52CEU7TR, STM32WBA52CGU6, STM32WBA52CGU6TR, STM32WBA52CGU6U, STM32WBA52CGU7, STM32WBA52CGU7TR, STM32WBA52KEU6, STM32WBA52KEU6TR, STM32WBA52KGU6, STM32WBA52KGU6TR, STM32WBA54CEU6, STM32WBA54CEU6TR, STM32WBA54CEU7, STM32WBA54CEU7TR, STM32WBA54CGU6, STM32WBA54CGU6TR, STM32WBA54CGU7, STM32WBA54CGU7TR, STM32WBA54KEU6, STM32WBA54KEU6TR, STM32WBA54KEU7, STM32WBA54KEU7TR, STM32WBA54KGU6, STM32WBA54KGU6TR, STM32WBA54KGU7, STM32WBA54KGU7TR, STM32WBA55CEU6, STM32WBA55CEU6TR, STM32WBA55CEU7, STM32WBA55CEU7TR, STM32WBA55CGU6, STM32WBA55CGU6TR, STM32WBA55CGU6U, STM32WBA55CGU7, STM32WBA55CGU7TR, STM32WBA55G-DK1, STM32WBA55HEF6, STM32WBA55HEF7, STM32WBA55HGF6, STM32WBA55HGF7, STM32WBA55UEI6, STM32WBA55UEI6TR, STM32WBA55UEI7, STM32WBA55UEI7TR, STM32WBA55UGI6, STM32WBA55UGI6TR, STM32WBA55UGI7, STM32WBA55UGI7TR, STM32WBA5MMGH6TR, STM32WBA62MGF6, STM32WBA62MIF6, STM32WBA65MGF7, STM32WBA65MIF6, STM32WBA65MIF7, STM32WL30K8V6, STM32WL30KBV6, STM32WL31C8V6, STM32WL31CBV6, STM32WL31K8V6, STM32WL31KBV6, STM32WL33C8V6, STM32WL33C8V6X, STM32WL33CBV6, STM32WL33CBV6X, STM32WL33CCV6, STM32WL33CCV6A, STM32WL33CCV6X, STM32WL33K8V7, STM32WL33K8V7X, STM32WL33KBV7 , STM32WL33KBV7X, STM32WL33KCV7, STM32WL33KCV7X, STM32WL5MOCH6, STM32WL5MOCH6TR]
2026-06-12 15:54:21,845 [INFO] DbMcus:218 - Found 5086 MCUs, 4968 are supported
2026-06-12 15:54:21,846 [INFO] ApiDb:423 - Load user favorites file C:\Users\Usuario/.stm32cubeide/favorites.mcus.txt: 2 item(s)
2026-06-12 15:54:21,846 [INFO] ApiDb:427 - User favorites MCUs=[STM32F103C8T6, STM32F103RCT6]
2026-06-12 15:54:21,846 [INFO] DbMcus:224 - Set 2 / 2 favorites MCUs
2026-06-12 15:54:22,517 [INFO] ApiDb:448 - Save user favorites file C:\Users\Usuario/.stm32cubeide/favorites.boards.txt: 0 item(s)
2026-06-12 15:54:22,517 [INFO] ApiDb:452 - User favorites Boards=[]
2026-06-12 15:54:22,519 [INFO] ApiDb:581 - Connected to CubeFinder SQLite database (C:\Users\Usuario\.stmcufinder\plugins\mcufinder\mcu\cube-finder-db.db)
2026-06-12 15:54:22,606 [INFO] ApiDb:668 - CubeFinder database Data Model version=2.1
2026-06-12 15:54:22,606 [INFO] ApiDb:669 - CubeFinder database Configuration version=3.0.42
2026-06-12 15:54:22,606 [INFO] ApiDb:670 - CubeFinder database generation date=2026-05-14 (1778746352)
2026-06-12 15:54:22,606 [INFO] ApiDb:671 - CubeFinder database FW Pack versions=[FP-ATR-ASTRA1_V2.0.0, FP-SNS-FLIGHT1_V5.1.0, FP-SNS-MOTENV1_V5.1.0, FP-SNS-MOTENVWB1_V1.5.0, FP-SNS-SMARTAG2_V1.2.0, FP-SNS-STBOX1_V2.1.0, STM32Cube_FW_C0_V1.4.0, STM32Cube_FW_F4_V1.28.3, STM32Cube_FW_F7_V1.17.4, STM32Cube_FW_G0_V1.6.3, STM32Cube_FW_G4_V1.6.2, STM32Cube_FW_H5_V1.6.0, STM32Cube_FW_H7RS_V1.3.0, STM32Cube_FW_H7_V1.13.0, STM32Cube_FW_L0_V1.12.2, STM32Cube_FW_L4_V1.18.2, STM32Cube_FW_L5_V1.6.0, STM32Cube_FW_N6_V1.3.0, STM32Cube_FW_U0_V1.3.0, STM32Cube_FW_U3_V1.3.0, STM32Cube_FW_U5_V1.8.0, STM32Cube_FW_WB0_V1.4.0, STM32Cube_FW_WBA_V1.9.0, STM32Cube_FW_WB_V1.24.0, STM32Cube_FW_WL3_V1.4.0, STM32Cube_FW_WL_V1.5.0, X-CUBE-ALGOBUILD_V1.4.0, X-CUBE-ALS_V1.0.2, X-CUBE-AZRTOS-F4_V1.1.0, X-CUBE-AZRTOS-F7_V1.1.0, X-CUBE-AZRTOS-G0_V1.1.0, X-CUBE-AZRTOS-G4_V2.0.0, X-CUBE-AZRTOS-H7RS_V1.1.0, X-CUBE-AZRTOS-H7_V3.5.0, X-CUBE-AZRTOS-L4_V2.0.0, X-CUBE-AZRTOS-L5_V2.0.0, X-CUBE-AZRTOS-WB_V2.0.0, X-CUBE-AZRTOS-WL_V2.0.0, X-CUBE-BLE1_V7.1.0, X-CUBE-BLE2_V3.3.0, X-CUBE-BLEMGR_V4.1.0, X-CUBE-EEPRMA1_V5.2.0, X-CUBE-FREERTOS_V1.5.0, X-CUBE-GNSS1_V7.1.1, X-CUBE-MEMS1_V12.1.0, X-CUBE-NFC4_V3.0.0, X-CUBE-NFC7_V2.0.0, X-CUBE-SFXS2LP1_V4.0.0, X-CUBE-ST67W61_V1.3.0, X-CUBE-SUBG2_V5.0.0, X-CUBE-TOF1_V3.4.3]
2026-06-12 15:54:22,665 [INFO] DbBoardsSqlite:226 - include board P-NUCLEO-WB55-NUCLEO as a kit item of type 'Nucleo-64'
2026-06-12 15:54:22,665 [INFO] DbBoardsSqlite:226 - include board P-NUCLEO-WB55-USBDONGLE as a kit item of type 'Nucleo USB Dongle'
2026-06-12 15:54:22,666 [INFO] DbBoardsSqlite:226 - include board STEVAL-IDP005V1 as a kit item of type 'Evaluation Board'
2026-06-12 15:54:22,666 [INFO] DbBoardsSqlite:226 - include board STEVAL-IDP005V2 as a kit item of type 'Evaluation Board'
2026-06-12 15:54:22,749 [INFO] ApiDb:240 - Found 880 in-development CPN: [B-G473E-ZEST1S, B-WB1M-WPAN1, B-WBA5M-WPAN, B-WL5M-SUBG1, NUCLEO-C031C6, NUCLEO-C051C8, NUCLEO-C071RB, NUCLEO-C092RC, NUCLEO-H503RB, NUCLEO-H533RE, NUCLEO-H563ZI, NUCLEO-H7S3L8, NUCLEO-N657X0-Q, NUCLEO-U031R8, NUCLEO-U083RC, NUCLEO-U385RG-Q, NUCLEO-U545RE-Q, NUCLEO-U5A5ZJ-Q, NUCLEO-WB05KZ, NUCLEO-WB07CC, NUCLEO-WB09KE, NUCLEO-WBA52CG, NUCLEO-WBA55CG, NUCLEO-WL33CC1, NUCLEO-WL33CC2, STEVAL-PROTEUS1, STEVAL-SMARTAG2, STEVAL-STWINBX1, STM320518-EVAL, STM32C0116-DK, STM32C011D6Y3TR, STM32C011D6Y6TR, STM32C011F4P3, STM32C011F4P6, STM32C011F4U3, STM32C011F4U6TR, STM32C011F6P3, STM32C011F6P6, STM32C011F6U3, STM32C011F6U6TR, STM32C011J4M3, STM32C011J4M6, STM32C011J6M3, STM32C011J6M6, STM32C0316-DK, STM32C031C4T3, STM32C031C4T6, STM32C031C4U3, STM32C031C4U6, STM32C031C6T3, STM32C031C6T6, STM32C031C6U3, STM32C031C6U6, STM32C031F4P3, STM32C031F4P6, STM32C031F6P3, STM32C031F6P6, STM32C031G4U3, STM32C031G4U6, STM32C031G6U3, STM32C031G6U6, STM32C031K4T3, STM32C031K4T6, STM32C031K4U3, STM32C031K4U6, STM32C031K6T3, STM32C031K6T6, STM32C031K6U3, STM32C031K6U6, STM32C051C6T6, STM32C051C6U6, STM32C051C8T6, STM32C051C8U6, STM32C051D8Y6TR, STM32C051F6P6, STM32C051F8P6, STM32C051G6U6, STM32C051G8U6, STM32C051K6T6, STM32C051K6U6, STM32C051K8T6, STM32C071C8T6, STM32C071C8T6N, STM32C071C8U6, STM32C071C8U6N, STM32C071CBT6, STM32C071CBT6N, STM32C071CBU6, STM32C071CBU6N, STM32C071F8P6, STM32C071F8P6N, STM32C071FBP6, STM32C071FBP6N, STM32C071FBY6TR, STM32C071G8U6, STM32C071G8U6N, STM32C071GBU6, STM32C071GBU6N, STM32C071K8T6, STM32C071K8T6N, STM32C071K8U6, STM32C071K8U6N, STM32C071KBT6, STM32C071KBT6N, STM32C071KBU6, STM32C071KBU6N, STM32C071R8T6, STM32C071R8T6N, STM32C071RBI6N, STM32C071RBT6, STM32C071RBT6N, STM32C091CBT6, STM32C091CBU6, STM32C091CCT6, STM32C091CCU6, STM32C091ECY6TR, STM32C091FBP6, STM32C091FCP6, STM32C091GBU6, STM32C091GCU6, STM32C091KBT6, STM32C091KBU6, STM32C091KCT6, STM32C091KCU6, STM32C091RBT6, STM32C091RCI6, STM32C091RCT6, STM32C092CBT6, STM32C092CBU6, STM32C092CCT6, STM32C092CCU6, STM32C092ECY6TR, STM32C092FBP6, STM32C092FCP6, STM32C092GBU6, STM32C092GCU6, STM32C092KBT6, STM32C092KBU6, STM32C092KCT6, STM32C092KCU6, STM32C092RBT6, STM32C092RCI6, STM32C092RCT6, STM32G071K8TXN, STM32G071K8UXN, STM32G081GBU6N, STM32G081KBT6N, STM32G081KBUXN, STM32G0B1CCT6N, STM32G0B1KCT6, STM32G0B1NEY6TR, STM32G0B1RCT6N, STM32G0C1CCT6, STM32G0C1CCT6N, STM32G0C1CCU6N, STM32G0C1CET6N, STM32G0C1CEU6N, STM32G0C1KCT6, STM32G0C1NEY6TR, STM32G0C1RCI6N, STM32G0C1RCT6N, STM32G0C1REI6N, STM32G0C1RET6N, STM32G0C1VCI6, STM32G0C1VEI6, STM32G411C6T3, STM32G411C6T6, STM32G411C6U3, STM32G411C6U6, STM32G411C8T3, STM32G411C8T6, STM32G411C8U3, STM32G411C8U6, STM32G411CBT3, STM32G411CBT6, STM32G411CBU3, STM32G411CBU6, STM32G411K6T3, STM32G411K6T6, STM32G411K6U3, STM32G411K6U6, STM32G411K8T3, STM32G411K8T6, STM32G411K8U3, STM32G411K8U6, STM32G411KBT3, STM32G411KBT6, STM32G411KBU3, STM32G411KBU6, STM32G411M6T3, STM32G411M6T6, STM32G411M8T3, STM32G411M8T6, STM32G411MBT3, STM32G411MBT6, STM32G411R6T3, STM32G411R6T6, STM32G411R8T3, STM32G411R8T6, STM32G411RBT3, STM32G411RBT6, STM32G414CBT3, STM32G414CBT6, STM32G414CBU3, STM32G414CBU6, STM32G414CCT3, STM32G414CCT6, STM32G414CCU3, STM32G414CCU6, STM32G414MBT3, STM32G414MBT6, STM32G414MCT3, STM32G414MCT6, STM32G414RBT3, STM32G414RBT6, STM32G414RCT3, STM32G414RCT6, STM32G414VBT3, STM32G414VBT6, STM32G414VCT3, STM32G414VCT6, STM32G431CBT3Z, STM32G431RBT3Z, STM32G471CCT6, STM32G471CCU6, STM32G471CET3, STM32G471CET6, STM32G471CEU3, STM32G471CEU6, STM32G471MCT6, STM32G471MET3, STM32G471MET6, STM32G471MEY6TR, STM32G471QCT6, STM32G471QET3, STM32G471RCT6, STM32G471RET3, STM32G471RET6, STM32G471VCH6, STM32G471VCI6, STM32G471VCT6, STM32G471VEH3, STM32G471VEH6, STM32G471VEI3, STM32G471VEI6, STM32G471VET3, STM32G471VET6, STM32G473QET3Z, STM32G473RET3Z, STM32G474CCT6, STM32G491RET3Z, STM32H503CBT6, STM32H503CBU6, STM32H503EBY6TR, STM32H503KBU6, STM32H503RBT6, STM32H523CCT6, STM32H523CCU6, STM32H523CET6, STM32H523CEU6, STM32H523HEY6TR, STM32H523RCT6, STM32H523RET6, STM32H523VCI6, STM32H523VCT6, STM32H523VEI6, STM32H523VET6, STM32H523ZCJ6, STM32H523ZCT6, STM32H523ZEJ6, STM32H523ZET6, STM32H533CET6, STM32H533CEU6, STM32H533HEY6TR, STM32H533RET6, STM32H533VEI6, STM32H533VET6, STM32H533ZEJ6, STM32H533ZET6, STM32H562AGI6, STM32H562AII6, STM32H562IGK6, STM32H562IGT6, STM32H562IIK6, STM32H562IIT6, STM32H562RGT6, STM32H562RGV6, STM32H562RIT6, STM32H562RIV6, STM32H562VGT6, STM32H562VIT6, STM32H562ZGT6, STM32H562ZIT6, STM32H563AGI6, STM32H563AII3Q, STM32H563AII6, STM32H563IGK6, STM32H563IGT6, STM32H563IIK3Q, STM32H563IIK6, STM32H563IIT3Q, STM32H563IIT6, STM32H563MIY3QTR, STM32H563RGT6, STM32H563RGV6, STM32H563RIT6, STM32H563RIV6, STM32H563VGT6, STM32H563VIT3Q, STM32H563VIT6, STM32H563ZGT6, STM32H563ZIT3Q, STM32H563ZIT6, STM32H573AII3Q, STM32H573AII6, STM32H573I-DK, STM32H573IIK3Q, STM32H573IIK6, STM32H573IIT3Q, STM32H573IIT6, STM32H573MIY3QTR, STM32H573RIT6, STM32H573RIV6, STM32H573VIT3Q, STM32H573VIT6, STM32H573ZIT3Q, STM32H573ZIT6, STM32H7R3A8I6, STM32H7R3I8K6, STM32H7R3I8T6, STM32H7R3L8H6, STM32H7R3L8H6H, STM32H7R3R8V6, STM32H7R3V8H6, STM32H7R3V8T6, STM32H7R3V8Y6TR, STM32H7R3Z8J6, STM32H7R3Z8T6, STM32H7R7A8I6, STM32H7R7I8K6, STM32H7R7I8T6, STM32H7R7L8H6, STM32H7R7L8H6H, STM32H7R7Z8J6, STM32H7S3A8I6, STM32H7S3I8K6, STM32H7S3I8T6, STM32H7S3L8H6, STM32H7S3L8H6H, STM32H7S3R8V6, STM32H7S3V8H6, STM32H7S3V8T6, STM32H7S3V8Y6TR, STM32H7S3Z8J6, STM32H7S3Z8T6, STM32H7S78-DK, STM32H7S7A8I6, STM32H7S7I8K6, STM32H7S7I8T6, STM32H7S7L8H6, STM32H7S7L8H6H, STM32H7S7Z8J6, STM32L4R5QGI6STR, STM32MP131AAE3, STM32MP131AAF3, STM32MP131AAG3, STM32MP131CAE3, STM32MP131CAF3, STM32MP131CAG3, STM32MP131DAE7, STM32MP131DAF7, STM32MP131DAG7, STM32MP131FAE7, STM32MP131FAF7, STM32MP131FAG7, STM32MP133AAE3, STM32MP133AAF3, STM32MP133AAG3, STM32MP133CAE3, STM32MP133CAF3, STM32MP133CAG3, STM32MP133DAE7, STM32MP133DAF7, STM32MP133DAG7, STM32MP133FAE7, STM32MP133FAF7, STM32MP133FAG7, STM32MP135AAE3, STM32MP135AAF3, STM32MP135AAG3, STM32MP135CAE3, STM32MP135CAF3, STM32MP135CAG3, STM32MP135DAE7, STM32MP135DAF7, STM32MP135DAG7, STM32MP135F-DK, STM32MP135FAE7, STM32MP135FAF7, STM32MP135FAF7T, STM32MP135FAF7U, STM32MP135FAG7, STM32MP211AAL3, STM32MP211AAM3, STM32MP211AAN3, STM32MP211AAO3, STM32MP211CAL3, STM32MP211CAM3, STM32MP211CAN3, STM32MP211CAO3, STM32MP211DAL3, STM32MP211DAM3, STM32MP211DAN3, STM32MP211DAO3, STM32MP211FAL3, STM32MP211FAM3, STM32MP211FAN3, STM32MP211FAO3, STM32MP213AAL3, STM32MP213AAM3, STM32MP213AAN3, STM32MP213AAO3, STM32MP213CAL3, STM32MP213CAM3, STM32MP213CAN3, STM32MP213CAO3, STM32MP213DAL3, STM32MP213DAM3, STM32MP213DAN3, STM32MP213DAO3, STM32MP213FAL3, STM32MP213FAM3, STM32MP213FAN3, STM32MP213FAO3, STM32MP215AAL3, STM32MP215AAM3, STM32MP215AAN3, STM32MP215AAO3, STM32MP215CAL3, STM32MP215CAM3, STM32MP215CAN3, STM32MP215CAO3, STM32MP215DAL3, STM32MP215DAM3, STM32MP215DAN3, STM32MP215DAO3, STM32MP215F-DK, STM32MP215FAL3, STM32MP215FAM3, STM32MP215FAN3, STM32MP215FAO3, STM32MP231AAJ3, STM32MP231AAK3, STM32MP231AAL3, STM32MP231CAJ3, STM32MP231CAK3, STM32MP231CAL3, STM32MP231DAJ3, STM32MP231DAK3, STM32MP231DAL3, STM32MP231FAJ3, STM32MP231FAK3, STM32MP231FAL3, STM32MP233AAJ3, STM32MP233AAK3, STM32MP233AAL3, STM32MP233CAJ3, STM32MP233CAK3, STM32MP233CAL3, STM32MP233DAJ3, STM32MP233DAK3, STM32MP233DAL3, STM32MP233FAJ3, STM32MP233FAK3, STM32MP233FAL3, STM32MP235AAJ3, STM32MP235AAK3, STM32MP235AAL3, STM32MP235CAJ3, STM32MP235CAK3, STM32MP235CAL3, STM32MP235DAJ3, STM32MP235DAK3, STM32MP235DAL3, STM32MP235FAJ3, STM32MP235FAK3, STM32MP235FAL3, STM32MP251AAI3, STM32MP251AAK3, STM32MP251AAL3, STM32MP251CAI3, STM32MP251CAK3, STM32MP251CAL3, STM32MP251DAI3, STM32MP251DAK3, STM32MP251DAL3, STM32MP251FAI3, STM32MP251FAK3, STM32MP251FAL3, STM32MP253AAI3, STM32MP253AAK3, STM32MP253AAL3, STM32MP253CAI3, STM32MP253CAK3, STM32MP253CAL3, STM32MP253DAI3, STM32MP253DAK3, STM32MP253DAL3, STM32MP253FAI3, STM32MP253FAK3, STM32MP253FAL3, STM32MP255AAI3, STM32MP255AAK3, STM32MP255AAL3, STM32MP255CAI3, STM32MP255CAK3, STM32MP255CAL3, STM32MP255DAI3, STM32MP255DAK3, STM32MP255DAL3, STM32MP255FAI3, STM32MP255FAK3, STM32MP255FAL3, STM32MP257AAI3, STM32MP257AAK3, STM32MP257AAL3, STM32MP257CAI3, STM32MP257CAK3, STM32MP257CAL3, STM32MP257DAI3, STM32MP257DAK3, STM32MP257DAL3, STM32MP257F-DK, STM32MP257F-EV1, STM32MP257FAI3, STM32MP257FAK3, STM32MP257FAL3, STM32N645A0H3Q, STM32N645B0H3Q, STM32N645I0H3Q, STM32N645L0H3Q, STM32N645X0H3Q, STM32N645Z0H3Q, STM32N647A0H3Q, STM32N647B0H3Q, STM32N647I0H3Q, STM32N647L0H3Q, STM32N647X0H3Q, STM32N647Z0H3Q, STM32N655A0H3Q, STM32N655B0H3Q, STM32N655I0H3Q, STM32N655L0H3Q, STM32N655X0H3Q, STM32N655Z0H3Q, STM32N6570-DK, STM32N657A0H3Q, STM32N657B0H3Q, STM32N657I0H3Q, STM32N657L0H3Q, STM32N657X0H3Q, STM32N657Z0H3Q, STM32U031C6T6, STM32U031C6U6, STM32U031C8T6, STM32U031C8U6, STM32U031F4P6, STM32U031F6P6, STM32U031F8P6, STM32U031G6Y6TR, STM32U031G8Y6TR, STM32U031K4U6, STM32U031K6U6, STM32U031K8U6, STM32U031R6I6, STM32U031R6T6, STM32U031R8I6, STM32U031R8T6, STM32U073C8T6, STM32U073C8U6, STM32U073CBT6, STM32U073CBU6, STM32U073CCT6, STM32U073CCU6, STM32U073H8Y6TR, STM32U073HBY6TR, STM32U073HCY6TR, STM32U073K8U6, STM32U073KBU6, STM32U073KCU6, STM32U073M8I6, STM32U073M8T6, STM32U073MBI6, STM32U073MBT6, STM32U073MCI6, STM32U073MCT6, STM32U073R8I6, STM32U073R8T6, STM32U073RBI6, STM32U073RBT6, STM32U073RCI6, STM32U073RCT6, STM32U083C-DK, STM32U083CCT6, STM32U083CCU6, STM32U083HCY6TR, STM32U083KCU6, STM32U083MCI6, STM32U083MCT6, STM32U083RCI6, STM32U083RCT6, STM32U375CET6, STM32U375CET6Q, STM32U375CEU6, STM32U375CEU6Q, STM32U375CEY6QTR, STM32U375CGT6, STM32U375CGT6Q, STM32U375CGU6, STM32U375CGU6Q, STM32U375CGY6QTR, STM32U375KEU6, STM32U375KGU6, STM32U375REI6, STM32U375REI6Q, STM32U375RET6, STM32U375RET6Q, STM32U375REY6GTR, STM32U375REY6QTR, STM32U375RGI6, STM32U375RGI6Q, STM32U375RGT6, STM32U375RGT6Q, STM32U375RGY6GTR, STM32U375RGY6QTR, STM32U375VEI6, STM32U375VEI6Q, STM32U375VET6, STM32U375VET6Q, STM32U375VGI6, STM32U375VGI6Q, STM32U375VGT6, STM32U375VGT6Q, STM32U385CGT6, STM32U385CGT6Q, STM32U385CGU6, STM32U385CGU6Q, STM32U385CGY6QTR, STM32U385KGU6, STM32U385RGI6, STM32U385RGI6Q, STM32U385RGT6, STM32U385RGT6Q, STM32U385RGY6GTR, STM32U385RGY6QTR, STM32U385VGI6, STM32U385VGI6Q, STM32U385VGT6, STM32U385VGT6Q, STM32U535CBT6, STM32U535CBT6Q, STM32U535CBU6, STM32U535CBU6Q, STM32U535CCT6, STM32U535CCT6Q, STM32U535CCU6, STM32U535CCU6Q, STM32U535CET6, STM32U535CET6Q, STM32U535CEU6, STM32U535CEU6Q, STM32U535JEY6QTR, STM32U535NCY6QTR, STM32U535NEY6QTR, STM32U535RBI6, STM32U535RBI6Q, STM32U535RBT6, STM32U535RBT6Q, STM32U535RCI6, STM32U535RCI6Q, STM32U535RCT6, STM32U535RCT6Q, STM32U535REI6, STM32U535REI6Q, STM32U535RET6, STM32U535RET6Q, STM32U535VCI6, STM32U535VCI6Q, STM32U535VCT6, STM32U535VCT6Q, STM32U535VEI6, STM32U535VEI6Q, STM32U535VET6, STM32U535VET6Q, STM32U545CET6, STM32U545CET6Q, STM32U545CEU6, STM32U545CEU6Q, STM32U545JEY6QTR, STM32U545NEY6QTR, STM32U545REI6, STM32U545REI6Q, STM32U545RET6, STM32U545RET6Q, STM32U545VEI6, STM32U545VEI6Q, STM32U545VET6, STM32U545VET6Q, STM32U595AIH6, STM32U595AIH6Q, STM32U595AJH6, STM32U595AJH6Q, STM32U595QII6, STM32U595QII6Q, STM32U595QJI6, STM32U595QJI6Q, STM32U595RIT6, STM32U595RIT6Q, STM32U595RJT6, STM32U595RJT6Q, STM32U595VIT6, STM32U595VIT6Q, STM32U595VJT6, STM32U595VJT6Q, STM32U595ZIT6, STM32U595ZIT6Q, STM32U595ZIY6QTR, STM32U595ZJT6, STM32U595ZJT6Q, STM32U595ZJY6QTR, STM32U599BJY6QTR, STM32U599NIH6Q, STM32U599NJH6Q, STM32U599VIT6Q, STM32U599VJT6, STM32U599VJT6Q, STM32U599ZIT6Q, STM32U599ZIY6QTR, STM32U599ZJT6Q, STM32U599ZJY6QTR, STM32U5A5AJH6, STM32U5A5AJH6Q, STM32U5A5QII3Q , STM32U5A5QJI6, STM32U5A5QJI6Q, STM32U5A5RJT6, STM32U5A5RJT6Q, STM32U5A5VJT6, STM32U5A5VJT6Q, STM32U5A5ZJT6, STM32U5A5ZJT6Q, STM32U5A5ZJY6QTR, STM32U5A9BJY6QTR, STM32U5A9J-DK, STM32U5A9NJH6Q, STM32U5A9VJT6Q, STM32U5A9ZJT6Q, STM32U5A9ZJY6QTR, STM32U5F7VIT6, STM32U5F7VIT6Q, STM32U5F7VJT6, STM32U5F7VJT6Q, STM32U5F9BJY6QTR, STM32U5F9NJH6Q, STM32U5F9VIT6Q, STM32U5F9VJT6Q, STM32U5F9ZIJ6QTR, STM32U5F9ZIT6Q, STM32U5F9ZJJ6QTR, STM32U5F9ZJT6Q, STM32U5G7VJT6, STM32U5G7VJT6Q, STM32U5G9BJY6QTR, STM32U5G9J-DK1, STM32U5G9J-DK2, STM32U5G9NJH6Q, STM32U5G9VJT6Q, STM32U5G9ZJJ6QTR, STM32U5G9ZJT6Q, STM32WB05KZV6TR, STM32WB05KZV7TR, STM32WB05TZF6TR, STM32WB05TZF7TR, STM32WB06CCF6TR, STM32WB06CCF7TR, STM32WB06CCV6TR, STM32WB06CCV7TR, STM32WB06KCV6TR, STM32WB06KCV7TR, STM32WB07CCF6TR, STM32WB07CCF7TR, STM32WB07CCV6TR, STM32WB07CCV7TR, STM32WB07KCV6TR, STM32WB07KCV7TR, STM32WB09KEV6TR, STM32WB09KEV7TR, STM32WB09TEF6TR, STM32WB09TEF7TR, STM32WB1MMCH6, STM32WBA50KGU6, STM32WBA50KGU6TR, STM32WBA52CEU6, STM32WBA52CEU6TR, STM32WBA52CEU7, STM32WBA52CEU7TR, STM32WBA52CGU6, STM32WBA52CGU6TR, STM32WBA52CGU6U, STM32WBA52CGU7, STM32WBA52CGU7TR, STM32WBA52KEU6, STM32WBA52KEU6TR, STM32WBA52KGU6, STM32WBA52KGU6TR, STM32WBA54CEU6, STM32WBA54CEU6TR, STM32WBA54CEU7, STM32WBA54CEU7TR, STM32WBA54CGU6, STM32WBA54CGU6TR, STM32WBA54CGU7, STM32WBA54CGU7TR, STM32WBA54KEU6, STM32WBA54KEU6TR, STM32WBA54KEU7, STM32WBA54KEU7TR, STM32WBA54KGU6, STM32WBA54KGU6TR, STM32WBA54KGU7, STM32WBA54KGU7TR, STM32WBA55CEU6, STM32WBA55CEU6TR, STM32WBA55CEU7, STM32WBA55CEU7TR, STM32WBA55CGU6, STM32WBA55CGU6TR, STM32WBA55CGU6U, STM32WBA55CGU7, STM32WBA55CGU7TR, STM32WBA55G-DK1, STM32WBA55HEF6, STM32WBA55HEF7, STM32WBA55HGF6, STM32WBA55HGF7, STM32WBA55UEI6, STM32WBA55UEI6TR, STM32WBA55UEI7, STM32WBA55UEI7TR, STM32WBA55UGI6, STM32WBA55UGI6TR, STM32WBA55UGI7, STM32WBA55UGI7TR, STM32WBA5MMGH6TR, STM32WBA62MGF6, STM32WBA62MIF6, STM32WBA65MGF7, STM32WBA65MIF6, STM32WBA65MIF7, STM32WL30K8V6, STM32WL30KBV6, STM32WL31C8V6, STM32WL31CBV6, STM32WL31K8V6, STM32WL31KBV6, STM32WL33C8V6, STM32WL33C8V6X, STM32WL33CBV6, STM32WL33CBV6X, STM32WL33CCV6, STM32WL33CCV6A, STM32WL33CCV6X, STM32WL33K8V7, STM32WL33K8V7X, STM32WL33KBV7 , STM32WL33KBV7X, STM32WL33KCV7, STM32WL33KCV7X, STM32WL5MOCH6, STM32WL5MOCH6TR]
2026-06-12 15:54:22,904 [INFO] BoardInfo:889 - No configuration file found for board NUCLEO-H5E5ZJ
2026-06-12 15:54:22,905 [INFO] DbBoards:161 - Board is not supported: NUCLEO-H5E5ZJ
2026-06-12 15:54:22,990 [INFO] BoardInfo:889 - No configuration file found for board NUCLEO-U3C5ZI-Q
2026-06-12 15:54:22,992 [INFO] DbBoards:161 - Board is not supported: NUCLEO-U3C5ZI-Q
2026-06-12 15:54:23,015 [INFO] BoardInfo:889 - No configuration file found for board NUCLEO-WBA25CE1
2026-06-12 15:54:23,016 [INFO] DbBoards:161 - Board is not supported: NUCLEO-WBA25CE1
2026-06-12 15:54:23,031 [INFO] BoardInfo:889 - No configuration file found for board NUCLEO-WL3RKB1
2026-06-12 15:54:23,032 [INFO] DbBoards:161 - Board is not supported: NUCLEO-WL3RKB1
2026-06-12 15:54:23,034 [INFO] BoardInfo:889 - No configuration file found for board NUCLEO-WL3RKB2
2026-06-12 15:54:23,035 [INFO] DbBoards:161 - Board is not supported: NUCLEO-WL3RKB2
2026-06-12 15:54:23,049 [INFO] BoardInfo:889 - No configuration file found for board P-NUCLEO-WB55
2026-06-12 15:54:23,051 [INFO] DbBoards:161 - Kit is not supported: P-NUCLEO-WB55
2026-06-12 15:54:23,060 [INFO] BoardInfo:889 - No configuration file found for board STEVAL-BFA001V1B
2026-06-12 15:54:23,062 [INFO] DbBoards:161 - Kit is not supported: STEVAL-BFA001V1B
2026-06-12 15:54:23,064 [INFO] BoardInfo:889 - No configuration file found for board STEVAL-BFA001V2B
2026-06-12 15:54:23,065 [INFO] DbBoards:161 - Kit is not supported: STEVAL-BFA001V2B
2026-06-12 15:54:23,225 [INFO] BoardInfo:889 - No configuration file found for board STM32H5F5J-DK
2026-06-12 15:54:23,228 [INFO] DbBoards:161 - Board is not supported: STM32H5F5J-DK
2026-06-12 15:54:23,355 [INFO] DbBoards:168 - Found 218 boards, 209 are supported
2026-06-12 15:54:23,355 [INFO] DbBoards:169 - Found 218 boards, 43 of them is supported for  Bsp
2026-06-12 15:54:23,360 [INFO] ApiDb:423 - Load user favorites file C:\Users\Usuario/.stm32cubeide/favorites.boards.txt: 0 item(s)
2026-06-12 15:54:23,360 [INFO] ApiDb:427 - User favorites Boards=[]
2026-06-12 15:54:23,360 [INFO] DbBoards:198 - Set 0 / 0 favorites Boards
2026-06-12 15:54:23,398 [INFO] LoadUrlFilesThread:185 - End of LoadServerUrlFiles without Thread
2026-06-12 15:54:23,399 [INFO] TargetSelectorAdapter:259 - Refresh data is successful
2026-06-12 15:54:23,403 [INFO] ApiDb:668 - CubeFinder database Data Model version=2.1
2026-06-12 15:54:23,403 [INFO] ApiDb:669 - CubeFinder database Configuration version=3.0.42
2026-06-12 15:54:23,404 [INFO] ApiDb:670 - CubeFinder database generation date=2026-05-14 (1778746352)
2026-06-12 15:54:23,404 [INFO] ApiDb:671 - CubeFinder database FW Pack versions=[FP-ATR-ASTRA1_V2.0.0, FP-SNS-FLIGHT1_V5.1.0, FP-SNS-MOTENV1_V5.1.0, FP-SNS-MOTENVWB1_V1.5.0, FP-SNS-SMARTAG2_V1.2.0, FP-SNS-STBOX1_V2.1.0, STM32Cube_FW_C0_V1.4.0, STM32Cube_FW_F4_V1.28.3, STM32Cube_FW_F7_V1.17.4, STM32Cube_FW_G0_V1.6.3, STM32Cube_FW_G4_V1.6.2, STM32Cube_FW_H5_V1.6.0, STM32Cube_FW_H7RS_V1.3.0, STM32Cube_FW_H7_V1.13.0, STM32Cube_FW_L0_V1.12.2, STM32Cube_FW_L4_V1.18.2, STM32Cube_FW_L5_V1.6.0, STM32Cube_FW_N6_V1.3.0, STM32Cube_FW_U0_V1.3.0, STM32Cube_FW_U3_V1.3.0, STM32Cube_FW_U5_V1.8.0, STM32Cube_FW_WB0_V1.4.0, STM32Cube_FW_WBA_V1.9.0, STM32Cube_FW_WB_V1.24.0, STM32Cube_FW_WL3_V1.4.0, STM32Cube_FW_WL_V1.5.0, X-CUBE-ALGOBUILD_V1.4.0, X-CUBE-ALS_V1.0.2, X-CUBE-AZRTOS-F4_V1.1.0, X-CUBE-AZRTOS-F7_V1.1.0, X-CUBE-AZRTOS-G0_V1.1.0, X-CUBE-AZRTOS-G4_V2.0.0, X-CUBE-AZRTOS-H7RS_V1.1.0, X-CUBE-AZRTOS-H7_V3.5.0, X-CUBE-AZRTOS-L4_V2.0.0, X-CUBE-AZRTOS-L5_V2.0.0, X-CUBE-AZRTOS-WB_V2.0.0, X-CUBE-AZRTOS-WL_V2.0.0, X-CUBE-BLE1_V7.1.0, X-CUBE-BLE2_V3.3.0, X-CUBE-BLEMGR_V4.1.0, X-CUBE-EEPRMA1_V5.2.0, X-CUBE-FREERTOS_V1.5.0, X-CUBE-GNSS1_V7.1.1, X-CUBE-MEMS1_V12.1.0, X-CUBE-NFC4_V3.0.0, X-CUBE-NFC7_V2.0.0, X-CUBE-SFXS2LP1_V4.0.0, X-CUBE-ST67W61_V1.3.0, X-CUBE-SUBG2_V5.0.0, X-CUBE-TOF1_V3.4.3]
2026-06-12 15:54:24,073 [ERROR] DbExamplesSqlite:437 - Missing JSON key: board_cpn
2026-06-12 15:54:24,074 [ERROR] DbExamplesSqlite:437 - Missing JSON key: board_cpn
2026-06-12 15:54:24,074 [ERROR] DbExamplesSqlite:437 - Missing JSON key: board_cpn
2026-06-12 15:54:24,074 [ERROR] DbExamplesSqlite:437 - Missing JSON key: board_cpn
2026-06-12 15:54:24,478 [ERROR] DbExamplesSqlite:437 - Missing JSON key: board_cpn
2026-06-12 15:54:24,480 [ERROR] DbExamplesSqlite:437 - Missing JSON key: board_cpn
2026-06-12 15:54:24,549 [INFO] DbExamplesSqlite:395 - Ignored 39 examples not supported by CubeIDE
2026-06-12 15:54:24,550 [INFO] DbExamplesSqlite:396 - Found 11215 examples active
2026-06-12 15:54:24,550 [INFO] DbExamplesSqlite:397 - Found 0 examples obsolete
2026-06-12 15:54:24,551 [INFO] DbExamplesSqlite:398 - Found 0 examples under development
2026-06-12 15:54:24,551 [INFO] DbExamplesSqlite:399 - Found 76 examples not building
2026-06-12 15:54:24,555 [INFO] DbExamples:125 - Found 11252 examples
2026-06-12 15:54:24,685 [ERROR] DbExamples:208 - Found 381 examples with invalid data (board or MCU)
2026-06-12 15:54:24,686 [INFO] DbExamples:222 - Found 140 boards with related examples
2026-06-12 15:54:24,688 [INFO] DbExamples:235 - Found 114 MCUs with related examples
2026-06-12 15:54:24,718 [INFO] ApiDb:414 - User favorites file not found: C:\Users\Usuario/.stm32cubeide/favorites.examples.txt
2026-06-12 15:54:24,719 [INFO] DbExamples:250 - Set 0 / 0 favorites Examples
2026-06-12 15:54:24,897 [INFO] McuFinderGlobals:76 - Set McuFinderConnectedMode to true
2026-06-12 15:54:24,922 [INFO] MultiScanPanel:200 - Auto-refresh data requested => check proxy status ongoing
2026-06-12 15:54:24,932 [INFO] FinderPluginLoader:96 - Searching for filters in installed packs
2026-06-12 15:54:27,224 [INFO] LoadUrlFilesThread:185 - End of LoadServerUrlFiles without Thread
2026-06-12 15:54:27,258 [INFO] DetailPanel:341 - Set advertising image to C:/Users/Usuario/STM32Cube/Repository/\en.prom-stm32wl3r-0526.jpg
2026-06-12 15:54:59,449 [INFO] MainUpdater:2872 - connection check result : 10
2026-06-12 15:54:59,449 [INFO] MainUpdater:2872 - connection check result : 10
2026-06-12 15:54:59,626 [INFO] MicroXplorer:468 - Change Database Path : 
2026-06-12 15:54:59,626 [INFO] MicroXplorer:498 - Change Database Version : DB.6.0.150
2026-06-12 15:54:59,676 [ERROR] ProjectManagerView:395 - 
java.lang.NullPointerException: Cannot invoke "javax.swing.JTextField.getText()" because the return value of "java.util.List.get(int)" is null
	at com.st.microxplorer.plugins.projectmanager.gui.ProjectChoiceTab$9.caretUpdate(ProjectChoiceTab.java:2706) ~[filemanager.jar:?]
	at javax.swing.text.JTextComponent.fireCaretUpdate(JTextComponent.java:408) ~[?:?]
	at javax.swing.text.JTextComponent$MutableCaretEvent.fire(JTextComponent.java:4484) ~[?:?]
	at javax.swing.text.JTextComponent$MutableCaretEvent.stateChanged(JTextComponent.java:4506) ~[?:?]
	at javax.swing.text.DefaultCaret.fireStateChanged(DefaultCaret.java:857) ~[?:?]
	at javax.swing.text.DefaultCaret.changeCaretPosition(DefaultCaret.java:1343) ~[?:?]
	at javax.swing.text.DefaultCaret.handleSetDot(DefaultCaret.java:1242) ~[?:?]
	at javax.swing.text.DefaultCaret.setDot(DefaultCaret.java:1223) ~[?:?]
	at javax.swing.text.DefaultCaret$Handler.insertUpdate(DefaultCaret.java:1819) ~[?:?]
	at javax.swing.text.AbstractDocument.fireInsertUpdate(AbstractDocument.java:227) ~[?:?]
	at javax.swing.text.AbstractDocument.handleInsertString(AbstractDocument.java:781) ~[?:?]
	at javax.swing.text.AbstractDocument.insertString(AbstractDocument.java:740) ~[?:?]
	at javax.swing.text.PlainDocument.insertString(PlainDocument.java:131) ~[?:?]
	at javax.swing.text.AbstractDocument.replace(AbstractDocument.java:699) ~[?:?]
	at javax.swing.text.JTextComponent.setText(JTextComponent.java:1725) ~[?:?]
	at com.st.microxplorer.plugins.projectmanager.gui.ProjectChoiceTab.createHeapStackFields(ProjectChoiceTab.java:993) ~[filemanager.jar:?]
	at com.st.microxplorer.plugins.projectmanager.gui.ProjectChoiceTab.buildLinkSettingsPanel(ProjectChoiceTab.java:3813) ~[filemanager.jar:?]
	at com.st.microxplorer.plugins.projectmanager.gui.ProjectChoiceTab.defineWindowsFields(ProjectChoiceTab.java:1987) ~[filemanager.jar:?]
	at com.st.microxplorer.plugins.projectmanager.gui.ProjectChoiceTab.updateSettings(ProjectChoiceTab.java:558) ~[filemanager.jar:?]
	at com.st.microxplorer.plugins.projectmanager.gui.ProjectSettingsPanel.UpdateDialog(ProjectSettingsPanel.java:247) ~[filemanager.jar:?]
	at com.st.microxplorer.plugins.projectmanager.ProjectManagerView.propertyChange(ProjectManagerView.java:392) ~[filemanager.jar:?]
	at java.beans.PropertyChangeSupport.fire(PropertyChangeSupport.java:343) ~[?:?]
	at java.beans.PropertyChangeSupport.firePropertyChange(PropertyChangeSupport.java:335) ~[?:?]
	at java.beans.PropertyChangeSupport.firePropertyChange(PropertyChangeSupport.java:268) ~[?:?]
	at com.st.microxplorer.util.MXPropertyChangeSupport.firePropertyChange(MXPropertyChangeSupport.java:54) ~[STM32CubeMX.jar:?]
	at com.st.microxplorer.mxsystem.MxSystem.closeConfig(MxSystem.java:899) ~[STM32CubeMX.jar:?]
	at com.st.microxplorer.maingui.MainPanel.closeConfig(MainPanel.java:792) ~[STM32CubeMX.jar:?]
	at com.st.microxplorer.plugins.filemanager.engine.OpenFileManager.loadConfigurationFile(OpenFileManager.java:288) ~[filemanager.jar:?]
	at com.st.microxplorer.plugins.filemanager.engine.MainFileManager.userLoadConfig(MainFileManager.java:364) ~[filemanager.jar:?]
	at com.st.microxplorer.plugins.filemanager.engine.MainFileManager.userLoadConfig(MainFileManager.java:342) ~[filemanager.jar:?]
	at com.st.microxplorer.plugins.filemanager.FileManagerView.getSpecificTask(FileManagerView.java:264) ~[filemanager.jar:?]
	at com.st.stm32cube.common.mx.editor.CubeMxEditor.getMxTabbedPaneInstance(CubeMxEditor.java:1198) ~[com.st.stm32cube.common.mx_6.15.0.202507011659/:?]
	at com.st.stm32cube.common.mx.editor.CubeMxEditor$12$1.createSwingComponent(CubeMxEditor.java:1068) ~[com.st.stm32cube.common.mx_6.15.0.202507011659/:?]
	at com.st.stm32cube.common.mx.oss.core.awtswtbridge.EmbeddedSwingComposite.doComponentCreation(EmbeddedSwingComposite.java:492) ~[com.st.stm32cube.common.mx.oss_6.15.0.202507011659/:?]
	at com.st.stm32cube.common.mx.oss.core.awtswtbridge.EmbeddedSwingComposite$4.run(EmbeddedSwingComposite.java:291) ~[com.st.stm32cube.common.mx.oss_6.15.0.202507011659/:?]
	at com.st.stm32cube.common.mx.oss.core.awtswtbridge.AwtEnvironment$2.run(AwtEnvironment.java:166) ~[com.st.stm32cube.common.mx.oss_6.15.0.202507011659/:?]
	at java.awt.event.InvocationEvent.dispatch(InvocationEvent.java:318) ~[?:?]
	at java.awt.EventQueue.dispatchEventImpl(EventQueue.java:773) ~[?:?]
	at java.awt.EventQueue$4.run(EventQueue.java:720) ~[?:?]
	at java.awt.EventQueue$4.run(EventQueue.java:714) ~[?:?]
	at java.security.AccessController.doPrivileged(AccessController.java:400) ~[?:?]
	at java.security.ProtectionDomain$JavaSecurityAccessImpl.doIntersectionPrivilege(ProtectionDomain.java:87) ~[?:?]
	at java.awt.EventQueue.dispatchEvent(EventQueue.java:742) ~[?:?]
	at java.awt.EventDispatchThread.pumpOneEventForFilters(EventDispatchThread.java:203) ~[?:?]
	at java.awt.EventDispatchThread.pumpEventsForFilter(EventDispatchThread.java:124) ~[?:?]
	at java.awt.EventDispatchThread.pumpEventsForHierarchy(EventDispatchThread.java:113) ~[?:?]
	at java.awt.EventDispatchThread.pumpEvents(EventDispatchThread.java:109) ~[?:?]
	at java.awt.EventDispatchThread.pumpEvents(EventDispatchThread.java:101) ~[?:?]
	at java.awt.EventDispatchThread.run(EventDispatchThread.java:90) ~[?:?]
2026-06-12 15:54:59,680 [WARN] ThirdParty:871 - waiting for thirdparty lock release [close project]
2026-06-12 15:54:59,680 [INFO] ThirdParty:873 - entering critical section [close project]
2026-06-12 15:54:59,680 [INFO] ThirdParty:883 - exiting critical section [close project]
2026-06-12 15:54:59,683 [INFO] PinOutPanel:1589 - setPackage(No Configuration,No Configuration)
2026-06-12 15:54:59,688 [INFO] UtilMem:75 - Begin LoadConfig() Used Memory: 803186168 Bytes (1073741824)
2026-06-12 15:54:59,689 [INFO] MicroXplorer:468 - Change Database Path : 
2026-06-12 15:54:59,689 [INFO] MicroXplorer:498 - Change Database Version : DB.6.0.150
2026-06-12 15:54:59,689 [INFO] OpenFileManager:355 - Change cursor
2026-06-12 15:55:00,256 [INFO] Mcu:2029 - Initializing MCU STM32F103RCTx STM32F103RCTx STM32F103RCT6
2026-06-12 15:55:02,458 [INFO] Context:786 - Trying to add GPIOservice into a context  which must be forbidden
2026-06-12 15:55:02,922 [INFO] ImportTextPane:234 - (OptionalMessage_ERROR) Unable to find key (Mcu.ThirdPartyNb) in loaded IOC file
2026-06-12 15:55:02,922 [INFO] ImportTextPane:234 - (OptionalMessage_ERROR) Unable to find key (Mcu.PinsNb) in loaded IOC file
2026-06-12 15:55:02,923 [INFO] ImportTextPane:234 - (OptionalMessage_ERROR) Pin0 (VP_RIF_VS_RIF1) cannot be retrieved for this MCU
2026-06-12 15:55:02,923 [INFO] ImportTextPane:234 - (OptionalMessage_ERROR) Unable to find key (Mcu.IPNb) in loaded IOC file
2026-06-12 15:55:03,264 [INFO] RtosManager:558 - Registered RTOS mode: class=CMSIS, group=RTOS, mode=CMSIS_V1, owner=FREERTOS
2026-06-12 15:55:03,265 [INFO] RtosManager:558 - Registered RTOS mode: class=CMSIS, group=RTOS2, mode=CMSIS_V2, owner=FREERTOS
2026-06-12 15:55:03,265 [INFO] RtosManager:558 - Registered RTOS mode: class=RTOS, group=Core, mode=CMSIS_V1, owner=FREERTOS
2026-06-12 15:55:03,266 [INFO] RtosManager:558 - Registered RTOS mode: class=RTOS, group=Core, mode=CMSIS_V2, owner=FREERTOS
2026-06-12 15:55:03,266 [WARN] ModelIntegratedComponent:184 - Missing modes for component STMicroelectronics:FreeRTOS:0.0.1:STMicroelectronics:RTOS:FreeRTOS:Core:::10.2.0:
2026-06-12 15:55:03,281 [WARN] ModelIntegratedComponent:63 - No mode defined for component null
2026-06-12 15:55:03,281 [WARN] ModelIntegratedComponent:63 - No mode defined for component null
2026-06-12 15:55:03,281 [WARN] ModelIntegratedComponent:63 - No mode defined for component null
2026-06-12 15:55:03,282 [WARN] ModelIntegratedComponent:63 - No mode defined for component null
2026-06-12 15:55:03,282 [WARN] ModelIntegratedComponent:63 - No mode defined for component null
2026-06-12 15:55:03,282 [WARN] ModelIntegratedComponent:63 - No mode defined for component null
2026-06-12 15:55:03,282 [WARN] ModelIntegratedComponent:63 - No mode defined for component null
2026-06-12 15:55:03,282 [WARN] ModelIntegratedComponent:63 - No mode defined for component null
2026-06-12 15:55:03,282 [WARN] ModelIntegratedComponent:63 - No mode defined for component null
2026-06-12 15:55:03,282 [WARN] ModelIntegratedComponent:63 - No mode defined for component null
2026-06-12 15:55:03,282 [WARN] ModelIntegratedComponent:63 - No mode defined for component null
2026-06-12 15:55:03,282 [WARN] ModelIntegratedComponent:63 - No mode defined for component null
2026-06-12 15:55:03,282 [WARN] ModelIntegratedComponent:63 - No mode defined for component null
2026-06-12 15:55:03,282 [WARN] ModelIntegratedComponent:63 - No mode defined for component null
2026-06-12 15:55:03,282 [WARN] ModelIntegratedComponent:63 - No mode defined for component null
2026-06-12 15:55:03,282 [WARN] ModelIntegratedComponent:63 - No mode defined for component null
2026-06-12 15:55:03,282 [WARN] ModelIntegratedComponent:63 - No mode defined for component null
2026-06-12 15:55:03,283 [WARN] ModelIntegratedComponent:63 - No mode defined for component null
2026-06-12 15:55:03,283 [WARN] ModelIntegratedComponent:63 - No mode defined for component null
2026-06-12 15:55:03,283 [WARN] ModelIntegratedComponent:63 - No mode defined for component null
2026-06-12 15:55:03,283 [WARN] ModelIntegratedComponent:63 - No mode defined for component null
2026-06-12 15:55:03,283 [WARN] ModelIntegratedComponent:63 - No mode defined for component null
2026-06-12 15:55:03,283 [WARN] ModelIntegratedComponent:63 - No mode defined for component null
2026-06-12 15:55:03,283 [WARN] ModelIntegratedComponent:63 - No mode defined for component null
2026-06-12 15:55:03,283 [WARN] ModelIntegratedComponent:63 - No mode defined for component null
2026-06-12 15:55:03,283 [WARN] ModelIntegratedComponent:63 - No mode defined for component null
2026-06-12 15:55:03,283 [WARN] ModelIntegratedComponent:63 - No mode defined for component null
2026-06-12 15:55:03,283 [WARN] ModelIntegratedComponent:63 - No mode defined for component null
2026-06-12 15:55:03,283 [WARN] ModelIntegratedComponent:63 - No mode defined for component null
2026-06-12 15:55:03,283 [WARN] ModelIntegratedComponent:63 - No mode defined for component null
2026-06-12 15:55:03,283 [WARN] ModelIntegratedComponent:63 - No mode defined for component null
2026-06-12 15:55:03,283 [WARN] ModelIntegratedComponent:63 - No mode defined for component null
2026-06-12 15:55:03,283 [WARN] ModelIntegratedComponent:63 - No mode defined for component null
2026-06-12 15:55:03,283 [WARN] ModelIntegratedComponent:63 - No mode defined for component null
2026-06-12 15:55:03,283 [WARN] ModelIntegratedComponent:63 - No mode defined for component null
2026-06-12 15:55:03,283 [WARN] ModelPack:524 - Component already loaded: STMicroelectronics:HAL Drivers:0.0.0:STMicroelectronics:Device:STMicro_Driver:XSPI:HAL::0.0.1:HAL_XSPI
2026-06-12 15:55:03,449 [INFO] ThirdPartyModel:298 - Start build external matchings
2026-06-12 15:55:04,433 [INFO] ThirdPartyModel:316 - End build external matchings
2026-06-12 15:55:04,886 [INFO] UtilMem:75 - End LoadConfig() Used Memory: 875074832 Bytes (1073741824)
2026-06-12 15:55:05,114 [WARN] ThirdParty:833 - waiting for thirdparty lock release [change project]
2026-06-12 15:55:05,114 [INFO] ThirdParty:835 - entering critical section [change project]
2026-06-12 15:55:05,114 [INFO] ThirdParty:1030 - CMSIS Pack Vendor :STMicroelectronics X-CUBE-AZRTOS-H7 3.5.0
2026-06-12 15:55:05,115 [INFO] ThirdParty:1030 - CMSIS Pack Vendor :STMicroelectronics X-CUBE-PM33A1 1.0.0
2026-06-12 15:55:05,115 [INFO] ThirdParty:1030 - CMSIS Pack Vendor :STMicroelectronics USBPD 4.1
2026-06-12 15:55:05,115 [INFO] ThirdParty:1030 - CMSIS Pack Vendor :STMicroelectronics X-CUBE-NFC9 1.0.0
2026-06-12 15:55:05,115 [INFO] ThirdParty:1030 - CMSIS Pack Vendor :STMicroelectronics USB_HOST 2.0.0
2026-06-12 15:55:05,115 [INFO] ThirdParty:1030 - CMSIS Pack Vendor :STMicroelectronics FP-SNS-MOTENVWB1 1.4.0
2026-06-12 15:55:05,115 [INFO] ThirdParty:1030 - CMSIS Pack Vendor :STMicroelectronics X-CUBE-AZRTOS-F4 1.1.0
2026-06-12 15:55:05,115 [INFO] ThirdParty:1030 - CMSIS Pack Vendor :STMicroelectronics LIBJPEG 8.0.0
2026-06-12 15:55:05,115 [INFO] ThirdParty:1030 - CMSIS Pack Vendor :STMicroelectronics FP-ATR-ASTRA1 2.0.2
2026-06-12 15:55:05,115 [INFO] ThirdParty:1030 - CMSIS Pack Vendor :STMicroelectronics X-CUBE-BLE1 7.1.0
2026-06-12 15:55:05,115 [INFO] ThirdParty:1030 - CMSIS Pack Vendor :STMicroelectronics X-CUBE-SMBUS 2.1.0
2026-06-12 15:55:05,115 [INFO] ThirdParty:1030 - CMSIS Pack Vendor :STMicroelectronics USB_DEVICE 3.0.0
2026-06-12 15:55:05,115 [INFO] ThirdParty:1030 - CMSIS Pack Vendor :STMicroelectronics X-CUBE-ISPU 2.1.0
2026-06-12 15:55:05,115 [INFO] ThirdParty:1030 - CMSIS Pack Vendor :STMicroelectronics X-CUBE-IPS 3.2.0
2026-06-12 15:55:05,115 [INFO] ThirdParty:1030 - CMSIS Pack Vendor :STMicroelectronics eDS-WB_DPC_TT-BIDIR 2.1.1
2026-06-12 15:55:05,115 [INFO] ThirdParty:1030 - CMSIS Pack Vendor :STMicroelectronics X-CUBE-AZRTOS-WB 2.0.0
2026-06-12 15:55:05,115 [INFO] ThirdParty:1030 - CMSIS Pack Vendor :STMicroelectronics X-CUBE-ST60 1.0.0
2026-06-12 15:55:05,115 [INFO] ThirdParty:1030 - CMSIS Pack Vendor :STMicroelectronics X-CUBE-GNSS1 7.0.1
2026-06-12 15:55:05,115 [INFO] ThirdParty:1030 - CMSIS Pack Vendor :STMicroelectronics X-CUBE-AZRTOS-F7 1.1.0
2026-06-12 15:55:05,115 [INFO] ThirdParty:1030 - CMSIS Pack Vendor :STMicroelectronics X-CUBE-AZRTOS-L5 2.0.0
2026-06-12 15:55:05,115 [INFO] ThirdParty:1030 - CMSIS Pack Vendor :STMicroelectronics X-CUBE-TOUCHGFX 4.25.0
2026-06-12 15:55:05,115 [INFO] ThirdParty:1030 - CMSIS Pack Vendor :STMicroelectronics USB_DEVICE 2.0.0
2026-06-12 15:55:05,115 [INFO] ThirdParty:1030 - CMSIS Pack Vendor :STMicroelectronics X-CUBE-NFC6 3.1.0
2026-06-12 15:55:05,115 [INFO] ThirdParty:1030 - CMSIS Pack Vendor :STMicroelectronics FP-SNS-STAIOTCFT 1.1.0
2026-06-12 15:55:05,115 [INFO] ThirdParty:1030 - CMSIS Pack Vendor :quantropi X-CUBE-qispace-sdk-base 2.1.0
2026-06-12 15:55:05,115 [INFO] ThirdParty:1030 - CMSIS Pack Vendor :STMicroelectronics X-CUBE-MEMS1 12.0.0
2026-06-12 15:55:05,117 [INFO] ThirdParty:1030 - CMSIS Pack Vendor :STMicroelectronics X-CUBE-STSE01 2.0.0
2026-06-12 15:55:05,117 [INFO] ThirdParty:1030 - CMSIS Pack Vendor :STMicroelectronics X-CUBE-ALGOBUILD 1.5.0
2026-06-12 15:55:05,117 [INFO] ThirdParty:1030 - CMSIS Pack Vendor :STMicroelectronics FP-SNS-MOTENV1 5.1.0
2026-06-12 15:55:05,117 [INFO] ThirdParty:1030 - CMSIS Pack Vendor :STMicroelectronics FreeRTOS 0.0.1
2026-06-12 15:55:05,117 [INFO] ThirdParty:1030 - CMSIS Pack Vendor :STMicroelectronics X-CUBE-AZRTOS-G0 1.1.0
2026-06-12 15:55:05,117 [INFO] ThirdParty:1030 - CMSIS Pack Vendor :STMicroelectronics X-CUBE-SAFEA1 1.2.2
2026-06-12 15:55:05,117 [INFO] ThirdParty:1030 - CMSIS Pack Vendor :STMicroelectronics X-CUBE-NFC4 3.0.0
2026-06-12 15:55:05,117 [INFO] ThirdParty:1030 - CMSIS Pack Vendor :STMicroelectronics X-CUBE-SUBG2 5.0.0
2026-06-12 15:55:05,117 [INFO] ThirdParty:1030 - CMSIS Pack Vendor :STMicroelectronics X-CUBE-AZRTOS-H7RS 1.1.0
2026-06-12 15:55:05,117 [INFO] ThirdParty:1030 - CMSIS Pack Vendor :STMicroelectronics STM32_WPAN 1.0.0
2026-06-12 15:55:05,117 [INFO] ThirdParty:1030 - CMSIS Pack Vendor :STMicroelectronics eDS-WB_DPC_VIENNA 1.2.0
2026-06-12 15:55:05,117 [INFO] ThirdParty:1030 - CMSIS Pack Vendor :EmbeddedOffice I-CUBE-FS-RTOS 1.0.1
2026-06-12 15:55:05,117 [INFO] ThirdParty:1030 - CMSIS Pack Vendor :STMicroelectronics lwIP 2.0.3
2026-06-12 15:55:05,117 [INFO] ThirdParty:1030 - CMSIS Pack Vendor :Cesanta I-CUBE-Mongoose 7.13.0
2026-06-12 15:55:05,117 [INFO] ThirdParty:1030 - CMSIS Pack Vendor :STMicroelectronics eDS-WB_DPC_3PH2L-BIDIR 1.1.1
2026-06-12 15:55:05,117 [INFO] ThirdParty:1030 - CMSIS Pack Vendor :STMicroelectronics USB_HOST 1.0.0
2026-06-12 15:55:05,117 [INFO] ThirdParty:1030 - CMSIS Pack Vendor :STMicroelectronics X-CUBE-AZRTOS-G4 2.0.0
2026-06-12 15:55:05,117 [INFO] ThirdParty:1030 - CMSIS Pack Vendor :STMicroelectronics X-CUBE-WB05N 2.0.0
2026-06-12 15:55:05,118 [INFO] ThirdParty:1030 - CMSIS Pack Vendor :STMicroelectronics PDM2PCM 3.1.0
2026-06-12 15:55:05,118 [INFO] ThirdParty:1030 - CMSIS Pack Vendor :STMicroelectronics PDM2PCM 3.3.0
2026-06-12 15:55:05,118 [INFO] ThirdParty:1030 - CMSIS Pack Vendor :STMicroelectronics X-CUBE-AZRTOS-H7 3.4.0
2026-06-12 15:55:05,118 [INFO] ThirdParty:1030 - CMSIS Pack Vendor :STMicroelectronics X-CUBE-DISPLAY 3.0.0
2026-06-12 15:55:05,118 [INFO] ThirdParty:1030 - CMSIS Pack Vendor :STMicroelectronics X-CUBE-NFC7 2.0.0
2026-06-12 15:55:05,118 [INFO] ThirdParty:1030 - CMSIS Pack Vendor :STMicroelectronics X-CUBE-GNSS1 7.1.1
2026-06-12 15:55:05,118 [INFO] ThirdParty:1030 - CMSIS Pack Vendor :STMicroelectronics FP-SNS-MOTENVWB1 1.5.0
2026-06-12 15:55:05,118 [INFO] ThirdParty:1030 - CMSIS Pack Vendor :STMicroelectronics X-CUBE-TCPP 4.2.0
2026-06-12 15:55:05,118 [INFO] ThirdParty:1030 - CMSIS Pack Vendor :RealThread X-CUBE-RT-Thread_Nano 4.1.1
2026-06-12 15:55:05,118 [INFO] ThirdParty:1030 - CMSIS Pack Vendor :STMicroelectronics FP-ATR-SIGFOX1 3.2.0
2026-06-12 15:55:05,118 [INFO] ThirdParty:1030 - CMSIS Pack Vendor :STMicroelectronics X-CUBE-NFC10 1.0.0
2026-06-12 15:55:05,118 [INFO] ThirdParty:1030 - CMSIS Pack Vendor :STMicroelectronics X-CUBE-FREERTOS 1.3.1
2026-06-12 15:55:05,118 [INFO] ThirdParty:1030 - CMSIS Pack Vendor :STMicroelectronics HAL Drivers 0.0.0
2026-06-12 15:55:05,118 [INFO] ThirdParty:1030 - CMSIS Pack Vendor :STMicroelectronics X-CUBE-FREERTOS 1.5.0
2026-06-12 15:55:05,118 [INFO] ThirdParty:1030 - CMSIS Pack Vendor :STMicroelectronics MBEDTLS 2.16.2
2026-06-12 15:55:05,118 [INFO] ThirdParty:1030 - CMSIS Pack Vendor :STMicroelectronics X-CUBE-ST60 1.1.0
2026-06-12 15:55:05,118 [INFO] ThirdParty:1030 - CMSIS Pack Vendor :STMicroelectronics X-CUBE-IPS 3.1.0
2026-06-12 15:55:05,118 [INFO] ThirdParty:1030 - CMSIS Pack Vendor :STMicroelectronics X-CUBE-ALS 1.0.2
2026-06-12 15:55:05,118 [INFO] ThirdParty:1030 - CMSIS Pack Vendor :STMicroelectronics MBEDTLS 2.14.1
2026-06-12 15:55:05,118 [INFO] ThirdParty:1030 - CMSIS Pack Vendor :STMicroelectronics X-CUBE-GNSS1 7.1.0
2026-06-12 15:55:05,118 [INFO] ThirdParty:1030 - CMSIS Pack Vendor :STMicroelectronics X-CUBE-TOUCHGFX 4.26.1
2026-06-12 15:55:05,119 [INFO] ThirdParty:1030 - CMSIS Pack Vendor :portGmbH I-Cube-SoM-uGOAL 1.1.0
2026-06-12 15:55:05,119 [INFO] ThirdParty:1030 - CMSIS Pack Vendor :STMicroelectronics X-CUBE-NFC6 3.2.0
2026-06-12 15:55:05,119 [INFO] ThirdParty:1030 - CMSIS Pack Vendor :STMicroelectronics X-CUBE-ST67W61 1.0.0
2026-06-12 15:55:05,119 [INFO] ThirdParty:1030 - CMSIS Pack Vendor :STMicroelectronics FP-SNS-STAIOTCFT 1.0.0
2026-06-12 15:55:05,119 [INFO] ThirdParty:1030 - CMSIS Pack Vendor :STMicroelectronics ThreadX 1.0.0
2026-06-12 15:55:05,119 [INFO] ThirdParty:1030 - CMSIS Pack Vendor :STMicroelectronics FP-SNS-SMARTAG2 1.2.0
2026-06-12 15:55:05,119 [INFO] ThirdParty:1030 - CMSIS Pack Vendor :STMicroelectronics X-CUBE-MEMS1 12.1.0
2026-06-12 15:55:05,119 [INFO] ThirdParty:1030 - CMSIS Pack Vendor :STMicroelectronics FP-SNS-FLIGHT1 5.1.0
2026-06-12 15:55:05,119 [INFO] ThirdParty:1030 - CMSIS Pack Vendor :STMicroelectronics X-CUBE-AZRTOS-WL 2.0.0
2026-06-12 15:55:05,119 [INFO] ThirdParty:1030 - CMSIS Pack Vendor :SEGGER I-CUBE-embOS 1.3.1
2026-06-12 15:55:05,119 [INFO] ThirdParty:1030 - CMSIS Pack Vendor :STMicroelectronics X-CUBE-ALGOBUILD 1.4.0
2026-06-12 15:55:05,119 [INFO] ThirdParty:1030 - CMSIS Pack Vendor :STMicroelectronics X-CUBE-DPower 1.3.0
2026-06-12 15:55:05,119 [INFO] ThirdParty:1030 - CMSIS Pack Vendor :STMicroelectronics X-CUBE-MEMS1 11.3.0
2026-06-12 15:55:05,119 [INFO] ThirdParty:1030 - CMSIS Pack Vendor :STMicroelectronics FP-SNS-MOTENV1 5.0.0
2026-06-12 15:55:05,119 [INFO] ThirdParty:1030 - CMSIS Pack Vendor :STMicroelectronics USB_DEVICE 1.0.0
2026-06-12 15:55:05,119 [INFO] ThirdParty:1030 - CMSIS Pack Vendor :STMicroelectronics X-CUBE-AZRTOS-H7RS 1.2.0
2026-06-12 15:55:05,119 [INFO] ThirdParty:1030 - CMSIS Pack Vendor :STMicroelectronics X-CUBE-AZRTOS-L4 2.0.0
2026-06-12 15:55:05,119 [INFO] ThirdParty:1030 - CMSIS Pack Vendor :STMicroelectronics ThreadX 0.0.2
2026-06-12 15:55:05,119 [INFO] ThirdParty:1030 - CMSIS Pack Vendor :WES I-CUBE-Cesium 1.3.0
2026-06-12 15:55:05,119 [INFO] ThirdParty:1030 - CMSIS Pack Vendor :STMicroelectronics lwIP 2.1.2
2026-06-12 15:55:05,119 [INFO] ThirdParty:1030 - CMSIS Pack Vendor :STMicroelectronics X-CUBE-SFXS2LP1 4.0.0
2026-06-12 15:55:05,120 [INFO] ThirdParty:1030 - CMSIS Pack Vendor :STMicroelectronics X-CUBE-BLE2 3.3.0
2026-06-12 15:55:05,120 [INFO] ThirdParty:1030 - CMSIS Pack Vendor :Avnet-IOTCONNECT X-CUBE-iotc-st67-sdk 1.0.0
2026-06-12 15:55:05,120 [INFO] ThirdParty:1030 - CMSIS Pack Vendor :STMicroelectronics X-CUBE-TOF1 3.4.3
2026-06-12 15:55:05,120 [INFO] ThirdParty:1030 - CMSIS Pack Vendor :STMicroelectronics PDM2PCM 3.2.0
2026-06-12 15:55:05,120 [INFO] ThirdParty:1030 - CMSIS Pack Vendor :STMicroelectronics X-CUBE-WB05N 2.1.0
2026-06-12 15:55:05,120 [INFO] ThirdParty:1030 - CMSIS Pack Vendor :STMicroelectronics X-CUBE-ST67W61 1.2.0
2026-06-12 15:55:05,121 [INFO] ThirdParty:841 - exiting critical section [change project]
2026-06-12 15:55:05,455 [INFO] PinOutPanel:1589 - setPackage(No Configuration,No Configuration)
2026-06-12 15:55:05,457 [INFO] PinOutPanel:1589 - setPackage(STM32F103RCTx,LQFP64)
2026-06-12 15:55:06,087 [INFO] UtilMem:75 - Before build in PCC Used Memory: 787355200 Bytes (1073741824)
2026-06-12 15:55:06,697 [INFO] UtilMem:75 - After build in PCC Used Memory: 821964368 Bytes (1073741824)
2026-06-12 15:55:06,733 [INFO] IPUIPlugin:80 - create IPUIPlugin
2026-06-12 15:55:06,733 [INFO] IPUIPlugin:80 - create IPUIPlugin
2026-06-12 15:55:06,733 [INFO] IPUIPlugin:80 - create IPUIPlugin
2026-06-12 15:55:06,733 [INFO] IPUIPlugin:80 - create IPUIPlugin
2026-06-12 15:55:06,733 [INFO] IPUIPlugin:80 - create IPUIPlugin
2026-06-12 15:55:06,734 [INFO] IPUIPlugin:80 - create IPUIPlugin
2026-06-12 15:55:06,734 [INFO] IPUIPlugin:80 - create IPUIPlugin
2026-06-12 15:55:06,734 [INFO] IPUIPlugin:80 - create IPUIPlugin
2026-06-12 15:55:06,734 [INFO] IPUIPlugin:80 - create IPUIPlugin
2026-06-12 15:55:06,734 [INFO] IPUIPlugin:80 - create IPUIPlugin
2026-06-12 15:55:06,734 [INFO] IPUIPlugin:80 - create IPUIPlugin
2026-06-12 15:55:06,735 [INFO] IPUIPlugin:80 - create IPUIPlugin
2026-06-12 15:55:06,735 [INFO] IPUIPlugin:80 - create IPUIPlugin
2026-06-12 15:55:06,735 [INFO] IPUIPlugin:80 - create IPUIPlugin
2026-06-12 15:55:06,735 [INFO] IPUIPlugin:80 - create IPUIPlugin
2026-06-12 15:55:06,735 [INFO] IPUIPlugin:80 - create IPUIPlugin
2026-06-12 15:55:06,736 [INFO] IPUIPlugin:80 - create IPUIPlugin
2026-06-12 15:55:06,736 [INFO] IPUIPlugin:80 - create IPUIPlugin
2026-06-12 15:55:06,736 [INFO] IPUIPlugin:80 - create IPUIPlugin
2026-06-12 15:55:06,736 [INFO] IPUIPlugin:80 - create IPUIPlugin
2026-06-12 15:55:06,736 [INFO] IPUIPlugin:80 - create IPUIPlugin
2026-06-12 15:55:06,737 [INFO] IPUIPlugin:80 - create IPUIPlugin
2026-06-12 15:55:06,737 [INFO] IPUIPlugin:80 - create IPUIPlugin
2026-06-12 15:55:06,737 [INFO] IPUIPlugin:80 - create IPUIPlugin
2026-06-12 15:55:06,737 [INFO] IPUIPlugin:80 - create IPUIPlugin
2026-06-12 15:55:06,738 [INFO] IPUIPlugin:80 - create IPUIPlugin
2026-06-12 15:55:06,738 [INFO] IPUIPlugin:80 - create IPUIPlugin
2026-06-12 15:55:06,738 [INFO] IPUIPlugin:80 - create IPUIPlugin
2026-06-12 15:55:06,738 [INFO] IPUIPlugin:80 - create IPUIPlugin
2026-06-12 15:55:06,739 [INFO] IPUIPlugin:80 - create IPUIPlugin
2026-06-12 15:55:06,739 [INFO] IPUIPlugin:80 - create IPUIPlugin
2026-06-12 15:55:06,739 [INFO] IPUIPlugin:80 - create IPUIPlugin
2026-06-12 15:55:06,740 [INFO] IPUIPlugin:80 - create IPUIPlugin
2026-06-12 15:55:06,740 [INFO] IPUIPlugin:80 - create IPUIPlugin
2026-06-12 15:55:06,740 [INFO] IPUIPlugin:80 - create IPUIPlugin
2026-06-12 15:55:06,741 [INFO] IPUIPlugin:80 - create IPUIPlugin
2026-06-12 15:55:06,742 [INFO] IPUIPlugin:80 - create IPUIPlugin
2026-06-12 15:55:06,742 [INFO] IPUIPlugin:80 - create IPUIPlugin
2026-06-12 15:55:06,743 [INFO] IPUIPlugin:80 - create IPUIPlugin
2026-06-12 15:55:06,797 [INFO] CADModel:165 - CPN selected for project levelSTM32F103RCT6
2026-06-12 15:55:06,797 [INFO] CADModel:114 - Register for checkConnection events
2026-06-12 15:55:06,853 [INFO] OpenFileManager:386 - Restore cursor
2026-06-12 15:55:07,181 [INFO] UtilMem:75 - End SaveConfig() Used Memory: 899689320 Bytes (1073741824)
2026-06-12 15:55:07,263 [INFO] UtilMem:75 - End SaveConfig() Used Memory: 917900864 Bytes (1073741824)
2026-06-12 15:55:07,618 [INFO] BlockDiagram:2775 - set Specific Code input for plugin: NVIC
2026-06-12 15:55:07,618 [INFO] BlockDiagram:2775 - set Specific Code input for plugin: RCC
2026-06-12 15:55:07,620 [INFO] CodeGenerator:892 - code generatio: config db path: C:\ST\STM32CubeIDE_1.19.0\STM32CubeIDE\plugins\com.st.stm32cube.common.mx_6.15.0.202507011659\\db\
2026-06-12 15:55:07,715 [INFO] CodeEngine:265 - oldGeneratedFile, C:\Users\Usuario\Desktop\UNAL\2026-1\Control\proyectoControl\sensores\MXTmpFiles\license.tmp_save
2026-06-12 15:55:08,065 [INFO] CodeEngine:289 - Generated code: C:\Users\Usuario\Desktop\UNAL\2026-1\Control\proyectoControl\sensores\MXTmpFiles\license.tmp
2026-06-12 15:55:08,261 [INFO] CodeEngine:265 - oldGeneratedFile, C:\Users\Usuario\Desktop\UNAL\2026-1\Control\proyectoControl\sensores\Core\Src\stm32f1xx_it.c_save
2026-06-12 15:55:08,751 [INFO] CodeEngine:289 - Generated code: C:\Users\Usuario\Desktop\UNAL\2026-1\Control\proyectoControl\sensores\Core\Src\stm32f1xx_it.c
2026-06-12 15:55:08,768 [INFO] CodeEngine:265 - oldGeneratedFile, C:\Users\Usuario\Desktop\UNAL\2026-1\Control\proyectoControl\sensores\Core\Inc\stm32f1xx_it.h_save
2026-06-12 15:55:08,985 [INFO] CodeEngine:289 - Generated code: C:\Users\Usuario\Desktop\UNAL\2026-1\Control\proyectoControl\sensores\Core\Inc\stm32f1xx_it.h
2026-06-12 15:55:09,058 [INFO] CodeEngine:265 - oldGeneratedFile, C:\Users\Usuario\Desktop\UNAL\2026-1\Control\proyectoControl\sensores\Core\Src\stm32f1xx_hal_msp.c_save
2026-06-12 15:55:09,347 [INFO] CodeEngine:289 - Generated code: C:\Users\Usuario\Desktop\UNAL\2026-1\Control\proyectoControl\sensores\Core\Src\stm32f1xx_hal_msp.c
2026-06-12 15:55:09,366 [INFO] CodeEngine:265 - oldGeneratedFile, C:\Users\Usuario\Desktop\UNAL\2026-1\Control\proyectoControl\sensores\MXTmpFiles\system.tmp_save
2026-06-12 15:55:09,498 [INFO] CodeEngine:289 - Generated code: C:\Users\Usuario\Desktop\UNAL\2026-1\Control\proyectoControl\sensores\MXTmpFiles\system.tmp
2026-06-12 15:55:09,531 [INFO] CodeEngine:321 - oldGeneratedFile, C:\Users\Usuario\Desktop\UNAL\2026-1\Control\proyectoControl\sensores\Core\Inc\stm32f1xx_hal_conf.h_save
2026-06-12 15:55:09,666 [INFO] CodeEngine:345 - Generated code: C:\Users\Usuario\Desktop\UNAL\2026-1\Control\proyectoControl\sensores\Core\Inc\stm32f1xx_hal_conf.h
2026-06-12 15:55:09,706 [INFO] ApiDbMcu:532 - Load IP Config File for RCC
2026-06-12 15:55:09,723 [INFO] CodeEngine:265 - oldGeneratedFile, C:\Users\Usuario\Desktop\UNAL\2026-1\Control\proyectoControl\sensores\Core\Inc\main.h_save
2026-06-12 15:55:09,835 [INFO] CodeEngine:289 - Generated code: C:\Users\Usuario\Desktop\UNAL\2026-1\Control\proyectoControl\sensores\Core\Inc\main.h
2026-06-12 15:55:09,847 [INFO] CodeEngine:265 - oldGeneratedFile, C:\Users\Usuario\Desktop\UNAL\2026-1\Control\proyectoControl\sensores\Core\Src\main.c_save
2026-06-12 15:55:09,974 [INFO] CodeEngine:289 - Generated code: C:\Users\Usuario\Desktop\UNAL\2026-1\Control\proyectoControl\sensores\Core\Src\main.c
2026-06-12 15:55:10,586 [INFO] ProjectBuilder:3606 - Time for Copy HAL[1] : 355mS.
2026-06-12 15:55:10,599 [INFO] ProjectBuilder:5216 - Project Generator version: 4.7.0-B52
2026-06-12 15:55:10,755 [INFO] ConfigFileManager:1595 - The Die is : DIE414
2026-06-12 15:55:10,764 [INFO] ApiDbMcu:532 - Load IP Config File for FATFS
2026-06-12 15:55:10,804 [INFO] ApiDbMcu:532 - Load IP Config File for FREERTOS
2026-06-12 15:55:10,816 [INFO] ApiDbMcu:532 - Load IP Config File for USB_DEVICE
2026-06-12 15:55:14,573 [INFO] ProjectBuilder:5496 - Time for Generating toolchain IDE Files: 3973mS.
2026-06-12 15:55:14,575 [INFO] ProjectBuilder:3463 - Time for Copy CMSIS : 2mS.
2026-06-12 15:55:14,582 [INFO] ProjectBuilder:3463 - Time for Copy CMSIS : 0mS.
2026-06-12 15:55:16,028 [INFO] McuFinderGlobals:76 - Set McuFinderConnectedMode to true
2026-06-12 15:55:16,034 [INFO] ApiDb:448 - Save user favorites file C:\Users\Usuario/.stm32cubeide/favorites.mcus.txt: 2 item(s)
2026-06-12 15:55:16,035 [INFO] ApiDb:452 - User favorites MCUs=[STM32F103C8T6, STM32F103RCT6]
2026-06-12 15:55:36,799 [WARN] IP:2250 - I2C_Coeff_DF not found: check if there is a RefParameter without a condition.
2026-06-12 15:55:36,799 [WARN] IP:2250 - Analog_Filter not found: check if there is a RefParameter without a condition.
2026-06-12 15:55:36,811 [WARN] IP:2250 - I2C_Coeff_DF not found: check if there is a RefParameter without a condition.
2026-06-12 15:55:36,811 [WARN] IP:2250 - Analog_Filter not found: check if there is a RefParameter without a condition.
2026-06-12 15:55:36,811 [WARN] IP:2250 - I2C_Coeff_DF not found: check if there is a RefParameter without a condition.
2026-06-12 15:55:36,811 [WARN] IP:2250 - Analog_Filter not found: check if there is a RefParameter without a condition.
2026-06-12 15:55:36,862 [WARN] IP:2250 - I2C_Coeff_DF not found: check if there is a RefParameter without a condition.
2026-06-12 15:55:36,862 [WARN] IP:2250 - Analog_Filter not found: check if there is a RefParameter without a condition.
2026-06-12 15:55:36,864 [WARN] IP:2250 - I2C_Coeff_DF not found: check if there is a RefParameter without a condition.
2026-06-12 15:55:36,864 [WARN] IP:2250 - Analog_Filter not found: check if there is a RefParameter without a condition.
2026-06-12 15:55:42,910 [INFO] UtilMem:75 - End SaveConfig() Used Memory: 889475928 Bytes (1073741824)
2026-06-12 15:55:44,232 [INFO] UtilMem:75 - End SaveConfig() Used Memory: 933081200 Bytes (1073741824)
2026-06-12 15:55:46,745 [INFO] UtilMem:75 - End SaveConfig() Used Memory: 711220144 Bytes (1073741824)
2026-06-12 15:55:46,979 [INFO] BlockDiagram:2775 - set Specific Code input for plugin: NVIC
2026-06-12 15:55:46,979 [INFO] BlockDiagram:2775 - set Specific Code input for plugin: USART
2026-06-12 15:55:46,979 [INFO] BlockDiagram:2775 - set Specific Code input for plugin: SYS
2026-06-12 15:55:46,981 [INFO] BlockDiagram:2775 - set Specific Code input for plugin: GPIO
2026-06-12 15:55:46,981 [INFO] BlockDiagram:2775 - set Specific Code input for plugin: RCC
2026-06-12 15:55:46,982 [INFO] BlockDiagram:2775 - set Specific Code input for plugin: I2C
2026-06-12 15:55:46,984 [INFO] CodeGenerator:892 - code generatio: config db path: C:\ST\STM32CubeIDE_1.19.0\STM32CubeIDE\plugins\com.st.stm32cube.common.mx_6.15.0.202507011659\\db\
2026-06-12 15:55:46,986 [WARN] IP:2250 - I2C_Coeff_DF not found: check if there is a RefParameter without a condition.
2026-06-12 15:55:46,986 [WARN] IP:2250 - Analog_Filter not found: check if there is a RefParameter without a condition.
2026-06-12 15:55:47,132 [INFO] CodeEngine:265 - oldGeneratedFile, C:\Users\Usuario\Desktop\UNAL\2026-1\Control\proyectoControl\sensores\MXTmpFiles\license.tmp_save
2026-06-12 15:55:47,224 [INFO] CodeEngine:289 - Generated code: C:\Users\Usuario\Desktop\UNAL\2026-1\Control\proyectoControl\sensores\MXTmpFiles\license.tmp
2026-06-12 15:55:47,277 [INFO] CodeEngine:265 - oldGeneratedFile, C:\Users\Usuario\Desktop\UNAL\2026-1\Control\proyectoControl\sensores\MXTmpFiles\gpio.tmp_save
2026-06-12 15:55:47,351 [INFO] CodeEngine:289 - Generated code: C:\Users\Usuario\Desktop\UNAL\2026-1\Control\proyectoControl\sensores\MXTmpFiles\gpio.tmp
2026-06-12 15:55:47,451 [INFO] CodeEngine:265 - oldGeneratedFile, C:\Users\Usuario\Desktop\UNAL\2026-1\Control\proyectoControl\sensores\Core\Src\stm32f1xx_it.c_save
2026-06-12 15:55:47,617 [INFO] CodeEngine:289 - Generated code: C:\Users\Usuario\Desktop\UNAL\2026-1\Control\proyectoControl\sensores\Core\Src\stm32f1xx_it.c
2026-06-12 15:55:47,635 [INFO] CodeEngine:265 - oldGeneratedFile, C:\Users\Usuario\Desktop\UNAL\2026-1\Control\proyectoControl\sensores\Core\Inc\stm32f1xx_it.h_save
2026-06-12 15:55:47,742 [INFO] CodeEngine:289 - Generated code: C:\Users\Usuario\Desktop\UNAL\2026-1\Control\proyectoControl\sensores\Core\Inc\stm32f1xx_it.h
2026-06-12 15:55:47,771 [INFO] CodeEngine:265 - oldGeneratedFile, C:\Users\Usuario\Desktop\UNAL\2026-1\Control\proyectoControl\sensores\Core\Src\stm32f1xx_hal_msp.c_save
2026-06-12 15:55:47,919 [INFO] CodeEngine:289 - Generated code: C:\Users\Usuario\Desktop\UNAL\2026-1\Control\proyectoControl\sensores\Core\Src\stm32f1xx_hal_msp.c
2026-06-12 15:55:47,932 [INFO] CodeEngine:265 - oldGeneratedFile, C:\Users\Usuario\Desktop\UNAL\2026-1\Control\proyectoControl\sensores\MXTmpFiles\system.tmp_save
2026-06-12 15:55:48,011 [INFO] CodeEngine:289 - Generated code: C:\Users\Usuario\Desktop\UNAL\2026-1\Control\proyectoControl\sensores\MXTmpFiles\system.tmp
2026-06-12 15:55:48,037 [INFO] CodeEngine:321 - oldGeneratedFile, C:\Users\Usuario\Desktop\UNAL\2026-1\Control\proyectoControl\sensores\Core\Inc\stm32f1xx_hal_conf.h_save
2026-06-12 15:55:48,127 [INFO] CodeEngine:345 - Generated code: C:\Users\Usuario\Desktop\UNAL\2026-1\Control\proyectoControl\sensores\Core\Inc\stm32f1xx_hal_conf.h
2026-06-12 15:55:48,166 [INFO] ApiDbMcu:532 - Load IP Config File for I2C2
2026-06-12 15:55:48,171 [INFO] ApiDbMcu:532 - Load IP Config File for USART1
2026-06-12 15:55:48,198 [INFO] CodeEngine:265 - oldGeneratedFile, C:\Users\Usuario\Desktop\UNAL\2026-1\Control\proyectoControl\sensores\Core\Inc\main.h_save
2026-06-12 15:55:48,321 [INFO] CodeEngine:289 - Generated code: C:\Users\Usuario\Desktop\UNAL\2026-1\Control\proyectoControl\sensores\Core\Inc\main.h
2026-06-12 15:55:48,341 [INFO] CodeEngine:265 - oldGeneratedFile, C:\Users\Usuario\Desktop\UNAL\2026-1\Control\proyectoControl\sensores\Core\Src\main.c_save
2026-06-12 15:55:48,491 [INFO] CodeEngine:289 - Generated code: C:\Users\Usuario\Desktop\UNAL\2026-1\Control\proyectoControl\sensores\Core\Src\main.c
2026-06-12 15:55:48,979 [INFO] ProjectBuilder:3606 - Time for Copy HAL[1] : 251mS.
2026-06-12 15:55:48,984 [INFO] ProjectBuilder:5216 - Project Generator version: 4.7.0-B52
2026-06-12 15:55:49,063 [INFO] ConfigFileManager:1595 - The Die is : DIE414
2026-06-12 15:55:50,299 [INFO] ProjectBuilder:5496 - Time for Generating toolchain IDE Files: 1315mS.
2026-06-12 15:55:50,301 [INFO] ProjectBuilder:3463 - Time for Copy CMSIS : 1mS.
2026-06-12 15:55:50,308 [INFO] ProjectBuilder:3463 - Time for Copy CMSIS : 1mS.
2026-06-12 16:06:17,571 [WARN] IP:2250 - I2C_Coeff_DF not found: check if there is a RefParameter without a condition.
2026-06-12 16:06:17,571 [WARN] IP:2250 - Analog_Filter not found: check if there is a RefParameter without a condition.
2026-06-12 16:06:17,591 [WARN] IP:2250 - I2C_Coeff_DF not found: check if there is a RefParameter without a condition.
2026-06-12 16:06:17,592 [WARN] IP:2250 - Analog_Filter not found: check if there is a RefParameter without a condition.
2026-06-12 16:06:17,594 [WARN] IP:2250 - I2C_Coeff_DF not found: check if there is a RefParameter without a condition.
2026-06-12 16:06:17,594 [WARN] IP:2250 - Analog_Filter not found: check if there is a RefParameter without a condition.
2026-06-12 16:06:17,705 [WARN] IP:2250 - I2C_Coeff_DF not found: check if there is a RefParameter without a condition.
2026-06-12 16:06:17,706 [WARN] IP:2250 - Analog_Filter not found: check if there is a RefParameter without a condition.
2026-06-12 16:06:17,709 [WARN] IP:2250 - I2C_Coeff_DF not found: check if there is a RefParameter without a condition.
2026-06-12 16:06:17,709 [WARN] IP:2250 - Analog_Filter not found: check if there is a RefParameter without a condition.
2026-06-12 16:06:19,045 [INFO] UtilMem:75 - End SaveConfig() Used Memory: 765338224 Bytes (1073741824)
2026-06-12 16:06:20,297 [INFO] UtilMem:75 - End SaveConfig() Used Memory: 788917744 Bytes (1073741824)
2026-06-12 16:06:21,462 [INFO] UtilMem:75 - End SaveConfig() Used Memory: 852135536 Bytes (1073741824)
2026-06-12 16:06:21,657 [INFO] BlockDiagram:2775 - set Specific Code input for plugin: NVIC
2026-06-12 16:06:21,657 [INFO] BlockDiagram:2775 - set Specific Code input for plugin: USART
2026-06-12 16:06:21,657 [INFO] BlockDiagram:2775 - set Specific Code input for plugin: SYS
2026-06-12 16:06:21,658 [INFO] BlockDiagram:2775 - set Specific Code input for plugin: GPIO
2026-06-12 16:06:21,659 [INFO] BlockDiagram:2775 - set Specific Code input for plugin: RCC
2026-06-12 16:06:21,659 [INFO] BlockDiagram:2775 - set Specific Code input for plugin: I2C
2026-06-12 16:06:21,659 [INFO] BlockDiagram:2775 - set Specific Code input for plugin: I2C
2026-06-12 16:06:21,664 [INFO] CodeGenerator:892 - code generatio: config db path: C:\ST\STM32CubeIDE_1.19.0\STM32CubeIDE\plugins\com.st.stm32cube.common.mx_6.15.0.202507011659\\db\
2026-06-12 16:06:21,666 [WARN] IP:2250 - I2C_Coeff_DF not found: check if there is a RefParameter without a condition.
2026-06-12 16:06:21,666 [WARN] IP:2250 - Analog_Filter not found: check if there is a RefParameter without a condition.
2026-06-12 16:06:21,668 [WARN] IP:2250 - I2C_Coeff_DF not found: check if there is a RefParameter without a condition.
2026-06-12 16:06:21,668 [WARN] IP:2250 - Analog_Filter not found: check if there is a RefParameter without a condition.
2026-06-12 16:06:21,747 [INFO] CodeEngine:265 - oldGeneratedFile, C:\Users\Usuario\Desktop\UNAL\2026-1\Control\proyectoControl\sensores\MXTmpFiles\license.tmp_save
2026-06-12 16:06:22,181 [INFO] CodeEngine:289 - Generated code: C:\Users\Usuario\Desktop\UNAL\2026-1\Control\proyectoControl\sensores\MXTmpFiles\license.tmp
2026-06-12 16:06:22,230 [INFO] CodeEngine:265 - oldGeneratedFile, C:\Users\Usuario\Desktop\UNAL\2026-1\Control\proyectoControl\sensores\MXTmpFiles\gpio.tmp_save
2026-06-12 16:06:22,387 [INFO] CodeEngine:289 - Generated code: C:\Users\Usuario\Desktop\UNAL\2026-1\Control\proyectoControl\sensores\MXTmpFiles\gpio.tmp
2026-06-12 16:06:22,556 [INFO] CodeEngine:265 - oldGeneratedFile, C:\Users\Usuario\Desktop\UNAL\2026-1\Control\proyectoControl\sensores\Core\Src\stm32f1xx_it.c_save
2026-06-12 16:06:22,970 [INFO] CodeEngine:289 - Generated code: C:\Users\Usuario\Desktop\UNAL\2026-1\Control\proyectoControl\sensores\Core\Src\stm32f1xx_it.c
2026-06-12 16:06:22,990 [INFO] CodeEngine:265 - oldGeneratedFile, C:\Users\Usuario\Desktop\UNAL\2026-1\Control\proyectoControl\sensores\Core\Inc\stm32f1xx_it.h_save
2026-06-12 16:06:23,200 [INFO] CodeEngine:289 - Generated code: C:\Users\Usuario\Desktop\UNAL\2026-1\Control\proyectoControl\sensores\Core\Inc\stm32f1xx_it.h
2026-06-12 16:06:23,240 [INFO] CodeEngine:265 - oldGeneratedFile, C:\Users\Usuario\Desktop\UNAL\2026-1\Control\proyectoControl\sensores\Core\Src\stm32f1xx_hal_msp.c_save
2026-06-12 16:06:23,612 [INFO] CodeEngine:289 - Generated code: C:\Users\Usuario\Desktop\UNAL\2026-1\Control\proyectoControl\sensores\Core\Src\stm32f1xx_hal_msp.c
2026-06-12 16:06:23,626 [INFO] CodeEngine:265 - oldGeneratedFile, C:\Users\Usuario\Desktop\UNAL\2026-1\Control\proyectoControl\sensores\MXTmpFiles\system.tmp_save
2026-06-12 16:06:23,761 [INFO] CodeEngine:289 - Generated code: C:\Users\Usuario\Desktop\UNAL\2026-1\Control\proyectoControl\sensores\MXTmpFiles\system.tmp
2026-06-12 16:06:23,793 [INFO] CodeEngine:321 - oldGeneratedFile, C:\Users\Usuario\Desktop\UNAL\2026-1\Control\proyectoControl\sensores\Core\Inc\stm32f1xx_hal_conf.h_save
2026-06-12 16:06:23,930 [INFO] CodeEngine:345 - Generated code: C:\Users\Usuario\Desktop\UNAL\2026-1\Control\proyectoControl\sensores\Core\Inc\stm32f1xx_hal_conf.h
2026-06-12 16:06:23,970 [INFO] ApiDbMcu:532 - Load IP Config File for I2C1
2026-06-12 16:06:23,991 [INFO] CodeEngine:265 - oldGeneratedFile, C:\Users\Usuario\Desktop\UNAL\2026-1\Control\proyectoControl\sensores\Core\Inc\main.h_save
2026-06-12 16:06:24,113 [INFO] CodeEngine:289 - Generated code: C:\Users\Usuario\Desktop\UNAL\2026-1\Control\proyectoControl\sensores\Core\Inc\main.h
2026-06-12 16:06:24,128 [INFO] CodeEngine:265 - oldGeneratedFile, C:\Users\Usuario\Desktop\UNAL\2026-1\Control\proyectoControl\sensores\Core\Src\main.c_save
2026-06-12 16:06:24,263 [INFO] CodeEngine:289 - Generated code: C:\Users\Usuario\Desktop\UNAL\2026-1\Control\proyectoControl\sensores\Core\Src\main.c
2026-06-12 16:06:25,072 [INFO] ProjectBuilder:3606 - Time for Copy HAL[1] : 286mS.
2026-06-12 16:06:25,078 [INFO] ProjectBuilder:5216 - Project Generator version: 4.7.0-B52
2026-06-12 16:06:25,184 [INFO] ConfigFileManager:1595 - The Die is : DIE414
2026-06-12 16:06:26,638 [INFO] ProjectBuilder:5496 - Time for Generating toolchain IDE Files: 1560mS.
2026-06-12 16:06:26,639 [INFO] ProjectBuilder:3463 - Time for Copy CMSIS : 1mS.
2026-06-12 16:06:26,646 [INFO] ProjectBuilder:3463 - Time for Copy CMSIS : 0mS.
2026-06-12 16:08:14,724 [ERROR] LogOutputStream:75 - [STDERR_REDIRECT] 
