2026-06-10 11:08:45,943 [INFO] Activator:176 - 


2026-06-10 11:08:45,950 [INFO] Activator:177 - !SESSION log4j initialized
2026-06-10 11:08:55,800 [INFO] LogOutputStream:77 - [STDOUT_REDIRECT] 
2026-06-10 11:09:07,971 [INFO] ApplicationProperties:184 - Using Application install path: C:\ST\STM32CubeIDE_1.19.0\STM32CubeIDE\plugins\com.st.stm32cube.common.mx_6.15.0.202507011659
2026-06-10 11:09:08,012 [INFO] DbMcusXml:78 - Set database path to: C:\ST\STM32CubeIDE_1.19.0\STM32CubeIDE\plugins\com.st.stm32cube.common.mx_6.15.0.202507011659\\db\/mcu/
2026-06-10 11:09:08,012 [INFO] ApiDb:274 - Set plugin database path to: C:\ST\STM32CubeIDE_1.19.0\STM32CubeIDE\plugins\com.st.stm32cube.common.mx_6.15.0.202507011659\\db\/plugins/boardmanager/
2026-06-10 11:09:08,014 [WARN] ApiDb:259 - Overriding images path with different value:  => C:\ST\STM32CubeIDE_1.19.0\STM32CubeIDE\plugins\com.st.stm32cube.common.mx_6.15.0.202507011659\\db\/plugins/mcufinder/images/
2026-06-10 11:09:08,036 [INFO] ApiDb:250 - Set database path to: C:\Users\Usuario\.stmcufinder\plugins\mcufinder//mcu/
2026-06-10 11:09:08,039 [INFO] DbMcusAds:125 - Set database path to: C:\Users\Usuario\.stmcufinder\plugins\mcufinder//mcu/
2026-06-10 11:09:08,109 [INFO] CrossReferenceDbSqlite:203 - Set database path to: C:\Users\Usuario\.stmcufinder\plugins\mcufinder//mcu/cs/
2026-06-10 11:09:08,367 [INFO] RulesReader:64 - Compatibility file has been processed (317 Rules)
2026-06-10 11:09:08,522 [INFO] DbMcusXml:78 - Set database path to: C:\ST\STM32CubeIDE_1.19.0\STM32CubeIDE\plugins\com.st.stm32cube.common.mx_6.15.0.202507011659\\db\/mcu/
2026-06-10 11:09:08,523 [INFO] ApiDb:274 - Set plugin database path to: C:\ST\STM32CubeIDE_1.19.0\STM32CubeIDE\plugins\com.st.stm32cube.common.mx_6.15.0.202507011659\\db\/plugins/boardmanager/
2026-06-10 11:09:08,523 [INFO] ApiDb:261 - Set plugin images path to: C:\ST\STM32CubeIDE_1.19.0\STM32CubeIDE\plugins\com.st.stm32cube.common.mx_6.15.0.202507011659\\db\/plugins/mcufinder/images/
2026-06-10 11:09:08,524 [WARN] DbFile:41 - Overriding database path with different value: C:\Users\Usuario\.stmcufinder\plugins\mcufinder/ => C:\Users\Usuario\.stmcufinder\plugins\mcufinder
2026-06-10 11:09:08,524 [INFO] ApiDb:250 - Set database path to: C:\Users\Usuario\.stmcufinder\plugins\mcufinder//mcu/
2026-06-10 11:09:08,524 [WARN] DbFile:41 - Overriding database path with different value: C:\Users\Usuario\.stmcufinder\plugins\mcufinder/ => C:\Users\Usuario\.stmcufinder\plugins\mcufinder
2026-06-10 11:09:08,524 [INFO] DbMcusAds:125 - Set database path to: C:\Users\Usuario\.stmcufinder\plugins\mcufinder//mcu/
2026-06-10 11:09:08,524 [WARN] DbFile:41 - Overriding database path with different value: C:\Users\Usuario\.stmcufinder\plugins\mcufinder/ => C:\Users\Usuario\.stmcufinder\plugins\mcufinder
2026-06-10 11:09:08,525 [WARN] DbFile:41 - Overriding database path with different value: C:\Users\Usuario\.stmcufinder\plugins\mcufinder/ => C:\Users\Usuario\.stmcufinder\plugins\mcufinder
2026-06-10 11:09:08,525 [INFO] CrossReferenceDbSqlite:203 - Set database path to: C:\Users\Usuario\.stmcufinder\plugins\mcufinder//mcu/cs/
2026-06-10 11:09:08,674 [INFO] MainPanel:274 - HeapMemory: 268435456
2026-06-10 11:09:08,900 [INFO] DbMcusXml:78 - Set database path to: C:\ST\STM32CubeIDE_1.19.0\STM32CubeIDE\plugins\com.st.stm32cube.common.mx_6.15.0.202507011659\\db\/mcu/
2026-06-10 11:09:08,900 [INFO] ApiDb:274 - Set plugin database path to: C:\ST\STM32CubeIDE_1.19.0\STM32CubeIDE\plugins\com.st.stm32cube.common.mx_6.15.0.202507011659\\db\/plugins/boardmanager/
2026-06-10 11:09:08,901 [INFO] ApiDb:261 - Set plugin images path to: C:\ST\STM32CubeIDE_1.19.0\STM32CubeIDE\plugins\com.st.stm32cube.common.mx_6.15.0.202507011659\\db\/plugins/mcufinder/images/
2026-06-10 11:09:08,901 [WARN] DbFile:41 - Overriding database path with different value: C:\Users\Usuario\.stmcufinder\plugins\mcufinder/ => C:\Users\Usuario\.stmcufinder\plugins\mcufinder
2026-06-10 11:09:08,901 [INFO] ApiDb:250 - Set database path to: C:\Users\Usuario\.stmcufinder\plugins\mcufinder//mcu/
2026-06-10 11:09:08,901 [WARN] DbFile:41 - Overriding database path with different value: C:\Users\Usuario\.stmcufinder\plugins\mcufinder/ => C:\Users\Usuario\.stmcufinder\plugins\mcufinder
2026-06-10 11:09:08,901 [INFO] DbMcusAds:125 - Set database path to: C:\Users\Usuario\.stmcufinder\plugins\mcufinder//mcu/
2026-06-10 11:09:08,902 [WARN] DbFile:41 - Overriding database path with different value: C:\Users\Usuario\.stmcufinder\plugins\mcufinder/ => C:\Users\Usuario\.stmcufinder\plugins\mcufinder
2026-06-10 11:09:08,902 [WARN] DbFile:41 - Overriding database path with different value: C:\Users\Usuario\.stmcufinder\plugins\mcufinder/ => C:\Users\Usuario\.stmcufinder\plugins\mcufinder
2026-06-10 11:09:08,902 [INFO] CrossReferenceDbSqlite:203 - Set database path to: C:\Users\Usuario\.stmcufinder\plugins\mcufinder//mcu/cs/
2026-06-10 11:09:08,939 [INFO] ApplicationProperties:184 - Using Application install path: C:\ST\STM32CubeIDE_1.19.0\STM32CubeIDE\plugins\com.st.stm32cube.common.mx_6.15.0.202507011659
2026-06-10 11:09:08,942 [INFO] PluginManage:196 - Search for loadable plugins [exclusion list=, ]
2026-06-10 11:09:08,944 [INFO] PluginManage:310 - Check plugin analytics
2026-06-10 11:09:12,552 [INFO] McuFinderGlobals:63 - Set McuFinder mode to 2 (CubeIDE integrated)
2026-06-10 11:09:18,762 [INFO] AnalyticsPlugin:253 - Accepted Software Licenses: 
2026-06-10 11:09:18,763 [INFO] AnalyticsPlugin:255 - Accepted CMSIS Pack Licenses: 
2026-06-10 11:09:18,763 [INFO] AnalyticsPlugin:257 - Accepted Firmware Licenses: 
2026-06-10 11:09:18,767 [INFO] PluginManage:359 - Loaded plugin analytics (category:tool,tabindex:-1)
2026-06-10 11:09:18,768 [INFO] PluginManage:310 - Check plugin cadmodel
2026-06-10 11:09:18,779 [INFO] CADModel:105 - Init CAD model plugin
2026-06-10 11:09:18,779 [INFO] PluginManage:359 - Loaded plugin cadmodel (category:power,tabindex:5)
2026-06-10 11:09:18,779 [INFO] PluginManage:310 - Check plugin clock
2026-06-10 11:09:18,794 [INFO] PluginManage:359 - Loaded plugin clock (category:base,tabindex:2)
2026-06-10 11:09:18,794 [INFO] PluginManage:310 - Check plugin ddr
2026-06-10 11:09:18,798 [INFO] PluginManage:359 - Loaded plugin ddr (category:tool,tabindex:6)
2026-06-10 11:09:18,798 [INFO] PluginManage:310 - Check plugin filemanager
2026-06-10 11:09:19,009 [INFO] PluginManage:359 - Loaded plugin filemanager (category:base,tabindex:10)
2026-06-10 11:09:19,009 [INFO] PluginManage:310 - Check plugin ipmanager
2026-06-10 11:09:19,018 [INFO] PluginManage:359 - Loaded plugin ipmanager (category:base,tabindex:5)
2026-06-10 11:09:19,018 [INFO] PluginManage:310 - Check plugin lpbam
2026-06-10 11:09:19,029 [INFO] PluginManage:359 - Loaded plugin lpbam (category:base,tabindex:0)
2026-06-10 11:09:19,029 [INFO] PluginManage:310 - Check plugin memorymap
2026-06-10 11:09:19,054 [INFO] PluginManage:359 - Loaded plugin memorymap (category:base,tabindex:4)
2026-06-10 11:09:19,054 [INFO] PluginManage:310 - Check plugin pinoutandconfiguration
2026-06-10 11:09:19,070 [INFO] PluginManage:359 - Loaded plugin pinoutandconfiguration (category:base,tabindex:1)
2026-06-10 11:09:19,070 [INFO] PluginManage:310 - Check plugin pinoutconfig
2026-06-10 11:09:19,190 [WARN] SupportedApi:132 - Cannot load RTOS API schema: s4s-elt-must-match.1: The content of 'definitions' must match (annotation?, (simpleType | complexType)?, (unique | key | keyref)*)). A problem was found starting at: attribute.
2026-06-10 11:09:19,410 [INFO] PluginManage:359 - Loaded plugin pinoutconfig (category:base,tabindex:0)
2026-06-10 11:09:19,410 [INFO] PluginManage:310 - Check plugin power
2026-06-10 11:09:19,428 [INFO] PluginManage:359 - Loaded plugin power (category:power,tabindex:4)
2026-06-10 11:09:19,428 [INFO] PluginManage:310 - Check plugin projectmanager
2026-06-10 11:09:19,452 [INFO] PluginManage:359 - Loaded plugin projectmanager (category:projectmanager,tabindex:4)
2026-06-10 11:09:19,452 [INFO] PluginManage:310 - Check plugin rif
2026-06-10 11:09:19,468 [INFO] PluginManage:359 - Loaded plugin rif (category:base,tabindex:3)
2026-06-10 11:09:19,468 [INFO] PluginManage:310 - Check plugin thirdparty
2026-06-10 11:09:19,685 [INFO] PluginManage:359 - Loaded plugin thirdparty (category:base,tabindex:-1)
2026-06-10 11:09:19,685 [WARN] IntegrityCheckThread:84 - waiting for thirdparty lock release [integrity check]
2026-06-10 11:09:19,686 [INFO] IntegrityCheckThread:86 - entering critical section [integrity check]
2026-06-10 11:09:19,686 [INFO] ThirdPartyUpdaterWithRetryManager:70 - Updater plugin not ready yet. [1/15]
2026-06-10 11:09:19,686 [INFO] PluginManage:310 - Check plugin tools
2026-06-10 11:09:19,691 [INFO] PluginManage:359 - Loaded plugin tools (category:base,tabindex:7)
2026-06-10 11:09:19,691 [INFO] PluginManage:310 - Check plugin tutovideos
2026-06-10 11:09:20,037 [INFO] PluginManage:359 - Loaded plugin tutovideos (category:base,tabindex:-1)
2026-06-10 11:09:20,037 [INFO] PluginManage:310 - Check plugin updater
2026-06-10 11:09:20,067 [INFO] PluginManage:359 - Loaded plugin updater (category:base,tabindex:12)
2026-06-10 11:09:20,067 [INFO] PluginManage:310 - Check plugin userauth
2026-06-10 11:09:20,075 [INFO] UserAuth:118 - Init User Auth plugin
2026-06-10 11:09:20,076 [INFO] PluginManage:359 - Loaded plugin userauth (category:base,tabindex:14)
2026-06-10 11:09:20,076 [INFO] PluginManage:283 - PluginManage : Loaded plugins [18]
2026-06-10 11:09:20,397 [INFO] PinOutPanel:1589 - setPackage(No Configuration,No Configuration)
2026-06-10 11:09:20,544 [INFO] CADModel:165 - CPN selected for project level
2026-06-10 11:09:20,544 [INFO] CADModel:114 - Register for checkConnection events
2026-06-10 11:09:20,577 [INFO] IPUIPlugin:80 - create IPUIPlugin
2026-06-10 11:09:20,580 [INFO] PluginManager:220 - loadIPPluginJar : add adc
2026-06-10 11:09:20,592 [INFO] IPUIPlugin:80 - create IPUIPlugin
2026-06-10 11:09:20,593 [INFO] PluginManager:220 - loadIPPluginJar : add aes
2026-06-10 11:09:20,598 [INFO] IPUIPlugin:80 - create IPUIPlugin
2026-06-10 11:09:20,598 [INFO] PluginManager:220 - loadIPPluginJar : add can
2026-06-10 11:09:20,601 [INFO] IPUIPlugin:80 - create IPUIPlugin
2026-06-10 11:09:20,602 [INFO] PluginManager:220 - loadIPPluginJar : add comp
2026-06-10 11:09:20,605 [INFO] IPUIPlugin:80 - create IPUIPlugin
2026-06-10 11:09:20,606 [INFO] PluginManager:220 - loadIPPluginJar : add cryp
2026-06-10 11:09:20,612 [INFO] IPUIPlugin:80 - create IPUIPlugin
2026-06-10 11:09:20,612 [INFO] PluginManager:220 - loadIPPluginJar : add ddr_ctrl_phy
2026-06-10 11:09:20,617 [INFO] IPUIPlugin:80 - create IPUIPlugin
2026-06-10 11:09:20,618 [INFO] PluginManager:220 - loadIPPluginJar : add dfsdm
2026-06-10 11:09:20,627 [INFO] IPUIPlugin:80 - create IPUIPlugin
2026-06-10 11:09:20,627 [INFO] PluginManager:220 - loadIPPluginJar : add dma
2026-06-10 11:09:20,632 [INFO] IPUIPlugin:80 - create IPUIPlugin
2026-06-10 11:09:20,633 [INFO] PluginManager:220 - loadIPPluginJar : add dma3
2026-06-10 11:09:20,638 [INFO] IPUIPlugin:80 - create IPUIPlugin
2026-06-10 11:09:20,639 [INFO] PluginManager:220 - loadIPPluginJar : add extmemmanager
2026-06-10 11:09:20,642 [INFO] IPUIPlugin:80 - create IPUIPlugin
2026-06-10 11:09:20,642 [INFO] PluginManager:220 - loadIPPluginJar : add fatfs
2026-06-10 11:09:20,649 [INFO] IPUIPlugin:80 - create IPUIPlugin
2026-06-10 11:09:20,649 [INFO] PluginManager:220 - loadIPPluginJar : add fmc
2026-06-10 11:09:20,660 [INFO] IPUIPlugin:80 - create IPUIPlugin
2026-06-10 11:09:20,660 [INFO] PluginManager:220 - loadIPPluginJar : add freertos
2026-06-10 11:09:20,663 [INFO] IPUIPlugin:80 - create IPUIPlugin
2026-06-10 11:09:20,663 [INFO] PluginManager:220 - loadIPPluginJar : add genericplugin
2026-06-10 11:09:20,668 [INFO] IPUIPlugin:80 - create IPUIPlugin
2026-06-10 11:09:20,668 [INFO] PluginManager:220 - loadIPPluginJar : add gfxmmu
2026-06-10 11:09:20,676 [INFO] IPUIPlugin:80 - create IPUIPlugin
2026-06-10 11:09:20,676 [INFO] PluginManager:220 - loadIPPluginJar : add gic
2026-06-10 11:09:20,684 [INFO] IPUIPlugin:80 - create IPUIPlugin
2026-06-10 11:09:20,684 [INFO] PluginManager:220 - loadIPPluginJar : add gpio
2026-06-10 11:09:20,689 [INFO] IPUIPlugin:80 - create IPUIPlugin
2026-06-10 11:09:20,690 [INFO] PluginManager:220 - loadIPPluginJar : add gtzc
2026-06-10 11:09:20,694 [INFO] IPUIPlugin:80 - create IPUIPlugin
2026-06-10 11:09:20,695 [INFO] PluginManager:220 - loadIPPluginJar : add hash
2026-06-10 11:09:20,700 [INFO] IPUIPlugin:80 - create IPUIPlugin
2026-06-10 11:09:20,701 [INFO] PluginManager:220 - loadIPPluginJar : add i2c
2026-06-10 11:09:20,705 [INFO] IPUIPlugin:80 - create IPUIPlugin
2026-06-10 11:09:20,705 [INFO] PluginManager:220 - loadIPPluginJar : add i2s
2026-06-10 11:09:20,709 [INFO] IPUIPlugin:80 - create IPUIPlugin
2026-06-10 11:09:20,710 [INFO] PluginManager:220 - loadIPPluginJar : add i3c
2026-06-10 11:09:20,714 [INFO] IPUIPlugin:80 - create IPUIPlugin
2026-06-10 11:09:20,715 [INFO] PluginManager:220 - loadIPPluginJar : add ipddr
2026-06-10 11:09:20,727 [INFO] IPUIPlugin:80 - create IPUIPlugin
2026-06-10 11:09:20,727 [INFO] PluginManager:220 - loadIPPluginJar : add linkedlist
2026-06-10 11:09:20,732 [INFO] IPUIPlugin:80 - create IPUIPlugin
2026-06-10 11:09:20,733 [INFO] PluginManager:220 - loadIPPluginJar : add lorawan
2026-06-10 11:09:20,737 [INFO] IPUIPlugin:80 - create IPUIPlugin
2026-06-10 11:09:20,737 [INFO] PluginManager:220 - loadIPPluginJar : add ltdc
2026-06-10 11:09:20,746 [INFO] IPUIPlugin:80 - create IPUIPlugin
2026-06-10 11:09:20,746 [INFO] PluginManager:220 - loadIPPluginJar : add mdma
2026-06-10 11:09:20,751 [INFO] IPUIPlugin:80 - create IPUIPlugin
2026-06-10 11:09:20,752 [INFO] PluginManager:220 - loadIPPluginJar : add nvic
2026-06-10 11:09:20,756 [INFO] IPUIPlugin:80 - create IPUIPlugin
2026-06-10 11:09:20,757 [INFO] PluginManager:220 - loadIPPluginJar : add opamp
2026-06-10 11:09:20,761 [INFO] IPUIPlugin:80 - create IPUIPlugin
2026-06-10 11:09:20,761 [INFO] PluginManager:220 - loadIPPluginJar : add openamp
2026-06-10 11:09:20,767 [INFO] IPUIPlugin:80 - create IPUIPlugin
2026-06-10 11:09:20,767 [INFO] PluginManager:220 - loadIPPluginJar : add pdm2pcm
2026-06-10 11:09:20,776 [INFO] IPUIPlugin:80 - create IPUIPlugin
2026-06-10 11:09:20,778 [INFO] PluginManager:220 - loadIPPluginJar : add plateformsettings
2026-06-10 11:09:20,781 [INFO] IPUIPlugin:80 - create IPUIPlugin
2026-06-10 11:09:20,781 [INFO] PluginManager:220 - loadIPPluginJar : add quadspi
2026-06-10 11:09:20,784 [INFO] IPUIPlugin:80 - create IPUIPlugin
2026-06-10 11:09:20,785 [INFO] PluginManager:220 - loadIPPluginJar : add radio
2026-06-10 11:09:20,792 [INFO] IPUIPlugin:80 - create IPUIPlugin
2026-06-10 11:09:20,792 [INFO] PluginManager:220 - loadIPPluginJar : add resmgrutility
2026-06-10 11:09:20,797 [INFO] IPUIPlugin:80 - create IPUIPlugin
2026-06-10 11:09:20,797 [INFO] PluginManager:220 - loadIPPluginJar : add sai
2026-06-10 11:09:20,801 [INFO] IPUIPlugin:80 - create IPUIPlugin
2026-06-10 11:09:20,801 [INFO] PluginManager:220 - loadIPPluginJar : add spi
2026-06-10 11:09:20,811 [INFO] IPUIPlugin:80 - create IPUIPlugin
2026-06-10 11:09:20,811 [INFO] PluginManager:220 - loadIPPluginJar : add stm32_wpan
2026-06-10 11:09:20,815 [INFO] IPUIPlugin:80 - create IPUIPlugin
2026-06-10 11:09:20,815 [INFO] PluginManager:220 - loadIPPluginJar : add tim
2026-06-10 11:09:20,821 [INFO] IPUIPlugin:80 - create IPUIPlugin
2026-06-10 11:09:20,822 [INFO] PluginManager:220 - loadIPPluginJar : add touchsensing
2026-06-10 11:09:20,826 [INFO] IPUIPlugin:80 - create IPUIPlugin
2026-06-10 11:09:20,826 [INFO] PluginManager:220 - loadIPPluginJar : add tracer_emb
2026-06-10 11:09:20,836 [INFO] IPUIPlugin:80 - create IPUIPlugin
2026-06-10 11:09:20,838 [INFO] PluginManager:220 - loadIPPluginJar : add ts
2026-06-10 11:09:20,844 [INFO] IPUIPlugin:80 - create IPUIPlugin
2026-06-10 11:09:20,844 [INFO] PluginManager:220 - loadIPPluginJar : add tsc
2026-06-10 11:09:20,849 [INFO] IPUIPlugin:80 - create IPUIPlugin
2026-06-10 11:09:20,849 [INFO] PluginManager:220 - loadIPPluginJar : add ucpd
2026-06-10 11:09:20,854 [INFO] IPUIPlugin:80 - create IPUIPlugin
2026-06-10 11:09:20,854 [INFO] PluginManager:220 - loadIPPluginJar : add usart
2026-06-10 11:09:20,860 [INFO] IPUIPlugin:80 - create IPUIPlugin
2026-06-10 11:09:20,860 [INFO] PluginManager:220 - loadIPPluginJar : add usbx
2026-06-10 11:09:21,023 [FATAL] Updater:351 - Updater called before beeing initialized
2026-06-10 11:09:21,088 [INFO] RulesReader:64 - Compatibility file has been processed (317 Rules)
2026-06-10 11:09:21,106 [INFO] RulesReader:64 - Compatibility file has been processed (317 Rules)
2026-06-10 11:09:21,119 [INFO] CADModel:165 - CPN selected for project level
2026-06-10 11:09:21,119 [INFO] CADModel:114 - Register for checkConnection events
2026-06-10 11:09:21,119 [FATAL] Updater:351 - Updater called before beeing initialized
2026-06-10 11:09:21,120 [ERROR] CADModel:125 - Updater not yet initialized, retry later 
2026-06-10 11:09:21,425 [FATAL] Updater:351 - Updater called before beeing initialized
2026-06-10 11:09:21,442 [INFO] CADModel:165 - CPN selected for project level
2026-06-10 11:09:21,443 [INFO] CADModel:114 - Register for checkConnection events
2026-06-10 11:09:21,443 [FATAL] Updater:351 - Updater called before beeing initialized
2026-06-10 11:09:21,443 [ERROR] CADModel:125 - Updater not yet initialized, retry later 
2026-06-10 11:09:21,471 [FATAL] Updater:351 - Updater called before beeing initialized
2026-06-10 11:09:21,798 [FATAL] Updater:351 - Updater called before beeing initialized
2026-06-10 11:09:21,802 [INFO] DbMcusAds:53 - JSON generation date=Thu May 28 11:08:17 COT 2026 (1779984497073)
2026-06-10 11:09:21,803 [FATAL] Updater:351 - Updater called before beeing initialized
2026-06-10 11:09:21,872 [WARN] DetailPanel:346 - Failed to get advertising image, set to default
2026-06-10 11:09:21,992 [FATAL] Updater:351 - Updater called before beeing initialized
2026-06-10 11:09:21,996 [FATAL] Updater:351 - Updater called before beeing initialized
2026-06-10 11:09:21,996 [FATAL] Updater:351 - Updater called before beeing initialized
2026-06-10 11:09:21,996 [WARN] DetailPanel:346 - Failed to get advertising image, set to default
2026-06-10 11:09:21,997 [FATAL] Updater:351 - Updater called before beeing initialized
2026-06-10 11:09:22,068 [ERROR] Updater:1198 - MainUpdater not yet initialized. External WinMGr cannot be set.
2026-06-10 11:09:22,071 [INFO] Updater:1134 - Updater Version found : 6.15.0
2026-06-10 11:09:22,094 [INFO] ApplicationProperties:184 - Using Application install path: C:\ST\STM32CubeIDE_1.19.0\STM32CubeIDE\plugins\com.st.stm32cube.common.mx_6.15.0.202507011659
2026-06-10 11:09:22,688 [INFO] ThirdPartyUpdaterWithRetryManager:70 - Updater plugin not ready yet. [2/15]
2026-06-10 11:09:23,686 [ERROR] LogOutputStream:75 - [STDERR_REDIRECT] Jun 10, 2026 11:09:23 AM java.util.prefs.WindowsPreferences <init>
2026-06-10 11:09:23,690 [ERROR] LogOutputStream:75 - [STDERR_REDIRECT] WARNING: Could not open/create prefs root node Software\JavaSoft\Prefs at root 0xffffffff80000002. Windows RegCreateKeyEx(...) returned error code 5.
2026-06-10 11:09:23,690 [ERROR] LogOutputStream:75 - [STDERR_REDIRECT] 
2026-06-10 11:09:24,093 [INFO] MainUpdater:2872 - connection check result : 10
2026-06-10 11:09:24,094 [INFO] MainUpdater:289 - Updater Check For Update Now.
2026-06-10 11:09:24,094 [INFO] MicroXplorer:498 - Change Database Version : DB.6.0.150
2026-06-10 11:09:24,121 [INFO] McuFinderGlobals:63 - Set McuFinder mode to 2 (CubeIDE integrated)
2026-06-10 11:09:24,124 [INFO] UserAuth:487 - Internet connection configuration mode: 1
2026-06-10 11:09:24,190 [INFO] JxBrowserEngine:152 - Initiate JxBrowser Engine with user profile folder
2026-06-10 11:09:24,376 [INFO] CheckServerUpdateThread:120 - End of CheckServer Thread
2026-06-10 11:09:24,536 [INFO] MainUpdater:2872 - connection check result : 10
2026-06-10 11:09:24,537 [INFO] MainUpdater:2872 - connection check result : 10
2026-06-10 11:09:24,599 [INFO] MicroXplorer:468 - Change Database Path : 
2026-06-10 11:09:24,600 [INFO] MicroXplorer:498 - Change Database Version : DB.6.0.150
2026-06-10 11:09:24,646 [WARN] ThirdParty:871 - waiting for thirdparty lock release [close project]
2026-06-10 11:09:26,828 [WARN] PackLoader:240 - Cannot read IP mode file for STMicroelectronics.X-CUBE-AZRTOS-H7.3.5.0
2026-06-10 11:09:26,864 [WARN] PackLoader:240 - Cannot read IP mode file for STMicroelectronics.FP-SNS-MOTENVWB1.1.4.0
2026-06-10 11:09:26,879 [WARN] PackLoader:240 - Cannot read IP mode file for STMicroelectronics.FP-ATR-ASTRA1.2.0.2
2026-06-10 11:09:26,893 [ERROR] Engine:466 - C:\Users\Usuario\.stm32cubemx\thirdparties\pdsc\STMicroelectronics.X-CUBE-SMBUS.2.1.1.pdsc: PDSC version is not supported
2026-06-10 11:09:26,902 [WARN] PackLoader:240 - Cannot read IP mode file for STMicroelectronics.X-CUBE-SMBUS.2.1.0
2026-06-10 11:09:26,912 [WARN] PackLoader:240 - Cannot read IP mode file for STMicroelectronics.X-CUBE-ST60.1.0.0
2026-06-10 11:09:26,975 [WARN] PackLoader:240 - Cannot read IP mode file for STMicroelectronics.X-CUBE-AZRTOS-F7.1.1.0
2026-06-10 11:09:27,013 [WARN] PackLoader:240 - Cannot read IP mode file for STMicroelectronics.FP-SNS-MOTENV1.5.1.0
2026-06-10 11:09:27,069 [WARN] PackLoader:240 - Cannot read IP mode file for STMicroelectronics.X-CUBE-AZRTOS-H7.3.4.0
2026-06-10 11:09:27,092 [WARN] PackLoader:240 - Cannot read IP mode file for STMicroelectronics.X-CUBE-DISPLAY.3.0.0
2026-06-10 11:09:27,118 [WARN] PackLoader:240 - Cannot read IP mode file for STMicroelectronics.X-CUBE-GNSS1.7.1.1
2026-06-10 11:09:27,139 [WARN] PackLoader:240 - Cannot read IP mode file for STMicroelectronics.FP-SNS-MOTENVWB1.1.5.0
2026-06-10 11:09:27,154 [WARN] PackLoader:240 - Cannot read IP mode file for STMicroelectronics.X-CUBE-NFC10.1.0.0
2026-06-10 11:09:27,179 [WARN] PackLoader:240 - Cannot read IP mode file for STMicroelectronics.X-CUBE-ST60.1.1.0
2026-06-10 11:09:27,194 [WARN] PackLoader:240 - Cannot read IP mode file for STMicroelectronics.X-CUBE-GNSS1.7.1.0
2026-06-10 11:09:27,209 [WARN] PackLoader:240 - Cannot read IP mode file for STMicroelectronics.FP-SNS-SMARTAG2.1.2.0
2026-06-10 11:09:27,228 [WARN] PackLoader:240 - Cannot read IP mode file for STMicroelectronics.FP-SNS-FLIGHT1.5.1.0
2026-06-10 11:09:27,251 [INFO] LogOutputStream:77 - [STDOUT_REDIRECT] 1 : Invalid condition id : UX_CORESTACK_Condition cause : null
2026-06-10 11:09:27,252 [INFO] LogOutputStream:77 - [STDOUT_REDIRECT] 1 : Invalid condition id : UX_CORESTACK_Condition cause : null
2026-06-10 11:09:27,255 [INFO] LogOutputStream:77 - [STDOUT_REDIRECT] 1 : Invalid condition id : UX_CORESTACK_Condition cause : null
2026-06-10 11:09:27,258 [INFO] LogOutputStream:77 - [STDOUT_REDIRECT] 1 : Invalid condition id : UX_CORESTACK_Condition cause : null
2026-06-10 11:09:27,260 [INFO] LogOutputStream:77 - [STDOUT_REDIRECT] 1 : Invalid condition id : UX_CORESTACK_Condition cause : null
2026-06-10 11:09:27,267 [WARN] PackLoader:240 - Cannot read IP mode file for STMicroelectronics.X-CUBE-AZRTOS-WL.2.0.0
2026-06-10 11:09:27,285 [WARN] PackLoader:240 - Cannot read IP mode file for STMicroelectronics.FP-SNS-MOTENV1.5.0.0
2026-06-10 11:09:27,343 [WARN] PackLoader:240 - Cannot read IP mode file for STMicroelectronics.X-CUBE-AZRTOS-H7RS.1.2.0
2026-06-10 11:09:27,368 [WARN] PackLoader:240 - Cannot read IP mode file for WES.I-CUBE-Cesium.1.3.0
2026-06-10 11:09:27,381 [WARN] PackLoader:240 - Cannot read IP mode file for STMicroelectronics.X-CUBE-BLE2.3.3.0
2026-06-10 11:09:27,434 [WARN] PackLoader:240 - Cannot read IP mode file for STMicroelectronics.X-CUBE-NFC9.1.0.0
2026-06-10 11:09:27,463 [WARN] PackLoader:240 - Cannot read IP mode file for STMicroelectronics.X-CUBE-BLE1.7.1.0
2026-06-10 11:09:27,479 [WARN] PackLoader:240 - Cannot read IP mode file for STMicroelectronics.FP-SNS-STAIOTCFT.1.1.0
2026-06-10 11:09:27,588 [WARN] PackLoader:240 - Cannot read IP mode file for STMicroelectronics.X-CUBE-MEMS1.12.0.0
2026-06-10 11:09:27,837 [WARN] PackLoader:240 - Cannot read IP mode file for STMicroelectronics.X-CUBE-AZRTOS-G0.1.1.0
2026-06-10 11:09:27,859 [WARN] PackLoader:240 - Cannot read IP mode file for STMicroelectronics.X-CUBE-SAFEA1.1.2.2
2026-06-10 11:09:27,875 [WARN] PackLoader:240 - Cannot read IP mode file for STMicroelectronics.X-CUBE-NFC4.3.0.0
2026-06-10 11:09:27,899 [WARN] PackLoader:240 - Cannot read IP mode file for EmbeddedOffice.I-CUBE-FS-RTOS.1.0.1
2026-06-10 11:09:27,915 [WARN] PackLoader:240 - Cannot read IP mode file for STMicroelectronics.X-CUBE-WB05N.2.0.0
2026-06-10 11:09:27,927 [WARN] PackLoader:240 - Cannot read IP mode file for STMicroelectronics.X-CUBE-TCPP.4.2.0
2026-06-10 11:09:27,956 [WARN] PackLoader:240 - Cannot read IP mode file for RealThread.X-CUBE-RT-Thread_Nano.4.1.1
2026-06-10 11:09:27,969 [WARN] PackLoader:240 - Cannot read IP mode file for STMicroelectronics.FP-ATR-SIGFOX1.3.2.0
2026-06-10 11:09:27,986 [WARN] PackLoader:240 - Cannot read IP mode file for STMicroelectronics.X-CUBE-FREERTOS.1.5.0
2026-06-10 11:09:28,006 [WARN] PackLoader:240 - Cannot read IP mode file for STMicroelectronics.X-CUBE-NFC6.3.2.0
2026-06-10 11:09:28,045 [WARN] PackLoader:240 - Cannot read IP mode file for STMicroelectronics.X-CUBE-ST67W61.1.0.0
2026-06-10 11:09:28,153 [WARN] PackLoader:240 - Cannot read IP mode file for STMicroelectronics.X-CUBE-MEMS1.12.1.0
2026-06-10 11:09:28,244 [INFO] WebApp:169 - Instantiating new browser for Auth
2026-06-10 11:09:28,477 [WARN] PackLoader:240 - Cannot read IP mode file for SEGGER.I-CUBE-embOS.1.3.1
2026-06-10 11:09:28,563 [WARN] PackLoader:240 - Cannot read IP mode file for STMicroelectronics.X-CUBE-ALGOBUILD.1.4.0
2026-06-10 11:09:28,659 [WARN] PackLoader:240 - Cannot read IP mode file for STMicroelectronics.X-CUBE-MEMS1.11.3.0
2026-06-10 11:09:28,840 [WARN] PackLoader:240 - Cannot read IP mode file for STMicroelectronics.X-CUBE-PM33A1.1.0.0
2026-06-10 11:09:28,868 [WARN] PackLoader:240 - Cannot read IP mode file for STMicroelectronics.X-CUBE-AZRTOS-F4.1.1.0
2026-06-10 11:09:28,878 [WARN] PackLoader:240 - Cannot read IP mode file for STMicroelectronics.X-CUBE-ISPU.2.1.0
2026-06-10 11:09:28,896 [WARN] PackLoader:240 - Cannot read IP mode file for STMicroelectronics.X-CUBE-IPS.3.2.0
2026-06-10 11:09:28,924 [WARN] PackLoader:240 - Cannot read IP mode file for STMicroelectronics.eDS-WB_DPC_TT-BIDIR.2.1.1
2026-06-10 11:09:28,951 [WARN] PackLoader:240 - Cannot read IP mode file for STMicroelectronics.X-CUBE-AZRTOS-L5.2.0.0
2026-06-10 11:09:28,978 [WARN] PackLoader:240 - Cannot read IP mode file for STMicroelectronics.X-CUBE-NFC6.3.1.0
2026-06-10 11:09:28,995 [WARN] PackLoader:240 - Cannot read IP mode file for STMicroelectronics.X-CUBE-ALGOBUILD.1.5.0
2026-06-10 11:09:29,005 [WARN] PackLoader:240 - Cannot read IP mode file for STMicroelectronics.eDS-WB_DPC_VIENNA.1.2.0
2026-06-10 11:09:29,015 [WARN] PackLoader:240 - Cannot read IP mode file for STMicroelectronics.eDS-WB_DPC_3PH2L-BIDIR.1.1.1
2026-06-10 11:09:29,022 [ERROR] Engine:466 - C:\Users\Usuario\.stm32cubemx\thirdparties\pdsc\STMicroelectronics.X-CUBE-ST67W61.1.3.0.pdsc: PDSC version is not supported
2026-06-10 11:09:29,030 [WARN] PackLoader:240 - Cannot read IP mode file for STMicroelectronics.X-CUBE-FREERTOS.1.3.1
2026-06-10 11:09:29,041 [WARN] PackLoader:240 - Cannot read IP mode file for STMicroelectronics.X-CUBE-TOUCHGFX.4.26.1
2026-06-10 11:09:29,049 [WARN] PackLoader:240 - Cannot read IP mode file for STMicroelectronics.FP-SNS-STAIOTCFT.1.0.0
2026-06-10 11:09:29,060 [WARN] PackLoader:240 - Cannot read IP mode file for STMicroelectronics.X-CUBE-DPower.1.3.0
2026-06-10 11:09:29,087 [WARN] ConditionMgr:438 - getConditionDescription Invalid condition id : LAN8742 Phy interface Condition cause : null
2026-06-10 11:09:29,088 [WARN] PackLoader:240 - Cannot read IP mode file for STMicroelectronics.X-CUBE-AZRTOS-L4.2.0.0
2026-06-10 11:09:29,090 [WARN] ConditionMgr:1044 - genDependencies : Invalid condition id : LAN8742 Phy interface Condition cause : null
2026-06-10 11:09:29,090 [WARN] ConditionMgr:1044 - genDependencies : Invalid condition id : LAN8742 Phy interface Condition cause : null
2026-06-10 11:09:29,091 [WARN] ConditionMgr:1044 - genDependencies : Invalid condition id : LAN8742 Phy interface Condition cause : null
2026-06-10 11:09:29,103 [WARN] PackLoader:240 - Cannot read IP mode file for STMicroelectronics.X-CUBE-SFXS2LP1.4.0.0
2026-06-10 11:09:29,112 [WARN] PackLoader:240 - Cannot read IP mode file for STMicroelectronics.X-CUBE-WB05N.2.1.0
2026-06-10 11:09:29,123 [WARN] PackLoader:240 - Cannot read IP mode file for STMicroelectronics.X-CUBE-ST67W61.1.2.0
2026-06-10 11:09:29,143 [WARN] ConditionMgr:438 - getConditionDescription Invalid condition id : UX DEVICE CLASS RTOS Condition cause : null
2026-06-10 11:09:29,144 [WARN] ConditionMgr:438 - getConditionDescription Invalid condition id : UX DEVICE CLASS RTOS Condition cause : null
2026-06-10 11:09:29,146 [WARN] PackLoader:240 - Cannot read IP mode file for STMicroelectronics.X-CUBE-AZRTOS-WB.2.0.0
2026-06-10 11:09:29,147 [WARN] ConditionMgr:1044 - genDependencies : Invalid condition id : UX DEVICE CLASS RTOS Condition cause : null
2026-06-10 11:09:29,147 [WARN] ConditionMgr:1044 - genDependencies : Invalid condition id : UX DEVICE CLASS RTOS Condition cause : null
2026-06-10 11:09:29,147 [WARN] ConditionMgr:1044 - genDependencies : Invalid condition id : UX DEVICE CLASS RTOS Condition cause : null
2026-06-10 11:09:29,148 [WARN] ConditionMgr:1044 - genDependencies : Invalid condition id : UX DEVICE CLASS RTOS Condition cause : null
2026-06-10 11:09:29,148 [WARN] ConditionMgr:1044 - genDependencies : Invalid condition id : UX DEVICE CLASS RTOS Condition cause : null
2026-06-10 11:09:29,158 [WARN] PackLoader:240 - Cannot read IP mode file for STMicroelectronics.X-CUBE-GNSS1.7.0.1
2026-06-10 11:09:29,165 [WARN] PackLoader:240 - Cannot read IP mode file for STMicroelectronics.X-CUBE-TOUCHGFX.4.25.0
2026-06-10 11:09:29,173 [WARN] ConditionMgr:438 - getConditionDescription Invalid condition id : Cortex-A Device cause : null
2026-06-10 11:09:29,189 [WARN] ConditionMgr:1044 - genDependencies : Invalid condition id : Cortex-A Device cause : null
2026-06-10 11:09:29,189 [WARN] ConditionMgr:1044 - genDependencies : Invalid condition id : Cortex-A Device cause : null
2026-06-10 11:09:29,189 [WARN] ConditionMgr:1044 - genDependencies : Invalid condition id : Cortex-A Device cause : null
2026-06-10 11:09:29,200 [WARN] PackLoader:240 - Cannot read IP mode file for STMicroelectronics.X-CUBE-STSE01.2.0.0
2026-06-10 11:09:29,215 [WARN] PackLoader:240 - Cannot read IP mode file for STMicroelectronics.X-CUBE-SUBG2.5.0.0
2026-06-10 11:09:29,258 [WARN] PackLoader:240 - Cannot read IP mode file for STMicroelectronics.X-CUBE-AZRTOS-H7RS.1.1.0
2026-06-10 11:09:29,273 [WARN] PackLoader:240 - Cannot read IP mode file for Cesanta.I-CUBE-Mongoose.7.13.0
2026-06-10 11:09:29,295 [WARN] PackLoader:240 - Cannot read IP mode file for STMicroelectronics.X-CUBE-AZRTOS-G4.2.0.0
2026-06-10 11:09:29,306 [WARN] PackLoader:240 - Cannot read IP mode file for STMicroelectronics.X-CUBE-NFC7.2.0.0
2026-06-10 11:09:29,327 [WARN] PackLoader:240 - Cannot read IP mode file for STMicroelectronics.X-CUBE-IPS.3.1.0
2026-06-10 11:09:29,341 [WARN] PackLoader:240 - Cannot read IP mode file for STMicroelectronics.X-CUBE-ALS.1.0.2
2026-06-10 11:09:29,352 [WARN] PackLoader:240 - Cannot read IP mode file for portGmbH.I-Cube-SoM-uGOAL.1.1.0
2026-06-10 11:09:29,369 [WARN] PackLoader:240 - Cannot read IP mode file for STMicroelectronics.X-CUBE-TOF1.3.4.3
2026-06-10 11:09:29,383 [INFO] ThirdParty:978 - Integrity check success = true
2026-06-10 11:09:29,383 [INFO] IntegrityCheckThread:100 - exiting critical section [integrity check]
2026-06-10 11:09:29,383 [INFO] IntegrityCheckThread:103 - End integrity checks thread
2026-06-10 11:09:29,383 [INFO] ThirdParty:873 - entering critical section [close project]
2026-06-10 11:09:29,385 [INFO] ThirdParty:883 - exiting critical section [close project]
2026-06-10 11:09:29,394 [INFO] PinOutPanel:1589 - setPackage(No Configuration,No Configuration)
2026-06-10 11:09:29,397 [INFO] UtilMem:75 - Begin LoadConfig() Used Memory: 263291264 Bytes (325058560)
2026-06-10 11:09:29,400 [INFO] MicroXplorer:468 - Change Database Path : 
2026-06-10 11:09:29,400 [INFO] MicroXplorer:498 - Change Database Version : DB.6.0.150
2026-06-10 11:09:29,400 [INFO] OpenFileManager:355 - Change cursor
2026-06-10 11:09:29,489 [INFO] Mcu:2029 - Initializing MCU STM32F103R(C-D-E)Tx STM32F103RCTx STM32F103RCT6
2026-06-10 11:09:30,936 [INFO] WebApp:463 - Apply proxy settings
2026-06-10 11:09:30,936 [INFO] WebApp:548 - Chromium requires no authentication
2026-06-10 11:09:30,978 [INFO] WebApp:491 - Direct internet connection detected
2026-06-10 11:09:31,069 [INFO] WebApp:900 - Register for checkConnection events
2026-06-10 11:09:31,070 [INFO] WebApp:463 - Apply proxy settings
2026-06-10 11:09:31,070 [INFO] WebApp:548 - Chromium requires no authentication
2026-06-10 11:09:31,072 [INFO] WebApp:491 - Direct internet connection detected
2026-06-10 11:09:31,436 [INFO] WebApp:191 - Connection restablished
2026-06-10 11:09:31,702 [INFO] WebApp:225 - Starting web application
2026-06-10 11:09:31,702 [INFO] WebApp:593 - Web application path used C:\ST\STM32CubeIDE_1.19.0\STM32CubeIDE\plugins\com.st.stm32cube.common.mx_6.15.0.202507011659\db\plugins\mcufinder\reactClient1\index.html
2026-06-10 11:09:32,683 [INFO] Context:786 - Trying to add GPIOservice into a context  which must be forbidden
2026-06-10 11:09:33,590 [INFO] ImportTextPane:234 - (OptionalMessage_ERROR) Pin1 (VP_RIF_VS_RIF1) cannot be retrieved for this MCU
2026-06-10 11:09:33,757 [INFO] UserAuth:487 - Internet connection configuration mode: 1
2026-06-10 11:09:33,994 [INFO] RtosManager:558 - Registered RTOS mode: class=CMSIS, group=RTOS, mode=CMSIS_V1, owner=FREERTOS
2026-06-10 11:09:33,995 [INFO] RtosManager:558 - Registered RTOS mode: class=CMSIS, group=RTOS2, mode=CMSIS_V2, owner=FREERTOS
2026-06-10 11:09:33,995 [INFO] RtosManager:558 - Registered RTOS mode: class=RTOS, group=Core, mode=CMSIS_V1, owner=FREERTOS
2026-06-10 11:09:33,995 [INFO] RtosManager:558 - Registered RTOS mode: class=RTOS, group=Core, mode=CMSIS_V2, owner=FREERTOS
2026-06-10 11:09:33,996 [WARN] ModelIntegratedComponent:184 - Missing modes for component STMicroelectronics:FreeRTOS:0.0.1:STMicroelectronics:RTOS:FreeRTOS:Core:::10.2.0:
2026-06-10 11:09:34,055 [WARN] ModelIntegratedComponent:63 - No mode defined for component null
2026-06-10 11:09:34,055 [WARN] ModelIntegratedComponent:63 - No mode defined for component null
2026-06-10 11:09:34,056 [WARN] ModelIntegratedComponent:63 - No mode defined for component null
2026-06-10 11:09:34,056 [WARN] ModelIntegratedComponent:63 - No mode defined for component null
2026-06-10 11:09:34,056 [WARN] ModelIntegratedComponent:63 - No mode defined for component null
2026-06-10 11:09:34,056 [WARN] ModelIntegratedComponent:63 - No mode defined for component null
2026-06-10 11:09:34,057 [WARN] ModelIntegratedComponent:63 - No mode defined for component null
2026-06-10 11:09:34,057 [WARN] ModelIntegratedComponent:63 - No mode defined for component null
2026-06-10 11:09:34,057 [WARN] ModelIntegratedComponent:63 - No mode defined for component null
2026-06-10 11:09:34,057 [WARN] ModelIntegratedComponent:63 - No mode defined for component null
2026-06-10 11:09:34,058 [WARN] ModelIntegratedComponent:63 - No mode defined for component null
2026-06-10 11:09:34,058 [WARN] ModelIntegratedComponent:63 - No mode defined for component null
2026-06-10 11:09:34,058 [WARN] ModelIntegratedComponent:63 - No mode defined for component null
2026-06-10 11:09:34,058 [WARN] ModelIntegratedComponent:63 - No mode defined for component null
2026-06-10 11:09:34,058 [WARN] ModelIntegratedComponent:63 - No mode defined for component null
2026-06-10 11:09:34,058 [WARN] ModelIntegratedComponent:63 - No mode defined for component null
2026-06-10 11:09:34,058 [WARN] ModelIntegratedComponent:63 - No mode defined for component null
2026-06-10 11:09:34,058 [WARN] ModelIntegratedComponent:63 - No mode defined for component null
2026-06-10 11:09:34,059 [WARN] ModelIntegratedComponent:63 - No mode defined for component null
2026-06-10 11:09:34,059 [WARN] ModelIntegratedComponent:63 - No mode defined for component null
2026-06-10 11:09:34,059 [WARN] ModelIntegratedComponent:63 - No mode defined for component null
2026-06-10 11:09:34,059 [WARN] ModelIntegratedComponent:63 - No mode defined for component null
2026-06-10 11:09:34,059 [WARN] ModelIntegratedComponent:63 - No mode defined for component null
2026-06-10 11:09:34,059 [WARN] ModelIntegratedComponent:63 - No mode defined for component null
2026-06-10 11:09:34,059 [WARN] ModelIntegratedComponent:63 - No mode defined for component null
2026-06-10 11:09:34,059 [WARN] ModelIntegratedComponent:63 - No mode defined for component null
2026-06-10 11:09:34,059 [WARN] ModelIntegratedComponent:63 - No mode defined for component null
2026-06-10 11:09:34,060 [WARN] ModelIntegratedComponent:63 - No mode defined for component null
2026-06-10 11:09:34,060 [WARN] ModelIntegratedComponent:63 - No mode defined for component null
2026-06-10 11:09:34,060 [WARN] ModelIntegratedComponent:63 - No mode defined for component null
2026-06-10 11:09:34,060 [WARN] ModelIntegratedComponent:63 - No mode defined for component null
2026-06-10 11:09:34,060 [WARN] ModelIntegratedComponent:63 - No mode defined for component null
2026-06-10 11:09:34,060 [WARN] ModelIntegratedComponent:63 - No mode defined for component null
2026-06-10 11:09:34,060 [WARN] ModelIntegratedComponent:63 - No mode defined for component null
2026-06-10 11:09:34,060 [WARN] ModelIntegratedComponent:63 - No mode defined for component null
2026-06-10 11:09:34,061 [WARN] ModelPack:524 - Component already loaded: STMicroelectronics:HAL Drivers:0.0.0:STMicroelectronics:Device:STMicro_Driver:XSPI:HAL::0.0.1:HAL_XSPI
2026-06-10 11:09:34,322 [INFO] ThirdPartyModel:298 - Start build external matchings
2026-06-10 11:09:35,941 [INFO] ThirdPartyModel:316 - End build external matchings
2026-06-10 11:09:36,677 [INFO] ApiDb:581 - Connected to CubeFinder SQLite database (C:\Users\Usuario\.stmcufinder\plugins\mcufinder\mcu\cube-finder-db.db)
2026-06-10 11:09:36,939 [INFO] ApiDb:668 - CubeFinder database Data Model version=2.1
2026-06-10 11:09:36,940 [INFO] ApiDb:669 - CubeFinder database Configuration version=3.0.42
2026-06-10 11:09:36,940 [INFO] ApiDb:670 - CubeFinder database generation date=2026-05-14 (1778746352)
2026-06-10 11:09:36,941 [INFO] ApiDb:671 - CubeFinder database FW Pack versions=[FP-ATR-ASTRA1_V2.0.0, FP-SNS-FLIGHT1_V5.1.0, FP-SNS-MOTENV1_V5.1.0, FP-SNS-MOTENVWB1_V1.5.0, FP-SNS-SMARTAG2_V1.2.0, FP-SNS-STBOX1_V2.1.0, STM32Cube_FW_C0_V1.4.0, STM32Cube_FW_F4_V1.28.3, STM32Cube_FW_F7_V1.17.4, STM32Cube_FW_G0_V1.6.3, STM32Cube_FW_G4_V1.6.2, STM32Cube_FW_H5_V1.6.0, STM32Cube_FW_H7RS_V1.3.0, STM32Cube_FW_H7_V1.13.0, STM32Cube_FW_L0_V1.12.2, STM32Cube_FW_L4_V1.18.2, STM32Cube_FW_L5_V1.6.0, STM32Cube_FW_N6_V1.3.0, STM32Cube_FW_U0_V1.3.0, STM32Cube_FW_U3_V1.3.0, STM32Cube_FW_U5_V1.8.0, STM32Cube_FW_WB0_V1.4.0, STM32Cube_FW_WBA_V1.9.0, STM32Cube_FW_WB_V1.24.0, STM32Cube_FW_WL3_V1.4.0, STM32Cube_FW_WL_V1.5.0, X-CUBE-ALGOBUILD_V1.4.0, X-CUBE-ALS_V1.0.2, X-CUBE-AZRTOS-F4_V1.1.0, X-CUBE-AZRTOS-F7_V1.1.0, X-CUBE-AZRTOS-G0_V1.1.0, X-CUBE-AZRTOS-G4_V2.0.0, X-CUBE-AZRTOS-H7RS_V1.1.0, X-CUBE-AZRTOS-H7_V3.5.0, X-CUBE-AZRTOS-L4_V2.0.0, X-CUBE-AZRTOS-L5_V2.0.0, X-CUBE-AZRTOS-WB_V2.0.0, X-CUBE-AZRTOS-WL_V2.0.0, X-CUBE-BLE1_V7.1.0, X-CUBE-BLE2_V3.3.0, X-CUBE-BLEMGR_V4.1.0, X-CUBE-EEPRMA1_V5.2.0, X-CUBE-FREERTOS_V1.5.0, X-CUBE-GNSS1_V7.1.1, X-CUBE-MEMS1_V12.1.0, X-CUBE-NFC4_V3.0.0, X-CUBE-NFC7_V2.0.0, X-CUBE-SFXS2LP1_V4.0.0, X-CUBE-ST67W61_V1.3.0, X-CUBE-SUBG2_V5.0.0, X-CUBE-TOF1_V3.4.3]
2026-06-10 11:09:37,265 [INFO] DbBoardsSqlite:226 - include board P-NUCLEO-WB55-NUCLEO as a kit item of type 'Nucleo-64'
2026-06-10 11:09:37,266 [INFO] DbBoardsSqlite:226 - include board P-NUCLEO-WB55-USBDONGLE as a kit item of type 'Nucleo USB Dongle'
2026-06-10 11:09:37,269 [INFO] DbBoardsSqlite:226 - include board STEVAL-IDP005V1 as a kit item of type 'Evaluation Board'
2026-06-10 11:09:37,269 [INFO] DbBoardsSqlite:226 - include board STEVAL-IDP005V2 as a kit item of type 'Evaluation Board'
2026-06-10 11:09:39,157 [INFO] ApiDb:240 - Found 880 in-development CPN: [B-G473E-ZEST1S, B-WB1M-WPAN1, B-WBA5M-WPAN, B-WL5M-SUBG1, NUCLEO-C031C6, NUCLEO-C051C8, NUCLEO-C071RB, NUCLEO-C092RC, NUCLEO-H503RB, NUCLEO-H533RE, NUCLEO-H563ZI, NUCLEO-H7S3L8, NUCLEO-N657X0-Q, NUCLEO-U031R8, NUCLEO-U083RC, NUCLEO-U385RG-Q, NUCLEO-U545RE-Q, NUCLEO-U5A5ZJ-Q, NUCLEO-WB05KZ, NUCLEO-WB07CC, NUCLEO-WB09KE, NUCLEO-WBA52CG, NUCLEO-WBA55CG, NUCLEO-WL33CC1, NUCLEO-WL33CC2, STEVAL-PROTEUS1, STEVAL-SMARTAG2, STEVAL-STWINBX1, STM320518-EVAL, STM32C0116-DK, STM32C011D6Y3TR, STM32C011D6Y6TR, STM32C011F4P3, STM32C011F4P6, STM32C011F4U3, STM32C011F4U6TR, STM32C011F6P3, STM32C011F6P6, STM32C011F6U3, STM32C011F6U6TR, STM32C011J4M3, STM32C011J4M6, STM32C011J6M3, STM32C011J6M6, STM32C0316-DK, STM32C031C4T3, STM32C031C4T6, STM32C031C4U3, STM32C031C4U6, STM32C031C6T3, STM32C031C6T6, STM32C031C6U3, STM32C031C6U6, STM32C031F4P3, STM32C031F4P6, STM32C031F6P3, STM32C031F6P6, STM32C031G4U3, STM32C031G4U6, STM32C031G6U3, STM32C031G6U6, STM32C031K4T3, STM32C031K4T6, STM32C031K4U3, STM32C031K4U6, STM32C031K6T3, STM32C031K6T6, STM32C031K6U3, STM32C031K6U6, STM32C051C6T6, STM32C051C6U6, STM32C051C8T6, STM32C051C8U6, STM32C051D8Y6TR, STM32C051F6P6, STM32C051F8P6, STM32C051G6U6, STM32C051G8U6, STM32C051K6T6, STM32C051K6U6, STM32C051K8T6, STM32C071C8T6, STM32C071C8T6N, STM32C071C8U6, STM32C071C8U6N, STM32C071CBT6, STM32C071CBT6N, STM32C071CBU6, STM32C071CBU6N, STM32C071F8P6, STM32C071F8P6N, STM32C071FBP6, STM32C071FBP6N, STM32C071FBY6TR, STM32C071G8U6, STM32C071G8U6N, STM32C071GBU6, STM32C071GBU6N, STM32C071K8T6, STM32C071K8T6N, STM32C071K8U6, STM32C071K8U6N, STM32C071KBT6, STM32C071KBT6N, STM32C071KBU6, STM32C071KBU6N, STM32C071R8T6, STM32C071R8T6N, STM32C071RBI6N, STM32C071RBT6, STM32C071RBT6N, STM32C091CBT6, STM32C091CBU6, STM32C091CCT6, STM32C091CCU6, STM32C091ECY6TR, STM32C091FBP6, STM32C091FCP6, STM32C091GBU6, STM32C091GCU6, STM32C091KBT6, STM32C091KBU6, STM32C091KCT6, STM32C091KCU6, STM32C091RBT6, STM32C091RCI6, STM32C091RCT6, STM32C092CBT6, STM32C092CBU6, STM32C092CCT6, STM32C092CCU6, STM32C092ECY6TR, STM32C092FBP6, STM32C092FCP6, STM32C092GBU6, STM32C092GCU6, STM32C092KBT6, STM32C092KBU6, STM32C092KCT6, STM32C092KCU6, STM32C092RBT6, STM32C092RCI6, STM32C092RCT6, STM32G071K8TXN, STM32G071K8UXN, STM32G081GBU6N, STM32G081KBT6N, STM32G081KBUXN, STM32G0B1CCT6N, STM32G0B1KCT6, STM32G0B1NEY6TR, STM32G0B1RCT6N, STM32G0C1CCT6, STM32G0C1CCT6N, STM32G0C1CCU6N, STM32G0C1CET6N, STM32G0C1CEU6N, STM32G0C1KCT6, STM32G0C1NEY6TR, STM32G0C1RCI6N, STM32G0C1RCT6N, STM32G0C1REI6N, STM32G0C1RET6N, STM32G0C1VCI6, STM32G0C1VEI6, STM32G411C6T3, STM32G411C6T6, STM32G411C6U3, STM32G411C6U6, STM32G411C8T3, STM32G411C8T6, STM32G411C8U3, STM32G411C8U6, STM32G411CBT3, STM32G411CBT6, STM32G411CBU3, STM32G411CBU6, STM32G411K6T3, STM32G411K6T6, STM32G411K6U3, STM32G411K6U6, STM32G411K8T3, STM32G411K8T6, STM32G411K8U3, STM32G411K8U6, STM32G411KBT3, STM32G411KBT6, STM32G411KBU3, STM32G411KBU6, STM32G411M6T3, STM32G411M6T6, STM32G411M8T3, STM32G411M8T6, STM32G411MBT3, STM32G411MBT6, STM32G411R6T3, STM32G411R6T6, STM32G411R8T3, STM32G411R8T6, STM32G411RBT3, STM32G411RBT6, STM32G414CBT3, STM32G414CBT6, STM32G414CBU3, STM32G414CBU6, STM32G414CCT3, STM32G414CCT6, STM32G414CCU3, STM32G414CCU6, STM32G414MBT3, STM32G414MBT6, STM32G414MCT3, STM32G414MCT6, STM32G414RBT3, STM32G414RBT6, STM32G414RCT3, STM32G414RCT6, STM32G414VBT3, STM32G414VBT6, STM32G414VCT3, STM32G414VCT6, STM32G431CBT3Z, STM32G431RBT3Z, STM32G471CCT6, STM32G471CCU6, STM32G471CET3, STM32G471CET6, STM32G471CEU3, STM32G471CEU6, STM32G471MCT6, STM32G471MET3, STM32G471MET6, STM32G471MEY6TR, STM32G471QCT6, STM32G471QET3, STM32G471RCT6, STM32G471RET3, STM32G471RET6, STM32G471VCH6, STM32G471VCI6, STM32G471VCT6, STM32G471VEH3, STM32G471VEH6, STM32G471VEI3, STM32G471VEI6, STM32G471VET3, STM32G471VET6, STM32G473QET3Z, STM32G473RET3Z, STM32G474CCT6, STM32G491RET3Z, STM32H503CBT6, STM32H503CBU6, STM32H503EBY6TR, STM32H503KBU6, STM32H503RBT6, STM32H523CCT6, STM32H523CCU6, STM32H523CET6, STM32H523CEU6, STM32H523HEY6TR, STM32H523RCT6, STM32H523RET6, STM32H523VCI6, STM32H523VCT6, STM32H523VEI6, STM32H523VET6, STM32H523ZCJ6, STM32H523ZCT6, STM32H523ZEJ6, STM32H523ZET6, STM32H533CET6, STM32H533CEU6, STM32H533HEY6TR, STM32H533RET6, STM32H533VEI6, STM32H533VET6, STM32H533ZEJ6, STM32H533ZET6, STM32H562AGI6, STM32H562AII6, STM32H562IGK6, STM32H562IGT6, STM32H562IIK6, STM32H562IIT6, STM32H562RGT6, STM32H562RGV6, STM32H562RIT6, STM32H562RIV6, STM32H562VGT6, STM32H562VIT6, STM32H562ZGT6, STM32H562ZIT6, STM32H563AGI6, STM32H563AII3Q, STM32H563AII6, STM32H563IGK6, STM32H563IGT6, STM32H563IIK3Q, STM32H563IIK6, STM32H563IIT3Q, STM32H563IIT6, STM32H563MIY3QTR, STM32H563RGT6, STM32H563RGV6, STM32H563RIT6, STM32H563RIV6, STM32H563VGT6, STM32H563VIT3Q, STM32H563VIT6, STM32H563ZGT6, STM32H563ZIT3Q, STM32H563ZIT6, STM32H573AII3Q, STM32H573AII6, STM32H573I-DK, STM32H573IIK3Q, STM32H573IIK6, STM32H573IIT3Q, STM32H573IIT6, STM32H573MIY3QTR, STM32H573RIT6, STM32H573RIV6, STM32H573VIT3Q, STM32H573VIT6, STM32H573ZIT3Q, STM32H573ZIT6, STM32H7R3A8I6, STM32H7R3I8K6, STM32H7R3I8T6, STM32H7R3L8H6, STM32H7R3L8H6H, STM32H7R3R8V6, STM32H7R3V8H6, STM32H7R3V8T6, STM32H7R3V8Y6TR, STM32H7R3Z8J6, STM32H7R3Z8T6, STM32H7R7A8I6, STM32H7R7I8K6, STM32H7R7I8T6, STM32H7R7L8H6, STM32H7R7L8H6H, STM32H7R7Z8J6, STM32H7S3A8I6, STM32H7S3I8K6, STM32H7S3I8T6, STM32H7S3L8H6, STM32H7S3L8H6H, STM32H7S3R8V6, STM32H7S3V8H6, STM32H7S3V8T6, STM32H7S3V8Y6TR, STM32H7S3Z8J6, STM32H7S3Z8T6, STM32H7S78-DK, STM32H7S7A8I6, STM32H7S7I8K6, STM32H7S7I8T6, STM32H7S7L8H6, STM32H7S7L8H6H, STM32H7S7Z8J6, STM32L4R5QGI6STR, STM32MP131AAE3, STM32MP131AAF3, STM32MP131AAG3, STM32MP131CAE3, STM32MP131CAF3, STM32MP131CAG3, STM32MP131DAE7, STM32MP131DAF7, STM32MP131DAG7, STM32MP131FAE7, STM32MP131FAF7, STM32MP131FAG7, STM32MP133AAE3, STM32MP133AAF3, STM32MP133AAG3, STM32MP133CAE3, STM32MP133CAF3, STM32MP133CAG3, STM32MP133DAE7, STM32MP133DAF7, STM32MP133DAG7, STM32MP133FAE7, STM32MP133FAF7, STM32MP133FAG7, STM32MP135AAE3, STM32MP135AAF3, STM32MP135AAG3, STM32MP135CAE3, STM32MP135CAF3, STM32MP135CAG3, STM32MP135DAE7, STM32MP135DAF7, STM32MP135DAG7, STM32MP135F-DK, STM32MP135FAE7, STM32MP135FAF7, STM32MP135FAF7T, STM32MP135FAF7U, STM32MP135FAG7, STM32MP211AAL3, STM32MP211AAM3, STM32MP211AAN3, STM32MP211AAO3, STM32MP211CAL3, STM32MP211CAM3, STM32MP211CAN3, STM32MP211CAO3, STM32MP211DAL3, STM32MP211DAM3, STM32MP211DAN3, STM32MP211DAO3, STM32MP211FAL3, STM32MP211FAM3, STM32MP211FAN3, STM32MP211FAO3, STM32MP213AAL3, STM32MP213AAM3, STM32MP213AAN3, STM32MP213AAO3, STM32MP213CAL3, STM32MP213CAM3, STM32MP213CAN3, STM32MP213CAO3, STM32MP213DAL3, STM32MP213DAM3, STM32MP213DAN3, STM32MP213DAO3, STM32MP213FAL3, STM32MP213FAM3, STM32MP213FAN3, STM32MP213FAO3, STM32MP215AAL3, STM32MP215AAM3, STM32MP215AAN3, STM32MP215AAO3, STM32MP215CAL3, STM32MP215CAM3, STM32MP215CAN3, STM32MP215CAO3, STM32MP215DAL3, STM32MP215DAM3, STM32MP215DAN3, STM32MP215DAO3, STM32MP215F-DK, STM32MP215FAL3, STM32MP215FAM3, STM32MP215FAN3, STM32MP215FAO3, STM32MP231AAJ3, STM32MP231AAK3, STM32MP231AAL3, STM32MP231CAJ3, STM32MP231CAK3, STM32MP231CAL3, STM32MP231DAJ3, STM32MP231DAK3, STM32MP231DAL3, STM32MP231FAJ3, STM32MP231FAK3, STM32MP231FAL3, STM32MP233AAJ3, STM32MP233AAK3, STM32MP233AAL3, STM32MP233CAJ3, STM32MP233CAK3, STM32MP233CAL3, STM32MP233DAJ3, STM32MP233DAK3, STM32MP233DAL3, STM32MP233FAJ3, STM32MP233FAK3, STM32MP233FAL3, STM32MP235AAJ3, STM32MP235AAK3, STM32MP235AAL3, STM32MP235CAJ3, STM32MP235CAK3, STM32MP235CAL3, STM32MP235DAJ3, STM32MP235DAK3, STM32MP235DAL3, STM32MP235FAJ3, STM32MP235FAK3, STM32MP235FAL3, STM32MP251AAI3, STM32MP251AAK3, STM32MP251AAL3, STM32MP251CAI3, STM32MP251CAK3, STM32MP251CAL3, STM32MP251DAI3, STM32MP251DAK3, STM32MP251DAL3, STM32MP251FAI3, STM32MP251FAK3, STM32MP251FAL3, STM32MP253AAI3, STM32MP253AAK3, STM32MP253AAL3, STM32MP253CAI3, STM32MP253CAK3, STM32MP253CAL3, STM32MP253DAI3, STM32MP253DAK3, STM32MP253DAL3, STM32MP253FAI3, STM32MP253FAK3, STM32MP253FAL3, STM32MP255AAI3, STM32MP255AAK3, STM32MP255AAL3, STM32MP255CAI3, STM32MP255CAK3, STM32MP255CAL3, STM32MP255DAI3, STM32MP255DAK3, STM32MP255DAL3, STM32MP255FAI3, STM32MP255FAK3, STM32MP255FAL3, STM32MP257AAI3, STM32MP257AAK3, STM32MP257AAL3, STM32MP257CAI3, STM32MP257CAK3, STM32MP257CAL3, STM32MP257DAI3, STM32MP257DAK3, STM32MP257DAL3, STM32MP257F-DK, STM32MP257F-EV1, STM32MP257FAI3, STM32MP257FAK3, STM32MP257FAL3, STM32N645A0H3Q, STM32N645B0H3Q, STM32N645I0H3Q, STM32N645L0H3Q, STM32N645X0H3Q, STM32N645Z0H3Q, STM32N647A0H3Q, STM32N647B0H3Q, STM32N647I0H3Q, STM32N647L0H3Q, STM32N647X0H3Q, STM32N647Z0H3Q, STM32N655A0H3Q, STM32N655B0H3Q, STM32N655I0H3Q, STM32N655L0H3Q, STM32N655X0H3Q, STM32N655Z0H3Q, STM32N6570-DK, STM32N657A0H3Q, STM32N657B0H3Q, STM32N657I0H3Q, STM32N657L0H3Q, STM32N657X0H3Q, STM32N657Z0H3Q, STM32U031C6T6, STM32U031C6U6, STM32U031C8T6, STM32U031C8U6, STM32U031F4P6, STM32U031F6P6, STM32U031F8P6, STM32U031G6Y6TR, STM32U031G8Y6TR, STM32U031K4U6, STM32U031K6U6, STM32U031K8U6, STM32U031R6I6, STM32U031R6T6, STM32U031R8I6, STM32U031R8T6, STM32U073C8T6, STM32U073C8U6, STM32U073CBT6, STM32U073CBU6, STM32U073CCT6, STM32U073CCU6, STM32U073H8Y6TR, STM32U073HBY6TR, STM32U073HCY6TR, STM32U073K8U6, STM32U073KBU6, STM32U073KCU6, STM32U073M8I6, STM32U073M8T6, STM32U073MBI6, STM32U073MBT6, STM32U073MCI6, STM32U073MCT6, STM32U073R8I6, STM32U073R8T6, STM32U073RBI6, STM32U073RBT6, STM32U073RCI6, STM32U073RCT6, STM32U083C-DK, STM32U083CCT6, STM32U083CCU6, STM32U083HCY6TR, STM32U083KCU6, STM32U083MCI6, STM32U083MCT6, STM32U083RCI6, STM32U083RCT6, STM32U375CET6, STM32U375CET6Q, STM32U375CEU6, STM32U375CEU6Q, STM32U375CEY6QTR, STM32U375CGT6, STM32U375CGT6Q, STM32U375CGU6, STM32U375CGU6Q, STM32U375CGY6QTR, STM32U375KEU6, STM32U375KGU6, STM32U375REI6, STM32U375REI6Q, STM32U375RET6, STM32U375RET6Q, STM32U375REY6GTR, STM32U375REY6QTR, STM32U375RGI6, STM32U375RGI6Q, STM32U375RGT6, STM32U375RGT6Q, STM32U375RGY6GTR, STM32U375RGY6QTR, STM32U375VEI6, STM32U375VEI6Q, STM32U375VET6, STM32U375VET6Q, STM32U375VGI6, STM32U375VGI6Q, STM32U375VGT6, STM32U375VGT6Q, STM32U385CGT6, STM32U385CGT6Q, STM32U385CGU6, STM32U385CGU6Q, STM32U385CGY6QTR, STM32U385KGU6, STM32U385RGI6, STM32U385RGI6Q, STM32U385RGT6, STM32U385RGT6Q, STM32U385RGY6GTR, STM32U385RGY6QTR, STM32U385VGI6, STM32U385VGI6Q, STM32U385VGT6, STM32U385VGT6Q, STM32U535CBT6, STM32U535CBT6Q, STM32U535CBU6, STM32U535CBU6Q, STM32U535CCT6, STM32U535CCT6Q, STM32U535CCU6, STM32U535CCU6Q, STM32U535CET6, STM32U535CET6Q, STM32U535CEU6, STM32U535CEU6Q, STM32U535JEY6QTR, STM32U535NCY6QTR, STM32U535NEY6QTR, STM32U535RBI6, STM32U535RBI6Q, STM32U535RBT6, STM32U535RBT6Q, STM32U535RCI6, STM32U535RCI6Q, STM32U535RCT6, STM32U535RCT6Q, STM32U535REI6, STM32U535REI6Q, STM32U535RET6, STM32U535RET6Q, STM32U535VCI6, STM32U535VCI6Q, STM32U535VCT6, STM32U535VCT6Q, STM32U535VEI6, STM32U535VEI6Q, STM32U535VET6, STM32U535VET6Q, STM32U545CET6, STM32U545CET6Q, STM32U545CEU6, STM32U545CEU6Q, STM32U545JEY6QTR, STM32U545NEY6QTR, STM32U545REI6, STM32U545REI6Q, STM32U545RET6, STM32U545RET6Q, STM32U545VEI6, STM32U545VEI6Q, STM32U545VET6, STM32U545VET6Q, STM32U595AIH6, STM32U595AIH6Q, STM32U595AJH6, STM32U595AJH6Q, STM32U595QII6, STM32U595QII6Q, STM32U595QJI6, STM32U595QJI6Q, STM32U595RIT6, STM32U595RIT6Q, STM32U595RJT6, STM32U595RJT6Q, STM32U595VIT6, STM32U595VIT6Q, STM32U595VJT6, STM32U595VJT6Q, STM32U595ZIT6, STM32U595ZIT6Q, STM32U595ZIY6QTR, STM32U595ZJT6, STM32U595ZJT6Q, STM32U595ZJY6QTR, STM32U599BJY6QTR, STM32U599NIH6Q, STM32U599NJH6Q, STM32U599VIT6Q, STM32U599VJT6, STM32U599VJT6Q, STM32U599ZIT6Q, STM32U599ZIY6QTR, STM32U599ZJT6Q, STM32U599ZJY6QTR, STM32U5A5AJH6, STM32U5A5AJH6Q, STM32U5A5QII3Q , STM32U5A5QJI6, STM32U5A5QJI6Q, STM32U5A5RJT6, STM32U5A5RJT6Q, STM32U5A5VJT6, STM32U5A5VJT6Q, STM32U5A5ZJT6, STM32U5A5ZJT6Q, STM32U5A5ZJY6QTR, STM32U5A9BJY6QTR, STM32U5A9J-DK, STM32U5A9NJH6Q, STM32U5A9VJT6Q, STM32U5A9ZJT6Q, STM32U5A9ZJY6QTR, STM32U5F7VIT6, STM32U5F7VIT6Q, STM32U5F7VJT6, STM32U5F7VJT6Q, STM32U5F9BJY6QTR, STM32U5F9NJH6Q, STM32U5F9VIT6Q, STM32U5F9VJT6Q, STM32U5F9ZIJ6QTR, STM32U5F9ZIT6Q, STM32U5F9ZJJ6QTR, STM32U5F9ZJT6Q, STM32U5G7VJT6, STM32U5G7VJT6Q, STM32U5G9BJY6QTR, STM32U5G9J-DK1, STM32U5G9J-DK2, STM32U5G9NJH6Q, STM32U5G9VJT6Q, STM32U5G9ZJJ6QTR, STM32U5G9ZJT6Q, STM32WB05KZV6TR, STM32WB05KZV7TR, STM32WB05TZF6TR, STM32WB05TZF7TR, STM32WB06CCF6TR, STM32WB06CCF7TR, STM32WB06CCV6TR, STM32WB06CCV7TR, STM32WB06KCV6TR, STM32WB06KCV7TR, STM32WB07CCF6TR, STM32WB07CCF7TR, STM32WB07CCV6TR, STM32WB07CCV7TR, STM32WB07KCV6TR, STM32WB07KCV7TR, STM32WB09KEV6TR, STM32WB09KEV7TR, STM32WB09TEF6TR, STM32WB09TEF7TR, STM32WB1MMCH6, STM32WBA50KGU6, STM32WBA50KGU6TR, STM32WBA52CEU6, STM32WBA52CEU6TR, STM32WBA52CEU7, STM32WBA52CEU7TR, STM32WBA52CGU6, STM32WBA52CGU6TR, STM32WBA52CGU6U, STM32WBA52CGU7, STM32WBA52CGU7TR, STM32WBA52KEU6, STM32WBA52KEU6TR, STM32WBA52KGU6, STM32WBA52KGU6TR, STM32WBA54CEU6, STM32WBA54CEU6TR, STM32WBA54CEU7, STM32WBA54CEU7TR, STM32WBA54CGU6, STM32WBA54CGU6TR, STM32WBA54CGU7, STM32WBA54CGU7TR, STM32WBA54KEU6, STM32WBA54KEU6TR, STM32WBA54KEU7, STM32WBA54KEU7TR, STM32WBA54KGU6, STM32WBA54KGU6TR, STM32WBA54KGU7, STM32WBA54KGU7TR, STM32WBA55CEU6, STM32WBA55CEU6TR, STM32WBA55CEU7, STM32WBA55CEU7TR, STM32WBA55CGU6, STM32WBA55CGU6TR, STM32WBA55CGU6U, STM32WBA55CGU7, STM32WBA55CGU7TR, STM32WBA55G-DK1, STM32WBA55HEF6, STM32WBA55HEF7, STM32WBA55HGF6, STM32WBA55HGF7, STM32WBA55UEI6, STM32WBA55UEI6TR, STM32WBA55UEI7, STM32WBA55UEI7TR, STM32WBA55UGI6, STM32WBA55UGI6TR, STM32WBA55UGI7, STM32WBA55UGI7TR, STM32WBA5MMGH6TR, STM32WBA62MGF6, STM32WBA62MIF6, STM32WBA65MGF7, STM32WBA65MIF6, STM32WBA65MIF7, STM32WL30K8V6, STM32WL30KBV6, STM32WL31C8V6, STM32WL31CBV6, STM32WL31K8V6, STM32WL31KBV6, STM32WL33C8V6, STM32WL33C8V6X, STM32WL33CBV6, STM32WL33CBV6X, STM32WL33CCV6, STM32WL33CCV6A, STM32WL33CCV6X, STM32WL33K8V7, STM32WL33K8V7X, STM32WL33KBV7 , STM32WL33KBV7X, STM32WL33KCV7, STM32WL33KCV7X, STM32WL5MOCH6, STM32WL5MOCH6TR]
2026-06-10 11:09:39,165 [INFO] ApiDb:668 - CubeFinder database Data Model version=2.1
2026-06-10 11:09:39,166 [INFO] ApiDb:669 - CubeFinder database Configuration version=3.0.42
2026-06-10 11:09:39,166 [INFO] ApiDb:670 - CubeFinder database generation date=2026-05-14 (1778746352)
2026-06-10 11:09:39,166 [INFO] ApiDb:671 - CubeFinder database FW Pack versions=[FP-ATR-ASTRA1_V2.0.0, FP-SNS-FLIGHT1_V5.1.0, FP-SNS-MOTENV1_V5.1.0, FP-SNS-MOTENVWB1_V1.5.0, FP-SNS-SMARTAG2_V1.2.0, FP-SNS-STBOX1_V2.1.0, STM32Cube_FW_C0_V1.4.0, STM32Cube_FW_F4_V1.28.3, STM32Cube_FW_F7_V1.17.4, STM32Cube_FW_G0_V1.6.3, STM32Cube_FW_G4_V1.6.2, STM32Cube_FW_H5_V1.6.0, STM32Cube_FW_H7RS_V1.3.0, STM32Cube_FW_H7_V1.13.0, STM32Cube_FW_L0_V1.12.2, STM32Cube_FW_L4_V1.18.2, STM32Cube_FW_L5_V1.6.0, STM32Cube_FW_N6_V1.3.0, STM32Cube_FW_U0_V1.3.0, STM32Cube_FW_U3_V1.3.0, STM32Cube_FW_U5_V1.8.0, STM32Cube_FW_WB0_V1.4.0, STM32Cube_FW_WBA_V1.9.0, STM32Cube_FW_WB_V1.24.0, STM32Cube_FW_WL3_V1.4.0, STM32Cube_FW_WL_V1.5.0, X-CUBE-ALGOBUILD_V1.4.0, X-CUBE-ALS_V1.0.2, X-CUBE-AZRTOS-F4_V1.1.0, X-CUBE-AZRTOS-F7_V1.1.0, X-CUBE-AZRTOS-G0_V1.1.0, X-CUBE-AZRTOS-G4_V2.0.0, X-CUBE-AZRTOS-H7RS_V1.1.0, X-CUBE-AZRTOS-H7_V3.5.0, X-CUBE-AZRTOS-L4_V2.0.0, X-CUBE-AZRTOS-L5_V2.0.0, X-CUBE-AZRTOS-WB_V2.0.0, X-CUBE-AZRTOS-WL_V2.0.0, X-CUBE-BLE1_V7.1.0, X-CUBE-BLE2_V3.3.0, X-CUBE-BLEMGR_V4.1.0, X-CUBE-EEPRMA1_V5.2.0, X-CUBE-FREERTOS_V1.5.0, X-CUBE-GNSS1_V7.1.1, X-CUBE-MEMS1_V12.1.0, X-CUBE-NFC4_V3.0.0, X-CUBE-NFC7_V2.0.0, X-CUBE-SFXS2LP1_V4.0.0, X-CUBE-ST67W61_V1.3.0, X-CUBE-SUBG2_V5.0.0, X-CUBE-TOF1_V3.4.3]
2026-06-10 11:09:42,819 [INFO] ApiDb:240 - Found 880 in-development CPN: [B-G473E-ZEST1S, B-WB1M-WPAN1, B-WBA5M-WPAN, B-WL5M-SUBG1, NUCLEO-C031C6, NUCLEO-C051C8, NUCLEO-C071RB, NUCLEO-C092RC, NUCLEO-H503RB, NUCLEO-H533RE, NUCLEO-H563ZI, NUCLEO-H7S3L8, NUCLEO-N657X0-Q, NUCLEO-U031R8, NUCLEO-U083RC, NUCLEO-U385RG-Q, NUCLEO-U545RE-Q, NUCLEO-U5A5ZJ-Q, NUCLEO-WB05KZ, NUCLEO-WB07CC, NUCLEO-WB09KE, NUCLEO-WBA52CG, NUCLEO-WBA55CG, NUCLEO-WL33CC1, NUCLEO-WL33CC2, STEVAL-PROTEUS1, STEVAL-SMARTAG2, STEVAL-STWINBX1, STM320518-EVAL, STM32C0116-DK, STM32C011D6Y3TR, STM32C011D6Y6TR, STM32C011F4P3, STM32C011F4P6, STM32C011F4U3, STM32C011F4U6TR, STM32C011F6P3, STM32C011F6P6, STM32C011F6U3, STM32C011F6U6TR, STM32C011J4M3, STM32C011J4M6, STM32C011J6M3, STM32C011J6M6, STM32C0316-DK, STM32C031C4T3, STM32C031C4T6, STM32C031C4U3, STM32C031C4U6, STM32C031C6T3, STM32C031C6T6, STM32C031C6U3, STM32C031C6U6, STM32C031F4P3, STM32C031F4P6, STM32C031F6P3, STM32C031F6P6, STM32C031G4U3, STM32C031G4U6, STM32C031G6U3, STM32C031G6U6, STM32C031K4T3, STM32C031K4T6, STM32C031K4U3, STM32C031K4U6, STM32C031K6T3, STM32C031K6T6, STM32C031K6U3, STM32C031K6U6, STM32C051C6T6, STM32C051C6U6, STM32C051C8T6, STM32C051C8U6, STM32C051D8Y6TR, STM32C051F6P6, STM32C051F8P6, STM32C051G6U6, STM32C051G8U6, STM32C051K6T6, STM32C051K6U6, STM32C051K8T6, STM32C071C8T6, STM32C071C8T6N, STM32C071C8U6, STM32C071C8U6N, STM32C071CBT6, STM32C071CBT6N, STM32C071CBU6, STM32C071CBU6N, STM32C071F8P6, STM32C071F8P6N, STM32C071FBP6, STM32C071FBP6N, STM32C071FBY6TR, STM32C071G8U6, STM32C071G8U6N, STM32C071GBU6, STM32C071GBU6N, STM32C071K8T6, STM32C071K8T6N, STM32C071K8U6, STM32C071K8U6N, STM32C071KBT6, STM32C071KBT6N, STM32C071KBU6, STM32C071KBU6N, STM32C071R8T6, STM32C071R8T6N, STM32C071RBI6N, STM32C071RBT6, STM32C071RBT6N, STM32C091CBT6, STM32C091CBU6, STM32C091CCT6, STM32C091CCU6, STM32C091ECY6TR, STM32C091FBP6, STM32C091FCP6, STM32C091GBU6, STM32C091GCU6, STM32C091KBT6, STM32C091KBU6, STM32C091KCT6, STM32C091KCU6, STM32C091RBT6, STM32C091RCI6, STM32C091RCT6, STM32C092CBT6, STM32C092CBU6, STM32C092CCT6, STM32C092CCU6, STM32C092ECY6TR, STM32C092FBP6, STM32C092FCP6, STM32C092GBU6, STM32C092GCU6, STM32C092KBT6, STM32C092KBU6, STM32C092KCT6, STM32C092KCU6, STM32C092RBT6, STM32C092RCI6, STM32C092RCT6, STM32G071K8TXN, STM32G071K8UXN, STM32G081GBU6N, STM32G081KBT6N, STM32G081KBUXN, STM32G0B1CCT6N, STM32G0B1KCT6, STM32G0B1NEY6TR, STM32G0B1RCT6N, STM32G0C1CCT6, STM32G0C1CCT6N, STM32G0C1CCU6N, STM32G0C1CET6N, STM32G0C1CEU6N, STM32G0C1KCT6, STM32G0C1NEY6TR, STM32G0C1RCI6N, STM32G0C1RCT6N, STM32G0C1REI6N, STM32G0C1RET6N, STM32G0C1VCI6, STM32G0C1VEI6, STM32G411C6T3, STM32G411C6T6, STM32G411C6U3, STM32G411C6U6, STM32G411C8T3, STM32G411C8T6, STM32G411C8U3, STM32G411C8U6, STM32G411CBT3, STM32G411CBT6, STM32G411CBU3, STM32G411CBU6, STM32G411K6T3, STM32G411K6T6, STM32G411K6U3, STM32G411K6U6, STM32G411K8T3, STM32G411K8T6, STM32G411K8U3, STM32G411K8U6, STM32G411KBT3, STM32G411KBT6, STM32G411KBU3, STM32G411KBU6, STM32G411M6T3, STM32G411M6T6, STM32G411M8T3, STM32G411M8T6, STM32G411MBT3, STM32G411MBT6, STM32G411R6T3, STM32G411R6T6, STM32G411R8T3, STM32G411R8T6, STM32G411RBT3, STM32G411RBT6, STM32G414CBT3, STM32G414CBT6, STM32G414CBU3, STM32G414CBU6, STM32G414CCT3, STM32G414CCT6, STM32G414CCU3, STM32G414CCU6, STM32G414MBT3, STM32G414MBT6, STM32G414MCT3, STM32G414MCT6, STM32G414RBT3, STM32G414RBT6, STM32G414RCT3, STM32G414RCT6, STM32G414VBT3, STM32G414VBT6, STM32G414VCT3, STM32G414VCT6, STM32G431CBT3Z, STM32G431RBT3Z, STM32G471CCT6, STM32G471CCU6, STM32G471CET3, STM32G471CET6, STM32G471CEU3, STM32G471CEU6, STM32G471MCT6, STM32G471MET3, STM32G471MET6, STM32G471MEY6TR, STM32G471QCT6, STM32G471QET3, STM32G471RCT6, STM32G471RET3, STM32G471RET6, STM32G471VCH6, STM32G471VCI6, STM32G471VCT6, STM32G471VEH3, STM32G471VEH6, STM32G471VEI3, STM32G471VEI6, STM32G471VET3, STM32G471VET6, STM32G473QET3Z, STM32G473RET3Z, STM32G474CCT6, STM32G491RET3Z, STM32H503CBT6, STM32H503CBU6, STM32H503EBY6TR, STM32H503KBU6, STM32H503RBT6, STM32H523CCT6, STM32H523CCU6, STM32H523CET6, STM32H523CEU6, STM32H523HEY6TR, STM32H523RCT6, STM32H523RET6, STM32H523VCI6, STM32H523VCT6, STM32H523VEI6, STM32H523VET6, STM32H523ZCJ6, STM32H523ZCT6, STM32H523ZEJ6, STM32H523ZET6, STM32H533CET6, STM32H533CEU6, STM32H533HEY6TR, STM32H533RET6, STM32H533VEI6, STM32H533VET6, STM32H533ZEJ6, STM32H533ZET6, STM32H562AGI6, STM32H562AII6, STM32H562IGK6, STM32H562IGT6, STM32H562IIK6, STM32H562IIT6, STM32H562RGT6, STM32H562RGV6, STM32H562RIT6, STM32H562RIV6, STM32H562VGT6, STM32H562VIT6, STM32H562ZGT6, STM32H562ZIT6, STM32H563AGI6, STM32H563AII3Q, STM32H563AII6, STM32H563IGK6, STM32H563IGT6, STM32H563IIK3Q, STM32H563IIK6, STM32H563IIT3Q, STM32H563IIT6, STM32H563MIY3QTR, STM32H563RGT6, STM32H563RGV6, STM32H563RIT6, STM32H563RIV6, STM32H563VGT6, STM32H563VIT3Q, STM32H563VIT6, STM32H563ZGT6, STM32H563ZIT3Q, STM32H563ZIT6, STM32H573AII3Q, STM32H573AII6, STM32H573I-DK, STM32H573IIK3Q, STM32H573IIK6, STM32H573IIT3Q, STM32H573IIT6, STM32H573MIY3QTR, STM32H573RIT6, STM32H573RIV6, STM32H573VIT3Q, STM32H573VIT6, STM32H573ZIT3Q, STM32H573ZIT6, STM32H7R3A8I6, STM32H7R3I8K6, STM32H7R3I8T6, STM32H7R3L8H6, STM32H7R3L8H6H, STM32H7R3R8V6, STM32H7R3V8H6, STM32H7R3V8T6, STM32H7R3V8Y6TR, STM32H7R3Z8J6, STM32H7R3Z8T6, STM32H7R7A8I6, STM32H7R7I8K6, STM32H7R7I8T6, STM32H7R7L8H6, STM32H7R7L8H6H, STM32H7R7Z8J6, STM32H7S3A8I6, STM32H7S3I8K6, STM32H7S3I8T6, STM32H7S3L8H6, STM32H7S3L8H6H, STM32H7S3R8V6, STM32H7S3V8H6, STM32H7S3V8T6, STM32H7S3V8Y6TR, STM32H7S3Z8J6, STM32H7S3Z8T6, STM32H7S78-DK, STM32H7S7A8I6, STM32H7S7I8K6, STM32H7S7I8T6, STM32H7S7L8H6, STM32H7S7L8H6H, STM32H7S7Z8J6, STM32L4R5QGI6STR, STM32MP131AAE3, STM32MP131AAF3, STM32MP131AAG3, STM32MP131CAE3, STM32MP131CAF3, STM32MP131CAG3, STM32MP131DAE7, STM32MP131DAF7, STM32MP131DAG7, STM32MP131FAE7, STM32MP131FAF7, STM32MP131FAG7, STM32MP133AAE3, STM32MP133AAF3, STM32MP133AAG3, STM32MP133CAE3, STM32MP133CAF3, STM32MP133CAG3, STM32MP133DAE7, STM32MP133DAF7, STM32MP133DAG7, STM32MP133FAE7, STM32MP133FAF7, STM32MP133FAG7, STM32MP135AAE3, STM32MP135AAF3, STM32MP135AAG3, STM32MP135CAE3, STM32MP135CAF3, STM32MP135CAG3, STM32MP135DAE7, STM32MP135DAF7, STM32MP135DAG7, STM32MP135F-DK, STM32MP135FAE7, STM32MP135FAF7, STM32MP135FAF7T, STM32MP135FAF7U, STM32MP135FAG7, STM32MP211AAL3, STM32MP211AAM3, STM32MP211AAN3, STM32MP211AAO3, STM32MP211CAL3, STM32MP211CAM3, STM32MP211CAN3, STM32MP211CAO3, STM32MP211DAL3, STM32MP211DAM3, STM32MP211DAN3, STM32MP211DAO3, STM32MP211FAL3, STM32MP211FAM3, STM32MP211FAN3, STM32MP211FAO3, STM32MP213AAL3, STM32MP213AAM3, STM32MP213AAN3, STM32MP213AAO3, STM32MP213CAL3, STM32MP213CAM3, STM32MP213CAN3, STM32MP213CAO3, STM32MP213DAL3, STM32MP213DAM3, STM32MP213DAN3, STM32MP213DAO3, STM32MP213FAL3, STM32MP213FAM3, STM32MP213FAN3, STM32MP213FAO3, STM32MP215AAL3, STM32MP215AAM3, STM32MP215AAN3, STM32MP215AAO3, STM32MP215CAL3, STM32MP215CAM3, STM32MP215CAN3, STM32MP215CAO3, STM32MP215DAL3, STM32MP215DAM3, STM32MP215DAN3, STM32MP215DAO3, STM32MP215F-DK, STM32MP215FAL3, STM32MP215FAM3, STM32MP215FAN3, STM32MP215FAO3, STM32MP231AAJ3, STM32MP231AAK3, STM32MP231AAL3, STM32MP231CAJ3, STM32MP231CAK3, STM32MP231CAL3, STM32MP231DAJ3, STM32MP231DAK3, STM32MP231DAL3, STM32MP231FAJ3, STM32MP231FAK3, STM32MP231FAL3, STM32MP233AAJ3, STM32MP233AAK3, STM32MP233AAL3, STM32MP233CAJ3, STM32MP233CAK3, STM32MP233CAL3, STM32MP233DAJ3, STM32MP233DAK3, STM32MP233DAL3, STM32MP233FAJ3, STM32MP233FAK3, STM32MP233FAL3, STM32MP235AAJ3, STM32MP235AAK3, STM32MP235AAL3, STM32MP235CAJ3, STM32MP235CAK3, STM32MP235CAL3, STM32MP235DAJ3, STM32MP235DAK3, STM32MP235DAL3, STM32MP235FAJ3, STM32MP235FAK3, STM32MP235FAL3, STM32MP251AAI3, STM32MP251AAK3, STM32MP251AAL3, STM32MP251CAI3, STM32MP251CAK3, STM32MP251CAL3, STM32MP251DAI3, STM32MP251DAK3, STM32MP251DAL3, STM32MP251FAI3, STM32MP251FAK3, STM32MP251FAL3, STM32MP253AAI3, STM32MP253AAK3, STM32MP253AAL3, STM32MP253CAI3, STM32MP253CAK3, STM32MP253CAL3, STM32MP253DAI3, STM32MP253DAK3, STM32MP253DAL3, STM32MP253FAI3, STM32MP253FAK3, STM32MP253FAL3, STM32MP255AAI3, STM32MP255AAK3, STM32MP255AAL3, STM32MP255CAI3, STM32MP255CAK3, STM32MP255CAL3, STM32MP255DAI3, STM32MP255DAK3, STM32MP255DAL3, STM32MP255FAI3, STM32MP255FAK3, STM32MP255FAL3, STM32MP257AAI3, STM32MP257AAK3, STM32MP257AAL3, STM32MP257CAI3, STM32MP257CAK3, STM32MP257CAL3, STM32MP257DAI3, STM32MP257DAK3, STM32MP257DAL3, STM32MP257F-DK, STM32MP257F-EV1, STM32MP257FAI3, STM32MP257FAK3, STM32MP257FAL3, STM32N645A0H3Q, STM32N645B0H3Q, STM32N645I0H3Q, STM32N645L0H3Q, STM32N645X0H3Q, STM32N645Z0H3Q, STM32N647A0H3Q, STM32N647B0H3Q, STM32N647I0H3Q, STM32N647L0H3Q, STM32N647X0H3Q, STM32N647Z0H3Q, STM32N655A0H3Q, STM32N655B0H3Q, STM32N655I0H3Q, STM32N655L0H3Q, STM32N655X0H3Q, STM32N655Z0H3Q, STM32N6570-DK, STM32N657A0H3Q, STM32N657B0H3Q, STM32N657I0H3Q, STM32N657L0H3Q, STM32N657X0H3Q, STM32N657Z0H3Q, STM32U031C6T6, STM32U031C6U6, STM32U031C8T6, STM32U031C8U6, STM32U031F4P6, STM32U031F6P6, STM32U031F8P6, STM32U031G6Y6TR, STM32U031G8Y6TR, STM32U031K4U6, STM32U031K6U6, STM32U031K8U6, STM32U031R6I6, STM32U031R6T6, STM32U031R8I6, STM32U031R8T6, STM32U073C8T6, STM32U073C8U6, STM32U073CBT6, STM32U073CBU6, STM32U073CCT6, STM32U073CCU6, STM32U073H8Y6TR, STM32U073HBY6TR, STM32U073HCY6TR, STM32U073K8U6, STM32U073KBU6, STM32U073KCU6, STM32U073M8I6, STM32U073M8T6, STM32U073MBI6, STM32U073MBT6, STM32U073MCI6, STM32U073MCT6, STM32U073R8I6, STM32U073R8T6, STM32U073RBI6, STM32U073RBT6, STM32U073RCI6, STM32U073RCT6, STM32U083C-DK, STM32U083CCT6, STM32U083CCU6, STM32U083HCY6TR, STM32U083KCU6, STM32U083MCI6, STM32U083MCT6, STM32U083RCI6, STM32U083RCT6, STM32U375CET6, STM32U375CET6Q, STM32U375CEU6, STM32U375CEU6Q, STM32U375CEY6QTR, STM32U375CGT6, STM32U375CGT6Q, STM32U375CGU6, STM32U375CGU6Q, STM32U375CGY6QTR, STM32U375KEU6, STM32U375KGU6, STM32U375REI6, STM32U375REI6Q, STM32U375RET6, STM32U375RET6Q, STM32U375REY6GTR, STM32U375REY6QTR, STM32U375RGI6, STM32U375RGI6Q, STM32U375RGT6, STM32U375RGT6Q, STM32U375RGY6GTR, STM32U375RGY6QTR, STM32U375VEI6, STM32U375VEI6Q, STM32U375VET6, STM32U375VET6Q, STM32U375VGI6, STM32U375VGI6Q, STM32U375VGT6, STM32U375VGT6Q, STM32U385CGT6, STM32U385CGT6Q, STM32U385CGU6, STM32U385CGU6Q, STM32U385CGY6QTR, STM32U385KGU6, STM32U385RGI6, STM32U385RGI6Q, STM32U385RGT6, STM32U385RGT6Q, STM32U385RGY6GTR, STM32U385RGY6QTR, STM32U385VGI6, STM32U385VGI6Q, STM32U385VGT6, STM32U385VGT6Q, STM32U535CBT6, STM32U535CBT6Q, STM32U535CBU6, STM32U535CBU6Q, STM32U535CCT6, STM32U535CCT6Q, STM32U535CCU6, STM32U535CCU6Q, STM32U535CET6, STM32U535CET6Q, STM32U535CEU6, STM32U535CEU6Q, STM32U535JEY6QTR, STM32U535NCY6QTR, STM32U535NEY6QTR, STM32U535RBI6, STM32U535RBI6Q, STM32U535RBT6, STM32U535RBT6Q, STM32U535RCI6, STM32U535RCI6Q, STM32U535RCT6, STM32U535RCT6Q, STM32U535REI6, STM32U535REI6Q, STM32U535RET6, STM32U535RET6Q, STM32U535VCI6, STM32U535VCI6Q, STM32U535VCT6, STM32U535VCT6Q, STM32U535VEI6, STM32U535VEI6Q, STM32U535VET6, STM32U535VET6Q, STM32U545CET6, STM32U545CET6Q, STM32U545CEU6, STM32U545CEU6Q, STM32U545JEY6QTR, STM32U545NEY6QTR, STM32U545REI6, STM32U545REI6Q, STM32U545RET6, STM32U545RET6Q, STM32U545VEI6, STM32U545VEI6Q, STM32U545VET6, STM32U545VET6Q, STM32U595AIH6, STM32U595AIH6Q, STM32U595AJH6, STM32U595AJH6Q, STM32U595QII6, STM32U595QII6Q, STM32U595QJI6, STM32U595QJI6Q, STM32U595RIT6, STM32U595RIT6Q, STM32U595RJT6, STM32U595RJT6Q, STM32U595VIT6, STM32U595VIT6Q, STM32U595VJT6, STM32U595VJT6Q, STM32U595ZIT6, STM32U595ZIT6Q, STM32U595ZIY6QTR, STM32U595ZJT6, STM32U595ZJT6Q, STM32U595ZJY6QTR, STM32U599BJY6QTR, STM32U599NIH6Q, STM32U599NJH6Q, STM32U599VIT6Q, STM32U599VJT6, STM32U599VJT6Q, STM32U599ZIT6Q, STM32U599ZIY6QTR, STM32U599ZJT6Q, STM32U599ZJY6QTR, STM32U5A5AJH6, STM32U5A5AJH6Q, STM32U5A5QII3Q , STM32U5A5QJI6, STM32U5A5QJI6Q, STM32U5A5RJT6, STM32U5A5RJT6Q, STM32U5A5VJT6, STM32U5A5VJT6Q, STM32U5A5ZJT6, STM32U5A5ZJT6Q, STM32U5A5ZJY6QTR, STM32U5A9BJY6QTR, STM32U5A9J-DK, STM32U5A9NJH6Q, STM32U5A9VJT6Q, STM32U5A9ZJT6Q, STM32U5A9ZJY6QTR, STM32U5F7VIT6, STM32U5F7VIT6Q, STM32U5F7VJT6, STM32U5F7VJT6Q, STM32U5F9BJY6QTR, STM32U5F9NJH6Q, STM32U5F9VIT6Q, STM32U5F9VJT6Q, STM32U5F9ZIJ6QTR, STM32U5F9ZIT6Q, STM32U5F9ZJJ6QTR, STM32U5F9ZJT6Q, STM32U5G7VJT6, STM32U5G7VJT6Q, STM32U5G9BJY6QTR, STM32U5G9J-DK1, STM32U5G9J-DK2, STM32U5G9NJH6Q, STM32U5G9VJT6Q, STM32U5G9ZJJ6QTR, STM32U5G9ZJT6Q, STM32WB05KZV6TR, STM32WB05KZV7TR, STM32WB05TZF6TR, STM32WB05TZF7TR, STM32WB06CCF6TR, STM32WB06CCF7TR, STM32WB06CCV6TR, STM32WB06CCV7TR, STM32WB06KCV6TR, STM32WB06KCV7TR, STM32WB07CCF6TR, STM32WB07CCF7TR, STM32WB07CCV6TR, STM32WB07CCV7TR, STM32WB07KCV6TR, STM32WB07KCV7TR, STM32WB09KEV6TR, STM32WB09KEV7TR, STM32WB09TEF6TR, STM32WB09TEF7TR, STM32WB1MMCH6, STM32WBA50KGU6, STM32WBA50KGU6TR, STM32WBA52CEU6, STM32WBA52CEU6TR, STM32WBA52CEU7, STM32WBA52CEU7TR, STM32WBA52CGU6, STM32WBA52CGU6TR, STM32WBA52CGU6U, STM32WBA52CGU7, STM32WBA52CGU7TR, STM32WBA52KEU6, STM32WBA52KEU6TR, STM32WBA52KGU6, STM32WBA52KGU6TR, STM32WBA54CEU6, STM32WBA54CEU6TR, STM32WBA54CEU7, STM32WBA54CEU7TR, STM32WBA54CGU6, STM32WBA54CGU6TR, STM32WBA54CGU7, STM32WBA54CGU7TR, STM32WBA54KEU6, STM32WBA54KEU6TR, STM32WBA54KEU7, STM32WBA54KEU7TR, STM32WBA54KGU6, STM32WBA54KGU6TR, STM32WBA54KGU7, STM32WBA54KGU7TR, STM32WBA55CEU6, STM32WBA55CEU6TR, STM32WBA55CEU7, STM32WBA55CEU7TR, STM32WBA55CGU6, STM32WBA55CGU6TR, STM32WBA55CGU6U, STM32WBA55CGU7, STM32WBA55CGU7TR, STM32WBA55G-DK1, STM32WBA55HEF6, STM32WBA55HEF7, STM32WBA55HGF6, STM32WBA55HGF7, STM32WBA55UEI6, STM32WBA55UEI6TR, STM32WBA55UEI7, STM32WBA55UEI7TR, STM32WBA55UGI6, STM32WBA55UGI6TR, STM32WBA55UGI7, STM32WBA55UGI7TR, STM32WBA5MMGH6TR, STM32WBA62MGF6, STM32WBA62MIF6, STM32WBA65MGF7, STM32WBA65MIF6, STM32WBA65MIF7, STM32WL30K8V6, STM32WL30KBV6, STM32WL31C8V6, STM32WL31CBV6, STM32WL31K8V6, STM32WL31KBV6, STM32WL33C8V6, STM32WL33C8V6X, STM32WL33CBV6, STM32WL33CBV6X, STM32WL33CCV6, STM32WL33CCV6A, STM32WL33CCV6X, STM32WL33K8V7, STM32WL33K8V7X, STM32WL33KBV7 , STM32WL33KBV7X, STM32WL33KCV7, STM32WL33KCV7X, STM32WL5MOCH6, STM32WL5MOCH6TR]
2026-06-10 11:09:42,830 [INFO] DbMcus:218 - Found 5086 MCUs, 4968 are supported
2026-06-10 11:09:42,832 [INFO] ApiDb:423 - Load user favorites file C:\Users\Usuario/.stm32cubeide/favorites.mcus.txt: 2 item(s)
2026-06-10 11:09:42,832 [INFO] ApiDb:427 - User favorites MCUs=[STM32F103C8T6, STM32F103RCT6]
2026-06-10 11:09:42,832 [INFO] DbMcus:224 - Set 2 / 2 favorites MCUs
2026-06-10 11:09:44,095 [INFO] BoardInfo:889 - No configuration file found for board NUCLEO-H5E5ZJ
2026-06-10 11:09:44,100 [INFO] DbBoards:161 - Board is not supported: NUCLEO-H5E5ZJ
2026-06-10 11:09:44,319 [INFO] BoardInfo:889 - No configuration file found for board NUCLEO-U3C5ZI-Q
2026-06-10 11:09:44,322 [INFO] DbBoards:161 - Board is not supported: NUCLEO-U3C5ZI-Q
2026-06-10 11:09:44,362 [INFO] BoardInfo:889 - No configuration file found for board NUCLEO-WBA25CE1
2026-06-10 11:09:44,364 [INFO] DbBoards:161 - Board is not supported: NUCLEO-WBA25CE1
2026-06-10 11:09:44,386 [INFO] BoardInfo:889 - No configuration file found for board NUCLEO-WL3RKB1
2026-06-10 11:09:44,389 [INFO] DbBoards:161 - Board is not supported: NUCLEO-WL3RKB1
2026-06-10 11:09:44,391 [INFO] BoardInfo:889 - No configuration file found for board NUCLEO-WL3RKB2
2026-06-10 11:09:44,393 [INFO] DbBoards:161 - Board is not supported: NUCLEO-WL3RKB2
2026-06-10 11:09:44,409 [INFO] BoardInfo:889 - No configuration file found for board P-NUCLEO-WB55
2026-06-10 11:09:44,411 [INFO] DbBoards:161 - Kit is not supported: P-NUCLEO-WB55
2026-06-10 11:09:44,428 [INFO] BoardInfo:889 - No configuration file found for board STEVAL-BFA001V1B
2026-06-10 11:09:44,431 [INFO] DbBoards:161 - Kit is not supported: STEVAL-BFA001V1B
2026-06-10 11:09:44,433 [INFO] BoardInfo:889 - No configuration file found for board STEVAL-BFA001V2B
2026-06-10 11:09:44,435 [INFO] DbBoards:161 - Kit is not supported: STEVAL-BFA001V2B
2026-06-10 11:09:44,678 [INFO] BoardInfo:889 - No configuration file found for board STM32H5F5J-DK
2026-06-10 11:09:44,680 [INFO] DbBoards:161 - Board is not supported: STM32H5F5J-DK
2026-06-10 11:09:44,887 [INFO] DbBoards:168 - Found 218 boards, 209 are supported
2026-06-10 11:09:44,887 [INFO] DbBoards:169 - Found 218 boards, 43 of them is supported for  Bsp
2026-06-10 11:09:44,895 [INFO] ApiDb:423 - Load user favorites file C:\Users\Usuario/.stm32cubeide/favorites.boards.txt: 0 item(s)
2026-06-10 11:09:44,895 [INFO] ApiDb:427 - User favorites Boards=[]
2026-06-10 11:09:44,896 [INFO] DbBoards:198 - Set 0 / 0 favorites Boards
2026-06-10 11:09:44,978 [INFO] UtilMem:75 - End LoadConfig() Used Memory: 243669520 Bytes (371195904)
2026-06-10 11:09:45,344 [WARN] ThirdParty:833 - waiting for thirdparty lock release [change project]
2026-06-10 11:09:45,345 [INFO] ThirdParty:835 - entering critical section [change project]
2026-06-10 11:09:45,345 [INFO] ThirdParty:1030 - CMSIS Pack Vendor :STMicroelectronics X-CUBE-AZRTOS-H7 3.5.0
2026-06-10 11:09:45,345 [INFO] ThirdParty:1030 - CMSIS Pack Vendor :STMicroelectronics X-CUBE-PM33A1 1.0.0
2026-06-10 11:09:45,345 [INFO] ThirdParty:1030 - CMSIS Pack Vendor :STMicroelectronics USBPD 4.1
2026-06-10 11:09:45,345 [INFO] ThirdParty:1030 - CMSIS Pack Vendor :STMicroelectronics X-CUBE-NFC9 1.0.0
2026-06-10 11:09:45,346 [INFO] ThirdParty:1030 - CMSIS Pack Vendor :STMicroelectronics USB_HOST 2.0.0
2026-06-10 11:09:45,346 [INFO] ThirdParty:1030 - CMSIS Pack Vendor :STMicroelectronics FP-SNS-MOTENVWB1 1.4.0
2026-06-10 11:09:45,346 [INFO] ThirdParty:1030 - CMSIS Pack Vendor :STMicroelectronics X-CUBE-AZRTOS-F4 1.1.0
2026-06-10 11:09:45,346 [INFO] ThirdParty:1030 - CMSIS Pack Vendor :STMicroelectronics LIBJPEG 8.0.0
2026-06-10 11:09:45,346 [INFO] ThirdParty:1030 - CMSIS Pack Vendor :STMicroelectronics FP-ATR-ASTRA1 2.0.2
2026-06-10 11:09:45,346 [INFO] ThirdParty:1030 - CMSIS Pack Vendor :STMicroelectronics X-CUBE-BLE1 7.1.0
2026-06-10 11:09:45,346 [INFO] ThirdParty:1030 - CMSIS Pack Vendor :STMicroelectronics X-CUBE-SMBUS 2.1.0
2026-06-10 11:09:45,346 [INFO] ThirdParty:1030 - CMSIS Pack Vendor :STMicroelectronics USB_DEVICE 3.0.0
2026-06-10 11:09:45,346 [INFO] ThirdParty:1030 - CMSIS Pack Vendor :STMicroelectronics X-CUBE-ISPU 2.1.0
2026-06-10 11:09:45,346 [INFO] ThirdParty:1030 - CMSIS Pack Vendor :STMicroelectronics X-CUBE-IPS 3.2.0
2026-06-10 11:09:45,346 [INFO] ThirdParty:1030 - CMSIS Pack Vendor :STMicroelectronics eDS-WB_DPC_TT-BIDIR 2.1.1
2026-06-10 11:09:45,347 [INFO] ThirdParty:1030 - CMSIS Pack Vendor :STMicroelectronics X-CUBE-AZRTOS-WB 2.0.0
2026-06-10 11:09:45,347 [INFO] ThirdParty:1030 - CMSIS Pack Vendor :STMicroelectronics X-CUBE-ST60 1.0.0
2026-06-10 11:09:45,347 [INFO] ThirdParty:1030 - CMSIS Pack Vendor :STMicroelectronics X-CUBE-GNSS1 7.0.1
2026-06-10 11:09:45,347 [INFO] ThirdParty:1030 - CMSIS Pack Vendor :STMicroelectronics X-CUBE-AZRTOS-F7 1.1.0
2026-06-10 11:09:45,347 [INFO] ThirdParty:1030 - CMSIS Pack Vendor :STMicroelectronics X-CUBE-AZRTOS-L5 2.0.0
2026-06-10 11:09:45,347 [INFO] ThirdParty:1030 - CMSIS Pack Vendor :STMicroelectronics X-CUBE-TOUCHGFX 4.25.0
2026-06-10 11:09:45,347 [INFO] ThirdParty:1030 - CMSIS Pack Vendor :STMicroelectronics USB_DEVICE 2.0.0
2026-06-10 11:09:45,347 [INFO] ThirdParty:1030 - CMSIS Pack Vendor :STMicroelectronics X-CUBE-NFC6 3.1.0
2026-06-10 11:09:45,347 [INFO] ThirdParty:1030 - CMSIS Pack Vendor :STMicroelectronics FP-SNS-STAIOTCFT 1.1.0
2026-06-10 11:09:45,347 [INFO] ThirdParty:1030 - CMSIS Pack Vendor :quantropi X-CUBE-qispace-sdk-base 2.1.0
2026-06-10 11:09:45,347 [INFO] ThirdParty:1030 - CMSIS Pack Vendor :STMicroelectronics X-CUBE-MEMS1 12.0.0
2026-06-10 11:09:45,347 [INFO] ThirdParty:1030 - CMSIS Pack Vendor :STMicroelectronics X-CUBE-STSE01 2.0.0
2026-06-10 11:09:45,347 [INFO] ThirdParty:1030 - CMSIS Pack Vendor :STMicroelectronics X-CUBE-ALGOBUILD 1.5.0
2026-06-10 11:09:45,347 [INFO] ThirdParty:1030 - CMSIS Pack Vendor :STMicroelectronics FP-SNS-MOTENV1 5.1.0
2026-06-10 11:09:45,347 [INFO] ThirdParty:1030 - CMSIS Pack Vendor :STMicroelectronics FreeRTOS 0.0.1
2026-06-10 11:09:45,347 [INFO] ThirdParty:1030 - CMSIS Pack Vendor :STMicroelectronics X-CUBE-AZRTOS-G0 1.1.0
2026-06-10 11:09:45,347 [INFO] ThirdParty:1030 - CMSIS Pack Vendor :STMicroelectronics X-CUBE-SAFEA1 1.2.2
2026-06-10 11:09:45,347 [INFO] ThirdParty:1030 - CMSIS Pack Vendor :STMicroelectronics X-CUBE-NFC4 3.0.0
2026-06-10 11:09:45,347 [INFO] ThirdParty:1030 - CMSIS Pack Vendor :STMicroelectronics X-CUBE-SUBG2 5.0.0
2026-06-10 11:09:45,347 [INFO] ThirdParty:1030 - CMSIS Pack Vendor :STMicroelectronics X-CUBE-AZRTOS-H7RS 1.1.0
2026-06-10 11:09:45,348 [INFO] ThirdParty:1030 - CMSIS Pack Vendor :STMicroelectronics STM32_WPAN 1.0.0
2026-06-10 11:09:45,348 [INFO] ThirdParty:1030 - CMSIS Pack Vendor :STMicroelectronics eDS-WB_DPC_VIENNA 1.2.0
2026-06-10 11:09:45,348 [INFO] ThirdParty:1030 - CMSIS Pack Vendor :EmbeddedOffice I-CUBE-FS-RTOS 1.0.1
2026-06-10 11:09:45,348 [INFO] ThirdParty:1030 - CMSIS Pack Vendor :STMicroelectronics lwIP 2.0.3
2026-06-10 11:09:45,348 [INFO] ThirdParty:1030 - CMSIS Pack Vendor :Cesanta I-CUBE-Mongoose 7.13.0
2026-06-10 11:09:45,348 [INFO] ThirdParty:1030 - CMSIS Pack Vendor :STMicroelectronics eDS-WB_DPC_3PH2L-BIDIR 1.1.1
2026-06-10 11:09:45,348 [INFO] ThirdParty:1030 - CMSIS Pack Vendor :STMicroelectronics USB_HOST 1.0.0
2026-06-10 11:09:45,348 [INFO] ThirdParty:1030 - CMSIS Pack Vendor :STMicroelectronics X-CUBE-AZRTOS-G4 2.0.0
2026-06-10 11:09:45,348 [INFO] ThirdParty:1030 - CMSIS Pack Vendor :STMicroelectronics X-CUBE-WB05N 2.0.0
2026-06-10 11:09:45,348 [INFO] ThirdParty:1030 - CMSIS Pack Vendor :STMicroelectronics PDM2PCM 3.1.0
2026-06-10 11:09:45,348 [INFO] ThirdParty:1030 - CMSIS Pack Vendor :STMicroelectronics PDM2PCM 3.3.0
2026-06-10 11:09:45,348 [INFO] ThirdParty:1030 - CMSIS Pack Vendor :STMicroelectronics X-CUBE-AZRTOS-H7 3.4.0
2026-06-10 11:09:45,348 [INFO] ThirdParty:1030 - CMSIS Pack Vendor :STMicroelectronics X-CUBE-DISPLAY 3.0.0
2026-06-10 11:09:45,348 [INFO] ThirdParty:1030 - CMSIS Pack Vendor :STMicroelectronics X-CUBE-NFC7 2.0.0
2026-06-10 11:09:45,348 [INFO] ThirdParty:1030 - CMSIS Pack Vendor :STMicroelectronics X-CUBE-GNSS1 7.1.1
2026-06-10 11:09:45,348 [INFO] ThirdParty:1030 - CMSIS Pack Vendor :STMicroelectronics FP-SNS-MOTENVWB1 1.5.0
2026-06-10 11:09:45,348 [INFO] ThirdParty:1030 - CMSIS Pack Vendor :STMicroelectronics X-CUBE-TCPP 4.2.0
2026-06-10 11:09:45,348 [INFO] ThirdParty:1030 - CMSIS Pack Vendor :RealThread X-CUBE-RT-Thread_Nano 4.1.1
2026-06-10 11:09:45,348 [INFO] ThirdParty:1030 - CMSIS Pack Vendor :STMicroelectronics FP-ATR-SIGFOX1 3.2.0
2026-06-10 11:09:45,348 [INFO] ThirdParty:1030 - CMSIS Pack Vendor :STMicroelectronics X-CUBE-NFC10 1.0.0
2026-06-10 11:09:45,349 [INFO] ThirdParty:1030 - CMSIS Pack Vendor :STMicroelectronics X-CUBE-FREERTOS 1.3.1
2026-06-10 11:09:45,349 [INFO] ThirdParty:1030 - CMSIS Pack Vendor :STMicroelectronics HAL Drivers 0.0.0
2026-06-10 11:09:45,349 [INFO] ThirdParty:1030 - CMSIS Pack Vendor :STMicroelectronics X-CUBE-FREERTOS 1.5.0
2026-06-10 11:09:45,349 [INFO] ThirdParty:1030 - CMSIS Pack Vendor :STMicroelectronics MBEDTLS 2.16.2
2026-06-10 11:09:45,349 [INFO] ThirdParty:1030 - CMSIS Pack Vendor :STMicroelectronics X-CUBE-ST60 1.1.0
2026-06-10 11:09:45,349 [INFO] ThirdParty:1030 - CMSIS Pack Vendor :STMicroelectronics X-CUBE-IPS 3.1.0
2026-06-10 11:09:45,349 [INFO] ThirdParty:1030 - CMSIS Pack Vendor :STMicroelectronics X-CUBE-ALS 1.0.2
2026-06-10 11:09:45,349 [INFO] ThirdParty:1030 - CMSIS Pack Vendor :STMicroelectronics MBEDTLS 2.14.1
2026-06-10 11:09:45,349 [INFO] ThirdParty:1030 - CMSIS Pack Vendor :STMicroelectronics X-CUBE-GNSS1 7.1.0
2026-06-10 11:09:45,349 [INFO] ThirdParty:1030 - CMSIS Pack Vendor :STMicroelectronics X-CUBE-TOUCHGFX 4.26.1
2026-06-10 11:09:45,349 [INFO] ThirdParty:1030 - CMSIS Pack Vendor :portGmbH I-Cube-SoM-uGOAL 1.1.0
2026-06-10 11:09:45,349 [INFO] ThirdParty:1030 - CMSIS Pack Vendor :STMicroelectronics X-CUBE-NFC6 3.2.0
2026-06-10 11:09:45,349 [INFO] ThirdParty:1030 - CMSIS Pack Vendor :STMicroelectronics X-CUBE-ST67W61 1.0.0
2026-06-10 11:09:45,349 [INFO] ThirdParty:1030 - CMSIS Pack Vendor :STMicroelectronics FP-SNS-STAIOTCFT 1.0.0
2026-06-10 11:09:45,350 [INFO] ThirdParty:1030 - CMSIS Pack Vendor :STMicroelectronics ThreadX 1.0.0
2026-06-10 11:09:45,350 [INFO] ThirdParty:1030 - CMSIS Pack Vendor :STMicroelectronics FP-SNS-SMARTAG2 1.2.0
2026-06-10 11:09:45,350 [INFO] ThirdParty:1030 - CMSIS Pack Vendor :STMicroelectronics X-CUBE-MEMS1 12.1.0
2026-06-10 11:09:45,350 [INFO] ThirdParty:1030 - CMSIS Pack Vendor :STMicroelectronics FP-SNS-FLIGHT1 5.1.0
2026-06-10 11:09:45,350 [INFO] ThirdParty:1030 - CMSIS Pack Vendor :STMicroelectronics X-CUBE-AZRTOS-WL 2.0.0
2026-06-10 11:09:45,350 [INFO] ThirdParty:1030 - CMSIS Pack Vendor :SEGGER I-CUBE-embOS 1.3.1
2026-06-10 11:09:45,350 [INFO] ThirdParty:1030 - CMSIS Pack Vendor :STMicroelectronics X-CUBE-ALGOBUILD 1.4.0
2026-06-10 11:09:45,350 [INFO] ThirdParty:1030 - CMSIS Pack Vendor :STMicroelectronics X-CUBE-DPower 1.3.0
2026-06-10 11:09:45,350 [INFO] ThirdParty:1030 - CMSIS Pack Vendor :STMicroelectronics X-CUBE-MEMS1 11.3.0
2026-06-10 11:09:45,350 [INFO] ThirdParty:1030 - CMSIS Pack Vendor :STMicroelectronics FP-SNS-MOTENV1 5.0.0
2026-06-10 11:09:45,350 [INFO] ThirdParty:1030 - CMSIS Pack Vendor :STMicroelectronics USB_DEVICE 1.0.0
2026-06-10 11:09:45,350 [INFO] ThirdParty:1030 - CMSIS Pack Vendor :STMicroelectronics X-CUBE-AZRTOS-H7RS 1.2.0
2026-06-10 11:09:45,351 [INFO] ThirdParty:1030 - CMSIS Pack Vendor :STMicroelectronics X-CUBE-AZRTOS-L4 2.0.0
2026-06-10 11:09:45,351 [INFO] ThirdParty:1030 - CMSIS Pack Vendor :STMicroelectronics ThreadX 0.0.2
2026-06-10 11:09:45,351 [INFO] ThirdParty:1030 - CMSIS Pack Vendor :WES I-CUBE-Cesium 1.3.0
2026-06-10 11:09:45,351 [INFO] ThirdParty:1030 - CMSIS Pack Vendor :STMicroelectronics lwIP 2.1.2
2026-06-10 11:09:45,351 [INFO] ThirdParty:1030 - CMSIS Pack Vendor :STMicroelectronics X-CUBE-SFXS2LP1 4.0.0
2026-06-10 11:09:45,351 [INFO] ThirdParty:1030 - CMSIS Pack Vendor :STMicroelectronics X-CUBE-BLE2 3.3.0
2026-06-10 11:09:45,351 [INFO] ThirdParty:1030 - CMSIS Pack Vendor :Avnet-IOTCONNECT X-CUBE-iotc-st67-sdk 1.0.0
2026-06-10 11:09:45,351 [INFO] ThirdParty:1030 - CMSIS Pack Vendor :STMicroelectronics X-CUBE-TOF1 3.4.3
2026-06-10 11:09:45,351 [INFO] ThirdParty:1030 - CMSIS Pack Vendor :STMicroelectronics PDM2PCM 3.2.0
2026-06-10 11:09:45,351 [INFO] ThirdParty:1030 - CMSIS Pack Vendor :STMicroelectronics X-CUBE-WB05N 2.1.0
2026-06-10 11:09:45,351 [INFO] ThirdParty:1030 - CMSIS Pack Vendor :STMicroelectronics X-CUBE-ST67W61 1.2.0
2026-06-10 11:09:45,351 [INFO] ThirdParty:841 - exiting critical section [change project]
2026-06-10 11:09:46,138 [INFO] PinOutPanel:1589 - setPackage(No Configuration,No Configuration)
2026-06-10 11:09:46,142 [INFO] PinOutPanel:1589 - setPackage(STM32F103RCTx,LQFP64)
2026-06-10 11:09:47,146 [INFO] UtilMem:75 - Before build in PCC Used Memory: 207214840 Bytes (371195904)
2026-06-10 11:09:48,726 [INFO] UtilMem:75 - After build in PCC Used Memory: 273303560 Bytes (371195904)
2026-06-10 11:09:48,800 [INFO] IPUIPlugin:80 - create IPUIPlugin
2026-06-10 11:09:48,800 [INFO] IPUIPlugin:80 - create IPUIPlugin
2026-06-10 11:09:48,801 [INFO] IPUIPlugin:80 - create IPUIPlugin
2026-06-10 11:09:48,801 [INFO] IPUIPlugin:80 - create IPUIPlugin
2026-06-10 11:09:48,801 [INFO] IPUIPlugin:80 - create IPUIPlugin
2026-06-10 11:09:48,802 [INFO] IPUIPlugin:80 - create IPUIPlugin
2026-06-10 11:09:48,802 [INFO] IPUIPlugin:80 - create IPUIPlugin
2026-06-10 11:09:48,802 [INFO] IPUIPlugin:80 - create IPUIPlugin
2026-06-10 11:09:48,802 [INFO] IPUIPlugin:80 - create IPUIPlugin
2026-06-10 11:09:48,803 [INFO] IPUIPlugin:80 - create IPUIPlugin
2026-06-10 11:09:48,803 [INFO] IPUIPlugin:80 - create IPUIPlugin
2026-06-10 11:09:48,803 [INFO] IPUIPlugin:80 - create IPUIPlugin
2026-06-10 11:09:48,804 [INFO] IPUIPlugin:80 - create IPUIPlugin
2026-06-10 11:09:48,805 [INFO] IPUIPlugin:80 - create IPUIPlugin
2026-06-10 11:09:48,806 [INFO] IPUIPlugin:80 - create IPUIPlugin
2026-06-10 11:09:48,807 [INFO] IPUIPlugin:80 - create IPUIPlugin
2026-06-10 11:09:48,807 [INFO] IPUIPlugin:80 - create IPUIPlugin
2026-06-10 11:09:48,808 [INFO] IPUIPlugin:80 - create IPUIPlugin
2026-06-10 11:09:48,808 [INFO] IPUIPlugin:80 - create IPUIPlugin
2026-06-10 11:09:48,809 [INFO] IPUIPlugin:80 - create IPUIPlugin
2026-06-10 11:09:48,809 [INFO] IPUIPlugin:80 - create IPUIPlugin
2026-06-10 11:09:48,810 [INFO] IPUIPlugin:80 - create IPUIPlugin
2026-06-10 11:09:48,810 [INFO] IPUIPlugin:80 - create IPUIPlugin
2026-06-10 11:09:48,811 [INFO] IPUIPlugin:80 - create IPUIPlugin
2026-06-10 11:09:48,811 [INFO] IPUIPlugin:80 - create IPUIPlugin
2026-06-10 11:09:48,812 [INFO] IPUIPlugin:80 - create IPUIPlugin
2026-06-10 11:09:48,812 [INFO] IPUIPlugin:80 - create IPUIPlugin
2026-06-10 11:09:48,812 [INFO] IPUIPlugin:80 - create IPUIPlugin
2026-06-10 11:09:48,813 [INFO] IPUIPlugin:80 - create IPUIPlugin
2026-06-10 11:09:48,813 [INFO] IPUIPlugin:80 - create IPUIPlugin
2026-06-10 11:09:48,814 [INFO] IPUIPlugin:80 - create IPUIPlugin
2026-06-10 11:09:48,814 [INFO] IPUIPlugin:80 - create IPUIPlugin
2026-06-10 11:09:48,815 [INFO] IPUIPlugin:80 - create IPUIPlugin
2026-06-10 11:09:48,815 [INFO] IPUIPlugin:80 - create IPUIPlugin
2026-06-10 11:09:48,816 [INFO] IPUIPlugin:80 - create IPUIPlugin
2026-06-10 11:09:48,816 [INFO] IPUIPlugin:80 - create IPUIPlugin
2026-06-10 11:09:48,817 [INFO] IPUIPlugin:80 - create IPUIPlugin
2026-06-10 11:09:48,817 [INFO] IPUIPlugin:80 - create IPUIPlugin
2026-06-10 11:09:48,818 [INFO] IPUIPlugin:80 - create IPUIPlugin
2026-06-10 11:09:49,172 [INFO] CADModel:165 - CPN selected for project levelSTM32F103RCT6
2026-06-10 11:09:49,172 [INFO] CADModel:114 - Register for checkConnection events
2026-06-10 11:09:49,232 [INFO] OpenFileManager:386 - Restore cursor
2026-06-10 11:26:27,492 [INFO] UtilMem:75 - End SaveConfig() Used Memory: 797796896 Bytes (1073741824)
2026-06-10 11:26:28,595 [INFO] UtilMem:75 - End SaveConfig() Used Memory: 827444152 Bytes (1073741824)
2026-06-10 11:26:30,482 [INFO] UtilMem:75 - End SaveConfig() Used Memory: 902357664 Bytes (1073741824)
2026-06-10 11:26:31,482 [INFO] BlockDiagram:2775 - set Specific Code input for plugin: NVIC
2026-06-10 11:26:31,483 [INFO] BlockDiagram:2775 - set Specific Code input for plugin: GPIO
2026-06-10 11:26:31,484 [INFO] BlockDiagram:2775 - set Specific Code input for plugin: RCC
2026-06-10 11:26:31,487 [INFO] CodeGenerator:892 - code generatio: config db path: C:\ST\STM32CubeIDE_1.19.0\STM32CubeIDE\plugins\com.st.stm32cube.common.mx_6.15.0.202507011659\\db\
2026-06-10 11:26:31,673 [INFO] CodeEngine:265 - oldGeneratedFile, C:\Users\Usuario\Desktop\UNAL\2026-1\Control\proyectoControl\blink\MXTmpFiles\license.tmp_save
2026-06-10 11:26:32,398 [INFO] CodeEngine:289 - Generated code: C:\Users\Usuario\Desktop\UNAL\2026-1\Control\proyectoControl\blink\MXTmpFiles\license.tmp
2026-06-10 11:26:32,666 [INFO] CodeEngine:265 - oldGeneratedFile, C:\Users\Usuario\Desktop\UNAL\2026-1\Control\proyectoControl\blink\MXTmpFiles\gpio.tmp_save
2026-06-10 11:26:33,302 [INFO] CodeEngine:289 - Generated code: C:\Users\Usuario\Desktop\UNAL\2026-1\Control\proyectoControl\blink\MXTmpFiles\gpio.tmp
2026-06-10 11:26:33,354 [INFO] CodeEngine:265 - oldGeneratedFile, C:\Users\Usuario\Desktop\UNAL\2026-1\Control\proyectoControl\blink\Core\Src\stm32f1xx_it.c_save
2026-06-10 11:26:33,621 [INFO] CodeEngine:289 - Generated code: C:\Users\Usuario\Desktop\UNAL\2026-1\Control\proyectoControl\blink\Core\Src\stm32f1xx_it.c
2026-06-10 11:26:33,646 [INFO] CodeEngine:265 - oldGeneratedFile, C:\Users\Usuario\Desktop\UNAL\2026-1\Control\proyectoControl\blink\Core\Inc\stm32f1xx_it.h_save
2026-06-10 11:26:33,803 [INFO] CodeEngine:289 - Generated code: C:\Users\Usuario\Desktop\UNAL\2026-1\Control\proyectoControl\blink\Core\Inc\stm32f1xx_it.h
2026-06-10 11:26:33,891 [INFO] CodeEngine:265 - oldGeneratedFile, C:\Users\Usuario\Desktop\UNAL\2026-1\Control\proyectoControl\blink\Core\Src\stm32f1xx_hal_msp.c_save
2026-06-10 11:26:34,080 [INFO] CodeEngine:289 - Generated code: C:\Users\Usuario\Desktop\UNAL\2026-1\Control\proyectoControl\blink\Core\Src\stm32f1xx_hal_msp.c
2026-06-10 11:26:34,096 [INFO] CodeEngine:265 - oldGeneratedFile, C:\Users\Usuario\Desktop\UNAL\2026-1\Control\proyectoControl\blink\MXTmpFiles\system.tmp_save
2026-06-10 11:26:34,244 [INFO] CodeEngine:289 - Generated code: C:\Users\Usuario\Desktop\UNAL\2026-1\Control\proyectoControl\blink\MXTmpFiles\system.tmp
2026-06-10 11:26:34,296 [INFO] CodeEngine:321 - oldGeneratedFile, C:\Users\Usuario\Desktop\UNAL\2026-1\Control\proyectoControl\blink\Core\Inc\stm32f1xx_hal_conf.h_save
2026-06-10 11:26:34,518 [INFO] CodeEngine:345 - Generated code: C:\Users\Usuario\Desktop\UNAL\2026-1\Control\proyectoControl\blink\Core\Inc\stm32f1xx_hal_conf.h
2026-06-10 11:26:34,666 [INFO] ApiDbMcu:532 - Load IP Config File for RCC
2026-06-10 11:26:34,702 [INFO] CodeEngine:265 - oldGeneratedFile, C:\Users\Usuario\Desktop\UNAL\2026-1\Control\proyectoControl\blink\Core\Inc\main.h_save
2026-06-10 11:26:34,916 [INFO] CodeEngine:289 - Generated code: C:\Users\Usuario\Desktop\UNAL\2026-1\Control\proyectoControl\blink\Core\Inc\main.h
2026-06-10 11:26:34,944 [INFO] CodeEngine:265 - oldGeneratedFile, C:\Users\Usuario\Desktop\UNAL\2026-1\Control\proyectoControl\blink\Core\Src\main.c_save
2026-06-10 11:26:35,332 [INFO] CodeEngine:289 - Generated code: C:\Users\Usuario\Desktop\UNAL\2026-1\Control\proyectoControl\blink\Core\Src\main.c
2026-06-10 11:26:36,403 [INFO] ProjectBuilder:3606 - Time for Copy HAL[1] : 581mS.
2026-06-10 11:26:36,428 [INFO] ProjectBuilder:5216 - Project Generator version: 4.7.0-B52
2026-06-10 11:26:36,647 [INFO] ConfigFileManager:1595 - The Die is : DIE414
2026-06-10 11:26:36,676 [INFO] ApiDbMcu:532 - Load IP Config File for FATFS
2026-06-10 11:26:36,715 [INFO] ApiDbMcu:532 - Load IP Config File for FREERTOS
2026-06-10 11:26:36,744 [INFO] ApiDbMcu:532 - Load IP Config File for USB_DEVICE
2026-06-10 11:26:37,813 [INFO] LogOutputStream:77 - [STDOUT_REDIRECT] 
2026-06-10 11:26:39,881 [INFO] ProjectBuilder:5496 - Time for Generating toolchain IDE Files: 3452mS.
2026-06-10 11:26:39,884 [INFO] ProjectBuilder:3463 - Time for Copy CMSIS : 1mS.
2026-06-10 11:26:39,891 [INFO] ProjectBuilder:3463 - Time for Copy CMSIS : 0mS.
2026-06-10 11:30:12,149 [INFO] WebApp:194 - Connection lost
2026-06-10 11:30:12,417 [INFO] WebApp:191 - Connection restablished
2026-06-10 11:30:14,226 [INFO] WebApp:194 - Connection lost
2026-06-10 11:30:14,439 [INFO] WebApp:191 - Connection restablished
2026-06-10 11:32:31,898 [INFO] UtilMem:75 - End SaveConfig() Used Memory: 830258864 Bytes (1073741824)
2026-06-10 11:32:33,036 [INFO] UtilMem:75 - End SaveConfig() Used Memory: 850404472 Bytes (1073741824)
2026-06-10 11:32:38,246 [INFO] UtilMem:75 - End SaveConfig() Used Memory: 950845104 Bytes (1073741824)
2026-06-10 11:32:38,563 [INFO] BlockDiagram:2775 - set Specific Code input for plugin: NVIC
2026-06-10 11:32:38,563 [INFO] BlockDiagram:2775 - set Specific Code input for plugin: SYS
2026-06-10 11:32:38,563 [INFO] BlockDiagram:2775 - set Specific Code input for plugin: GPIO
2026-06-10 11:32:38,563 [INFO] BlockDiagram:2775 - set Specific Code input for plugin: RCC
2026-06-10 11:32:38,565 [INFO] CodeGenerator:892 - code generatio: config db path: C:\ST\STM32CubeIDE_1.19.0\STM32CubeIDE\plugins\com.st.stm32cube.common.mx_6.15.0.202507011659\\db\
2026-06-10 11:32:38,677 [INFO] CodeEngine:265 - oldGeneratedFile, C:\Users\Usuario\Desktop\UNAL\2026-1\Control\proyectoControl\blink\MXTmpFiles\license.tmp_save
2026-06-10 11:32:38,755 [INFO] CodeEngine:289 - Generated code: C:\Users\Usuario\Desktop\UNAL\2026-1\Control\proyectoControl\blink\MXTmpFiles\license.tmp
2026-06-10 11:32:38,783 [INFO] CodeEngine:265 - oldGeneratedFile, C:\Users\Usuario\Desktop\UNAL\2026-1\Control\proyectoControl\blink\MXTmpFiles\gpio.tmp_save
2026-06-10 11:32:38,866 [INFO] CodeEngine:289 - Generated code: C:\Users\Usuario\Desktop\UNAL\2026-1\Control\proyectoControl\blink\MXTmpFiles\gpio.tmp
2026-06-10 11:32:38,896 [INFO] CodeEngine:265 - oldGeneratedFile, C:\Users\Usuario\Desktop\UNAL\2026-1\Control\proyectoControl\blink\Core\Src\stm32f1xx_it.c_save
2026-06-10 11:32:38,998 [INFO] CodeEngine:289 - Generated code: C:\Users\Usuario\Desktop\UNAL\2026-1\Control\proyectoControl\blink\Core\Src\stm32f1xx_it.c
2026-06-10 11:32:39,013 [INFO] CodeEngine:265 - oldGeneratedFile, C:\Users\Usuario\Desktop\UNAL\2026-1\Control\proyectoControl\blink\Core\Inc\stm32f1xx_it.h_save
2026-06-10 11:32:39,128 [INFO] CodeEngine:289 - Generated code: C:\Users\Usuario\Desktop\UNAL\2026-1\Control\proyectoControl\blink\Core\Inc\stm32f1xx_it.h
2026-06-10 11:32:39,173 [INFO] CodeEngine:265 - oldGeneratedFile, C:\Users\Usuario\Desktop\UNAL\2026-1\Control\proyectoControl\blink\Core\Src\stm32f1xx_hal_msp.c_save
2026-06-10 11:32:39,417 [INFO] CodeEngine:289 - Generated code: C:\Users\Usuario\Desktop\UNAL\2026-1\Control\proyectoControl\blink\Core\Src\stm32f1xx_hal_msp.c
2026-06-10 11:32:39,433 [INFO] CodeEngine:265 - oldGeneratedFile, C:\Users\Usuario\Desktop\UNAL\2026-1\Control\proyectoControl\blink\MXTmpFiles\system.tmp_save
2026-06-10 11:32:39,563 [INFO] CodeEngine:289 - Generated code: C:\Users\Usuario\Desktop\UNAL\2026-1\Control\proyectoControl\blink\MXTmpFiles\system.tmp
2026-06-10 11:32:39,594 [INFO] CodeEngine:321 - oldGeneratedFile, C:\Users\Usuario\Desktop\UNAL\2026-1\Control\proyectoControl\blink\Core\Inc\stm32f1xx_hal_conf.h_save
2026-06-10 11:32:39,744 [INFO] CodeEngine:345 - Generated code: C:\Users\Usuario\Desktop\UNAL\2026-1\Control\proyectoControl\blink\Core\Inc\stm32f1xx_hal_conf.h
2026-06-10 11:32:39,800 [INFO] CodeEngine:265 - oldGeneratedFile, C:\Users\Usuario\Desktop\UNAL\2026-1\Control\proyectoControl\blink\Core\Inc\main.h_save
2026-06-10 11:32:39,940 [INFO] CodeEngine:289 - Generated code: C:\Users\Usuario\Desktop\UNAL\2026-1\Control\proyectoControl\blink\Core\Inc\main.h
2026-06-10 11:32:39,961 [INFO] CodeEngine:265 - oldGeneratedFile, C:\Users\Usuario\Desktop\UNAL\2026-1\Control\proyectoControl\blink\Core\Src\main.c_save
2026-06-10 11:32:40,183 [INFO] CodeEngine:289 - Generated code: C:\Users\Usuario\Desktop\UNAL\2026-1\Control\proyectoControl\blink\Core\Src\main.c
2026-06-10 11:32:40,979 [INFO] ProjectBuilder:3606 - Time for Copy HAL[1] : 381mS.
2026-06-10 11:32:40,995 [INFO] ProjectBuilder:5216 - Project Generator version: 4.7.0-B52
2026-06-10 11:32:41,235 [INFO] ConfigFileManager:1595 - The Die is : DIE414
2026-06-10 11:32:43,497 [INFO] ProjectBuilder:5496 - Time for Generating toolchain IDE Files: 2503mS.
2026-06-10 11:32:43,499 [INFO] ProjectBuilder:3463 - Time for Copy CMSIS : 1mS.
2026-06-10 11:32:43,506 [INFO] ProjectBuilder:3463 - Time for Copy CMSIS : 1mS.
2026-06-10 11:58:23,556 [INFO] MainUpdater:2872 - connection check result : 10
2026-06-10 11:58:23,556 [INFO] MainUpdater:2872 - connection check result : 10
2026-06-10 11:58:23,653 [INFO] MicroXplorer:468 - Change Database Path : 
2026-06-10 11:58:23,653 [INFO] MicroXplorer:498 - Change Database Version : DB.6.0.150
2026-06-10 11:58:23,715 [ERROR] ProjectManagerView:395 - 
java.lang.NullPointerException: Cannot invoke "javax.swing.JTextField.getText()" because the return value of "java.util.List.get(int)" is null
	at com.st.microxplorer.plugins.projectmanager.gui.ProjectChoiceTab$9.caretUpdate(ProjectChoiceTab.java:2706) ~[filemanager.jar:?]
	at javax.swing.text.JTextComponent.fireCaretUpdate(JTextComponent.java:408) ~[?:?]
	at javax.swing.text.JTextComponent$MutableCaretEvent.fire(JTextComponent.java:4484) ~[?:?]
	at javax.swing.text.JTextComponent$MutableCaretEvent.stateChanged(JTextComponent.java:4506) ~[?:?]
	at javax.swing.text.DefaultCaret.fireStateChanged(DefaultCaret.java:857) ~[?:?]
	at javax.swing.text.DefaultCaret.changeCaretPosition(DefaultCaret.java:1343) ~[?:?]
	at javax.swing.text.DefaultCaret.handleSetDot(DefaultCaret.java:1242) ~[?:?]
	at javax.swing.text.DefaultCaret.setDot(DefaultCaret.java:1223) ~[?:?]
	at javax.swing.text.DefaultCaret$Handler.insertUpdate(DefaultCaret.java:1819) ~[?:?]
	at javax.swing.text.AbstractDocument.fireInsertUpdate(AbstractDocument.java:227) ~[?:?]
	at javax.swing.text.AbstractDocument.handleInsertString(AbstractDocument.java:781) ~[?:?]
	at javax.swing.text.AbstractDocument.insertString(AbstractDocument.java:740) ~[?:?]
	at javax.swing.text.PlainDocument.insertString(PlainDocument.java:131) ~[?:?]
	at javax.swing.text.AbstractDocument.replace(AbstractDocument.java:699) ~[?:?]
	at javax.swing.text.JTextComponent.setText(JTextComponent.java:1725) ~[?:?]
	at com.st.microxplorer.plugins.projectmanager.gui.ProjectChoiceTab.createHeapStackFields(ProjectChoiceTab.java:993) ~[filemanager.jar:?]
	at com.st.microxplorer.plugins.projectmanager.gui.ProjectChoiceTab.buildLinkSettingsPanel(ProjectChoiceTab.java:3813) ~[filemanager.jar:?]
	at com.st.microxplorer.plugins.projectmanager.gui.ProjectChoiceTab.defineWindowsFields(ProjectChoiceTab.java:1987) ~[filemanager.jar:?]
	at com.st.microxplorer.plugins.projectmanager.gui.ProjectChoiceTab.updateSettings(ProjectChoiceTab.java:558) ~[filemanager.jar:?]
	at com.st.microxplorer.plugins.projectmanager.gui.ProjectSettingsPanel.UpdateDialog(ProjectSettingsPanel.java:247) ~[filemanager.jar:?]
	at com.st.microxplorer.plugins.projectmanager.ProjectManagerView.propertyChange(ProjectManagerView.java:392) ~[filemanager.jar:?]
	at java.beans.PropertyChangeSupport.fire(PropertyChangeSupport.java:343) ~[?:?]
	at java.beans.PropertyChangeSupport.firePropertyChange(PropertyChangeSupport.java:335) ~[?:?]
	at java.beans.PropertyChangeSupport.firePropertyChange(PropertyChangeSupport.java:268) ~[?:?]
	at com.st.microxplorer.util.MXPropertyChangeSupport.firePropertyChange(MXPropertyChangeSupport.java:54) ~[STM32CubeMX.jar:?]
	at com.st.microxplorer.mxsystem.MxSystem.closeConfig(MxSystem.java:899) ~[STM32CubeMX.jar:?]
	at com.st.microxplorer.maingui.MainPanel.closeConfig(MainPanel.java:792) ~[STM32CubeMX.jar:?]
	at com.st.microxplorer.plugins.filemanager.engine.OpenFileManager.loadConfigurationFile(OpenFileManager.java:288) ~[filemanager.jar:?]
	at com.st.microxplorer.plugins.filemanager.engine.MainFileManager.userLoadConfig(MainFileManager.java:364) ~[filemanager.jar:?]
	at com.st.microxplorer.plugins.filemanager.engine.MainFileManager.userLoadConfig(MainFileManager.java:342) ~[filemanager.jar:?]
	at com.st.microxplorer.plugins.filemanager.FileManagerView.getSpecificTask(FileManagerView.java:264) ~[filemanager.jar:?]
	at com.st.stm32cube.common.mx.editor.CubeMxEditor.getMxTabbedPaneInstance(CubeMxEditor.java:1198) ~[com.st.stm32cube.common.mx_6.15.0.202507011659/:?]
	at com.st.stm32cube.common.mx.editor.CubeMxEditor$12$1.createSwingComponent(CubeMxEditor.java:1068) ~[com.st.stm32cube.common.mx_6.15.0.202507011659/:?]
	at com.st.stm32cube.common.mx.oss.core.awtswtbridge.EmbeddedSwingComposite.doComponentCreation(EmbeddedSwingComposite.java:492) ~[com.st.stm32cube.common.mx.oss_6.15.0.202507011659/:?]
	at com.st.stm32cube.common.mx.oss.core.awtswtbridge.EmbeddedSwingComposite$4.run(EmbeddedSwingComposite.java:291) ~[com.st.stm32cube.common.mx.oss_6.15.0.202507011659/:?]
	at com.st.stm32cube.common.mx.oss.core.awtswtbridge.AwtEnvironment$2.run(AwtEnvironment.java:166) ~[com.st.stm32cube.common.mx.oss_6.15.0.202507011659/:?]
	at java.awt.event.InvocationEvent.dispatch(InvocationEvent.java:318) ~[?:?]
	at java.awt.EventQueue.dispatchEventImpl(EventQueue.java:773) ~[?:?]
	at java.awt.EventQueue$4.run(EventQueue.java:720) ~[?:?]
	at java.awt.EventQueue$4.run(EventQueue.java:714) ~[?:?]
	at java.security.AccessController.doPrivileged(AccessController.java:400) ~[?:?]
	at java.security.ProtectionDomain$JavaSecurityAccessImpl.doIntersectionPrivilege(ProtectionDomain.java:87) ~[?:?]
	at java.awt.EventQueue.dispatchEvent(EventQueue.java:742) ~[?:?]
	at java.awt.EventDispatchThread.pumpOneEventForFilters(EventDispatchThread.java:203) ~[?:?]
	at java.awt.EventDispatchThread.pumpEventsForFilter(EventDispatchThread.java:124) ~[?:?]
	at java.awt.EventDispatchThread.pumpEventsForHierarchy(EventDispatchThread.java:113) ~[?:?]
	at java.awt.EventDispatchThread.pumpEvents(EventDispatchThread.java:109) ~[?:?]
	at java.awt.EventDispatchThread.pumpEvents(EventDispatchThread.java:101) ~[?:?]
	at java.awt.EventDispatchThread.run(EventDispatchThread.java:90) ~[?:?]
2026-06-10 11:58:23,735 [WARN] ThirdParty:871 - waiting for thirdparty lock release [close project]
2026-06-10 11:58:23,736 [INFO] ThirdParty:873 - entering critical section [close project]
2026-06-10 11:58:23,736 [INFO] ThirdParty:883 - exiting critical section [close project]
2026-06-10 11:58:23,738 [INFO] PinOutPanel:1589 - setPackage(No Configuration,No Configuration)
2026-06-10 11:58:23,756 [INFO] UtilMem:75 - Begin LoadConfig() Used Memory: 779419040 Bytes (1073741824)
2026-06-10 11:58:23,758 [INFO] MicroXplorer:468 - Change Database Path : 
2026-06-10 11:58:23,758 [INFO] MicroXplorer:498 - Change Database Version : DB.6.0.150
2026-06-10 11:58:23,758 [INFO] OpenFileManager:355 - Change cursor
2026-06-10 11:58:23,814 [INFO] RulesReader:64 - Compatibility file has been processed (317 Rules)
2026-06-10 11:58:23,825 [INFO] Mcu:2029 - Initializing MCU STM32F103R(C-D-E)Tx STM32F103RCTx STM32F103RCT6
2026-06-10 11:58:25,176 [INFO] Context:786 - Trying to add GPIOservice into a context  which must be forbidden
2026-06-10 11:58:25,573 [INFO] ImportTextPane:234 - (OptionalMessage_ERROR) Pin17 (VP_RIF_VS_RIF1) cannot be retrieved for this MCU
2026-06-10 11:58:25,785 [INFO] RtosManager:558 - Registered RTOS mode: class=CMSIS, group=RTOS, mode=CMSIS_V1, owner=FREERTOS
2026-06-10 11:58:25,785 [INFO] RtosManager:558 - Registered RTOS mode: class=CMSIS, group=RTOS2, mode=CMSIS_V2, owner=FREERTOS
2026-06-10 11:58:25,785 [INFO] RtosManager:558 - Registered RTOS mode: class=RTOS, group=Core, mode=CMSIS_V1, owner=FREERTOS
2026-06-10 11:58:25,786 [INFO] RtosManager:558 - Registered RTOS mode: class=RTOS, group=Core, mode=CMSIS_V2, owner=FREERTOS
2026-06-10 11:58:25,786 [WARN] ModelIntegratedComponent:184 - Missing modes for component STMicroelectronics:FreeRTOS:0.0.1:STMicroelectronics:RTOS:FreeRTOS:Core:::10.2.0:
2026-06-10 11:58:25,802 [WARN] ModelIntegratedComponent:63 - No mode defined for component null
2026-06-10 11:58:25,802 [WARN] ModelIntegratedComponent:63 - No mode defined for component null
2026-06-10 11:58:25,802 [WARN] ModelIntegratedComponent:63 - No mode defined for component null
2026-06-10 11:58:25,802 [WARN] ModelIntegratedComponent:63 - No mode defined for component null
2026-06-10 11:58:25,802 [WARN] ModelIntegratedComponent:63 - No mode defined for component null
2026-06-10 11:58:25,802 [WARN] ModelIntegratedComponent:63 - No mode defined for component null
2026-06-10 11:58:25,802 [WARN] ModelIntegratedComponent:63 - No mode defined for component null
2026-06-10 11:58:25,803 [WARN] ModelIntegratedComponent:63 - No mode defined for component null
2026-06-10 11:58:25,803 [WARN] ModelIntegratedComponent:63 - No mode defined for component null
2026-06-10 11:58:25,803 [WARN] ModelIntegratedComponent:63 - No mode defined for component null
2026-06-10 11:58:25,803 [WARN] ModelIntegratedComponent:63 - No mode defined for component null
2026-06-10 11:58:25,803 [WARN] ModelIntegratedComponent:63 - No mode defined for component null
2026-06-10 11:58:25,803 [WARN] ModelIntegratedComponent:63 - No mode defined for component null
2026-06-10 11:58:25,803 [WARN] ModelIntegratedComponent:63 - No mode defined for component null
2026-06-10 11:58:25,803 [WARN] ModelIntegratedComponent:63 - No mode defined for component null
2026-06-10 11:58:25,803 [WARN] ModelIntegratedComponent:63 - No mode defined for component null
2026-06-10 11:58:25,803 [WARN] ModelIntegratedComponent:63 - No mode defined for component null
2026-06-10 11:58:25,804 [WARN] ModelIntegratedComponent:63 - No mode defined for component null
2026-06-10 11:58:25,804 [WARN] ModelIntegratedComponent:63 - No mode defined for component null
2026-06-10 11:58:25,804 [WARN] ModelIntegratedComponent:63 - No mode defined for component null
2026-06-10 11:58:25,804 [WARN] ModelIntegratedComponent:63 - No mode defined for component null
2026-06-10 11:58:25,804 [WARN] ModelIntegratedComponent:63 - No mode defined for component null
2026-06-10 11:58:25,804 [WARN] ModelIntegratedComponent:63 - No mode defined for component null
2026-06-10 11:58:25,804 [WARN] ModelIntegratedComponent:63 - No mode defined for component null
2026-06-10 11:58:25,804 [WARN] ModelIntegratedComponent:63 - No mode defined for component null
2026-06-10 11:58:25,804 [WARN] ModelIntegratedComponent:63 - No mode defined for component null
2026-06-10 11:58:25,804 [WARN] ModelIntegratedComponent:63 - No mode defined for component null
2026-06-10 11:58:25,805 [WARN] ModelIntegratedComponent:63 - No mode defined for component null
2026-06-10 11:58:25,805 [WARN] ModelIntegratedComponent:63 - No mode defined for component null
2026-06-10 11:58:25,805 [WARN] ModelIntegratedComponent:63 - No mode defined for component null
2026-06-10 11:58:25,805 [WARN] ModelIntegratedComponent:63 - No mode defined for component null
2026-06-10 11:58:25,805 [WARN] ModelIntegratedComponent:63 - No mode defined for component null
2026-06-10 11:58:25,805 [WARN] ModelIntegratedComponent:63 - No mode defined for component null
2026-06-10 11:58:25,805 [WARN] ModelIntegratedComponent:63 - No mode defined for component null
2026-06-10 11:58:25,805 [WARN] ModelIntegratedComponent:63 - No mode defined for component null
2026-06-10 11:58:25,806 [WARN] ModelPack:524 - Component already loaded: STMicroelectronics:HAL Drivers:0.0.0:STMicroelectronics:Device:STMicro_Driver:XSPI:HAL::0.0.1:HAL_XSPI
2026-06-10 11:58:25,989 [INFO] ThirdPartyModel:298 - Start build external matchings
2026-06-10 11:58:26,950 [INFO] ThirdPartyModel:316 - End build external matchings
2026-06-10 11:58:26,976 [WARN] IP:2250 - I2C_Coeff_DF not found: check if there is a RefParameter without a condition.
2026-06-10 11:58:26,976 [WARN] IP:2250 - Analog_Filter not found: check if there is a RefParameter without a condition.
2026-06-10 11:58:27,381 [INFO] UtilMem:75 - End LoadConfig() Used Memory: 880004760 Bytes (1073741824)
2026-06-10 11:58:27,434 [WARN] ThirdParty:833 - waiting for thirdparty lock release [change project]
2026-06-10 11:58:27,435 [INFO] ThirdParty:835 - entering critical section [change project]
2026-06-10 11:58:27,435 [INFO] ThirdParty:1030 - CMSIS Pack Vendor :STMicroelectronics X-CUBE-AZRTOS-H7 3.5.0
2026-06-10 11:58:27,435 [INFO] ThirdParty:1030 - CMSIS Pack Vendor :STMicroelectronics X-CUBE-PM33A1 1.0.0
2026-06-10 11:58:27,435 [INFO] ThirdParty:1030 - CMSIS Pack Vendor :STMicroelectronics USBPD 4.1
2026-06-10 11:58:27,435 [INFO] ThirdParty:1030 - CMSIS Pack Vendor :STMicroelectronics X-CUBE-NFC9 1.0.0
2026-06-10 11:58:27,435 [INFO] ThirdParty:1030 - CMSIS Pack Vendor :STMicroelectronics USB_HOST 2.0.0
2026-06-10 11:58:27,436 [INFO] ThirdParty:1030 - CMSIS Pack Vendor :STMicroelectronics FP-SNS-MOTENVWB1 1.4.0
2026-06-10 11:58:27,436 [INFO] ThirdParty:1030 - CMSIS Pack Vendor :STMicroelectronics X-CUBE-AZRTOS-F4 1.1.0
2026-06-10 11:58:27,436 [INFO] ThirdParty:1030 - CMSIS Pack Vendor :STMicroelectronics LIBJPEG 8.0.0
2026-06-10 11:58:27,436 [INFO] ThirdParty:1030 - CMSIS Pack Vendor :STMicroelectronics FP-ATR-ASTRA1 2.0.2
2026-06-10 11:58:27,436 [INFO] ThirdParty:1030 - CMSIS Pack Vendor :STMicroelectronics X-CUBE-BLE1 7.1.0
2026-06-10 11:58:27,436 [INFO] ThirdParty:1030 - CMSIS Pack Vendor :STMicroelectronics X-CUBE-SMBUS 2.1.0
2026-06-10 11:58:27,436 [INFO] ThirdParty:1030 - CMSIS Pack Vendor :STMicroelectronics USB_DEVICE 3.0.0
2026-06-10 11:58:27,436 [INFO] ThirdParty:1030 - CMSIS Pack Vendor :STMicroelectronics X-CUBE-ISPU 2.1.0
2026-06-10 11:58:27,436 [INFO] ThirdParty:1030 - CMSIS Pack Vendor :STMicroelectronics X-CUBE-IPS 3.2.0
2026-06-10 11:58:27,437 [INFO] ThirdParty:1030 - CMSIS Pack Vendor :STMicroelectronics eDS-WB_DPC_TT-BIDIR 2.1.1
2026-06-10 11:58:27,437 [INFO] ThirdParty:1030 - CMSIS Pack Vendor :STMicroelectronics X-CUBE-AZRTOS-WB 2.0.0
2026-06-10 11:58:27,437 [INFO] ThirdParty:1030 - CMSIS Pack Vendor :STMicroelectronics X-CUBE-ST60 1.0.0
2026-06-10 11:58:27,437 [INFO] ThirdParty:1030 - CMSIS Pack Vendor :STMicroelectronics X-CUBE-GNSS1 7.0.1
2026-06-10 11:58:27,437 [INFO] ThirdParty:1030 - CMSIS Pack Vendor :STMicroelectronics X-CUBE-AZRTOS-F7 1.1.0
2026-06-10 11:58:27,438 [INFO] ThirdParty:1030 - CMSIS Pack Vendor :STMicroelectronics X-CUBE-AZRTOS-L5 2.0.0
2026-06-10 11:58:27,438 [INFO] ThirdParty:1030 - CMSIS Pack Vendor :STMicroelectronics X-CUBE-TOUCHGFX 4.25.0
2026-06-10 11:58:27,439 [INFO] ThirdParty:1030 - CMSIS Pack Vendor :STMicroelectronics USB_DEVICE 2.0.0
2026-06-10 11:58:27,439 [INFO] ThirdParty:1030 - CMSIS Pack Vendor :STMicroelectronics X-CUBE-NFC6 3.1.0
2026-06-10 11:58:27,439 [INFO] ThirdParty:1030 - CMSIS Pack Vendor :STMicroelectronics FP-SNS-STAIOTCFT 1.1.0
2026-06-10 11:58:27,441 [INFO] ThirdParty:1030 - CMSIS Pack Vendor :quantropi X-CUBE-qispace-sdk-base 2.1.0
2026-06-10 11:58:27,441 [INFO] ThirdParty:1030 - CMSIS Pack Vendor :STMicroelectronics X-CUBE-MEMS1 12.0.0
2026-06-10 11:58:27,441 [INFO] ThirdParty:1030 - CMSIS Pack Vendor :STMicroelectronics X-CUBE-STSE01 2.0.0
2026-06-10 11:58:27,441 [INFO] ThirdParty:1030 - CMSIS Pack Vendor :STMicroelectronics X-CUBE-ALGOBUILD 1.5.0
2026-06-10 11:58:27,441 [INFO] ThirdParty:1030 - CMSIS Pack Vendor :STMicroelectronics FP-SNS-MOTENV1 5.1.0
2026-06-10 11:58:27,441 [INFO] ThirdParty:1030 - CMSIS Pack Vendor :STMicroelectronics FreeRTOS 0.0.1
2026-06-10 11:58:27,441 [INFO] ThirdParty:1030 - CMSIS Pack Vendor :STMicroelectronics X-CUBE-AZRTOS-G0 1.1.0
2026-06-10 11:58:27,441 [INFO] ThirdParty:1030 - CMSIS Pack Vendor :STMicroelectronics X-CUBE-SAFEA1 1.2.2
2026-06-10 11:58:27,441 [INFO] ThirdParty:1030 - CMSIS Pack Vendor :STMicroelectronics X-CUBE-NFC4 3.0.0
2026-06-10 11:58:27,441 [INFO] ThirdParty:1030 - CMSIS Pack Vendor :STMicroelectronics X-CUBE-SUBG2 5.0.0
2026-06-10 11:58:27,442 [INFO] ThirdParty:1030 - CMSIS Pack Vendor :STMicroelectronics X-CUBE-AZRTOS-H7RS 1.1.0
2026-06-10 11:58:27,442 [INFO] ThirdParty:1030 - CMSIS Pack Vendor :STMicroelectronics STM32_WPAN 1.0.0
2026-06-10 11:58:27,442 [INFO] ThirdParty:1030 - CMSIS Pack Vendor :STMicroelectronics eDS-WB_DPC_VIENNA 1.2.0
2026-06-10 11:58:27,442 [INFO] ThirdParty:1030 - CMSIS Pack Vendor :EmbeddedOffice I-CUBE-FS-RTOS 1.0.1
2026-06-10 11:58:27,442 [INFO] ThirdParty:1030 - CMSIS Pack Vendor :STMicroelectronics lwIP 2.0.3
2026-06-10 11:58:27,442 [INFO] ThirdParty:1030 - CMSIS Pack Vendor :Cesanta I-CUBE-Mongoose 7.13.0
2026-06-10 11:58:27,442 [INFO] ThirdParty:1030 - CMSIS Pack Vendor :STMicroelectronics eDS-WB_DPC_3PH2L-BIDIR 1.1.1
2026-06-10 11:58:27,442 [INFO] ThirdParty:1030 - CMSIS Pack Vendor :STMicroelectronics USB_HOST 1.0.0
2026-06-10 11:58:27,442 [INFO] ThirdParty:1030 - CMSIS Pack Vendor :STMicroelectronics X-CUBE-AZRTOS-G4 2.0.0
2026-06-10 11:58:27,442 [INFO] ThirdParty:1030 - CMSIS Pack Vendor :STMicroelectronics X-CUBE-WB05N 2.0.0
2026-06-10 11:58:27,442 [INFO] ThirdParty:1030 - CMSIS Pack Vendor :STMicroelectronics PDM2PCM 3.1.0
2026-06-10 11:58:27,442 [INFO] ThirdParty:1030 - CMSIS Pack Vendor :STMicroelectronics PDM2PCM 3.3.0
2026-06-10 11:58:27,442 [INFO] ThirdParty:1030 - CMSIS Pack Vendor :STMicroelectronics X-CUBE-AZRTOS-H7 3.4.0
2026-06-10 11:58:27,442 [INFO] ThirdParty:1030 - CMSIS Pack Vendor :STMicroelectronics X-CUBE-DISPLAY 3.0.0
2026-06-10 11:58:27,442 [INFO] ThirdParty:1030 - CMSIS Pack Vendor :STMicroelectronics X-CUBE-NFC7 2.0.0
2026-06-10 11:58:27,442 [INFO] ThirdParty:1030 - CMSIS Pack Vendor :STMicroelectronics X-CUBE-GNSS1 7.1.1
2026-06-10 11:58:27,442 [INFO] ThirdParty:1030 - CMSIS Pack Vendor :STMicroelectronics FP-SNS-MOTENVWB1 1.5.0
2026-06-10 11:58:27,443 [INFO] ThirdParty:1030 - CMSIS Pack Vendor :STMicroelectronics X-CUBE-TCPP 4.2.0
2026-06-10 11:58:27,443 [INFO] ThirdParty:1030 - CMSIS Pack Vendor :RealThread X-CUBE-RT-Thread_Nano 4.1.1
2026-06-10 11:58:27,443 [INFO] ThirdParty:1030 - CMSIS Pack Vendor :STMicroelectronics FP-ATR-SIGFOX1 3.2.0
2026-06-10 11:58:27,443 [INFO] ThirdParty:1030 - CMSIS Pack Vendor :STMicroelectronics X-CUBE-NFC10 1.0.0
2026-06-10 11:58:27,443 [INFO] ThirdParty:1030 - CMSIS Pack Vendor :STMicroelectronics X-CUBE-FREERTOS 1.3.1
2026-06-10 11:58:27,443 [INFO] ThirdParty:1030 - CMSIS Pack Vendor :STMicroelectronics HAL Drivers 0.0.0
2026-06-10 11:58:27,443 [INFO] ThirdParty:1030 - CMSIS Pack Vendor :STMicroelectronics X-CUBE-FREERTOS 1.5.0
2026-06-10 11:58:27,443 [INFO] ThirdParty:1030 - CMSIS Pack Vendor :STMicroelectronics MBEDTLS 2.16.2
2026-06-10 11:58:27,443 [INFO] ThirdParty:1030 - CMSIS Pack Vendor :STMicroelectronics X-CUBE-ST60 1.1.0
2026-06-10 11:58:27,443 [INFO] ThirdParty:1030 - CMSIS Pack Vendor :STMicroelectronics X-CUBE-IPS 3.1.0
2026-06-10 11:58:27,443 [INFO] ThirdParty:1030 - CMSIS Pack Vendor :STMicroelectronics X-CUBE-ALS 1.0.2
2026-06-10 11:58:27,443 [INFO] ThirdParty:1030 - CMSIS Pack Vendor :STMicroelectronics MBEDTLS 2.14.1
2026-06-10 11:58:27,443 [INFO] ThirdParty:1030 - CMSIS Pack Vendor :STMicroelectronics X-CUBE-GNSS1 7.1.0
2026-06-10 11:58:27,443 [INFO] ThirdParty:1030 - CMSIS Pack Vendor :STMicroelectronics X-CUBE-TOUCHGFX 4.26.1
2026-06-10 11:58:27,444 [INFO] ThirdParty:1030 - CMSIS Pack Vendor :portGmbH I-Cube-SoM-uGOAL 1.1.0
2026-06-10 11:58:27,444 [INFO] ThirdParty:1030 - CMSIS Pack Vendor :STMicroelectronics X-CUBE-NFC6 3.2.0
2026-06-10 11:58:27,444 [INFO] ThirdParty:1030 - CMSIS Pack Vendor :STMicroelectronics X-CUBE-ST67W61 1.0.0
2026-06-10 11:58:27,444 [INFO] ThirdParty:1030 - CMSIS Pack Vendor :STMicroelectronics FP-SNS-STAIOTCFT 1.0.0
2026-06-10 11:58:27,444 [INFO] ThirdParty:1030 - CMSIS Pack Vendor :STMicroelectronics ThreadX 1.0.0
2026-06-10 11:58:27,444 [INFO] ThirdParty:1030 - CMSIS Pack Vendor :STMicroelectronics FP-SNS-SMARTAG2 1.2.0
2026-06-10 11:58:27,444 [INFO] ThirdParty:1030 - CMSIS Pack Vendor :STMicroelectronics X-CUBE-MEMS1 12.1.0
2026-06-10 11:58:27,444 [INFO] ThirdParty:1030 - CMSIS Pack Vendor :STMicroelectronics FP-SNS-FLIGHT1 5.1.0
2026-06-10 11:58:27,444 [INFO] ThirdParty:1030 - CMSIS Pack Vendor :STMicroelectronics X-CUBE-AZRTOS-WL 2.0.0
2026-06-10 11:58:27,444 [INFO] ThirdParty:1030 - CMSIS Pack Vendor :SEGGER I-CUBE-embOS 1.3.1
2026-06-10 11:58:27,444 [INFO] ThirdParty:1030 - CMSIS Pack Vendor :STMicroelectronics X-CUBE-ALGOBUILD 1.4.0
2026-06-10 11:58:27,444 [INFO] ThirdParty:1030 - CMSIS Pack Vendor :STMicroelectronics X-CUBE-DPower 1.3.0
2026-06-10 11:58:27,444 [INFO] ThirdParty:1030 - CMSIS Pack Vendor :STMicroelectronics X-CUBE-MEMS1 11.3.0
2026-06-10 11:58:27,444 [INFO] ThirdParty:1030 - CMSIS Pack Vendor :STMicroelectronics FP-SNS-MOTENV1 5.0.0
2026-06-10 11:58:27,446 [INFO] ThirdParty:1030 - CMSIS Pack Vendor :STMicroelectronics USB_DEVICE 1.0.0
2026-06-10 11:58:27,448 [INFO] ThirdParty:1030 - CMSIS Pack Vendor :STMicroelectronics X-CUBE-AZRTOS-H7RS 1.2.0
2026-06-10 11:58:27,449 [INFO] ThirdParty:1030 - CMSIS Pack Vendor :STMicroelectronics X-CUBE-AZRTOS-L4 2.0.0
2026-06-10 11:58:27,449 [INFO] ThirdParty:1030 - CMSIS Pack Vendor :STMicroelectronics ThreadX 0.0.2
2026-06-10 11:58:27,449 [INFO] ThirdParty:1030 - CMSIS Pack Vendor :WES I-CUBE-Cesium 1.3.0
2026-06-10 11:58:27,449 [INFO] ThirdParty:1030 - CMSIS Pack Vendor :STMicroelectronics lwIP 2.1.2
2026-06-10 11:58:27,449 [INFO] ThirdParty:1030 - CMSIS Pack Vendor :STMicroelectronics X-CUBE-SFXS2LP1 4.0.0
2026-06-10 11:58:27,450 [INFO] ThirdParty:1030 - CMSIS Pack Vendor :STMicroelectronics X-CUBE-BLE2 3.3.0
2026-06-10 11:58:27,450 [INFO] ThirdParty:1030 - CMSIS Pack Vendor :Avnet-IOTCONNECT X-CUBE-iotc-st67-sdk 1.0.0
2026-06-10 11:58:27,450 [INFO] ThirdParty:1030 - CMSIS Pack Vendor :STMicroelectronics X-CUBE-TOF1 3.4.3
2026-06-10 11:58:27,450 [INFO] ThirdParty:1030 - CMSIS Pack Vendor :STMicroelectronics PDM2PCM 3.2.0
2026-06-10 11:58:27,450 [INFO] ThirdParty:1030 - CMSIS Pack Vendor :STMicroelectronics X-CUBE-WB05N 2.1.0
2026-06-10 11:58:27,450 [INFO] ThirdParty:1030 - CMSIS Pack Vendor :STMicroelectronics X-CUBE-ST67W61 1.2.0
2026-06-10 11:58:27,450 [INFO] ThirdParty:841 - exiting critical section [change project]
2026-06-10 11:58:27,783 [INFO] PinOutPanel:1589 - setPackage(No Configuration,No Configuration)
2026-06-10 11:58:27,784 [INFO] PinOutPanel:1589 - setPackage(STM32F103RCTx,LQFP64)
2026-06-10 11:58:28,290 [INFO] UtilMem:75 - Before build in PCC Used Memory: 986957464 Bytes (1073741824)
2026-06-10 11:58:28,615 [INFO] UtilMem:75 - After build in PCC Used Memory: 705478584 Bytes (1073741824)
2026-06-10 11:58:28,639 [INFO] IPUIPlugin:80 - create IPUIPlugin
2026-06-10 11:58:28,639 [INFO] IPUIPlugin:80 - create IPUIPlugin
2026-06-10 11:58:28,639 [INFO] IPUIPlugin:80 - create IPUIPlugin
2026-06-10 11:58:28,639 [INFO] IPUIPlugin:80 - create IPUIPlugin
2026-06-10 11:58:28,640 [INFO] IPUIPlugin:80 - create IPUIPlugin
2026-06-10 11:58:28,640 [INFO] IPUIPlugin:80 - create IPUIPlugin
2026-06-10 11:58:28,640 [INFO] IPUIPlugin:80 - create IPUIPlugin
2026-06-10 11:58:28,640 [INFO] IPUIPlugin:80 - create IPUIPlugin
2026-06-10 11:58:28,640 [INFO] IPUIPlugin:80 - create IPUIPlugin
2026-06-10 11:58:28,640 [INFO] IPUIPlugin:80 - create IPUIPlugin
2026-06-10 11:58:28,641 [INFO] IPUIPlugin:80 - create IPUIPlugin
2026-06-10 11:58:28,641 [INFO] IPUIPlugin:80 - create IPUIPlugin
2026-06-10 11:58:28,641 [INFO] IPUIPlugin:80 - create IPUIPlugin
2026-06-10 11:58:28,641 [INFO] IPUIPlugin:80 - create IPUIPlugin
2026-06-10 11:58:28,641 [INFO] IPUIPlugin:80 - create IPUIPlugin
2026-06-10 11:58:28,641 [INFO] IPUIPlugin:80 - create IPUIPlugin
2026-06-10 11:58:28,641 [INFO] IPUIPlugin:80 - create IPUIPlugin
2026-06-10 11:58:28,642 [INFO] IPUIPlugin:80 - create IPUIPlugin
2026-06-10 11:58:28,642 [INFO] IPUIPlugin:80 - create IPUIPlugin
2026-06-10 11:58:28,642 [INFO] IPUIPlugin:80 - create IPUIPlugin
2026-06-10 11:58:28,642 [INFO] IPUIPlugin:80 - create IPUIPlugin
2026-06-10 11:58:28,643 [INFO] IPUIPlugin:80 - create IPUIPlugin
2026-06-10 11:58:28,643 [INFO] IPUIPlugin:80 - create IPUIPlugin
2026-06-10 11:58:28,643 [INFO] IPUIPlugin:80 - create IPUIPlugin
2026-06-10 11:58:28,643 [INFO] IPUIPlugin:80 - create IPUIPlugin
2026-06-10 11:58:28,643 [INFO] IPUIPlugin:80 - create IPUIPlugin
2026-06-10 11:58:28,643 [INFO] IPUIPlugin:80 - create IPUIPlugin
2026-06-10 11:58:28,644 [INFO] IPUIPlugin:80 - create IPUIPlugin
2026-06-10 11:58:28,644 [INFO] IPUIPlugin:80 - create IPUIPlugin
2026-06-10 11:58:28,644 [INFO] IPUIPlugin:80 - create IPUIPlugin
2026-06-10 11:58:28,645 [INFO] IPUIPlugin:80 - create IPUIPlugin
2026-06-10 11:58:28,647 [INFO] IPUIPlugin:80 - create IPUIPlugin
2026-06-10 11:58:28,647 [INFO] IPUIPlugin:80 - create IPUIPlugin
2026-06-10 11:58:28,647 [INFO] IPUIPlugin:80 - create IPUIPlugin
2026-06-10 11:58:28,647 [INFO] IPUIPlugin:80 - create IPUIPlugin
2026-06-10 11:58:28,648 [INFO] IPUIPlugin:80 - create IPUIPlugin
2026-06-10 11:58:28,648 [INFO] IPUIPlugin:80 - create IPUIPlugin
2026-06-10 11:58:28,648 [INFO] IPUIPlugin:80 - create IPUIPlugin
2026-06-10 11:58:28,648 [INFO] IPUIPlugin:80 - create IPUIPlugin
2026-06-10 11:58:28,652 [WARN] IP:2250 - I2C_Coeff_DF not found: check if there is a RefParameter without a condition.
2026-06-10 11:58:28,653 [WARN] IP:2250 - Analog_Filter not found: check if there is a RefParameter without a condition.
2026-06-10 11:58:28,724 [INFO] CADModel:165 - CPN selected for project levelSTM32F103RCT6
2026-06-10 11:58:28,724 [INFO] CADModel:114 - Register for checkConnection events
2026-06-10 11:58:28,781 [INFO] OpenFileManager:386 - Restore cursor
2026-06-10 11:58:29,277 [WARN] IP:2250 - I2C_Coeff_DF not found: check if there is a RefParameter without a condition.
2026-06-10 11:58:29,278 [WARN] IP:2250 - Analog_Filter not found: check if there is a RefParameter without a condition.
2026-06-10 11:58:29,279 [WARN] IP:2250 - I2C_Coeff_DF not found: check if there is a RefParameter without a condition.
2026-06-10 11:58:29,280 [WARN] IP:2250 - Analog_Filter not found: check if there is a RefParameter without a condition.
2026-06-10 19:40:36,717 [INFO] WebApp:194 - Connection lost
2026-06-10 19:40:38,783 [INFO] WebApp:191 - Connection restablished
2026-06-10 22:29:05,018 [INFO] WebApp:194 - Connection lost
2026-06-10 22:29:05,399 [INFO] WebApp:191 - Connection restablished
2026-06-10 22:29:05,870 [INFO] WebApp:194 - Connection lost
2026-06-10 22:29:06,597 [INFO] WebApp:191 - Connection restablished
2026-06-10 22:29:07,195 [INFO] WebApp:194 - Connection lost
2026-06-10 22:29:07,475 [INFO] WebApp:191 - Connection restablished
2026-06-10 22:29:08,171 [INFO] WebApp:194 - Connection lost
2026-06-10 22:29:08,705 [INFO] WebApp:191 - Connection restablished
2026-06-10 22:29:30,924 [ERROR] LogOutputStream:75 - [STDERR_REDIRECT] 
2026-06-10 22:29:30,925 [ERROR] LogOutputStream:75 - [STDERR_REDIRECT] 
