2026-06-15 21:42:30,412 [INFO] Activator:176 - 


2026-06-15 21:42:30,435 [INFO] Activator:177 - !SESSION log4j initialized
2026-06-15 21:42:47,314 [INFO] LogOutputStream:77 - [STDOUT_REDIRECT] 
2026-06-15 21:43:01,786 [INFO] ApplicationProperties:184 - Using Application install path: C:\ST\STM32CubeIDE_1.19.0\STM32CubeIDE\plugins\com.st.stm32cube.common.mx_6.15.0.202507011659
2026-06-15 21:43:01,861 [INFO] DbMcusXml:78 - Set database path to: C:\ST\STM32CubeIDE_1.19.0\STM32CubeIDE\plugins\com.st.stm32cube.common.mx_6.15.0.202507011659\\db\/mcu/
2026-06-15 21:43:01,863 [INFO] ApiDb:274 - Set plugin database path to: C:\ST\STM32CubeIDE_1.19.0\STM32CubeIDE\plugins\com.st.stm32cube.common.mx_6.15.0.202507011659\\db\/plugins/boardmanager/
2026-06-15 21:43:01,864 [WARN] ApiDb:259 - Overriding images path with different value:  => C:\ST\STM32CubeIDE_1.19.0\STM32CubeIDE\plugins\com.st.stm32cube.common.mx_6.15.0.202507011659\\db\/plugins/mcufinder/images/
2026-06-15 21:43:01,903 [INFO] ApiDb:250 - Set database path to: C:\Users\Usuario\.stmcufinder\plugins\mcufinder//mcu/
2026-06-15 21:43:01,908 [INFO] DbMcusAds:125 - Set database path to: C:\Users\Usuario\.stmcufinder\plugins\mcufinder//mcu/
2026-06-15 21:43:01,926 [INFO] CrossReferenceDbSqlite:203 - Set database path to: C:\Users\Usuario\.stmcufinder\plugins\mcufinder//mcu/cs/
2026-06-15 21:43:02,369 [INFO] RulesReader:64 - Compatibility file has been processed (317 Rules)
2026-06-15 21:43:02,661 [INFO] DbMcusXml:78 - Set database path to: C:\ST\STM32CubeIDE_1.19.0\STM32CubeIDE\plugins\com.st.stm32cube.common.mx_6.15.0.202507011659\\db\/mcu/
2026-06-15 21:43:02,662 [INFO] ApiDb:274 - Set plugin database path to: C:\ST\STM32CubeIDE_1.19.0\STM32CubeIDE\plugins\com.st.stm32cube.common.mx_6.15.0.202507011659\\db\/plugins/boardmanager/
2026-06-15 21:43:02,662 [INFO] ApiDb:261 - Set plugin images path to: C:\ST\STM32CubeIDE_1.19.0\STM32CubeIDE\plugins\com.st.stm32cube.common.mx_6.15.0.202507011659\\db\/plugins/mcufinder/images/
2026-06-15 21:43:02,662 [WARN] DbFile:41 - Overriding database path with different value: C:\Users\Usuario\.stmcufinder\plugins\mcufinder/ => C:\Users\Usuario\.stmcufinder\plugins\mcufinder
2026-06-15 21:43:02,662 [INFO] ApiDb:250 - Set database path to: C:\Users\Usuario\.stmcufinder\plugins\mcufinder//mcu/
2026-06-15 21:43:02,662 [WARN] DbFile:41 - Overriding database path with different value: C:\Users\Usuario\.stmcufinder\plugins\mcufinder/ => C:\Users\Usuario\.stmcufinder\plugins\mcufinder
2026-06-15 21:43:02,663 [INFO] DbMcusAds:125 - Set database path to: C:\Users\Usuario\.stmcufinder\plugins\mcufinder//mcu/
2026-06-15 21:43:02,663 [WARN] DbFile:41 - Overriding database path with different value: C:\Users\Usuario\.stmcufinder\plugins\mcufinder/ => C:\Users\Usuario\.stmcufinder\plugins\mcufinder
2026-06-15 21:43:02,663 [WARN] DbFile:41 - Overriding database path with different value: C:\Users\Usuario\.stmcufinder\plugins\mcufinder/ => C:\Users\Usuario\.stmcufinder\plugins\mcufinder
2026-06-15 21:43:02,663 [INFO] CrossReferenceDbSqlite:203 - Set database path to: C:\Users\Usuario\.stmcufinder\plugins\mcufinder//mcu/cs/
2026-06-15 21:43:02,870 [INFO] MainPanel:274 - HeapMemory: 268435456
2026-06-15 21:43:03,139 [INFO] DbMcusXml:78 - Set database path to: C:\ST\STM32CubeIDE_1.19.0\STM32CubeIDE\plugins\com.st.stm32cube.common.mx_6.15.0.202507011659\\db\/mcu/
2026-06-15 21:43:03,139 [INFO] ApiDb:274 - Set plugin database path to: C:\ST\STM32CubeIDE_1.19.0\STM32CubeIDE\plugins\com.st.stm32cube.common.mx_6.15.0.202507011659\\db\/plugins/boardmanager/
2026-06-15 21:43:03,140 [INFO] ApiDb:261 - Set plugin images path to: C:\ST\STM32CubeIDE_1.19.0\STM32CubeIDE\plugins\com.st.stm32cube.common.mx_6.15.0.202507011659\\db\/plugins/mcufinder/images/
2026-06-15 21:43:03,140 [WARN] DbFile:41 - Overriding database path with different value: C:\Users\Usuario\.stmcufinder\plugins\mcufinder/ => C:\Users\Usuario\.stmcufinder\plugins\mcufinder
2026-06-15 21:43:03,140 [INFO] ApiDb:250 - Set database path to: C:\Users\Usuario\.stmcufinder\plugins\mcufinder//mcu/
2026-06-15 21:43:03,140 [WARN] DbFile:41 - Overriding database path with different value: C:\Users\Usuario\.stmcufinder\plugins\mcufinder/ => C:\Users\Usuario\.stmcufinder\plugins\mcufinder
2026-06-15 21:43:03,141 [INFO] DbMcusAds:125 - Set database path to: C:\Users\Usuario\.stmcufinder\plugins\mcufinder//mcu/
2026-06-15 21:43:03,141 [WARN] DbFile:41 - Overriding database path with different value: C:\Users\Usuario\.stmcufinder\plugins\mcufinder/ => C:\Users\Usuario\.stmcufinder\plugins\mcufinder
2026-06-15 21:43:03,141 [WARN] DbFile:41 - Overriding database path with different value: C:\Users\Usuario\.stmcufinder\plugins\mcufinder/ => C:\Users\Usuario\.stmcufinder\plugins\mcufinder
2026-06-15 21:43:03,141 [INFO] CrossReferenceDbSqlite:203 - Set database path to: C:\Users\Usuario\.stmcufinder\plugins\mcufinder//mcu/cs/
2026-06-15 21:43:03,188 [INFO] ApplicationProperties:184 - Using Application install path: C:\ST\STM32CubeIDE_1.19.0\STM32CubeIDE\plugins\com.st.stm32cube.common.mx_6.15.0.202507011659
2026-06-15 21:43:03,192 [INFO] PluginManage:196 - Search for loadable plugins [exclusion list=, ]
2026-06-15 21:43:03,195 [INFO] PluginManage:310 - Check plugin analytics
2026-06-15 21:43:13,336 [INFO] AnalyticsPlugin:253 - Accepted Software Licenses: 
2026-06-15 21:43:13,337 [INFO] AnalyticsPlugin:255 - Accepted CMSIS Pack Licenses: 
2026-06-15 21:43:13,338 [INFO] AnalyticsPlugin:257 - Accepted Firmware Licenses: 
2026-06-15 21:43:13,348 [INFO] PluginManage:359 - Loaded plugin analytics (category:tool,tabindex:-1)
2026-06-15 21:43:13,349 [INFO] PluginManage:310 - Check plugin cadmodel
2026-06-15 21:43:13,368 [INFO] CADModel:105 - Init CAD model plugin
2026-06-15 21:43:13,369 [INFO] PluginManage:359 - Loaded plugin cadmodel (category:power,tabindex:5)
2026-06-15 21:43:13,370 [INFO] PluginManage:310 - Check plugin clock
2026-06-15 21:43:13,403 [INFO] PluginManage:359 - Loaded plugin clock (category:base,tabindex:2)
2026-06-15 21:43:13,403 [INFO] PluginManage:310 - Check plugin ddr
2026-06-15 21:43:13,412 [INFO] PluginManage:359 - Loaded plugin ddr (category:tool,tabindex:6)
2026-06-15 21:43:13,412 [INFO] PluginManage:310 - Check plugin filemanager
2026-06-15 21:43:14,064 [INFO] PluginManage:359 - Loaded plugin filemanager (category:base,tabindex:10)
2026-06-15 21:43:14,064 [INFO] PluginManage:310 - Check plugin ipmanager
2026-06-15 21:43:14,096 [INFO] PluginManage:359 - Loaded plugin ipmanager (category:base,tabindex:5)
2026-06-15 21:43:14,097 [INFO] PluginManage:310 - Check plugin lpbam
2026-06-15 21:43:14,131 [INFO] PluginManage:359 - Loaded plugin lpbam (category:base,tabindex:0)
2026-06-15 21:43:14,132 [INFO] PluginManage:310 - Check plugin memorymap
2026-06-15 21:43:14,193 [INFO] PluginManage:359 - Loaded plugin memorymap (category:base,tabindex:4)
2026-06-15 21:43:14,194 [INFO] PluginManage:310 - Check plugin pinoutandconfiguration
2026-06-15 21:43:14,233 [INFO] PluginManage:359 - Loaded plugin pinoutandconfiguration (category:base,tabindex:1)
2026-06-15 21:43:14,233 [INFO] PluginManage:310 - Check plugin pinoutconfig
2026-06-15 21:43:14,587 [WARN] SupportedApi:132 - Cannot load RTOS API schema: s4s-elt-must-match.1: The content of 'definitions' must match (annotation?, (simpleType | complexType)?, (unique | key | keyref)*)). A problem was found starting at: attribute.
2026-06-15 21:43:15,160 [INFO] PluginManage:359 - Loaded plugin pinoutconfig (category:base,tabindex:0)
2026-06-15 21:43:15,161 [INFO] PluginManage:310 - Check plugin power
2026-06-15 21:43:15,205 [INFO] PluginManage:359 - Loaded plugin power (category:power,tabindex:4)
2026-06-15 21:43:15,205 [INFO] PluginManage:310 - Check plugin projectmanager
2026-06-15 21:43:15,271 [INFO] PluginManage:359 - Loaded plugin projectmanager (category:projectmanager,tabindex:4)
2026-06-15 21:43:15,272 [INFO] PluginManage:310 - Check plugin rif
2026-06-15 21:43:15,313 [INFO] PluginManage:359 - Loaded plugin rif (category:base,tabindex:3)
2026-06-15 21:43:15,314 [INFO] PluginManage:310 - Check plugin thirdparty
2026-06-15 21:43:15,894 [INFO] PluginManage:359 - Loaded plugin thirdparty (category:base,tabindex:-1)
2026-06-15 21:43:15,894 [WARN] IntegrityCheckThread:84 - waiting for thirdparty lock release [integrity check]
2026-06-15 21:43:15,896 [INFO] IntegrityCheckThread:86 - entering critical section [integrity check]
2026-06-15 21:43:15,895 [INFO] PluginManage:310 - Check plugin tools
2026-06-15 21:43:15,897 [INFO] ThirdPartyUpdaterWithRetryManager:70 - Updater plugin not ready yet. [1/15]
2026-06-15 21:43:15,907 [INFO] PluginManage:359 - Loaded plugin tools (category:base,tabindex:7)
2026-06-15 21:43:15,908 [INFO] PluginManage:310 - Check plugin tutovideos
2026-06-15 21:43:16,750 [INFO] PluginManage:359 - Loaded plugin tutovideos (category:base,tabindex:-1)
2026-06-15 21:43:16,751 [INFO] PluginManage:310 - Check plugin updater
2026-06-15 21:43:16,837 [INFO] PluginManage:359 - Loaded plugin updater (category:base,tabindex:12)
2026-06-15 21:43:16,837 [INFO] PluginManage:310 - Check plugin userauth
2026-06-15 21:43:16,852 [INFO] UserAuth:118 - Init User Auth plugin
2026-06-15 21:43:16,855 [INFO] PluginManage:359 - Loaded plugin userauth (category:base,tabindex:14)
2026-06-15 21:43:16,857 [INFO] PluginManage:283 - PluginManage : Loaded plugins [18]
2026-06-15 21:43:17,703 [INFO] PinOutPanel:1589 - setPackage(No Configuration,No Configuration)
2026-06-15 21:43:18,064 [INFO] CADModel:165 - CPN selected for project level
2026-06-15 21:43:18,065 [INFO] CADModel:114 - Register for checkConnection events
2026-06-15 21:43:18,121 [INFO] IPUIPlugin:80 - create IPUIPlugin
2026-06-15 21:43:18,121 [INFO] PluginManager:220 - loadIPPluginJar : add adc
2026-06-15 21:43:18,128 [INFO] IPUIPlugin:80 - create IPUIPlugin
2026-06-15 21:43:18,128 [INFO] PluginManager:220 - loadIPPluginJar : add aes
2026-06-15 21:43:18,134 [INFO] IPUIPlugin:80 - create IPUIPlugin
2026-06-15 21:43:18,135 [INFO] PluginManager:220 - loadIPPluginJar : add can
2026-06-15 21:43:18,139 [INFO] IPUIPlugin:80 - create IPUIPlugin
2026-06-15 21:43:18,142 [INFO] PluginManager:220 - loadIPPluginJar : add comp
2026-06-15 21:43:18,146 [INFO] IPUIPlugin:80 - create IPUIPlugin
2026-06-15 21:43:18,147 [INFO] PluginManager:220 - loadIPPluginJar : add cryp
2026-06-15 21:43:18,156 [INFO] IPUIPlugin:80 - create IPUIPlugin
2026-06-15 21:43:18,156 [INFO] PluginManager:220 - loadIPPluginJar : add ddr_ctrl_phy
2026-06-15 21:43:18,176 [INFO] IPUIPlugin:80 - create IPUIPlugin
2026-06-15 21:43:18,176 [INFO] PluginManager:220 - loadIPPluginJar : add dfsdm
2026-06-15 21:43:18,186 [INFO] IPUIPlugin:80 - create IPUIPlugin
2026-06-15 21:43:18,187 [INFO] PluginManager:220 - loadIPPluginJar : add dma
2026-06-15 21:43:18,192 [INFO] IPUIPlugin:80 - create IPUIPlugin
2026-06-15 21:43:18,192 [INFO] PluginManager:220 - loadIPPluginJar : add dma3
2026-06-15 21:43:18,199 [INFO] IPUIPlugin:80 - create IPUIPlugin
2026-06-15 21:43:18,199 [INFO] PluginManager:220 - loadIPPluginJar : add extmemmanager
2026-06-15 21:43:18,202 [INFO] IPUIPlugin:80 - create IPUIPlugin
2026-06-15 21:43:18,203 [INFO] PluginManager:220 - loadIPPluginJar : add fatfs
2026-06-15 21:43:18,211 [INFO] IPUIPlugin:80 - create IPUIPlugin
2026-06-15 21:43:18,211 [INFO] PluginManager:220 - loadIPPluginJar : add fmc
2026-06-15 21:43:18,223 [INFO] IPUIPlugin:80 - create IPUIPlugin
2026-06-15 21:43:18,224 [INFO] PluginManager:220 - loadIPPluginJar : add freertos
2026-06-15 21:43:18,228 [INFO] IPUIPlugin:80 - create IPUIPlugin
2026-06-15 21:43:18,228 [INFO] PluginManager:220 - loadIPPluginJar : add genericplugin
2026-06-15 21:43:18,234 [INFO] IPUIPlugin:80 - create IPUIPlugin
2026-06-15 21:43:18,234 [INFO] PluginManager:220 - loadIPPluginJar : add gfxmmu
2026-06-15 21:43:18,245 [INFO] IPUIPlugin:80 - create IPUIPlugin
2026-06-15 21:43:18,245 [INFO] PluginManager:220 - loadIPPluginJar : add gic
2026-06-15 21:43:18,255 [INFO] IPUIPlugin:80 - create IPUIPlugin
2026-06-15 21:43:18,256 [INFO] PluginManager:220 - loadIPPluginJar : add gpio
2026-06-15 21:43:18,263 [INFO] IPUIPlugin:80 - create IPUIPlugin
2026-06-15 21:43:18,263 [INFO] PluginManager:220 - loadIPPluginJar : add gtzc
2026-06-15 21:43:18,268 [INFO] IPUIPlugin:80 - create IPUIPlugin
2026-06-15 21:43:18,269 [INFO] PluginManager:220 - loadIPPluginJar : add hash
2026-06-15 21:43:18,276 [INFO] IPUIPlugin:80 - create IPUIPlugin
2026-06-15 21:43:18,276 [INFO] PluginManager:220 - loadIPPluginJar : add i2c
2026-06-15 21:43:18,282 [INFO] IPUIPlugin:80 - create IPUIPlugin
2026-06-15 21:43:18,283 [INFO] PluginManager:220 - loadIPPluginJar : add i2s
2026-06-15 21:43:18,289 [INFO] IPUIPlugin:80 - create IPUIPlugin
2026-06-15 21:43:18,289 [INFO] PluginManager:220 - loadIPPluginJar : add i3c
2026-06-15 21:43:18,296 [INFO] IPUIPlugin:80 - create IPUIPlugin
2026-06-15 21:43:18,297 [INFO] PluginManager:220 - loadIPPluginJar : add ipddr
2026-06-15 21:43:18,310 [INFO] IPUIPlugin:80 - create IPUIPlugin
2026-06-15 21:43:18,310 [INFO] PluginManager:220 - loadIPPluginJar : add linkedlist
2026-06-15 21:43:18,316 [INFO] IPUIPlugin:80 - create IPUIPlugin
2026-06-15 21:43:18,316 [INFO] PluginManager:220 - loadIPPluginJar : add lorawan
2026-06-15 21:43:18,320 [INFO] IPUIPlugin:80 - create IPUIPlugin
2026-06-15 21:43:18,320 [INFO] PluginManager:220 - loadIPPluginJar : add ltdc
2026-06-15 21:43:18,332 [INFO] IPUIPlugin:80 - create IPUIPlugin
2026-06-15 21:43:18,333 [INFO] PluginManager:220 - loadIPPluginJar : add mdma
2026-06-15 21:43:18,340 [INFO] IPUIPlugin:80 - create IPUIPlugin
2026-06-15 21:43:18,341 [INFO] PluginManager:220 - loadIPPluginJar : add nvic
2026-06-15 21:43:18,348 [INFO] IPUIPlugin:80 - create IPUIPlugin
2026-06-15 21:43:18,348 [INFO] PluginManager:220 - loadIPPluginJar : add opamp
2026-06-15 21:43:18,356 [INFO] IPUIPlugin:80 - create IPUIPlugin
2026-06-15 21:43:18,357 [INFO] PluginManager:220 - loadIPPluginJar : add openamp
2026-06-15 21:43:18,365 [INFO] IPUIPlugin:80 - create IPUIPlugin
2026-06-15 21:43:18,365 [INFO] PluginManager:220 - loadIPPluginJar : add pdm2pcm
2026-06-15 21:43:18,379 [INFO] IPUIPlugin:80 - create IPUIPlugin
2026-06-15 21:43:18,385 [INFO] PluginManager:220 - loadIPPluginJar : add plateformsettings
2026-06-15 21:43:18,389 [INFO] IPUIPlugin:80 - create IPUIPlugin
2026-06-15 21:43:18,389 [INFO] PluginManager:220 - loadIPPluginJar : add quadspi
2026-06-15 21:43:18,393 [INFO] IPUIPlugin:80 - create IPUIPlugin
2026-06-15 21:43:18,394 [INFO] PluginManager:220 - loadIPPluginJar : add radio
2026-06-15 21:43:18,403 [INFO] IPUIPlugin:80 - create IPUIPlugin
2026-06-15 21:43:18,404 [INFO] PluginManager:220 - loadIPPluginJar : add resmgrutility
2026-06-15 21:43:18,409 [INFO] IPUIPlugin:80 - create IPUIPlugin
2026-06-15 21:43:18,409 [INFO] PluginManager:220 - loadIPPluginJar : add sai
2026-06-15 21:43:18,414 [INFO] IPUIPlugin:80 - create IPUIPlugin
2026-06-15 21:43:18,414 [INFO] PluginManager:220 - loadIPPluginJar : add spi
2026-06-15 21:43:18,424 [INFO] IPUIPlugin:80 - create IPUIPlugin
2026-06-15 21:43:18,425 [INFO] PluginManager:220 - loadIPPluginJar : add stm32_wpan
2026-06-15 21:43:18,428 [INFO] IPUIPlugin:80 - create IPUIPlugin
2026-06-15 21:43:18,428 [INFO] PluginManager:220 - loadIPPluginJar : add tim
2026-06-15 21:43:18,436 [INFO] IPUIPlugin:80 - create IPUIPlugin
2026-06-15 21:43:18,436 [INFO] PluginManager:220 - loadIPPluginJar : add touchsensing
2026-06-15 21:43:18,440 [INFO] IPUIPlugin:80 - create IPUIPlugin
2026-06-15 21:43:18,441 [INFO] PluginManager:220 - loadIPPluginJar : add tracer_emb
2026-06-15 21:43:18,444 [INFO] IPUIPlugin:80 - create IPUIPlugin
2026-06-15 21:43:18,444 [INFO] PluginManager:220 - loadIPPluginJar : add ts
2026-06-15 21:43:18,447 [INFO] IPUIPlugin:80 - create IPUIPlugin
2026-06-15 21:43:18,447 [INFO] PluginManager:220 - loadIPPluginJar : add tsc
2026-06-15 21:43:18,452 [INFO] IPUIPlugin:80 - create IPUIPlugin
2026-06-15 21:43:18,452 [INFO] PluginManager:220 - loadIPPluginJar : add ucpd
2026-06-15 21:43:18,458 [INFO] IPUIPlugin:80 - create IPUIPlugin
2026-06-15 21:43:18,459 [INFO] PluginManager:220 - loadIPPluginJar : add usart
2026-06-15 21:43:18,465 [INFO] IPUIPlugin:80 - create IPUIPlugin
2026-06-15 21:43:18,465 [INFO] PluginManager:220 - loadIPPluginJar : add usbx
2026-06-15 21:43:18,645 [FATAL] Updater:351 - Updater called before beeing initialized
2026-06-15 21:43:18,702 [INFO] RulesReader:64 - Compatibility file has been processed (317 Rules)
2026-06-15 21:43:18,723 [INFO] RulesReader:64 - Compatibility file has been processed (317 Rules)
2026-06-15 21:43:18,739 [INFO] CADModel:165 - CPN selected for project level
2026-06-15 21:43:18,740 [INFO] CADModel:114 - Register for checkConnection events
2026-06-15 21:43:18,740 [FATAL] Updater:351 - Updater called before beeing initialized
2026-06-15 21:43:18,740 [ERROR] CADModel:125 - Updater not yet initialized, retry later 
2026-06-15 21:43:18,898 [INFO] ThirdPartyUpdaterWithRetryManager:70 - Updater plugin not ready yet. [2/15]
2026-06-15 21:43:18,962 [FATAL] Updater:351 - Updater called before beeing initialized
2026-06-15 21:43:18,967 [INFO] CADModel:165 - CPN selected for project level
2026-06-15 21:43:18,967 [INFO] CADModel:114 - Register for checkConnection events
2026-06-15 21:43:18,967 [FATAL] Updater:351 - Updater called before beeing initialized
2026-06-15 21:43:18,967 [ERROR] CADModel:125 - Updater not yet initialized, retry later 
2026-06-15 21:43:18,972 [FATAL] Updater:351 - Updater called before beeing initialized
2026-06-15 21:43:19,175 [FATAL] Updater:351 - Updater called before beeing initialized
2026-06-15 21:43:19,185 [INFO] DbMcusAds:53 - JSON generation date=Thu May 28 11:08:16 COT 2026 (1779984496559)
2026-06-15 21:43:19,186 [FATAL] Updater:351 - Updater called before beeing initialized
2026-06-15 21:43:19,276 [WARN] DetailPanel:346 - Failed to get advertising image, set to default
2026-06-15 21:43:19,406 [FATAL] Updater:351 - Updater called before beeing initialized
2026-06-15 21:43:19,409 [FATAL] Updater:351 - Updater called before beeing initialized
2026-06-15 21:43:19,409 [FATAL] Updater:351 - Updater called before beeing initialized
2026-06-15 21:43:19,409 [WARN] DetailPanel:346 - Failed to get advertising image, set to default
2026-06-15 21:43:19,410 [FATAL] Updater:351 - Updater called before beeing initialized
2026-06-15 21:43:19,474 [ERROR] Updater:1198 - MainUpdater not yet initialized. External WinMGr cannot be set.
2026-06-15 21:43:19,477 [INFO] Updater:1134 - Updater Version found : 6.15.0
2026-06-15 21:43:19,504 [INFO] ApplicationProperties:184 - Using Application install path: C:\ST\STM32CubeIDE_1.19.0\STM32CubeIDE\plugins\com.st.stm32cube.common.mx_6.15.0.202507011659
2026-06-15 21:43:21,099 [ERROR] LogOutputStream:75 - [STDERR_REDIRECT] Jun 15, 2026 9:43:21 PM java.util.prefs.WindowsPreferences <init>
2026-06-15 21:43:21,103 [ERROR] LogOutputStream:75 - [STDERR_REDIRECT] WARNING: Could not open/create prefs root node Software\JavaSoft\Prefs at root 0xffffffff80000002. Windows RegCreateKeyEx(...) returned error code 5.
2026-06-15 21:43:21,103 [ERROR] LogOutputStream:75 - [STDERR_REDIRECT] 
2026-06-15 21:43:21,900 [FATAL] Updater:351 - Updater called before beeing initialized
2026-06-15 21:43:21,903 [ERROR] IntegrityCheckThread:130 - Cannot retrieve database content from updater: error 21
2026-06-15 21:43:21,904 [INFO] ThirdParty:978 - Integrity check success = false
2026-06-15 21:43:21,905 [INFO] IntegrityCheckThread:100 - exiting critical section [integrity check]
2026-06-15 21:43:21,905 [INFO] IntegrityCheckThread:103 - End integrity checks thread
2026-06-15 21:43:22,207 [INFO] MainUpdater:2872 - connection check result : 10
2026-06-15 21:43:22,209 [INFO] MainUpdater:3604 - Updater definition file requires update
2026-06-15 21:43:22,213 [INFO] MainUpdater:289 - Updater Check For Update Now.
2026-06-15 21:43:22,214 [INFO] MicroXplorer:498 - Change Database Version : DB.6.0.150
2026-06-15 21:43:22,243 [INFO] McuFinderGlobals:63 - Set McuFinder mode to 2 (CubeIDE integrated)
2026-06-15 21:43:22,248 [INFO] UserAuth:487 - Internet connection configuration mode: 1
2026-06-15 21:43:22,272 [INFO] ServerAccessManage:452 - Complete download http(s) 200
2026-06-15 21:43:22,275 [INFO] ServerAccessManage:509 - Download File updaters.zip
2026-06-15 21:43:22,337 [INFO] JxBrowserEngine:152 - Initiate JxBrowser Engine with user profile folder
2026-06-15 21:43:22,669 [INFO] FileExtend:248 - Unzip File : updaters.zip
2026-06-15 21:43:22,670 [INFO] FileExtend:263 - Standard Zip Deflate
2026-06-15 21:43:24,385 [INFO] ServerAccessManage:452 - Complete download http(s) 200
2026-06-15 21:43:24,386 [INFO] ServerAccessManage:509 - Download File PacksControlFlags.xml
2026-06-15 21:43:24,636 [INFO] ServerAccessManage:452 - Complete download http(s) 200
2026-06-15 21:43:24,638 [INFO] ServerAccessManage:509 - Download File cubemx.pidx
2026-06-15 21:43:30,282 [INFO] ServerAccessManage:452 - Complete download http(s) 200
2026-06-15 21:43:30,284 [INFO] ServerAccessManage:509 - Download File STMicroelectronics.X-CUBE-NFC13.pdsc
2026-06-15 21:43:30,330 [INFO] WebApp:169 - Instantiating new browser for Auth
2026-06-15 21:43:33,737 [WARN] PackLoader:240 - Cannot read IP mode file for STMicroelectronics.X-CUBE-NFC13.1.0.0
2026-06-15 21:43:33,794 [INFO] PopulateThirdPartyThread:66 - Ending populate Thread
2026-06-15 21:43:33,799 [INFO] ThirdParty:1030 - CMSIS Pack Vendor :STMicroelectronics X-CUBE-NFC13 1.0.0
2026-06-15 21:43:33,800 [INFO] LoadServerUpdatesThread:375 - End of LoadServerUpdate Thread
2026-06-15 21:43:33,882 [INFO] CheckServerUpdateThread:120 - End of CheckServer Thread
2026-06-15 21:43:34,588 [INFO] WebApp:463 - Apply proxy settings
2026-06-15 21:43:34,588 [INFO] WebApp:548 - Chromium requires no authentication
2026-06-15 21:43:34,729 [INFO] WebApp:491 - Direct internet connection detected
2026-06-15 21:43:34,870 [INFO] WebApp:900 - Register for checkConnection events
2026-06-15 21:43:34,870 [INFO] WebApp:463 - Apply proxy settings
2026-06-15 21:43:34,871 [INFO] WebApp:548 - Chromium requires no authentication
2026-06-15 21:43:34,873 [INFO] WebApp:491 - Direct internet connection detected
2026-06-15 21:43:36,115 [INFO] WebApp:191 - Connection restablished
2026-06-15 21:43:37,092 [INFO] WebApp:225 - Starting web application
2026-06-15 21:43:37,093 [INFO] WebApp:593 - Web application path used C:\ST\STM32CubeIDE_1.19.0\STM32CubeIDE\plugins\com.st.stm32cube.common.mx_6.15.0.202507011659\db\plugins\mcufinder\reactClient1\index.html
2026-06-15 21:43:40,126 [INFO] UserAuth:487 - Internet connection configuration mode: 1
2026-06-15 21:44:47,620 [INFO] McuFinderGlobals:63 - Set McuFinder mode to 2 (CubeIDE integrated)
2026-06-15 21:44:47,628 [INFO] MainUpdater:2872 - connection check result : 10
2026-06-15 21:44:47,635 [INFO] McuFinderGlobals:76 - Set McuFinderConnectedMode to true
2026-06-15 21:44:48,024 [INFO] ServerAccessManage:452 - Complete download http(s) 200
2026-06-15 21:44:48,025 [INFO] ServerAccessManage:509 - Download File mcusAds.json._tmp_
2026-06-15 21:44:48,137 [INFO] LoadUrlFilesThread:156 - End of LoadUrlFiles Thread
2026-06-15 21:44:48,216 [INFO] ServerAccessManage:452 - Complete download http(s) 200
2026-06-15 21:44:48,216 [INFO] ServerAccessManage:509 - Download File cube-finder-db.zip
2026-06-15 21:44:52,942 [INFO] FileExtend:248 - Unzip File : cube-finder-db.zip
2026-06-15 21:44:52,942 [INFO] FileExtend:263 - Standard Zip Deflate
2026-06-15 21:44:55,556 [INFO] LoadUrlFilesThread:156 - End of LoadUrlFiles Thread
2026-06-15 21:44:56,675 [INFO] ServerAccessManage:452 - Complete download http(s) 200
2026-06-15 21:44:56,677 [INFO] ServerAccessManage:509 - Download File crdb.zip
2026-06-15 21:44:59,804 [INFO] FileExtend:248 - Unzip File : crdb.zip
2026-06-15 21:44:59,805 [INFO] FileExtend:263 - Standard Zip Deflate
2026-06-15 21:44:59,954 [INFO] LoadUrlFilesThread:156 - End of LoadUrlFiles Thread
2026-06-15 21:45:00,125 [INFO] ServerAccessManage:452 - Complete download http(s) 200
2026-06-15 21:45:00,126 [INFO] ServerAccessManage:509 - Download File tutoVideoDB.zip
2026-06-15 21:45:00,141 [INFO] FileExtend:248 - Unzip File : tutoVideoDB.zip
2026-06-15 21:45:00,141 [INFO] FileExtend:263 - Standard Zip Deflate
2026-06-15 21:45:00,258 [INFO] LoadUrlFilesThread:156 - End of LoadUrlFiles Thread
2026-06-15 21:45:00,263 [WARN] DbFile:41 - Overriding database path with different value: C:\Users\Usuario\.stmcufinder\plugins\mcufinder/ => C:\Users\Usuario\.stmcufinder\plugins\mcufinder
2026-06-15 21:45:00,385 [INFO] ServerAccessManage:452 - Complete download http(s) 200
2026-06-15 21:45:00,386 [INFO] ServerAccessManage:509 - Download File api_config.json
2026-06-15 21:45:00,503 [INFO] LoadUrlFilesThread:156 - End of LoadUrlFiles Thread
2026-06-15 21:45:00,509 [INFO] DbMcusAds:53 - JSON generation date=Thu May 28 11:08:16 COT 2026 (1779984496462)
2026-06-15 21:45:00,551 [INFO] LoadUrlFilesThread:185 - End of LoadServerUrlFiles without Thread
2026-06-15 21:45:00,551 [INFO] TargetSelectorAdapter:259 - Refresh data is successful
2026-06-15 21:45:00,745 [INFO] ApiDb:581 - Connected to CubeFinder SQLite database (C:\Users\Usuario\.stmcufinder\plugins\mcufinder\mcu\cube-finder-db.db)
2026-06-15 21:45:00,851 [INFO] ApiDb:668 - CubeFinder database Data Model version=2.1
2026-06-15 21:45:00,852 [INFO] ApiDb:669 - CubeFinder database Configuration version=3.0.42
2026-06-15 21:45:00,852 [INFO] ApiDb:670 - CubeFinder database generation date=2026-05-14 (1778746352)
2026-06-15 21:45:00,852 [INFO] ApiDb:671 - CubeFinder database FW Pack versions=[FP-ATR-ASTRA1_V2.0.0, FP-SNS-FLIGHT1_V5.1.0, FP-SNS-MOTENV1_V5.1.0, FP-SNS-MOTENVWB1_V1.5.0, FP-SNS-SMARTAG2_V1.2.0, FP-SNS-STBOX1_V2.1.0, STM32Cube_FW_C0_V1.4.0, STM32Cube_FW_F4_V1.28.3, STM32Cube_FW_F7_V1.17.4, STM32Cube_FW_G0_V1.6.3, STM32Cube_FW_G4_V1.6.2, STM32Cube_FW_H5_V1.6.0, STM32Cube_FW_H7RS_V1.3.0, STM32Cube_FW_H7_V1.13.0, STM32Cube_FW_L0_V1.12.2, STM32Cube_FW_L4_V1.18.2, STM32Cube_FW_L5_V1.6.0, STM32Cube_FW_N6_V1.3.0, STM32Cube_FW_U0_V1.3.0, STM32Cube_FW_U3_V1.3.0, STM32Cube_FW_U5_V1.8.0, STM32Cube_FW_WB0_V1.4.0, STM32Cube_FW_WBA_V1.9.0, STM32Cube_FW_WB_V1.24.0, STM32Cube_FW_WL3_V1.4.0, STM32Cube_FW_WL_V1.5.0, X-CUBE-ALGOBUILD_V1.4.0, X-CUBE-ALS_V1.0.2, X-CUBE-AZRTOS-F4_V1.1.0, X-CUBE-AZRTOS-F7_V1.1.0, X-CUBE-AZRTOS-G0_V1.1.0, X-CUBE-AZRTOS-G4_V2.0.0, X-CUBE-AZRTOS-H7RS_V1.1.0, X-CUBE-AZRTOS-H7_V3.5.0, X-CUBE-AZRTOS-L4_V2.0.0, X-CUBE-AZRTOS-L5_V2.0.0, X-CUBE-AZRTOS-WB_V2.0.0, X-CUBE-AZRTOS-WL_V2.0.0, X-CUBE-BLE1_V7.1.0, X-CUBE-BLE2_V3.3.0, X-CUBE-BLEMGR_V4.1.0, X-CUBE-EEPRMA1_V5.2.0, X-CUBE-FREERTOS_V1.5.0, X-CUBE-GNSS1_V7.1.1, X-CUBE-MEMS1_V12.1.0, X-CUBE-NFC4_V3.0.0, X-CUBE-NFC7_V2.0.0, X-CUBE-SFXS2LP1_V4.0.0, X-CUBE-ST67W61_V1.3.0, X-CUBE-SUBG2_V5.0.0, X-CUBE-TOF1_V3.4.3]
2026-06-15 21:45:04,531 [INFO] ApiDb:240 - Found 880 in-development CPN: [B-G473E-ZEST1S, B-WB1M-WPAN1, B-WBA5M-WPAN, B-WL5M-SUBG1, NUCLEO-C031C6, NUCLEO-C051C8, NUCLEO-C071RB, NUCLEO-C092RC, NUCLEO-H503RB, NUCLEO-H533RE, NUCLEO-H563ZI, NUCLEO-H7S3L8, NUCLEO-N657X0-Q, NUCLEO-U031R8, NUCLEO-U083RC, NUCLEO-U385RG-Q, NUCLEO-U545RE-Q, NUCLEO-U5A5ZJ-Q, NUCLEO-WB05KZ, NUCLEO-WB07CC, NUCLEO-WB09KE, NUCLEO-WBA52CG, NUCLEO-WBA55CG, NUCLEO-WL33CC1, NUCLEO-WL33CC2, STEVAL-PROTEUS1, STEVAL-SMARTAG2, STEVAL-STWINBX1, STM320518-EVAL, STM32C0116-DK, STM32C011D6Y3TR, STM32C011D6Y6TR, STM32C011F4P3, STM32C011F4P6, STM32C011F4U3, STM32C011F4U6TR, STM32C011F6P3, STM32C011F6P6, STM32C011F6U3, STM32C011F6U6TR, STM32C011J4M3, STM32C011J4M6, STM32C011J6M3, STM32C011J6M6, STM32C0316-DK, STM32C031C4T3, STM32C031C4T6, STM32C031C4U3, STM32C031C4U6, STM32C031C6T3, STM32C031C6T6, STM32C031C6U3, STM32C031C6U6, STM32C031F4P3, STM32C031F4P6, STM32C031F6P3, STM32C031F6P6, STM32C031G4U3, STM32C031G4U6, STM32C031G6U3, STM32C031G6U6, STM32C031K4T3, STM32C031K4T6, STM32C031K4U3, STM32C031K4U6, STM32C031K6T3, STM32C031K6T6, STM32C031K6U3, STM32C031K6U6, STM32C051C6T6, STM32C051C6U6, STM32C051C8T6, STM32C051C8U6, STM32C051D8Y6TR, STM32C051F6P6, STM32C051F8P6, STM32C051G6U6, STM32C051G8U6, STM32C051K6T6, STM32C051K6U6, STM32C051K8T6, STM32C071C8T6, STM32C071C8T6N, STM32C071C8U6, STM32C071C8U6N, STM32C071CBT6, STM32C071CBT6N, STM32C071CBU6, STM32C071CBU6N, STM32C071F8P6, STM32C071F8P6N, STM32C071FBP6, STM32C071FBP6N, STM32C071FBY6TR, STM32C071G8U6, STM32C071G8U6N, STM32C071GBU6, STM32C071GBU6N, STM32C071K8T6, STM32C071K8T6N, STM32C071K8U6, STM32C071K8U6N, STM32C071KBT6, STM32C071KBT6N, STM32C071KBU6, STM32C071KBU6N, STM32C071R8T6, STM32C071R8T6N, STM32C071RBI6N, STM32C071RBT6, STM32C071RBT6N, STM32C091CBT6, STM32C091CBU6, STM32C091CCT6, STM32C091CCU6, STM32C091ECY6TR, STM32C091FBP6, STM32C091FCP6, STM32C091GBU6, STM32C091GCU6, STM32C091KBT6, STM32C091KBU6, STM32C091KCT6, STM32C091KCU6, STM32C091RBT6, STM32C091RCI6, STM32C091RCT6, STM32C092CBT6, STM32C092CBU6, STM32C092CCT6, STM32C092CCU6, STM32C092ECY6TR, STM32C092FBP6, STM32C092FCP6, STM32C092GBU6, STM32C092GCU6, STM32C092KBT6, STM32C092KBU6, STM32C092KCT6, STM32C092KCU6, STM32C092RBT6, STM32C092RCI6, STM32C092RCT6, STM32G071K8TXN, STM32G071K8UXN, STM32G081GBU6N, STM32G081KBT6N, STM32G081KBUXN, STM32G0B1CCT6N, STM32G0B1KCT6, STM32G0B1NEY6TR, STM32G0B1RCT6N, STM32G0C1CCT6, STM32G0C1CCT6N, STM32G0C1CCU6N, STM32G0C1CET6N, STM32G0C1CEU6N, STM32G0C1KCT6, STM32G0C1NEY6TR, STM32G0C1RCI6N, STM32G0C1RCT6N, STM32G0C1REI6N, STM32G0C1RET6N, STM32G0C1VCI6, STM32G0C1VEI6, STM32G411C6T3, STM32G411C6T6, STM32G411C6U3, STM32G411C6U6, STM32G411C8T3, STM32G411C8T6, STM32G411C8U3, STM32G411C8U6, STM32G411CBT3, STM32G411CBT6, STM32G411CBU3, STM32G411CBU6, STM32G411K6T3, STM32G411K6T6, STM32G411K6U3, STM32G411K6U6, STM32G411K8T3, STM32G411K8T6, STM32G411K8U3, STM32G411K8U6, STM32G411KBT3, STM32G411KBT6, STM32G411KBU3, STM32G411KBU6, STM32G411M6T3, STM32G411M6T6, STM32G411M8T3, STM32G411M8T6, STM32G411MBT3, STM32G411MBT6, STM32G411R6T3, STM32G411R6T6, STM32G411R8T3, STM32G411R8T6, STM32G411RBT3, STM32G411RBT6, STM32G414CBT3, STM32G414CBT6, STM32G414CBU3, STM32G414CBU6, STM32G414CCT3, STM32G414CCT6, STM32G414CCU3, STM32G414CCU6, STM32G414MBT3, STM32G414MBT6, STM32G414MCT3, STM32G414MCT6, STM32G414RBT3, STM32G414RBT6, STM32G414RCT3, STM32G414RCT6, STM32G414VBT3, STM32G414VBT6, STM32G414VCT3, STM32G414VCT6, STM32G431CBT3Z, STM32G431RBT3Z, STM32G471CCT6, STM32G471CCU6, STM32G471CET3, STM32G471CET6, STM32G471CEU3, STM32G471CEU6, STM32G471MCT6, STM32G471MET3, STM32G471MET6, STM32G471MEY6TR, STM32G471QCT6, STM32G471QET3, STM32G471RCT6, STM32G471RET3, STM32G471RET6, STM32G471VCH6, STM32G471VCI6, STM32G471VCT6, STM32G471VEH3, STM32G471VEH6, STM32G471VEI3, STM32G471VEI6, STM32G471VET3, STM32G471VET6, STM32G473QET3Z, STM32G473RET3Z, STM32G474CCT6, STM32G491RET3Z, STM32H503CBT6, STM32H503CBU6, STM32H503EBY6TR, STM32H503KBU6, STM32H503RBT6, STM32H523CCT6, STM32H523CCU6, STM32H523CET6, STM32H523CEU6, STM32H523HEY6TR, STM32H523RCT6, STM32H523RET6, STM32H523VCI6, STM32H523VCT6, STM32H523VEI6, STM32H523VET6, STM32H523ZCJ6, STM32H523ZCT6, STM32H523ZEJ6, STM32H523ZET6, STM32H533CET6, STM32H533CEU6, STM32H533HEY6TR, STM32H533RET6, STM32H533VEI6, STM32H533VET6, STM32H533ZEJ6, STM32H533ZET6, STM32H562AGI6, STM32H562AII6, STM32H562IGK6, STM32H562IGT6, STM32H562IIK6, STM32H562IIT6, STM32H562RGT6, STM32H562RGV6, STM32H562RIT6, STM32H562RIV6, STM32H562VGT6, STM32H562VIT6, STM32H562ZGT6, STM32H562ZIT6, STM32H563AGI6, STM32H563AII3Q, STM32H563AII6, STM32H563IGK6, STM32H563IGT6, STM32H563IIK3Q, STM32H563IIK6, STM32H563IIT3Q, STM32H563IIT6, STM32H563MIY3QTR, STM32H563RGT6, STM32H563RGV6, STM32H563RIT6, STM32H563RIV6, STM32H563VGT6, STM32H563VIT3Q, STM32H563VIT6, STM32H563ZGT6, STM32H563ZIT3Q, STM32H563ZIT6, STM32H573AII3Q, STM32H573AII6, STM32H573I-DK, STM32H573IIK3Q, STM32H573IIK6, STM32H573IIT3Q, STM32H573IIT6, STM32H573MIY3QTR, STM32H573RIT6, STM32H573RIV6, STM32H573VIT3Q, STM32H573VIT6, STM32H573ZIT3Q, STM32H573ZIT6, STM32H7R3A8I6, STM32H7R3I8K6, STM32H7R3I8T6, STM32H7R3L8H6, STM32H7R3L8H6H, STM32H7R3R8V6, STM32H7R3V8H6, STM32H7R3V8T6, STM32H7R3V8Y6TR, STM32H7R3Z8J6, STM32H7R3Z8T6, STM32H7R7A8I6, STM32H7R7I8K6, STM32H7R7I8T6, STM32H7R7L8H6, STM32H7R7L8H6H, STM32H7R7Z8J6, STM32H7S3A8I6, STM32H7S3I8K6, STM32H7S3I8T6, STM32H7S3L8H6, STM32H7S3L8H6H, STM32H7S3R8V6, STM32H7S3V8H6, STM32H7S3V8T6, STM32H7S3V8Y6TR, STM32H7S3Z8J6, STM32H7S3Z8T6, STM32H7S78-DK, STM32H7S7A8I6, STM32H7S7I8K6, STM32H7S7I8T6, STM32H7S7L8H6, STM32H7S7L8H6H, STM32H7S7Z8J6, STM32L4R5QGI6STR, STM32MP131AAE3, STM32MP131AAF3, STM32MP131AAG3, STM32MP131CAE3, STM32MP131CAF3, STM32MP131CAG3, STM32MP131DAE7, STM32MP131DAF7, STM32MP131DAG7, STM32MP131FAE7, STM32MP131FAF7, STM32MP131FAG7, STM32MP133AAE3, STM32MP133AAF3, STM32MP133AAG3, STM32MP133CAE3, STM32MP133CAF3, STM32MP133CAG3, STM32MP133DAE7, STM32MP133DAF7, STM32MP133DAG7, STM32MP133FAE7, STM32MP133FAF7, STM32MP133FAG7, STM32MP135AAE3, STM32MP135AAF3, STM32MP135AAG3, STM32MP135CAE3, STM32MP135CAF3, STM32MP135CAG3, STM32MP135DAE7, STM32MP135DAF7, STM32MP135DAG7, STM32MP135F-DK, STM32MP135FAE7, STM32MP135FAF7, STM32MP135FAF7T, STM32MP135FAF7U, STM32MP135FAG7, STM32MP211AAL3, STM32MP211AAM3, STM32MP211AAN3, STM32MP211AAO3, STM32MP211CAL3, STM32MP211CAM3, STM32MP211CAN3, STM32MP211CAO3, STM32MP211DAL3, STM32MP211DAM3, STM32MP211DAN3, STM32MP211DAO3, STM32MP211FAL3, STM32MP211FAM3, STM32MP211FAN3, STM32MP211FAO3, STM32MP213AAL3, STM32MP213AAM3, STM32MP213AAN3, STM32MP213AAO3, STM32MP213CAL3, STM32MP213CAM3, STM32MP213CAN3, STM32MP213CAO3, STM32MP213DAL3, STM32MP213DAM3, STM32MP213DAN3, STM32MP213DAO3, STM32MP213FAL3, STM32MP213FAM3, STM32MP213FAN3, STM32MP213FAO3, STM32MP215AAL3, STM32MP215AAM3, STM32MP215AAN3, STM32MP215AAO3, STM32MP215CAL3, STM32MP215CAM3, STM32MP215CAN3, STM32MP215CAO3, STM32MP215DAL3, STM32MP215DAM3, STM32MP215DAN3, STM32MP215DAO3, STM32MP215F-DK, STM32MP215FAL3, STM32MP215FAM3, STM32MP215FAN3, STM32MP215FAO3, STM32MP231AAJ3, STM32MP231AAK3, STM32MP231AAL3, STM32MP231CAJ3, STM32MP231CAK3, STM32MP231CAL3, STM32MP231DAJ3, STM32MP231DAK3, STM32MP231DAL3, STM32MP231FAJ3, STM32MP231FAK3, STM32MP231FAL3, STM32MP233AAJ3, STM32MP233AAK3, STM32MP233AAL3, STM32MP233CAJ3, STM32MP233CAK3, STM32MP233CAL3, STM32MP233DAJ3, STM32MP233DAK3, STM32MP233DAL3, STM32MP233FAJ3, STM32MP233FAK3, STM32MP233FAL3, STM32MP235AAJ3, STM32MP235AAK3, STM32MP235AAL3, STM32MP235CAJ3, STM32MP235CAK3, STM32MP235CAL3, STM32MP235DAJ3, STM32MP235DAK3, STM32MP235DAL3, STM32MP235FAJ3, STM32MP235FAK3, STM32MP235FAL3, STM32MP251AAI3, STM32MP251AAK3, STM32MP251AAL3, STM32MP251CAI3, STM32MP251CAK3, STM32MP251CAL3, STM32MP251DAI3, STM32MP251DAK3, STM32MP251DAL3, STM32MP251FAI3, STM32MP251FAK3, STM32MP251FAL3, STM32MP253AAI3, STM32MP253AAK3, STM32MP253AAL3, STM32MP253CAI3, STM32MP253CAK3, STM32MP253CAL3, STM32MP253DAI3, STM32MP253DAK3, STM32MP253DAL3, STM32MP253FAI3, STM32MP253FAK3, STM32MP253FAL3, STM32MP255AAI3, STM32MP255AAK3, STM32MP255AAL3, STM32MP255CAI3, STM32MP255CAK3, STM32MP255CAL3, STM32MP255DAI3, STM32MP255DAK3, STM32MP255DAL3, STM32MP255FAI3, STM32MP255FAK3, STM32MP255FAL3, STM32MP257AAI3, STM32MP257AAK3, STM32MP257AAL3, STM32MP257CAI3, STM32MP257CAK3, STM32MP257CAL3, STM32MP257DAI3, STM32MP257DAK3, STM32MP257DAL3, STM32MP257F-DK, STM32MP257F-EV1, STM32MP257FAI3, STM32MP257FAK3, STM32MP257FAL3, STM32N645A0H3Q, STM32N645B0H3Q, STM32N645I0H3Q, STM32N645L0H3Q, STM32N645X0H3Q, STM32N645Z0H3Q, STM32N647A0H3Q, STM32N647B0H3Q, STM32N647I0H3Q, STM32N647L0H3Q, STM32N647X0H3Q, STM32N647Z0H3Q, STM32N655A0H3Q, STM32N655B0H3Q, STM32N655I0H3Q, STM32N655L0H3Q, STM32N655X0H3Q, STM32N655Z0H3Q, STM32N6570-DK, STM32N657A0H3Q, STM32N657B0H3Q, STM32N657I0H3Q, STM32N657L0H3Q, STM32N657X0H3Q, STM32N657Z0H3Q, STM32U031C6T6, STM32U031C6U6, STM32U031C8T6, STM32U031C8U6, STM32U031F4P6, STM32U031F6P6, STM32U031F8P6, STM32U031G6Y6TR, STM32U031G8Y6TR, STM32U031K4U6, STM32U031K6U6, STM32U031K8U6, STM32U031R6I6, STM32U031R6T6, STM32U031R8I6, STM32U031R8T6, STM32U073C8T6, STM32U073C8U6, STM32U073CBT6, STM32U073CBU6, STM32U073CCT6, STM32U073CCU6, STM32U073H8Y6TR, STM32U073HBY6TR, STM32U073HCY6TR, STM32U073K8U6, STM32U073KBU6, STM32U073KCU6, STM32U073M8I6, STM32U073M8T6, STM32U073MBI6, STM32U073MBT6, STM32U073MCI6, STM32U073MCT6, STM32U073R8I6, STM32U073R8T6, STM32U073RBI6, STM32U073RBT6, STM32U073RCI6, STM32U073RCT6, STM32U083C-DK, STM32U083CCT6, STM32U083CCU6, STM32U083HCY6TR, STM32U083KCU6, STM32U083MCI6, STM32U083MCT6, STM32U083RCI6, STM32U083RCT6, STM32U375CET6, STM32U375CET6Q, STM32U375CEU6, STM32U375CEU6Q, STM32U375CEY6QTR, STM32U375CGT6, STM32U375CGT6Q, STM32U375CGU6, STM32U375CGU6Q, STM32U375CGY6QTR, STM32U375KEU6, STM32U375KGU6, STM32U375REI6, STM32U375REI6Q, STM32U375RET6, STM32U375RET6Q, STM32U375REY6GTR, STM32U375REY6QTR, STM32U375RGI6, STM32U375RGI6Q, STM32U375RGT6, STM32U375RGT6Q, STM32U375RGY6GTR, STM32U375RGY6QTR, STM32U375VEI6, STM32U375VEI6Q, STM32U375VET6, STM32U375VET6Q, STM32U375VGI6, STM32U375VGI6Q, STM32U375VGT6, STM32U375VGT6Q, STM32U385CGT6, STM32U385CGT6Q, STM32U385CGU6, STM32U385CGU6Q, STM32U385CGY6QTR, STM32U385KGU6, STM32U385RGI6, STM32U385RGI6Q, STM32U385RGT6, STM32U385RGT6Q, STM32U385RGY6GTR, STM32U385RGY6QTR, STM32U385VGI6, STM32U385VGI6Q, STM32U385VGT6, STM32U385VGT6Q, STM32U535CBT6, STM32U535CBT6Q, STM32U535CBU6, STM32U535CBU6Q, STM32U535CCT6, STM32U535CCT6Q, STM32U535CCU6, STM32U535CCU6Q, STM32U535CET6, STM32U535CET6Q, STM32U535CEU6, STM32U535CEU6Q, STM32U535JEY6QTR, STM32U535NCY6QTR, STM32U535NEY6QTR, STM32U535RBI6, STM32U535RBI6Q, STM32U535RBT6, STM32U535RBT6Q, STM32U535RCI6, STM32U535RCI6Q, STM32U535RCT6, STM32U535RCT6Q, STM32U535REI6, STM32U535REI6Q, STM32U535RET6, STM32U535RET6Q, STM32U535VCI6, STM32U535VCI6Q, STM32U535VCT6, STM32U535VCT6Q, STM32U535VEI6, STM32U535VEI6Q, STM32U535VET6, STM32U535VET6Q, STM32U545CET6, STM32U545CET6Q, STM32U545CEU6, STM32U545CEU6Q, STM32U545JEY6QTR, STM32U545NEY6QTR, STM32U545REI6, STM32U545REI6Q, STM32U545RET6, STM32U545RET6Q, STM32U545VEI6, STM32U545VEI6Q, STM32U545VET6, STM32U545VET6Q, STM32U595AIH6, STM32U595AIH6Q, STM32U595AJH6, STM32U595AJH6Q, STM32U595QII6, STM32U595QII6Q, STM32U595QJI6, STM32U595QJI6Q, STM32U595RIT6, STM32U595RIT6Q, STM32U595RJT6, STM32U595RJT6Q, STM32U595VIT6, STM32U595VIT6Q, STM32U595VJT6, STM32U595VJT6Q, STM32U595ZIT6, STM32U595ZIT6Q, STM32U595ZIY6QTR, STM32U595ZJT6, STM32U595ZJT6Q, STM32U595ZJY6QTR, STM32U599BJY6QTR, STM32U599NIH6Q, STM32U599NJH6Q, STM32U599VIT6Q, STM32U599VJT6, STM32U599VJT6Q, STM32U599ZIT6Q, STM32U599ZIY6QTR, STM32U599ZJT6Q, STM32U599ZJY6QTR, STM32U5A5AJH6, STM32U5A5AJH6Q, STM32U5A5QII3Q , STM32U5A5QJI6, STM32U5A5QJI6Q, STM32U5A5RJT6, STM32U5A5RJT6Q, STM32U5A5VJT6, STM32U5A5VJT6Q, STM32U5A5ZJT6, STM32U5A5ZJT6Q, STM32U5A5ZJY6QTR, STM32U5A9BJY6QTR, STM32U5A9J-DK, STM32U5A9NJH6Q, STM32U5A9VJT6Q, STM32U5A9ZJT6Q, STM32U5A9ZJY6QTR, STM32U5F7VIT6, STM32U5F7VIT6Q, STM32U5F7VJT6, STM32U5F7VJT6Q, STM32U5F9BJY6QTR, STM32U5F9NJH6Q, STM32U5F9VIT6Q, STM32U5F9VJT6Q, STM32U5F9ZIJ6QTR, STM32U5F9ZIT6Q, STM32U5F9ZJJ6QTR, STM32U5F9ZJT6Q, STM32U5G7VJT6, STM32U5G7VJT6Q, STM32U5G9BJY6QTR, STM32U5G9J-DK1, STM32U5G9J-DK2, STM32U5G9NJH6Q, STM32U5G9VJT6Q, STM32U5G9ZJJ6QTR, STM32U5G9ZJT6Q, STM32WB05KZV6TR, STM32WB05KZV7TR, STM32WB05TZF6TR, STM32WB05TZF7TR, STM32WB06CCF6TR, STM32WB06CCF7TR, STM32WB06CCV6TR, STM32WB06CCV7TR, STM32WB06KCV6TR, STM32WB06KCV7TR, STM32WB07CCF6TR, STM32WB07CCF7TR, STM32WB07CCV6TR, STM32WB07CCV7TR, STM32WB07KCV6TR, STM32WB07KCV7TR, STM32WB09KEV6TR, STM32WB09KEV7TR, STM32WB09TEF6TR, STM32WB09TEF7TR, STM32WB1MMCH6, STM32WBA50KGU6, STM32WBA50KGU6TR, STM32WBA52CEU6, STM32WBA52CEU6TR, STM32WBA52CEU7, STM32WBA52CEU7TR, STM32WBA52CGU6, STM32WBA52CGU6TR, STM32WBA52CGU6U, STM32WBA52CGU7, STM32WBA52CGU7TR, STM32WBA52KEU6, STM32WBA52KEU6TR, STM32WBA52KGU6, STM32WBA52KGU6TR, STM32WBA54CEU6, STM32WBA54CEU6TR, STM32WBA54CEU7, STM32WBA54CEU7TR, STM32WBA54CGU6, STM32WBA54CGU6TR, STM32WBA54CGU7, STM32WBA54CGU7TR, STM32WBA54KEU6, STM32WBA54KEU6TR, STM32WBA54KEU7, STM32WBA54KEU7TR, STM32WBA54KGU6, STM32WBA54KGU6TR, STM32WBA54KGU7, STM32WBA54KGU7TR, STM32WBA55CEU6, STM32WBA55CEU6TR, STM32WBA55CEU7, STM32WBA55CEU7TR, STM32WBA55CGU6, STM32WBA55CGU6TR, STM32WBA55CGU6U, STM32WBA55CGU7, STM32WBA55CGU7TR, STM32WBA55G-DK1, STM32WBA55HEF6, STM32WBA55HEF7, STM32WBA55HGF6, STM32WBA55HGF7, STM32WBA55UEI6, STM32WBA55UEI6TR, STM32WBA55UEI7, STM32WBA55UEI7TR, STM32WBA55UGI6, STM32WBA55UGI6TR, STM32WBA55UGI7, STM32WBA55UGI7TR, STM32WBA5MMGH6TR, STM32WBA62MGF6, STM32WBA62MIF6, STM32WBA65MGF7, STM32WBA65MIF6, STM32WBA65MIF7, STM32WL30K8V6, STM32WL30KBV6, STM32WL31C8V6, STM32WL31CBV6, STM32WL31K8V6, STM32WL31KBV6, STM32WL33C8V6, STM32WL33C8V6X, STM32WL33CBV6, STM32WL33CBV6X, STM32WL33CCV6, STM32WL33CCV6A, STM32WL33CCV6X, STM32WL33K8V7, STM32WL33K8V7X, STM32WL33KBV7 , STM32WL33KBV7X, STM32WL33KCV7, STM32WL33KCV7X, STM32WL5MOCH6, STM32WL5MOCH6TR]
2026-06-15 21:45:04,542 [INFO] DbMcus:218 - Found 5086 MCUs, 4968 are supported
2026-06-15 21:45:04,545 [INFO] ApiDb:423 - Load user favorites file C:\Users\Usuario/.stm32cubeide/favorites.mcus.txt: 2 item(s)
2026-06-15 21:45:04,546 [INFO] ApiDb:427 - User favorites MCUs=[STM32F103C8T6, STM32F103RCT6]
2026-06-15 21:45:04,547 [INFO] DbMcus:224 - Set 2 / 2 favorites MCUs
2026-06-15 21:45:05,991 [INFO] ApiDb:668 - CubeFinder database Data Model version=2.1
2026-06-15 21:45:05,992 [INFO] ApiDb:669 - CubeFinder database Configuration version=3.0.42
2026-06-15 21:45:05,992 [INFO] ApiDb:670 - CubeFinder database generation date=2026-05-14 (1778746352)
2026-06-15 21:45:05,992 [INFO] ApiDb:671 - CubeFinder database FW Pack versions=[FP-ATR-ASTRA1_V2.0.0, FP-SNS-FLIGHT1_V5.1.0, FP-SNS-MOTENV1_V5.1.0, FP-SNS-MOTENVWB1_V1.5.0, FP-SNS-SMARTAG2_V1.2.0, FP-SNS-STBOX1_V2.1.0, STM32Cube_FW_C0_V1.4.0, STM32Cube_FW_F4_V1.28.3, STM32Cube_FW_F7_V1.17.4, STM32Cube_FW_G0_V1.6.3, STM32Cube_FW_G4_V1.6.2, STM32Cube_FW_H5_V1.6.0, STM32Cube_FW_H7RS_V1.3.0, STM32Cube_FW_H7_V1.13.0, STM32Cube_FW_L0_V1.12.2, STM32Cube_FW_L4_V1.18.2, STM32Cube_FW_L5_V1.6.0, STM32Cube_FW_N6_V1.3.0, STM32Cube_FW_U0_V1.3.0, STM32Cube_FW_U3_V1.3.0, STM32Cube_FW_U5_V1.8.0, STM32Cube_FW_WB0_V1.4.0, STM32Cube_FW_WBA_V1.9.0, STM32Cube_FW_WB_V1.24.0, STM32Cube_FW_WL3_V1.4.0, STM32Cube_FW_WL_V1.5.0, X-CUBE-ALGOBUILD_V1.4.0, X-CUBE-ALS_V1.0.2, X-CUBE-AZRTOS-F4_V1.1.0, X-CUBE-AZRTOS-F7_V1.1.0, X-CUBE-AZRTOS-G0_V1.1.0, X-CUBE-AZRTOS-G4_V2.0.0, X-CUBE-AZRTOS-H7RS_V1.1.0, X-CUBE-AZRTOS-H7_V3.5.0, X-CUBE-AZRTOS-L4_V2.0.0, X-CUBE-AZRTOS-L5_V2.0.0, X-CUBE-AZRTOS-WB_V2.0.0, X-CUBE-AZRTOS-WL_V2.0.0, X-CUBE-BLE1_V7.1.0, X-CUBE-BLE2_V3.3.0, X-CUBE-BLEMGR_V4.1.0, X-CUBE-EEPRMA1_V5.2.0, X-CUBE-FREERTOS_V1.5.0, X-CUBE-GNSS1_V7.1.1, X-CUBE-MEMS1_V12.1.0, X-CUBE-NFC4_V3.0.0, X-CUBE-NFC7_V2.0.0, X-CUBE-SFXS2LP1_V4.0.0, X-CUBE-ST67W61_V1.3.0, X-CUBE-SUBG2_V5.0.0, X-CUBE-TOF1_V3.4.3]
2026-06-15 21:45:06,137 [INFO] DbBoardsSqlite:226 - include board P-NUCLEO-WB55-NUCLEO as a kit item of type 'Nucleo-64'
2026-06-15 21:45:06,138 [INFO] DbBoardsSqlite:226 - include board P-NUCLEO-WB55-USBDONGLE as a kit item of type 'Nucleo USB Dongle'
2026-06-15 21:45:06,138 [INFO] DbBoardsSqlite:226 - include board STEVAL-IDP005V1 as a kit item of type 'Evaluation Board'
2026-06-15 21:45:06,139 [INFO] DbBoardsSqlite:226 - include board STEVAL-IDP005V2 as a kit item of type 'Evaluation Board'
2026-06-15 21:45:06,334 [INFO] ApiDb:240 - Found 880 in-development CPN: [B-G473E-ZEST1S, B-WB1M-WPAN1, B-WBA5M-WPAN, B-WL5M-SUBG1, NUCLEO-C031C6, NUCLEO-C051C8, NUCLEO-C071RB, NUCLEO-C092RC, NUCLEO-H503RB, NUCLEO-H533RE, NUCLEO-H563ZI, NUCLEO-H7S3L8, NUCLEO-N657X0-Q, NUCLEO-U031R8, NUCLEO-U083RC, NUCLEO-U385RG-Q, NUCLEO-U545RE-Q, NUCLEO-U5A5ZJ-Q, NUCLEO-WB05KZ, NUCLEO-WB07CC, NUCLEO-WB09KE, NUCLEO-WBA52CG, NUCLEO-WBA55CG, NUCLEO-WL33CC1, NUCLEO-WL33CC2, STEVAL-PROTEUS1, STEVAL-SMARTAG2, STEVAL-STWINBX1, STM320518-EVAL, STM32C0116-DK, STM32C011D6Y3TR, STM32C011D6Y6TR, STM32C011F4P3, STM32C011F4P6, STM32C011F4U3, STM32C011F4U6TR, STM32C011F6P3, STM32C011F6P6, STM32C011F6U3, STM32C011F6U6TR, STM32C011J4M3, STM32C011J4M6, STM32C011J6M3, STM32C011J6M6, STM32C0316-DK, STM32C031C4T3, STM32C031C4T6, STM32C031C4U3, STM32C031C4U6, STM32C031C6T3, STM32C031C6T6, STM32C031C6U3, STM32C031C6U6, STM32C031F4P3, STM32C031F4P6, STM32C031F6P3, STM32C031F6P6, STM32C031G4U3, STM32C031G4U6, STM32C031G6U3, STM32C031G6U6, STM32C031K4T3, STM32C031K4T6, STM32C031K4U3, STM32C031K4U6, STM32C031K6T3, STM32C031K6T6, STM32C031K6U3, STM32C031K6U6, STM32C051C6T6, STM32C051C6U6, STM32C051C8T6, STM32C051C8U6, STM32C051D8Y6TR, STM32C051F6P6, STM32C051F8P6, STM32C051G6U6, STM32C051G8U6, STM32C051K6T6, STM32C051K6U6, STM32C051K8T6, STM32C071C8T6, STM32C071C8T6N, STM32C071C8U6, STM32C071C8U6N, STM32C071CBT6, STM32C071CBT6N, STM32C071CBU6, STM32C071CBU6N, STM32C071F8P6, STM32C071F8P6N, STM32C071FBP6, STM32C071FBP6N, STM32C071FBY6TR, STM32C071G8U6, STM32C071G8U6N, STM32C071GBU6, STM32C071GBU6N, STM32C071K8T6, STM32C071K8T6N, STM32C071K8U6, STM32C071K8U6N, STM32C071KBT6, STM32C071KBT6N, STM32C071KBU6, STM32C071KBU6N, STM32C071R8T6, STM32C071R8T6N, STM32C071RBI6N, STM32C071RBT6, STM32C071RBT6N, STM32C091CBT6, STM32C091CBU6, STM32C091CCT6, STM32C091CCU6, STM32C091ECY6TR, STM32C091FBP6, STM32C091FCP6, STM32C091GBU6, STM32C091GCU6, STM32C091KBT6, STM32C091KBU6, STM32C091KCT6, STM32C091KCU6, STM32C091RBT6, STM32C091RCI6, STM32C091RCT6, STM32C092CBT6, STM32C092CBU6, STM32C092CCT6, STM32C092CCU6, STM32C092ECY6TR, STM32C092FBP6, STM32C092FCP6, STM32C092GBU6, STM32C092GCU6, STM32C092KBT6, STM32C092KBU6, STM32C092KCT6, STM32C092KCU6, STM32C092RBT6, STM32C092RCI6, STM32C092RCT6, STM32G071K8TXN, STM32G071K8UXN, STM32G081GBU6N, STM32G081KBT6N, STM32G081KBUXN, STM32G0B1CCT6N, STM32G0B1KCT6, STM32G0B1NEY6TR, STM32G0B1RCT6N, STM32G0C1CCT6, STM32G0C1CCT6N, STM32G0C1CCU6N, STM32G0C1CET6N, STM32G0C1CEU6N, STM32G0C1KCT6, STM32G0C1NEY6TR, STM32G0C1RCI6N, STM32G0C1RCT6N, STM32G0C1REI6N, STM32G0C1RET6N, STM32G0C1VCI6, STM32G0C1VEI6, STM32G411C6T3, STM32G411C6T6, STM32G411C6U3, STM32G411C6U6, STM32G411C8T3, STM32G411C8T6, STM32G411C8U3, STM32G411C8U6, STM32G411CBT3, STM32G411CBT6, STM32G411CBU3, STM32G411CBU6, STM32G411K6T3, STM32G411K6T6, STM32G411K6U3, STM32G411K6U6, STM32G411K8T3, STM32G411K8T6, STM32G411K8U3, STM32G411K8U6, STM32G411KBT3, STM32G411KBT6, STM32G411KBU3, STM32G411KBU6, STM32G411M6T3, STM32G411M6T6, STM32G411M8T3, STM32G411M8T6, STM32G411MBT3, STM32G411MBT6, STM32G411R6T3, STM32G411R6T6, STM32G411R8T3, STM32G411R8T6, STM32G411RBT3, STM32G411RBT6, STM32G414CBT3, STM32G414CBT6, STM32G414CBU3, STM32G414CBU6, STM32G414CCT3, STM32G414CCT6, STM32G414CCU3, STM32G414CCU6, STM32G414MBT3, STM32G414MBT6, STM32G414MCT3, STM32G414MCT6, STM32G414RBT3, STM32G414RBT6, STM32G414RCT3, STM32G414RCT6, STM32G414VBT3, STM32G414VBT6, STM32G414VCT3, STM32G414VCT6, STM32G431CBT3Z, STM32G431RBT3Z, STM32G471CCT6, STM32G471CCU6, STM32G471CET3, STM32G471CET6, STM32G471CEU3, STM32G471CEU6, STM32G471MCT6, STM32G471MET3, STM32G471MET6, STM32G471MEY6TR, STM32G471QCT6, STM32G471QET3, STM32G471RCT6, STM32G471RET3, STM32G471RET6, STM32G471VCH6, STM32G471VCI6, STM32G471VCT6, STM32G471VEH3, STM32G471VEH6, STM32G471VEI3, STM32G471VEI6, STM32G471VET3, STM32G471VET6, STM32G473QET3Z, STM32G473RET3Z, STM32G474CCT6, STM32G491RET3Z, STM32H503CBT6, STM32H503CBU6, STM32H503EBY6TR, STM32H503KBU6, STM32H503RBT6, STM32H523CCT6, STM32H523CCU6, STM32H523CET6, STM32H523CEU6, STM32H523HEY6TR, STM32H523RCT6, STM32H523RET6, STM32H523VCI6, STM32H523VCT6, STM32H523VEI6, STM32H523VET6, STM32H523ZCJ6, STM32H523ZCT6, STM32H523ZEJ6, STM32H523ZET6, STM32H533CET6, STM32H533CEU6, STM32H533HEY6TR, STM32H533RET6, STM32H533VEI6, STM32H533VET6, STM32H533ZEJ6, STM32H533ZET6, STM32H562AGI6, STM32H562AII6, STM32H562IGK6, STM32H562IGT6, STM32H562IIK6, STM32H562IIT6, STM32H562RGT6, STM32H562RGV6, STM32H562RIT6, STM32H562RIV6, STM32H562VGT6, STM32H562VIT6, STM32H562ZGT6, STM32H562ZIT6, STM32H563AGI6, STM32H563AII3Q, STM32H563AII6, STM32H563IGK6, STM32H563IGT6, STM32H563IIK3Q, STM32H563IIK6, STM32H563IIT3Q, STM32H563IIT6, STM32H563MIY3QTR, STM32H563RGT6, STM32H563RGV6, STM32H563RIT6, STM32H563RIV6, STM32H563VGT6, STM32H563VIT3Q, STM32H563VIT6, STM32H563ZGT6, STM32H563ZIT3Q, STM32H563ZIT6, STM32H573AII3Q, STM32H573AII6, STM32H573I-DK, STM32H573IIK3Q, STM32H573IIK6, STM32H573IIT3Q, STM32H573IIT6, STM32H573MIY3QTR, STM32H573RIT6, STM32H573RIV6, STM32H573VIT3Q, STM32H573VIT6, STM32H573ZIT3Q, STM32H573ZIT6, STM32H7R3A8I6, STM32H7R3I8K6, STM32H7R3I8T6, STM32H7R3L8H6, STM32H7R3L8H6H, STM32H7R3R8V6, STM32H7R3V8H6, STM32H7R3V8T6, STM32H7R3V8Y6TR, STM32H7R3Z8J6, STM32H7R3Z8T6, STM32H7R7A8I6, STM32H7R7I8K6, STM32H7R7I8T6, STM32H7R7L8H6, STM32H7R7L8H6H, STM32H7R7Z8J6, STM32H7S3A8I6, STM32H7S3I8K6, STM32H7S3I8T6, STM32H7S3L8H6, STM32H7S3L8H6H, STM32H7S3R8V6, STM32H7S3V8H6, STM32H7S3V8T6, STM32H7S3V8Y6TR, STM32H7S3Z8J6, STM32H7S3Z8T6, STM32H7S78-DK, STM32H7S7A8I6, STM32H7S7I8K6, STM32H7S7I8T6, STM32H7S7L8H6, STM32H7S7L8H6H, STM32H7S7Z8J6, STM32L4R5QGI6STR, STM32MP131AAE3, STM32MP131AAF3, STM32MP131AAG3, STM32MP131CAE3, STM32MP131CAF3, STM32MP131CAG3, STM32MP131DAE7, STM32MP131DAF7, STM32MP131DAG7, STM32MP131FAE7, STM32MP131FAF7, STM32MP131FAG7, STM32MP133AAE3, STM32MP133AAF3, STM32MP133AAG3, STM32MP133CAE3, STM32MP133CAF3, STM32MP133CAG3, STM32MP133DAE7, STM32MP133DAF7, STM32MP133DAG7, STM32MP133FAE7, STM32MP133FAF7, STM32MP133FAG7, STM32MP135AAE3, STM32MP135AAF3, STM32MP135AAG3, STM32MP135CAE3, STM32MP135CAF3, STM32MP135CAG3, STM32MP135DAE7, STM32MP135DAF7, STM32MP135DAG7, STM32MP135F-DK, STM32MP135FAE7, STM32MP135FAF7, STM32MP135FAF7T, STM32MP135FAF7U, STM32MP135FAG7, STM32MP211AAL3, STM32MP211AAM3, STM32MP211AAN3, STM32MP211AAO3, STM32MP211CAL3, STM32MP211CAM3, STM32MP211CAN3, STM32MP211CAO3, STM32MP211DAL3, STM32MP211DAM3, STM32MP211DAN3, STM32MP211DAO3, STM32MP211FAL3, STM32MP211FAM3, STM32MP211FAN3, STM32MP211FAO3, STM32MP213AAL3, STM32MP213AAM3, STM32MP213AAN3, STM32MP213AAO3, STM32MP213CAL3, STM32MP213CAM3, STM32MP213CAN3, STM32MP213CAO3, STM32MP213DAL3, STM32MP213DAM3, STM32MP213DAN3, STM32MP213DAO3, STM32MP213FAL3, STM32MP213FAM3, STM32MP213FAN3, STM32MP213FAO3, STM32MP215AAL3, STM32MP215AAM3, STM32MP215AAN3, STM32MP215AAO3, STM32MP215CAL3, STM32MP215CAM3, STM32MP215CAN3, STM32MP215CAO3, STM32MP215DAL3, STM32MP215DAM3, STM32MP215DAN3, STM32MP215DAO3, STM32MP215F-DK, STM32MP215FAL3, STM32MP215FAM3, STM32MP215FAN3, STM32MP215FAO3, STM32MP231AAJ3, STM32MP231AAK3, STM32MP231AAL3, STM32MP231CAJ3, STM32MP231CAK3, STM32MP231CAL3, STM32MP231DAJ3, STM32MP231DAK3, STM32MP231DAL3, STM32MP231FAJ3, STM32MP231FAK3, STM32MP231FAL3, STM32MP233AAJ3, STM32MP233AAK3, STM32MP233AAL3, STM32MP233CAJ3, STM32MP233CAK3, STM32MP233CAL3, STM32MP233DAJ3, STM32MP233DAK3, STM32MP233DAL3, STM32MP233FAJ3, STM32MP233FAK3, STM32MP233FAL3, STM32MP235AAJ3, STM32MP235AAK3, STM32MP235AAL3, STM32MP235CAJ3, STM32MP235CAK3, STM32MP235CAL3, STM32MP235DAJ3, STM32MP235DAK3, STM32MP235DAL3, STM32MP235FAJ3, STM32MP235FAK3, STM32MP235FAL3, STM32MP251AAI3, STM32MP251AAK3, STM32MP251AAL3, STM32MP251CAI3, STM32MP251CAK3, STM32MP251CAL3, STM32MP251DAI3, STM32MP251DAK3, STM32MP251DAL3, STM32MP251FAI3, STM32MP251FAK3, STM32MP251FAL3, STM32MP253AAI3, STM32MP253AAK3, STM32MP253AAL3, STM32MP253CAI3, STM32MP253CAK3, STM32MP253CAL3, STM32MP253DAI3, STM32MP253DAK3, STM32MP253DAL3, STM32MP253FAI3, STM32MP253FAK3, STM32MP253FAL3, STM32MP255AAI3, STM32MP255AAK3, STM32MP255AAL3, STM32MP255CAI3, STM32MP255CAK3, STM32MP255CAL3, STM32MP255DAI3, STM32MP255DAK3, STM32MP255DAL3, STM32MP255FAI3, STM32MP255FAK3, STM32MP255FAL3, STM32MP257AAI3, STM32MP257AAK3, STM32MP257AAL3, STM32MP257CAI3, STM32MP257CAK3, STM32MP257CAL3, STM32MP257DAI3, STM32MP257DAK3, STM32MP257DAL3, STM32MP257F-DK, STM32MP257F-EV1, STM32MP257FAI3, STM32MP257FAK3, STM32MP257FAL3, STM32N645A0H3Q, STM32N645B0H3Q, STM32N645I0H3Q, STM32N645L0H3Q, STM32N645X0H3Q, STM32N645Z0H3Q, STM32N647A0H3Q, STM32N647B0H3Q, STM32N647I0H3Q, STM32N647L0H3Q, STM32N647X0H3Q, STM32N647Z0H3Q, STM32N655A0H3Q, STM32N655B0H3Q, STM32N655I0H3Q, STM32N655L0H3Q, STM32N655X0H3Q, STM32N655Z0H3Q, STM32N6570-DK, STM32N657A0H3Q, STM32N657B0H3Q, STM32N657I0H3Q, STM32N657L0H3Q, STM32N657X0H3Q, STM32N657Z0H3Q, STM32U031C6T6, STM32U031C6U6, STM32U031C8T6, STM32U031C8U6, STM32U031F4P6, STM32U031F6P6, STM32U031F8P6, STM32U031G6Y6TR, STM32U031G8Y6TR, STM32U031K4U6, STM32U031K6U6, STM32U031K8U6, STM32U031R6I6, STM32U031R6T6, STM32U031R8I6, STM32U031R8T6, STM32U073C8T6, STM32U073C8U6, STM32U073CBT6, STM32U073CBU6, STM32U073CCT6, STM32U073CCU6, STM32U073H8Y6TR, STM32U073HBY6TR, STM32U073HCY6TR, STM32U073K8U6, STM32U073KBU6, STM32U073KCU6, STM32U073M8I6, STM32U073M8T6, STM32U073MBI6, STM32U073MBT6, STM32U073MCI6, STM32U073MCT6, STM32U073R8I6, STM32U073R8T6, STM32U073RBI6, STM32U073RBT6, STM32U073RCI6, STM32U073RCT6, STM32U083C-DK, STM32U083CCT6, STM32U083CCU6, STM32U083HCY6TR, STM32U083KCU6, STM32U083MCI6, STM32U083MCT6, STM32U083RCI6, STM32U083RCT6, STM32U375CET6, STM32U375CET6Q, STM32U375CEU6, STM32U375CEU6Q, STM32U375CEY6QTR, STM32U375CGT6, STM32U375CGT6Q, STM32U375CGU6, STM32U375CGU6Q, STM32U375CGY6QTR, STM32U375KEU6, STM32U375KGU6, STM32U375REI6, STM32U375REI6Q, STM32U375RET6, STM32U375RET6Q, STM32U375REY6GTR, STM32U375REY6QTR, STM32U375RGI6, STM32U375RGI6Q, STM32U375RGT6, STM32U375RGT6Q, STM32U375RGY6GTR, STM32U375RGY6QTR, STM32U375VEI6, STM32U375VEI6Q, STM32U375VET6, STM32U375VET6Q, STM32U375VGI6, STM32U375VGI6Q, STM32U375VGT6, STM32U375VGT6Q, STM32U385CGT6, STM32U385CGT6Q, STM32U385CGU6, STM32U385CGU6Q, STM32U385CGY6QTR, STM32U385KGU6, STM32U385RGI6, STM32U385RGI6Q, STM32U385RGT6, STM32U385RGT6Q, STM32U385RGY6GTR, STM32U385RGY6QTR, STM32U385VGI6, STM32U385VGI6Q, STM32U385VGT6, STM32U385VGT6Q, STM32U535CBT6, STM32U535CBT6Q, STM32U535CBU6, STM32U535CBU6Q, STM32U535CCT6, STM32U535CCT6Q, STM32U535CCU6, STM32U535CCU6Q, STM32U535CET6, STM32U535CET6Q, STM32U535CEU6, STM32U535CEU6Q, STM32U535JEY6QTR, STM32U535NCY6QTR, STM32U535NEY6QTR, STM32U535RBI6, STM32U535RBI6Q, STM32U535RBT6, STM32U535RBT6Q, STM32U535RCI6, STM32U535RCI6Q, STM32U535RCT6, STM32U535RCT6Q, STM32U535REI6, STM32U535REI6Q, STM32U535RET6, STM32U535RET6Q, STM32U535VCI6, STM32U535VCI6Q, STM32U535VCT6, STM32U535VCT6Q, STM32U535VEI6, STM32U535VEI6Q, STM32U535VET6, STM32U535VET6Q, STM32U545CET6, STM32U545CET6Q, STM32U545CEU6, STM32U545CEU6Q, STM32U545JEY6QTR, STM32U545NEY6QTR, STM32U545REI6, STM32U545REI6Q, STM32U545RET6, STM32U545RET6Q, STM32U545VEI6, STM32U545VEI6Q, STM32U545VET6, STM32U545VET6Q, STM32U595AIH6, STM32U595AIH6Q, STM32U595AJH6, STM32U595AJH6Q, STM32U595QII6, STM32U595QII6Q, STM32U595QJI6, STM32U595QJI6Q, STM32U595RIT6, STM32U595RIT6Q, STM32U595RJT6, STM32U595RJT6Q, STM32U595VIT6, STM32U595VIT6Q, STM32U595VJT6, STM32U595VJT6Q, STM32U595ZIT6, STM32U595ZIT6Q, STM32U595ZIY6QTR, STM32U595ZJT6, STM32U595ZJT6Q, STM32U595ZJY6QTR, STM32U599BJY6QTR, STM32U599NIH6Q, STM32U599NJH6Q, STM32U599VIT6Q, STM32U599VJT6, STM32U599VJT6Q, STM32U599ZIT6Q, STM32U599ZIY6QTR, STM32U599ZJT6Q, STM32U599ZJY6QTR, STM32U5A5AJH6, STM32U5A5AJH6Q, STM32U5A5QII3Q , STM32U5A5QJI6, STM32U5A5QJI6Q, STM32U5A5RJT6, STM32U5A5RJT6Q, STM32U5A5VJT6, STM32U5A5VJT6Q, STM32U5A5ZJT6, STM32U5A5ZJT6Q, STM32U5A5ZJY6QTR, STM32U5A9BJY6QTR, STM32U5A9J-DK, STM32U5A9NJH6Q, STM32U5A9VJT6Q, STM32U5A9ZJT6Q, STM32U5A9ZJY6QTR, STM32U5F7VIT6, STM32U5F7VIT6Q, STM32U5F7VJT6, STM32U5F7VJT6Q, STM32U5F9BJY6QTR, STM32U5F9NJH6Q, STM32U5F9VIT6Q, STM32U5F9VJT6Q, STM32U5F9ZIJ6QTR, STM32U5F9ZIT6Q, STM32U5F9ZJJ6QTR, STM32U5F9ZJT6Q, STM32U5G7VJT6, STM32U5G7VJT6Q, STM32U5G9BJY6QTR, STM32U5G9J-DK1, STM32U5G9J-DK2, STM32U5G9NJH6Q, STM32U5G9VJT6Q, STM32U5G9ZJJ6QTR, STM32U5G9ZJT6Q, STM32WB05KZV6TR, STM32WB05KZV7TR, STM32WB05TZF6TR, STM32WB05TZF7TR, STM32WB06CCF6TR, STM32WB06CCF7TR, STM32WB06CCV6TR, STM32WB06CCV7TR, STM32WB06KCV6TR, STM32WB06KCV7TR, STM32WB07CCF6TR, STM32WB07CCF7TR, STM32WB07CCV6TR, STM32WB07CCV7TR, STM32WB07KCV6TR, STM32WB07KCV7TR, STM32WB09KEV6TR, STM32WB09KEV7TR, STM32WB09TEF6TR, STM32WB09TEF7TR, STM32WB1MMCH6, STM32WBA50KGU6, STM32WBA50KGU6TR, STM32WBA52CEU6, STM32WBA52CEU6TR, STM32WBA52CEU7, STM32WBA52CEU7TR, STM32WBA52CGU6, STM32WBA52CGU6TR, STM32WBA52CGU6U, STM32WBA52CGU7, STM32WBA52CGU7TR, STM32WBA52KEU6, STM32WBA52KEU6TR, STM32WBA52KGU6, STM32WBA52KGU6TR, STM32WBA54CEU6, STM32WBA54CEU6TR, STM32WBA54CEU7, STM32WBA54CEU7TR, STM32WBA54CGU6, STM32WBA54CGU6TR, STM32WBA54CGU7, STM32WBA54CGU7TR, STM32WBA54KEU6, STM32WBA54KEU6TR, STM32WBA54KEU7, STM32WBA54KEU7TR, STM32WBA54KGU6, STM32WBA54KGU6TR, STM32WBA54KGU7, STM32WBA54KGU7TR, STM32WBA55CEU6, STM32WBA55CEU6TR, STM32WBA55CEU7, STM32WBA55CEU7TR, STM32WBA55CGU6, STM32WBA55CGU6TR, STM32WBA55CGU6U, STM32WBA55CGU7, STM32WBA55CGU7TR, STM32WBA55G-DK1, STM32WBA55HEF6, STM32WBA55HEF7, STM32WBA55HGF6, STM32WBA55HGF7, STM32WBA55UEI6, STM32WBA55UEI6TR, STM32WBA55UEI7, STM32WBA55UEI7TR, STM32WBA55UGI6, STM32WBA55UGI6TR, STM32WBA55UGI7, STM32WBA55UGI7TR, STM32WBA5MMGH6TR, STM32WBA62MGF6, STM32WBA62MIF6, STM32WBA65MGF7, STM32WBA65MIF6, STM32WBA65MIF7, STM32WL30K8V6, STM32WL30KBV6, STM32WL31C8V6, STM32WL31CBV6, STM32WL31K8V6, STM32WL31KBV6, STM32WL33C8V6, STM32WL33C8V6X, STM32WL33CBV6, STM32WL33CBV6X, STM32WL33CCV6, STM32WL33CCV6A, STM32WL33CCV6X, STM32WL33K8V7, STM32WL33K8V7X, STM32WL33KBV7 , STM32WL33KBV7X, STM32WL33KCV7, STM32WL33KCV7X, STM32WL5MOCH6, STM32WL5MOCH6TR]
2026-06-15 21:45:06,628 [INFO] BoardInfo:889 - No configuration file found for board NUCLEO-H5E5ZJ
2026-06-15 21:45:06,630 [INFO] DbBoards:161 - Board is not supported: NUCLEO-H5E5ZJ
2026-06-15 21:45:06,788 [INFO] BoardInfo:889 - No configuration file found for board NUCLEO-U3C5ZI-Q
2026-06-15 21:45:06,792 [INFO] DbBoards:161 - Board is not supported: NUCLEO-U3C5ZI-Q
2026-06-15 21:45:06,869 [INFO] BoardInfo:889 - No configuration file found for board NUCLEO-WBA25CE1
2026-06-15 21:45:06,872 [INFO] DbBoards:161 - Board is not supported: NUCLEO-WBA25CE1
2026-06-15 21:45:06,896 [INFO] BoardInfo:889 - No configuration file found for board NUCLEO-WL3RKB1
2026-06-15 21:45:06,900 [INFO] DbBoards:161 - Board is not supported: NUCLEO-WL3RKB1
2026-06-15 21:45:06,902 [INFO] BoardInfo:889 - No configuration file found for board NUCLEO-WL3RKB2
2026-06-15 21:45:06,906 [INFO] DbBoards:161 - Board is not supported: NUCLEO-WL3RKB2
2026-06-15 21:45:06,930 [INFO] BoardInfo:889 - No configuration file found for board P-NUCLEO-WB55
2026-06-15 21:45:06,932 [INFO] DbBoards:161 - Kit is not supported: P-NUCLEO-WB55
2026-06-15 21:45:06,954 [INFO] BoardInfo:889 - No configuration file found for board STEVAL-BFA001V1B
2026-06-15 21:45:06,957 [INFO] DbBoards:161 - Kit is not supported: STEVAL-BFA001V1B
2026-06-15 21:45:06,959 [INFO] BoardInfo:889 - No configuration file found for board STEVAL-BFA001V2B
2026-06-15 21:45:06,964 [INFO] DbBoards:161 - Kit is not supported: STEVAL-BFA001V2B
2026-06-15 21:45:07,292 [INFO] BoardInfo:889 - No configuration file found for board STM32H5F5J-DK
2026-06-15 21:45:07,297 [INFO] DbBoards:161 - Board is not supported: STM32H5F5J-DK
2026-06-15 21:45:07,565 [INFO] DbBoards:168 - Found 218 boards, 209 are supported
2026-06-15 21:45:07,565 [INFO] DbBoards:169 - Found 218 boards, 43 of them is supported for  Bsp
2026-06-15 21:45:07,573 [INFO] ApiDb:423 - Load user favorites file C:\Users\Usuario/.stm32cubeide/favorites.boards.txt: 0 item(s)
2026-06-15 21:45:07,574 [INFO] ApiDb:427 - User favorites Boards=[]
2026-06-15 21:45:07,574 [INFO] DbBoards:198 - Set 0 / 0 favorites Boards
2026-06-15 21:45:07,579 [INFO] ApiDb:668 - CubeFinder database Data Model version=2.1
2026-06-15 21:45:07,580 [INFO] ApiDb:669 - CubeFinder database Configuration version=3.0.42
2026-06-15 21:45:07,580 [INFO] ApiDb:670 - CubeFinder database generation date=2026-05-14 (1778746352)
2026-06-15 21:45:07,580 [INFO] ApiDb:671 - CubeFinder database FW Pack versions=[FP-ATR-ASTRA1_V2.0.0, FP-SNS-FLIGHT1_V5.1.0, FP-SNS-MOTENV1_V5.1.0, FP-SNS-MOTENVWB1_V1.5.0, FP-SNS-SMARTAG2_V1.2.0, FP-SNS-STBOX1_V2.1.0, STM32Cube_FW_C0_V1.4.0, STM32Cube_FW_F4_V1.28.3, STM32Cube_FW_F7_V1.17.4, STM32Cube_FW_G0_V1.6.3, STM32Cube_FW_G4_V1.6.2, STM32Cube_FW_H5_V1.6.0, STM32Cube_FW_H7RS_V1.3.0, STM32Cube_FW_H7_V1.13.0, STM32Cube_FW_L0_V1.12.2, STM32Cube_FW_L4_V1.18.2, STM32Cube_FW_L5_V1.6.0, STM32Cube_FW_N6_V1.3.0, STM32Cube_FW_U0_V1.3.0, STM32Cube_FW_U3_V1.3.0, STM32Cube_FW_U5_V1.8.0, STM32Cube_FW_WB0_V1.4.0, STM32Cube_FW_WBA_V1.9.0, STM32Cube_FW_WB_V1.24.0, STM32Cube_FW_WL3_V1.4.0, STM32Cube_FW_WL_V1.5.0, X-CUBE-ALGOBUILD_V1.4.0, X-CUBE-ALS_V1.0.2, X-CUBE-AZRTOS-F4_V1.1.0, X-CUBE-AZRTOS-F7_V1.1.0, X-CUBE-AZRTOS-G0_V1.1.0, X-CUBE-AZRTOS-G4_V2.0.0, X-CUBE-AZRTOS-H7RS_V1.1.0, X-CUBE-AZRTOS-H7_V3.5.0, X-CUBE-AZRTOS-L4_V2.0.0, X-CUBE-AZRTOS-L5_V2.0.0, X-CUBE-AZRTOS-WB_V2.0.0, X-CUBE-AZRTOS-WL_V2.0.0, X-CUBE-BLE1_V7.1.0, X-CUBE-BLE2_V3.3.0, X-CUBE-BLEMGR_V4.1.0, X-CUBE-EEPRMA1_V5.2.0, X-CUBE-FREERTOS_V1.5.0, X-CUBE-GNSS1_V7.1.1, X-CUBE-MEMS1_V12.1.0, X-CUBE-NFC4_V3.0.0, X-CUBE-NFC7_V2.0.0, X-CUBE-SFXS2LP1_V4.0.0, X-CUBE-ST67W61_V1.3.0, X-CUBE-SUBG2_V5.0.0, X-CUBE-TOF1_V3.4.3]
2026-06-15 21:45:08,907 [ERROR] DbExamplesSqlite:437 - Missing JSON key: board_cpn
2026-06-15 21:45:08,908 [ERROR] DbExamplesSqlite:437 - Missing JSON key: board_cpn
2026-06-15 21:45:08,908 [ERROR] DbExamplesSqlite:437 - Missing JSON key: board_cpn
2026-06-15 21:45:08,909 [ERROR] DbExamplesSqlite:437 - Missing JSON key: board_cpn
2026-06-15 21:45:09,367 [ERROR] DbExamplesSqlite:437 - Missing JSON key: board_cpn
2026-06-15 21:45:09,367 [ERROR] DbExamplesSqlite:437 - Missing JSON key: board_cpn
2026-06-15 21:45:09,436 [INFO] DbExamplesSqlite:395 - Ignored 39 examples not supported by CubeIDE
2026-06-15 21:45:09,436 [INFO] DbExamplesSqlite:396 - Found 11215 examples active
2026-06-15 21:45:09,436 [INFO] DbExamplesSqlite:397 - Found 0 examples obsolete
2026-06-15 21:45:09,436 [INFO] DbExamplesSqlite:398 - Found 0 examples under development
2026-06-15 21:45:09,437 [INFO] DbExamplesSqlite:399 - Found 76 examples not building
2026-06-15 21:45:09,439 [INFO] DbExamples:125 - Found 11252 examples
2026-06-15 21:45:09,562 [ERROR] DbExamples:208 - Found 381 examples with invalid data (board or MCU)
2026-06-15 21:45:09,563 [INFO] DbExamples:222 - Found 140 boards with related examples
2026-06-15 21:45:09,565 [INFO] DbExamples:235 - Found 114 MCUs with related examples
2026-06-15 21:45:09,598 [INFO] ApiDb:414 - User favorites file not found: C:\Users\Usuario/.stm32cubeide/favorites.examples.txt
2026-06-15 21:45:09,598 [INFO] DbExamples:250 - Set 0 / 0 favorites Examples
2026-06-15 21:45:09,893 [INFO] McuFinderGlobals:76 - Set McuFinderConnectedMode to true
2026-06-15 21:45:09,916 [INFO] MultiScanPanel:200 - Auto-refresh data requested => check proxy status ongoing
2026-06-15 21:45:09,923 [INFO] FinderPluginLoader:96 - Searching for filters in installed packs
2026-06-15 21:45:13,158 [INFO] LoadUrlFilesThread:185 - End of LoadServerUrlFiles without Thread
2026-06-15 21:45:13,263 [INFO] DetailPanel:341 - Set advertising image to C:/Users/Usuario/STM32Cube/Repository/\en.prom-stm32wl3r-0526.jpg
2026-06-15 21:55:26,122 [INFO] MultiScanPanel:200 - Auto-refresh data requested => check proxy status ongoing
2026-06-15 21:55:26,364 [INFO] LoadUrlFilesThread:185 - End of LoadServerUrlFiles without Thread
2026-06-15 21:55:26,364 [INFO] DetailPanel:341 - Set advertising image to C:/Users/Usuario/STM32Cube/Repository/\en.prom-stm32wl3r-0526.jpg
2026-06-15 21:55:26,385 [INFO] DbBoards:642 - Loading board mini-images...
2026-06-15 21:55:32,471 [INFO] DbBoards:665 - Loaded 218 board mini-images
2026-06-15 21:59:42,558 [INFO] Activator:176 - 


2026-06-15 21:59:42,561 [INFO] Activator:177 - !SESSION log4j initialized
2026-06-15 21:59:51,263 [INFO] LogOutputStream:77 - [STDOUT_REDIRECT] 
2026-06-15 21:59:54,997 [INFO] ApplicationProperties:184 - Using Application install path: C:\ST\STM32CubeIDE_1.19.0\STM32CubeIDE\plugins\com.st.stm32cube.common.mx_6.15.0.202507011659
2026-06-15 21:59:55,023 [INFO] DbMcusXml:78 - Set database path to: C:\ST\STM32CubeIDE_1.19.0\STM32CubeIDE\plugins\com.st.stm32cube.common.mx_6.15.0.202507011659\\db\/mcu/
2026-06-15 21:59:55,023 [INFO] ApiDb:274 - Set plugin database path to: C:\ST\STM32CubeIDE_1.19.0\STM32CubeIDE\plugins\com.st.stm32cube.common.mx_6.15.0.202507011659\\db\/plugins/boardmanager/
2026-06-15 21:59:55,024 [WARN] ApiDb:259 - Overriding images path with different value:  => C:\ST\STM32CubeIDE_1.19.0\STM32CubeIDE\plugins\com.st.stm32cube.common.mx_6.15.0.202507011659\\db\/plugins/mcufinder/images/
2026-06-15 21:59:55,041 [INFO] ApiDb:250 - Set database path to: C:\Users\Usuario\.stmcufinder\plugins\mcufinder//mcu/
2026-06-15 21:59:55,044 [INFO] DbMcusAds:125 - Set database path to: C:\Users\Usuario\.stmcufinder\plugins\mcufinder//mcu/
2026-06-15 21:59:55,046 [INFO] CrossReferenceDbSqlite:203 - Set database path to: C:\Users\Usuario\.stmcufinder\plugins\mcufinder//mcu/cs/
2026-06-15 21:59:55,212 [INFO] RulesReader:64 - Compatibility file has been processed (317 Rules)
2026-06-15 21:59:55,337 [INFO] DbMcusXml:78 - Set database path to: C:\ST\STM32CubeIDE_1.19.0\STM32CubeIDE\plugins\com.st.stm32cube.common.mx_6.15.0.202507011659\\db\/mcu/
2026-06-15 21:59:55,337 [INFO] ApiDb:274 - Set plugin database path to: C:\ST\STM32CubeIDE_1.19.0\STM32CubeIDE\plugins\com.st.stm32cube.common.mx_6.15.0.202507011659\\db\/plugins/boardmanager/
2026-06-15 21:59:55,337 [INFO] ApiDb:261 - Set plugin images path to: C:\ST\STM32CubeIDE_1.19.0\STM32CubeIDE\plugins\com.st.stm32cube.common.mx_6.15.0.202507011659\\db\/plugins/mcufinder/images/
2026-06-15 21:59:55,338 [WARN] DbFile:41 - Overriding database path with different value: C:\Users\Usuario\.stmcufinder\plugins\mcufinder/ => C:\Users\Usuario\.stmcufinder\plugins\mcufinder
2026-06-15 21:59:55,338 [INFO] ApiDb:250 - Set database path to: C:\Users\Usuario\.stmcufinder\plugins\mcufinder//mcu/
2026-06-15 21:59:55,338 [WARN] DbFile:41 - Overriding database path with different value: C:\Users\Usuario\.stmcufinder\plugins\mcufinder/ => C:\Users\Usuario\.stmcufinder\plugins\mcufinder
2026-06-15 21:59:55,338 [INFO] DbMcusAds:125 - Set database path to: C:\Users\Usuario\.stmcufinder\plugins\mcufinder//mcu/
2026-06-15 21:59:55,338 [WARN] DbFile:41 - Overriding database path with different value: C:\Users\Usuario\.stmcufinder\plugins\mcufinder/ => C:\Users\Usuario\.stmcufinder\plugins\mcufinder
2026-06-15 21:59:55,338 [WARN] DbFile:41 - Overriding database path with different value: C:\Users\Usuario\.stmcufinder\plugins\mcufinder/ => C:\Users\Usuario\.stmcufinder\plugins\mcufinder
2026-06-15 21:59:55,338 [INFO] CrossReferenceDbSqlite:203 - Set database path to: C:\Users\Usuario\.stmcufinder\plugins\mcufinder//mcu/cs/
2026-06-15 21:59:55,534 [INFO] MainPanel:274 - HeapMemory: 268435456
2026-06-15 21:59:55,789 [INFO] DbMcusXml:78 - Set database path to: C:\ST\STM32CubeIDE_1.19.0\STM32CubeIDE\plugins\com.st.stm32cube.common.mx_6.15.0.202507011659\\db\/mcu/
2026-06-15 21:59:55,789 [INFO] ApiDb:274 - Set plugin database path to: C:\ST\STM32CubeIDE_1.19.0\STM32CubeIDE\plugins\com.st.stm32cube.common.mx_6.15.0.202507011659\\db\/plugins/boardmanager/
2026-06-15 21:59:55,789 [INFO] ApiDb:261 - Set plugin images path to: C:\ST\STM32CubeIDE_1.19.0\STM32CubeIDE\plugins\com.st.stm32cube.common.mx_6.15.0.202507011659\\db\/plugins/mcufinder/images/
2026-06-15 21:59:55,790 [WARN] DbFile:41 - Overriding database path with different value: C:\Users\Usuario\.stmcufinder\plugins\mcufinder/ => C:\Users\Usuario\.stmcufinder\plugins\mcufinder
2026-06-15 21:59:55,790 [INFO] ApiDb:250 - Set database path to: C:\Users\Usuario\.stmcufinder\plugins\mcufinder//mcu/
2026-06-15 21:59:55,790 [WARN] DbFile:41 - Overriding database path with different value: C:\Users\Usuario\.stmcufinder\plugins\mcufinder/ => C:\Users\Usuario\.stmcufinder\plugins\mcufinder
2026-06-15 21:59:55,790 [INFO] DbMcusAds:125 - Set database path to: C:\Users\Usuario\.stmcufinder\plugins\mcufinder//mcu/
2026-06-15 21:59:55,790 [WARN] DbFile:41 - Overriding database path with different value: C:\Users\Usuario\.stmcufinder\plugins\mcufinder/ => C:\Users\Usuario\.stmcufinder\plugins\mcufinder
2026-06-15 21:59:55,790 [WARN] DbFile:41 - Overriding database path with different value: C:\Users\Usuario\.stmcufinder\plugins\mcufinder/ => C:\Users\Usuario\.stmcufinder\plugins\mcufinder
2026-06-15 21:59:55,790 [INFO] CrossReferenceDbSqlite:203 - Set database path to: C:\Users\Usuario\.stmcufinder\plugins\mcufinder//mcu/cs/
2026-06-15 21:59:55,817 [INFO] ApplicationProperties:184 - Using Application install path: C:\ST\STM32CubeIDE_1.19.0\STM32CubeIDE\plugins\com.st.stm32cube.common.mx_6.15.0.202507011659
2026-06-15 21:59:55,818 [INFO] PluginManage:196 - Search for loadable plugins [exclusion list=, ]
2026-06-15 21:59:55,820 [INFO] PluginManage:310 - Check plugin analytics
2026-06-15 22:00:05,559 [INFO] AnalyticsPlugin:253 - Accepted Software Licenses: 
2026-06-15 22:00:05,559 [INFO] AnalyticsPlugin:255 - Accepted CMSIS Pack Licenses: 
2026-06-15 22:00:05,560 [INFO] AnalyticsPlugin:257 - Accepted Firmware Licenses: 
2026-06-15 22:00:05,563 [INFO] PluginManage:359 - Loaded plugin analytics (category:tool,tabindex:-1)
2026-06-15 22:00:05,563 [INFO] PluginManage:310 - Check plugin cadmodel
2026-06-15 22:00:05,573 [INFO] CADModel:105 - Init CAD model plugin
2026-06-15 22:00:05,573 [INFO] PluginManage:359 - Loaded plugin cadmodel (category:power,tabindex:5)
2026-06-15 22:00:05,573 [INFO] PluginManage:310 - Check plugin clock
2026-06-15 22:00:05,587 [INFO] PluginManage:359 - Loaded plugin clock (category:base,tabindex:2)
2026-06-15 22:00:05,587 [INFO] PluginManage:310 - Check plugin ddr
2026-06-15 22:00:05,591 [INFO] PluginManage:359 - Loaded plugin ddr (category:tool,tabindex:6)
2026-06-15 22:00:05,591 [INFO] PluginManage:310 - Check plugin filemanager
2026-06-15 22:00:05,909 [INFO] PluginManage:359 - Loaded plugin filemanager (category:base,tabindex:10)
2026-06-15 22:00:05,910 [INFO] PluginManage:310 - Check plugin ipmanager
2026-06-15 22:00:05,920 [INFO] PluginManage:359 - Loaded plugin ipmanager (category:base,tabindex:5)
2026-06-15 22:00:05,920 [INFO] PluginManage:310 - Check plugin lpbam
2026-06-15 22:00:05,931 [INFO] PluginManage:359 - Loaded plugin lpbam (category:base,tabindex:0)
2026-06-15 22:00:05,931 [INFO] PluginManage:310 - Check plugin memorymap
2026-06-15 22:00:05,953 [INFO] PluginManage:359 - Loaded plugin memorymap (category:base,tabindex:4)
2026-06-15 22:00:05,953 [INFO] PluginManage:310 - Check plugin pinoutandconfiguration
2026-06-15 22:00:05,966 [INFO] PluginManage:359 - Loaded plugin pinoutandconfiguration (category:base,tabindex:1)
2026-06-15 22:00:05,966 [INFO] PluginManage:310 - Check plugin pinoutconfig
2026-06-15 22:00:06,098 [WARN] SupportedApi:132 - Cannot load RTOS API schema: s4s-elt-must-match.1: The content of 'definitions' must match (annotation?, (simpleType | complexType)?, (unique | key | keyref)*)). A problem was found starting at: attribute.
2026-06-15 22:00:06,298 [INFO] PluginManage:359 - Loaded plugin pinoutconfig (category:base,tabindex:0)
2026-06-15 22:00:06,299 [INFO] PluginManage:310 - Check plugin power
2026-06-15 22:00:06,315 [INFO] PluginManage:359 - Loaded plugin power (category:power,tabindex:4)
2026-06-15 22:00:06,315 [INFO] PluginManage:310 - Check plugin projectmanager
2026-06-15 22:00:06,341 [INFO] PluginManage:359 - Loaded plugin projectmanager (category:projectmanager,tabindex:4)
2026-06-15 22:00:06,341 [INFO] PluginManage:310 - Check plugin rif
2026-06-15 22:00:06,369 [INFO] PluginManage:359 - Loaded plugin rif (category:base,tabindex:3)
2026-06-15 22:00:06,369 [INFO] PluginManage:310 - Check plugin thirdparty
2026-06-15 22:00:06,698 [INFO] PluginManage:359 - Loaded plugin thirdparty (category:base,tabindex:-1)
2026-06-15 22:00:06,698 [WARN] IntegrityCheckThread:84 - waiting for thirdparty lock release [integrity check]
2026-06-15 22:00:06,698 [INFO] PluginManage:310 - Check plugin tools
2026-06-15 22:00:06,698 [INFO] IntegrityCheckThread:86 - entering critical section [integrity check]
2026-06-15 22:00:06,699 [INFO] ThirdPartyUpdaterWithRetryManager:70 - Updater plugin not ready yet. [1/15]
2026-06-15 22:00:06,702 [INFO] PluginManage:359 - Loaded plugin tools (category:base,tabindex:7)
2026-06-15 22:00:06,702 [INFO] PluginManage:310 - Check plugin tutovideos
2026-06-15 22:00:07,033 [INFO] PluginManage:359 - Loaded plugin tutovideos (category:base,tabindex:-1)
2026-06-15 22:00:07,033 [INFO] PluginManage:310 - Check plugin updater
2026-06-15 22:00:07,062 [INFO] PluginManage:359 - Loaded plugin updater (category:base,tabindex:12)
2026-06-15 22:00:07,062 [INFO] PluginManage:310 - Check plugin userauth
2026-06-15 22:00:07,067 [INFO] UserAuth:118 - Init User Auth plugin
2026-06-15 22:00:07,068 [INFO] PluginManage:359 - Loaded plugin userauth (category:base,tabindex:14)
2026-06-15 22:00:07,069 [INFO] PluginManage:283 - PluginManage : Loaded plugins [18]
2026-06-15 22:00:07,359 [INFO] PinOutPanel:1589 - setPackage(No Configuration,No Configuration)
2026-06-15 22:00:07,476 [INFO] CADModel:165 - CPN selected for project level
2026-06-15 22:00:07,476 [INFO] CADModel:114 - Register for checkConnection events
2026-06-15 22:00:07,505 [INFO] IPUIPlugin:80 - create IPUIPlugin
2026-06-15 22:00:07,506 [INFO] PluginManager:220 - loadIPPluginJar : add adc
2026-06-15 22:00:07,511 [INFO] IPUIPlugin:80 - create IPUIPlugin
2026-06-15 22:00:07,511 [INFO] PluginManager:220 - loadIPPluginJar : add aes
2026-06-15 22:00:07,516 [INFO] IPUIPlugin:80 - create IPUIPlugin
2026-06-15 22:00:07,516 [INFO] PluginManager:220 - loadIPPluginJar : add can
2026-06-15 22:00:07,520 [INFO] IPUIPlugin:80 - create IPUIPlugin
2026-06-15 22:00:07,521 [INFO] PluginManager:220 - loadIPPluginJar : add comp
2026-06-15 22:00:07,525 [INFO] IPUIPlugin:80 - create IPUIPlugin
2026-06-15 22:00:07,525 [INFO] PluginManager:220 - loadIPPluginJar : add cryp
2026-06-15 22:00:07,531 [INFO] IPUIPlugin:80 - create IPUIPlugin
2026-06-15 22:00:07,531 [INFO] PluginManager:220 - loadIPPluginJar : add ddr_ctrl_phy
2026-06-15 22:00:07,535 [INFO] IPUIPlugin:80 - create IPUIPlugin
2026-06-15 22:00:07,535 [INFO] PluginManager:220 - loadIPPluginJar : add dfsdm
2026-06-15 22:00:07,543 [INFO] IPUIPlugin:80 - create IPUIPlugin
2026-06-15 22:00:07,544 [INFO] PluginManager:220 - loadIPPluginJar : add dma
2026-06-15 22:00:07,548 [INFO] IPUIPlugin:80 - create IPUIPlugin
2026-06-15 22:00:07,549 [INFO] PluginManager:220 - loadIPPluginJar : add dma3
2026-06-15 22:00:07,553 [INFO] IPUIPlugin:80 - create IPUIPlugin
2026-06-15 22:00:07,553 [INFO] PluginManager:220 - loadIPPluginJar : add extmemmanager
2026-06-15 22:00:07,556 [INFO] IPUIPlugin:80 - create IPUIPlugin
2026-06-15 22:00:07,556 [INFO] PluginManager:220 - loadIPPluginJar : add fatfs
2026-06-15 22:00:07,564 [INFO] IPUIPlugin:80 - create IPUIPlugin
2026-06-15 22:00:07,564 [INFO] PluginManager:220 - loadIPPluginJar : add fmc
2026-06-15 22:00:07,575 [INFO] IPUIPlugin:80 - create IPUIPlugin
2026-06-15 22:00:07,575 [INFO] PluginManager:220 - loadIPPluginJar : add freertos
2026-06-15 22:00:07,578 [INFO] IPUIPlugin:80 - create IPUIPlugin
2026-06-15 22:00:07,578 [INFO] PluginManager:220 - loadIPPluginJar : add genericplugin
2026-06-15 22:00:07,583 [INFO] IPUIPlugin:80 - create IPUIPlugin
2026-06-15 22:00:07,583 [INFO] PluginManager:220 - loadIPPluginJar : add gfxmmu
2026-06-15 22:00:07,592 [INFO] IPUIPlugin:80 - create IPUIPlugin
2026-06-15 22:00:07,592 [INFO] PluginManager:220 - loadIPPluginJar : add gic
2026-06-15 22:00:07,600 [INFO] IPUIPlugin:80 - create IPUIPlugin
2026-06-15 22:00:07,600 [INFO] PluginManager:220 - loadIPPluginJar : add gpio
2026-06-15 22:00:07,605 [INFO] IPUIPlugin:80 - create IPUIPlugin
2026-06-15 22:00:07,606 [INFO] PluginManager:220 - loadIPPluginJar : add gtzc
2026-06-15 22:00:07,610 [INFO] IPUIPlugin:80 - create IPUIPlugin
2026-06-15 22:00:07,610 [INFO] PluginManager:220 - loadIPPluginJar : add hash
2026-06-15 22:00:07,621 [INFO] IPUIPlugin:80 - create IPUIPlugin
2026-06-15 22:00:07,621 [INFO] PluginManager:220 - loadIPPluginJar : add i2c
2026-06-15 22:00:07,627 [INFO] IPUIPlugin:80 - create IPUIPlugin
2026-06-15 22:00:07,627 [INFO] PluginManager:220 - loadIPPluginJar : add i2s
2026-06-15 22:00:07,632 [INFO] IPUIPlugin:80 - create IPUIPlugin
2026-06-15 22:00:07,633 [INFO] PluginManager:220 - loadIPPluginJar : add i3c
2026-06-15 22:00:07,637 [INFO] IPUIPlugin:80 - create IPUIPlugin
2026-06-15 22:00:07,638 [INFO] PluginManager:220 - loadIPPluginJar : add ipddr
2026-06-15 22:00:07,648 [INFO] IPUIPlugin:80 - create IPUIPlugin
2026-06-15 22:00:07,648 [INFO] PluginManager:220 - loadIPPluginJar : add linkedlist
2026-06-15 22:00:07,652 [INFO] IPUIPlugin:80 - create IPUIPlugin
2026-06-15 22:00:07,653 [INFO] PluginManager:220 - loadIPPluginJar : add lorawan
2026-06-15 22:00:07,655 [INFO] IPUIPlugin:80 - create IPUIPlugin
2026-06-15 22:00:07,656 [INFO] PluginManager:220 - loadIPPluginJar : add ltdc
2026-06-15 22:00:07,665 [INFO] IPUIPlugin:80 - create IPUIPlugin
2026-06-15 22:00:07,665 [INFO] PluginManager:220 - loadIPPluginJar : add mdma
2026-06-15 22:00:07,670 [INFO] IPUIPlugin:80 - create IPUIPlugin
2026-06-15 22:00:07,671 [INFO] PluginManager:220 - loadIPPluginJar : add nvic
2026-06-15 22:00:07,676 [INFO] IPUIPlugin:80 - create IPUIPlugin
2026-06-15 22:00:07,676 [INFO] PluginManager:220 - loadIPPluginJar : add opamp
2026-06-15 22:00:07,681 [INFO] IPUIPlugin:80 - create IPUIPlugin
2026-06-15 22:00:07,681 [INFO] PluginManager:220 - loadIPPluginJar : add openamp
2026-06-15 22:00:07,686 [INFO] IPUIPlugin:80 - create IPUIPlugin
2026-06-15 22:00:07,687 [INFO] PluginManager:220 - loadIPPluginJar : add pdm2pcm
2026-06-15 22:00:07,695 [INFO] IPUIPlugin:80 - create IPUIPlugin
2026-06-15 22:00:07,698 [INFO] PluginManager:220 - loadIPPluginJar : add plateformsettings
2026-06-15 22:00:07,700 [INFO] IPUIPlugin:80 - create IPUIPlugin
2026-06-15 22:00:07,700 [INFO] PluginManager:220 - loadIPPluginJar : add quadspi
2026-06-15 22:00:07,703 [INFO] IPUIPlugin:80 - create IPUIPlugin
2026-06-15 22:00:07,704 [INFO] PluginManager:220 - loadIPPluginJar : add radio
2026-06-15 22:00:07,711 [INFO] IPUIPlugin:80 - create IPUIPlugin
2026-06-15 22:00:07,711 [INFO] PluginManager:220 - loadIPPluginJar : add resmgrutility
2026-06-15 22:00:07,716 [INFO] IPUIPlugin:80 - create IPUIPlugin
2026-06-15 22:00:07,716 [INFO] PluginManager:220 - loadIPPluginJar : add sai
2026-06-15 22:00:07,721 [INFO] IPUIPlugin:80 - create IPUIPlugin
2026-06-15 22:00:07,721 [INFO] PluginManager:220 - loadIPPluginJar : add spi
2026-06-15 22:00:07,731 [INFO] IPUIPlugin:80 - create IPUIPlugin
2026-06-15 22:00:07,731 [INFO] PluginManager:220 - loadIPPluginJar : add stm32_wpan
2026-06-15 22:00:07,735 [INFO] IPUIPlugin:80 - create IPUIPlugin
2026-06-15 22:00:07,735 [INFO] PluginManager:220 - loadIPPluginJar : add tim
2026-06-15 22:00:07,740 [INFO] IPUIPlugin:80 - create IPUIPlugin
2026-06-15 22:00:07,740 [INFO] PluginManager:220 - loadIPPluginJar : add touchsensing
2026-06-15 22:00:07,743 [INFO] IPUIPlugin:80 - create IPUIPlugin
2026-06-15 22:00:07,743 [INFO] PluginManager:220 - loadIPPluginJar : add tracer_emb
2026-06-15 22:00:07,747 [INFO] IPUIPlugin:80 - create IPUIPlugin
2026-06-15 22:00:07,747 [INFO] PluginManager:220 - loadIPPluginJar : add ts
2026-06-15 22:00:07,750 [INFO] IPUIPlugin:80 - create IPUIPlugin
2026-06-15 22:00:07,750 [INFO] PluginManager:220 - loadIPPluginJar : add tsc
2026-06-15 22:00:07,754 [INFO] IPUIPlugin:80 - create IPUIPlugin
2026-06-15 22:00:07,754 [INFO] PluginManager:220 - loadIPPluginJar : add ucpd
2026-06-15 22:00:07,758 [INFO] IPUIPlugin:80 - create IPUIPlugin
2026-06-15 22:00:07,758 [INFO] PluginManager:220 - loadIPPluginJar : add usart
2026-06-15 22:00:07,762 [INFO] IPUIPlugin:80 - create IPUIPlugin
2026-06-15 22:00:07,762 [INFO] PluginManager:220 - loadIPPluginJar : add usbx
2026-06-15 22:00:07,919 [FATAL] Updater:351 - Updater called before beeing initialized
2026-06-15 22:00:07,956 [INFO] RulesReader:64 - Compatibility file has been processed (317 Rules)
2026-06-15 22:00:07,975 [INFO] RulesReader:64 - Compatibility file has been processed (317 Rules)
2026-06-15 22:00:07,987 [INFO] CADModel:165 - CPN selected for project level
2026-06-15 22:00:07,987 [INFO] CADModel:114 - Register for checkConnection events
2026-06-15 22:00:07,987 [FATAL] Updater:351 - Updater called before beeing initialized
2026-06-15 22:00:07,987 [ERROR] CADModel:125 - Updater not yet initialized, retry later 
2026-06-15 22:00:08,160 [FATAL] Updater:351 - Updater called before beeing initialized
2026-06-15 22:00:08,163 [INFO] CADModel:165 - CPN selected for project level
2026-06-15 22:00:08,163 [INFO] CADModel:114 - Register for checkConnection events
2026-06-15 22:00:08,164 [FATAL] Updater:351 - Updater called before beeing initialized
2026-06-15 22:00:08,164 [ERROR] CADModel:125 - Updater not yet initialized, retry later 
2026-06-15 22:00:08,168 [FATAL] Updater:351 - Updater called before beeing initialized
2026-06-15 22:00:08,357 [FATAL] Updater:351 - Updater called before beeing initialized
2026-06-15 22:00:08,361 [INFO] DbMcusAds:53 - JSON generation date=Thu May 28 11:08:16 COT 2026 (1779984496462)
2026-06-15 22:00:08,362 [FATAL] Updater:351 - Updater called before beeing initialized
2026-06-15 22:00:08,419 [WARN] DetailPanel:346 - Failed to get advertising image, set to default
2026-06-15 22:00:08,512 [FATAL] Updater:351 - Updater called before beeing initialized
2026-06-15 22:00:08,515 [FATAL] Updater:351 - Updater called before beeing initialized
2026-06-15 22:00:08,515 [FATAL] Updater:351 - Updater called before beeing initialized
2026-06-15 22:00:08,516 [WARN] DetailPanel:346 - Failed to get advertising image, set to default
2026-06-15 22:00:08,517 [FATAL] Updater:351 - Updater called before beeing initialized
2026-06-15 22:00:08,586 [ERROR] Updater:1198 - MainUpdater not yet initialized. External WinMGr cannot be set.
2026-06-15 22:00:08,590 [INFO] Updater:1134 - Updater Version found : 6.15.0
2026-06-15 22:00:08,616 [INFO] ApplicationProperties:184 - Using Application install path: C:\ST\STM32CubeIDE_1.19.0\STM32CubeIDE\plugins\com.st.stm32cube.common.mx_6.15.0.202507011659
2026-06-15 22:00:09,702 [INFO] ThirdPartyUpdaterWithRetryManager:70 - Updater plugin not ready yet. [2/15]
2026-06-15 22:00:10,209 [ERROR] LogOutputStream:75 - [STDERR_REDIRECT] Jun 15, 2026 10:00:10 PM java.util.prefs.WindowsPreferences <init>
2026-06-15 22:00:10,212 [ERROR] LogOutputStream:75 - [STDERR_REDIRECT] WARNING: Could not open/create prefs root node Software\JavaSoft\Prefs at root 0xffffffff80000002. Windows RegCreateKeyEx(...) returned error code 5.
2026-06-15 22:00:10,213 [ERROR] LogOutputStream:75 - [STDERR_REDIRECT] 
2026-06-15 22:00:10,871 [INFO] MainUpdater:2872 - connection check result : 10
2026-06-15 22:00:10,872 [INFO] MainUpdater:289 - Updater Check For Update Now.
2026-06-15 22:00:10,872 [INFO] MicroXplorer:498 - Change Database Version : DB.6.0.150
2026-06-15 22:00:10,882 [INFO] McuFinderGlobals:63 - Set McuFinder mode to 2 (CubeIDE integrated)
2026-06-15 22:00:10,884 [INFO] UserAuth:487 - Internet connection configuration mode: 1
2026-06-15 22:00:10,967 [INFO] JxBrowserEngine:152 - Initiate JxBrowser Engine with user profile folder
2026-06-15 22:00:11,429 [INFO] CheckServerUpdateThread:120 - End of CheckServer Thread
2026-06-15 22:00:11,490 [INFO] MainUpdater:2872 - connection check result : 10
2026-06-15 22:00:13,346 [WARN] PackLoader:240 - Cannot read IP mode file for STMicroelectronics.X-CUBE-AZRTOS-H7.3.5.0
2026-06-15 22:00:13,368 [WARN] PackLoader:240 - Cannot read IP mode file for STMicroelectronics.FP-SNS-MOTENVWB1.1.4.0
2026-06-15 22:00:13,381 [WARN] PackLoader:240 - Cannot read IP mode file for STMicroelectronics.FP-ATR-ASTRA1.2.0.2
2026-06-15 22:00:13,394 [ERROR] Engine:466 - C:\Users\Usuario\.stm32cubemx\thirdparties\pdsc\STMicroelectronics.X-CUBE-SMBUS.2.1.1.pdsc: PDSC version is not supported
2026-06-15 22:00:13,403 [WARN] PackLoader:240 - Cannot read IP mode file for STMicroelectronics.X-CUBE-SMBUS.2.1.0
2026-06-15 22:00:13,415 [WARN] PackLoader:240 - Cannot read IP mode file for STMicroelectronics.X-CUBE-ST60.1.0.0
2026-06-15 22:00:13,465 [WARN] PackLoader:240 - Cannot read IP mode file for STMicroelectronics.X-CUBE-AZRTOS-F7.1.1.0
2026-06-15 22:00:13,482 [WARN] PackLoader:240 - Cannot read IP mode file for STMicroelectronics.FP-SNS-MOTENV1.5.1.0
2026-06-15 22:00:13,525 [WARN] PackLoader:240 - Cannot read IP mode file for STMicroelectronics.X-CUBE-AZRTOS-H7.3.4.0
2026-06-15 22:00:13,548 [WARN] PackLoader:240 - Cannot read IP mode file for STMicroelectronics.X-CUBE-DISPLAY.3.0.0
2026-06-15 22:00:14,108 [WARN] PackLoader:240 - Cannot read IP mode file for STMicroelectronics.X-CUBE-GNSS1.7.1.1
2026-06-15 22:00:14,120 [WARN] PackLoader:240 - Cannot read IP mode file for STMicroelectronics.FP-SNS-MOTENVWB1.1.5.0
2026-06-15 22:00:14,132 [WARN] PackLoader:240 - Cannot read IP mode file for STMicroelectronics.X-CUBE-NFC10.1.0.0
2026-06-15 22:00:14,140 [WARN] PackLoader:240 - Cannot read IP mode file for STMicroelectronics.X-CUBE-ST60.1.1.0
2026-06-15 22:00:14,150 [WARN] PackLoader:240 - Cannot read IP mode file for STMicroelectronics.X-CUBE-GNSS1.7.1.0
2026-06-15 22:00:14,160 [WARN] PackLoader:240 - Cannot read IP mode file for STMicroelectronics.FP-SNS-SMARTAG2.1.2.0
2026-06-15 22:00:14,167 [WARN] PackLoader:240 - Cannot read IP mode file for STMicroelectronics.FP-SNS-FLIGHT1.5.1.0
2026-06-15 22:00:14,181 [INFO] LogOutputStream:77 - [STDOUT_REDIRECT] 1 : Invalid condition id : UX_CORESTACK_Condition cause : null
2026-06-15 22:00:14,182 [INFO] LogOutputStream:77 - [STDOUT_REDIRECT] 1 : Invalid condition id : UX_CORESTACK_Condition cause : null
2026-06-15 22:00:14,184 [INFO] LogOutputStream:77 - [STDOUT_REDIRECT] 1 : Invalid condition id : UX_CORESTACK_Condition cause : null
2026-06-15 22:00:14,186 [INFO] LogOutputStream:77 - [STDOUT_REDIRECT] 1 : Invalid condition id : UX_CORESTACK_Condition cause : null
2026-06-15 22:00:14,187 [INFO] LogOutputStream:77 - [STDOUT_REDIRECT] 1 : Invalid condition id : UX_CORESTACK_Condition cause : null
2026-06-15 22:00:14,192 [WARN] PackLoader:240 - Cannot read IP mode file for STMicroelectronics.X-CUBE-AZRTOS-WL.2.0.0
2026-06-15 22:00:14,202 [WARN] PackLoader:240 - Cannot read IP mode file for STMicroelectronics.FP-SNS-MOTENV1.5.0.0
2026-06-15 22:00:14,234 [WARN] PackLoader:240 - Cannot read IP mode file for STMicroelectronics.X-CUBE-AZRTOS-H7RS.1.2.0
2026-06-15 22:00:14,254 [WARN] PackLoader:240 - Cannot read IP mode file for WES.I-CUBE-Cesium.1.3.0
2026-06-15 22:00:14,266 [WARN] PackLoader:240 - Cannot read IP mode file for STMicroelectronics.X-CUBE-BLE2.3.3.0
2026-06-15 22:00:14,313 [WARN] PackLoader:240 - Cannot read IP mode file for STMicroelectronics.X-CUBE-NFC9.1.0.0
2026-06-15 22:00:14,326 [WARN] PackLoader:240 - Cannot read IP mode file for STMicroelectronics.X-CUBE-BLE1.7.1.0
2026-06-15 22:00:14,343 [WARN] PackLoader:240 - Cannot read IP mode file for STMicroelectronics.FP-SNS-STAIOTCFT.1.1.0
2026-06-15 22:00:14,489 [WARN] PackLoader:240 - Cannot read IP mode file for STMicroelectronics.X-CUBE-MEMS1.12.0.0
2026-06-15 22:00:14,748 [WARN] PackLoader:240 - Cannot read IP mode file for STMicroelectronics.X-CUBE-AZRTOS-G0.1.1.0
2026-06-15 22:00:14,766 [WARN] PackLoader:240 - Cannot read IP mode file for STMicroelectronics.X-CUBE-SAFEA1.1.2.2
2026-06-15 22:00:14,779 [WARN] PackLoader:240 - Cannot read IP mode file for STMicroelectronics.X-CUBE-NFC4.3.0.0
2026-06-15 22:00:14,806 [WARN] PackLoader:240 - Cannot read IP mode file for EmbeddedOffice.I-CUBE-FS-RTOS.1.0.1
2026-06-15 22:00:14,905 [WARN] PackLoader:240 - Cannot read IP mode file for STMicroelectronics.X-CUBE-WB05N.2.0.0
2026-06-15 22:00:14,926 [WARN] PackLoader:240 - Cannot read IP mode file for STMicroelectronics.X-CUBE-TCPP.4.2.0
2026-06-15 22:00:15,039 [WARN] PackLoader:240 - Cannot read IP mode file for RealThread.X-CUBE-RT-Thread_Nano.4.1.1
2026-06-15 22:00:15,060 [WARN] PackLoader:240 - Cannot read IP mode file for STMicroelectronics.FP-ATR-SIGFOX1.3.2.0
2026-06-15 22:00:15,172 [WARN] PackLoader:240 - Cannot read IP mode file for STMicroelectronics.X-CUBE-FREERTOS.1.5.0
2026-06-15 22:00:15,195 [WARN] PackLoader:240 - Cannot read IP mode file for STMicroelectronics.X-CUBE-NFC6.3.2.0
2026-06-15 22:00:15,239 [WARN] PackLoader:240 - Cannot read IP mode file for STMicroelectronics.X-CUBE-ST67W61.1.0.0
2026-06-15 22:00:15,437 [WARN] PackLoader:240 - Cannot read IP mode file for STMicroelectronics.X-CUBE-MEMS1.12.1.0
2026-06-15 22:00:15,646 [WARN] PackLoader:240 - Cannot read IP mode file for SEGGER.I-CUBE-embOS.1.3.1
2026-06-15 22:00:15,726 [WARN] PackLoader:240 - Cannot read IP mode file for STMicroelectronics.X-CUBE-ALGOBUILD.1.4.0
2026-06-15 22:00:15,918 [WARN] PackLoader:240 - Cannot read IP mode file for STMicroelectronics.X-CUBE-MEMS1.11.3.0
2026-06-15 22:00:16,127 [WARN] PackLoader:240 - Cannot read IP mode file for STMicroelectronics.X-CUBE-NFC13.1.0.0
2026-06-15 22:00:16,140 [WARN] PackLoader:240 - Cannot read IP mode file for STMicroelectronics.X-CUBE-PM33A1.1.0.0
2026-06-15 22:00:16,166 [WARN] PackLoader:240 - Cannot read IP mode file for STMicroelectronics.X-CUBE-AZRTOS-F4.1.1.0
2026-06-15 22:00:16,186 [WARN] PackLoader:240 - Cannot read IP mode file for STMicroelectronics.X-CUBE-ISPU.2.1.0
2026-06-15 22:00:16,210 [WARN] PackLoader:240 - Cannot read IP mode file for STMicroelectronics.X-CUBE-IPS.3.2.0
2026-06-15 22:00:16,229 [WARN] PackLoader:240 - Cannot read IP mode file for STMicroelectronics.eDS-WB_DPC_TT-BIDIR.2.1.1
2026-06-15 22:00:16,283 [WARN] PackLoader:240 - Cannot read IP mode file for STMicroelectronics.X-CUBE-AZRTOS-L5.2.0.0
2026-06-15 22:00:16,313 [WARN] PackLoader:240 - Cannot read IP mode file for STMicroelectronics.X-CUBE-NFC6.3.1.0
2026-06-15 22:00:16,340 [WARN] PackLoader:240 - Cannot read IP mode file for STMicroelectronics.X-CUBE-ALGOBUILD.1.5.0
2026-06-15 22:00:16,354 [WARN] PackLoader:240 - Cannot read IP mode file for STMicroelectronics.eDS-WB_DPC_VIENNA.1.2.0
2026-06-15 22:00:16,378 [WARN] PackLoader:240 - Cannot read IP mode file for STMicroelectronics.eDS-WB_DPC_3PH2L-BIDIR.1.1.1
2026-06-15 22:00:16,386 [ERROR] Engine:466 - C:\Users\Usuario\.stm32cubemx\thirdparties\pdsc\STMicroelectronics.X-CUBE-ST67W61.1.3.0.pdsc: PDSC version is not supported
2026-06-15 22:00:16,398 [WARN] PackLoader:240 - Cannot read IP mode file for STMicroelectronics.X-CUBE-FREERTOS.1.3.1
2026-06-15 22:00:16,412 [WARN] PackLoader:240 - Cannot read IP mode file for STMicroelectronics.X-CUBE-TOUCHGFX.4.26.1
2026-06-15 22:00:16,465 [WARN] PackLoader:240 - Cannot read IP mode file for STMicroelectronics.FP-SNS-STAIOTCFT.1.0.0
2026-06-15 22:00:16,483 [WARN] PackLoader:240 - Cannot read IP mode file for STMicroelectronics.X-CUBE-DPower.1.3.0
2026-06-15 22:00:16,526 [WARN] ConditionMgr:438 - getConditionDescription Invalid condition id : LAN8742 Phy interface Condition cause : null
2026-06-15 22:00:16,528 [WARN] PackLoader:240 - Cannot read IP mode file for STMicroelectronics.X-CUBE-AZRTOS-L4.2.0.0
2026-06-15 22:00:16,530 [WARN] ConditionMgr:1044 - genDependencies : Invalid condition id : LAN8742 Phy interface Condition cause : null
2026-06-15 22:00:16,530 [WARN] ConditionMgr:1044 - genDependencies : Invalid condition id : LAN8742 Phy interface Condition cause : null
2026-06-15 22:00:16,531 [WARN] ConditionMgr:1044 - genDependencies : Invalid condition id : LAN8742 Phy interface Condition cause : null
2026-06-15 22:00:16,544 [WARN] PackLoader:240 - Cannot read IP mode file for STMicroelectronics.X-CUBE-SFXS2LP1.4.0.0
2026-06-15 22:00:16,563 [WARN] PackLoader:240 - Cannot read IP mode file for STMicroelectronics.X-CUBE-WB05N.2.1.0
2026-06-15 22:00:16,574 [WARN] PackLoader:240 - Cannot read IP mode file for STMicroelectronics.X-CUBE-ST67W61.1.2.0
2026-06-15 22:00:16,576 [INFO] WebApp:169 - Instantiating new browser for Auth
2026-06-15 22:00:16,595 [INFO] ApiDb:581 - Connected to CubeFinder SQLite database (C:\Users\Usuario\.stmcufinder\plugins\mcufinder\mcu\cube-finder-db.db)
2026-06-15 22:00:16,596 [WARN] ConditionMgr:438 - getConditionDescription Invalid condition id : UX DEVICE CLASS RTOS Condition cause : null
2026-06-15 22:00:16,596 [WARN] ConditionMgr:438 - getConditionDescription Invalid condition id : UX DEVICE CLASS RTOS Condition cause : null
2026-06-15 22:00:16,600 [WARN] PackLoader:240 - Cannot read IP mode file for STMicroelectronics.X-CUBE-AZRTOS-WB.2.0.0
2026-06-15 22:00:16,601 [WARN] ConditionMgr:1044 - genDependencies : Invalid condition id : UX DEVICE CLASS RTOS Condition cause : null
2026-06-15 22:00:16,601 [WARN] ConditionMgr:1044 - genDependencies : Invalid condition id : UX DEVICE CLASS RTOS Condition cause : null
2026-06-15 22:00:16,602 [WARN] ConditionMgr:1044 - genDependencies : Invalid condition id : UX DEVICE CLASS RTOS Condition cause : null
2026-06-15 22:00:16,602 [WARN] ConditionMgr:1044 - genDependencies : Invalid condition id : UX DEVICE CLASS RTOS Condition cause : null
2026-06-15 22:00:16,603 [WARN] ConditionMgr:1044 - genDependencies : Invalid condition id : UX DEVICE CLASS RTOS Condition cause : null
2026-06-15 22:00:16,615 [WARN] PackLoader:240 - Cannot read IP mode file for STMicroelectronics.X-CUBE-GNSS1.7.0.1
2026-06-15 22:00:16,629 [WARN] PackLoader:240 - Cannot read IP mode file for STMicroelectronics.X-CUBE-TOUCHGFX.4.25.0
2026-06-15 22:00:16,721 [WARN] ConditionMgr:438 - getConditionDescription Invalid condition id : Cortex-A Device cause : null
2026-06-15 22:00:16,746 [WARN] ConditionMgr:1044 - genDependencies : Invalid condition id : Cortex-A Device cause : null
2026-06-15 22:00:16,746 [WARN] ConditionMgr:1044 - genDependencies : Invalid condition id : Cortex-A Device cause : null
2026-06-15 22:00:16,747 [WARN] ConditionMgr:1044 - genDependencies : Invalid condition id : Cortex-A Device cause : null
2026-06-15 22:00:16,792 [WARN] PackLoader:240 - Cannot read IP mode file for STMicroelectronics.X-CUBE-STSE01.2.0.0
2026-06-15 22:00:16,863 [WARN] PackLoader:240 - Cannot read IP mode file for STMicroelectronics.X-CUBE-SUBG2.5.0.0
2026-06-15 22:00:16,908 [WARN] PackLoader:240 - Cannot read IP mode file for STMicroelectronics.X-CUBE-AZRTOS-H7RS.1.1.0
2026-06-15 22:00:16,974 [WARN] PackLoader:240 - Cannot read IP mode file for Cesanta.I-CUBE-Mongoose.7.13.0
2026-06-15 22:00:17,037 [WARN] PackLoader:240 - Cannot read IP mode file for STMicroelectronics.X-CUBE-AZRTOS-G4.2.0.0
2026-06-15 22:00:17,101 [WARN] PackLoader:240 - Cannot read IP mode file for STMicroelectronics.X-CUBE-NFC7.2.0.0
2026-06-15 22:00:17,128 [WARN] PackLoader:240 - Cannot read IP mode file for STMicroelectronics.X-CUBE-IPS.3.1.0
2026-06-15 22:00:17,213 [WARN] PackLoader:240 - Cannot read IP mode file for STMicroelectronics.X-CUBE-ALS.1.0.2
2026-06-15 22:00:17,252 [WARN] PackLoader:240 - Cannot read IP mode file for portGmbH.I-Cube-SoM-uGOAL.1.1.0
2026-06-15 22:00:17,337 [WARN] PackLoader:240 - Cannot read IP mode file for STMicroelectronics.X-CUBE-TOF1.3.4.3
2026-06-15 22:00:17,351 [INFO] ThirdParty:978 - Integrity check success = true
2026-06-15 22:00:17,351 [INFO] IntegrityCheckThread:100 - exiting critical section [integrity check]
2026-06-15 22:00:17,351 [INFO] IntegrityCheckThread:103 - End integrity checks thread
2026-06-15 22:00:17,948 [INFO] ApiDb:668 - CubeFinder database Data Model version=2.1
2026-06-15 22:00:17,949 [INFO] ApiDb:669 - CubeFinder database Configuration version=3.0.42
2026-06-15 22:00:17,949 [INFO] ApiDb:670 - CubeFinder database generation date=2026-05-14 (1778746352)
2026-06-15 22:00:17,949 [INFO] ApiDb:671 - CubeFinder database FW Pack versions=[FP-ATR-ASTRA1_V2.0.0, FP-SNS-FLIGHT1_V5.1.0, FP-SNS-MOTENV1_V5.1.0, FP-SNS-MOTENVWB1_V1.5.0, FP-SNS-SMARTAG2_V1.2.0, FP-SNS-STBOX1_V2.1.0, STM32Cube_FW_C0_V1.4.0, STM32Cube_FW_F4_V1.28.3, STM32Cube_FW_F7_V1.17.4, STM32Cube_FW_G0_V1.6.3, STM32Cube_FW_G4_V1.6.2, STM32Cube_FW_H5_V1.6.0, STM32Cube_FW_H7RS_V1.3.0, STM32Cube_FW_H7_V1.13.0, STM32Cube_FW_L0_V1.12.2, STM32Cube_FW_L4_V1.18.2, STM32Cube_FW_L5_V1.6.0, STM32Cube_FW_N6_V1.3.0, STM32Cube_FW_U0_V1.3.0, STM32Cube_FW_U3_V1.3.0, STM32Cube_FW_U5_V1.8.0, STM32Cube_FW_WB0_V1.4.0, STM32Cube_FW_WBA_V1.9.0, STM32Cube_FW_WB_V1.24.0, STM32Cube_FW_WL3_V1.4.0, STM32Cube_FW_WL_V1.5.0, X-CUBE-ALGOBUILD_V1.4.0, X-CUBE-ALS_V1.0.2, X-CUBE-AZRTOS-F4_V1.1.0, X-CUBE-AZRTOS-F7_V1.1.0, X-CUBE-AZRTOS-G0_V1.1.0, X-CUBE-AZRTOS-G4_V2.0.0, X-CUBE-AZRTOS-H7RS_V1.1.0, X-CUBE-AZRTOS-H7_V3.5.0, X-CUBE-AZRTOS-L4_V2.0.0, X-CUBE-AZRTOS-L5_V2.0.0, X-CUBE-AZRTOS-WB_V2.0.0, X-CUBE-AZRTOS-WL_V2.0.0, X-CUBE-BLE1_V7.1.0, X-CUBE-BLE2_V3.3.0, X-CUBE-BLEMGR_V4.1.0, X-CUBE-EEPRMA1_V5.2.0, X-CUBE-FREERTOS_V1.5.0, X-CUBE-GNSS1_V7.1.1, X-CUBE-MEMS1_V12.1.0, X-CUBE-NFC4_V3.0.0, X-CUBE-NFC7_V2.0.0, X-CUBE-SFXS2LP1_V4.0.0, X-CUBE-ST67W61_V1.3.0, X-CUBE-SUBG2_V5.0.0, X-CUBE-TOF1_V3.4.3]
2026-06-15 22:00:18,998 [INFO] WebApp:463 - Apply proxy settings
2026-06-15 22:00:18,999 [INFO] WebApp:548 - Chromium requires no authentication
2026-06-15 22:00:19,141 [INFO] WebApp:491 - Direct internet connection detected
2026-06-15 22:00:19,383 [INFO] WebApp:900 - Register for checkConnection events
2026-06-15 22:00:19,383 [INFO] WebApp:463 - Apply proxy settings
2026-06-15 22:00:19,383 [INFO] WebApp:548 - Chromium requires no authentication
2026-06-15 22:00:19,385 [INFO] WebApp:491 - Direct internet connection detected
2026-06-15 22:00:19,973 [INFO] WebApp:225 - Starting web application
2026-06-15 22:00:19,974 [INFO] WebApp:593 - Web application path used C:\ST\STM32CubeIDE_1.19.0\STM32CubeIDE\plugins\com.st.stm32cube.common.mx_6.15.0.202507011659\db\plugins\mcufinder\reactClient1\index.html
2026-06-15 22:00:20,008 [INFO] WebApp:191 - Connection restablished
2026-06-15 22:00:21,437 [INFO] UserAuth:487 - Internet connection configuration mode: 1
2026-06-15 22:00:36,693 [INFO] ApiDb:240 - Found 880 in-development CPN: [B-G473E-ZEST1S, B-WB1M-WPAN1, B-WBA5M-WPAN, B-WL5M-SUBG1, NUCLEO-C031C6, NUCLEO-C051C8, NUCLEO-C071RB, NUCLEO-C092RC, NUCLEO-H503RB, NUCLEO-H533RE, NUCLEO-H563ZI, NUCLEO-H7S3L8, NUCLEO-N657X0-Q, NUCLEO-U031R8, NUCLEO-U083RC, NUCLEO-U385RG-Q, NUCLEO-U545RE-Q, NUCLEO-U5A5ZJ-Q, NUCLEO-WB05KZ, NUCLEO-WB07CC, NUCLEO-WB09KE, NUCLEO-WBA52CG, NUCLEO-WBA55CG, NUCLEO-WL33CC1, NUCLEO-WL33CC2, STEVAL-PROTEUS1, STEVAL-SMARTAG2, STEVAL-STWINBX1, STM320518-EVAL, STM32C0116-DK, STM32C011D6Y3TR, STM32C011D6Y6TR, STM32C011F4P3, STM32C011F4P6, STM32C011F4U3, STM32C011F4U6TR, STM32C011F6P3, STM32C011F6P6, STM32C011F6U3, STM32C011F6U6TR, STM32C011J4M3, STM32C011J4M6, STM32C011J6M3, STM32C011J6M6, STM32C0316-DK, STM32C031C4T3, STM32C031C4T6, STM32C031C4U3, STM32C031C4U6, STM32C031C6T3, STM32C031C6T6, STM32C031C6U3, STM32C031C6U6, STM32C031F4P3, STM32C031F4P6, STM32C031F6P3, STM32C031F6P6, STM32C031G4U3, STM32C031G4U6, STM32C031G6U3, STM32C031G6U6, STM32C031K4T3, STM32C031K4T6, STM32C031K4U3, STM32C031K4U6, STM32C031K6T3, STM32C031K6T6, STM32C031K6U3, STM32C031K6U6, STM32C051C6T6, STM32C051C6U6, STM32C051C8T6, STM32C051C8U6, STM32C051D8Y6TR, STM32C051F6P6, STM32C051F8P6, STM32C051G6U6, STM32C051G8U6, STM32C051K6T6, STM32C051K6U6, STM32C051K8T6, STM32C071C8T6, STM32C071C8T6N, STM32C071C8U6, STM32C071C8U6N, STM32C071CBT6, STM32C071CBT6N, STM32C071CBU6, STM32C071CBU6N, STM32C071F8P6, STM32C071F8P6N, STM32C071FBP6, STM32C071FBP6N, STM32C071FBY6TR, STM32C071G8U6, STM32C071G8U6N, STM32C071GBU6, STM32C071GBU6N, STM32C071K8T6, STM32C071K8T6N, STM32C071K8U6, STM32C071K8U6N, STM32C071KBT6, STM32C071KBT6N, STM32C071KBU6, STM32C071KBU6N, STM32C071R8T6, STM32C071R8T6N, STM32C071RBI6N, STM32C071RBT6, STM32C071RBT6N, STM32C091CBT6, STM32C091CBU6, STM32C091CCT6, STM32C091CCU6, STM32C091ECY6TR, STM32C091FBP6, STM32C091FCP6, STM32C091GBU6, STM32C091GCU6, STM32C091KBT6, STM32C091KBU6, STM32C091KCT6, STM32C091KCU6, STM32C091RBT6, STM32C091RCI6, STM32C091RCT6, STM32C092CBT6, STM32C092CBU6, STM32C092CCT6, STM32C092CCU6, STM32C092ECY6TR, STM32C092FBP6, STM32C092FCP6, STM32C092GBU6, STM32C092GCU6, STM32C092KBT6, STM32C092KBU6, STM32C092KCT6, STM32C092KCU6, STM32C092RBT6, STM32C092RCI6, STM32C092RCT6, STM32G071K8TXN, STM32G071K8UXN, STM32G081GBU6N, STM32G081KBT6N, STM32G081KBUXN, STM32G0B1CCT6N, STM32G0B1KCT6, STM32G0B1NEY6TR, STM32G0B1RCT6N, STM32G0C1CCT6, STM32G0C1CCT6N, STM32G0C1CCU6N, STM32G0C1CET6N, STM32G0C1CEU6N, STM32G0C1KCT6, STM32G0C1NEY6TR, STM32G0C1RCI6N, STM32G0C1RCT6N, STM32G0C1REI6N, STM32G0C1RET6N, STM32G0C1VCI6, STM32G0C1VEI6, STM32G411C6T3, STM32G411C6T6, STM32G411C6U3, STM32G411C6U6, STM32G411C8T3, STM32G411C8T6, STM32G411C8U3, STM32G411C8U6, STM32G411CBT3, STM32G411CBT6, STM32G411CBU3, STM32G411CBU6, STM32G411K6T3, STM32G411K6T6, STM32G411K6U3, STM32G411K6U6, STM32G411K8T3, STM32G411K8T6, STM32G411K8U3, STM32G411K8U6, STM32G411KBT3, STM32G411KBT6, STM32G411KBU3, STM32G411KBU6, STM32G411M6T3, STM32G411M6T6, STM32G411M8T3, STM32G411M8T6, STM32G411MBT3, STM32G411MBT6, STM32G411R6T3, STM32G411R6T6, STM32G411R8T3, STM32G411R8T6, STM32G411RBT3, STM32G411RBT6, STM32G414CBT3, STM32G414CBT6, STM32G414CBU3, STM32G414CBU6, STM32G414CCT3, STM32G414CCT6, STM32G414CCU3, STM32G414CCU6, STM32G414MBT3, STM32G414MBT6, STM32G414MCT3, STM32G414MCT6, STM32G414RBT3, STM32G414RBT6, STM32G414RCT3, STM32G414RCT6, STM32G414VBT3, STM32G414VBT6, STM32G414VCT3, STM32G414VCT6, STM32G431CBT3Z, STM32G431RBT3Z, STM32G471CCT6, STM32G471CCU6, STM32G471CET3, STM32G471CET6, STM32G471CEU3, STM32G471CEU6, STM32G471MCT6, STM32G471MET3, STM32G471MET6, STM32G471MEY6TR, STM32G471QCT6, STM32G471QET3, STM32G471RCT6, STM32G471RET3, STM32G471RET6, STM32G471VCH6, STM32G471VCI6, STM32G471VCT6, STM32G471VEH3, STM32G471VEH6, STM32G471VEI3, STM32G471VEI6, STM32G471VET3, STM32G471VET6, STM32G473QET3Z, STM32G473RET3Z, STM32G474CCT6, STM32G491RET3Z, STM32H503CBT6, STM32H503CBU6, STM32H503EBY6TR, STM32H503KBU6, STM32H503RBT6, STM32H523CCT6, STM32H523CCU6, STM32H523CET6, STM32H523CEU6, STM32H523HEY6TR, STM32H523RCT6, STM32H523RET6, STM32H523VCI6, STM32H523VCT6, STM32H523VEI6, STM32H523VET6, STM32H523ZCJ6, STM32H523ZCT6, STM32H523ZEJ6, STM32H523ZET6, STM32H533CET6, STM32H533CEU6, STM32H533HEY6TR, STM32H533RET6, STM32H533VEI6, STM32H533VET6, STM32H533ZEJ6, STM32H533ZET6, STM32H562AGI6, STM32H562AII6, STM32H562IGK6, STM32H562IGT6, STM32H562IIK6, STM32H562IIT6, STM32H562RGT6, STM32H562RGV6, STM32H562RIT6, STM32H562RIV6, STM32H562VGT6, STM32H562VIT6, STM32H562ZGT6, STM32H562ZIT6, STM32H563AGI6, STM32H563AII3Q, STM32H563AII6, STM32H563IGK6, STM32H563IGT6, STM32H563IIK3Q, STM32H563IIK6, STM32H563IIT3Q, STM32H563IIT6, STM32H563MIY3QTR, STM32H563RGT6, STM32H563RGV6, STM32H563RIT6, STM32H563RIV6, STM32H563VGT6, STM32H563VIT3Q, STM32H563VIT6, STM32H563ZGT6, STM32H563ZIT3Q, STM32H563ZIT6, STM32H573AII3Q, STM32H573AII6, STM32H573I-DK, STM32H573IIK3Q, STM32H573IIK6, STM32H573IIT3Q, STM32H573IIT6, STM32H573MIY3QTR, STM32H573RIT6, STM32H573RIV6, STM32H573VIT3Q, STM32H573VIT6, STM32H573ZIT3Q, STM32H573ZIT6, STM32H7R3A8I6, STM32H7R3I8K6, STM32H7R3I8T6, STM32H7R3L8H6, STM32H7R3L8H6H, STM32H7R3R8V6, STM32H7R3V8H6, STM32H7R3V8T6, STM32H7R3V8Y6TR, STM32H7R3Z8J6, STM32H7R3Z8T6, STM32H7R7A8I6, STM32H7R7I8K6, STM32H7R7I8T6, STM32H7R7L8H6, STM32H7R7L8H6H, STM32H7R7Z8J6, STM32H7S3A8I6, STM32H7S3I8K6, STM32H7S3I8T6, STM32H7S3L8H6, STM32H7S3L8H6H, STM32H7S3R8V6, STM32H7S3V8H6, STM32H7S3V8T6, STM32H7S3V8Y6TR, STM32H7S3Z8J6, STM32H7S3Z8T6, STM32H7S78-DK, STM32H7S7A8I6, STM32H7S7I8K6, STM32H7S7I8T6, STM32H7S7L8H6, STM32H7S7L8H6H, STM32H7S7Z8J6, STM32L4R5QGI6STR, STM32MP131AAE3, STM32MP131AAF3, STM32MP131AAG3, STM32MP131CAE3, STM32MP131CAF3, STM32MP131CAG3, STM32MP131DAE7, STM32MP131DAF7, STM32MP131DAG7, STM32MP131FAE7, STM32MP131FAF7, STM32MP131FAG7, STM32MP133AAE3, STM32MP133AAF3, STM32MP133AAG3, STM32MP133CAE3, STM32MP133CAF3, STM32MP133CAG3, STM32MP133DAE7, STM32MP133DAF7, STM32MP133DAG7, STM32MP133FAE7, STM32MP133FAF7, STM32MP133FAG7, STM32MP135AAE3, STM32MP135AAF3, STM32MP135AAG3, STM32MP135CAE3, STM32MP135CAF3, STM32MP135CAG3, STM32MP135DAE7, STM32MP135DAF7, STM32MP135DAG7, STM32MP135F-DK, STM32MP135FAE7, STM32MP135FAF7, STM32MP135FAF7T, STM32MP135FAF7U, STM32MP135FAG7, STM32MP211AAL3, STM32MP211AAM3, STM32MP211AAN3, STM32MP211AAO3, STM32MP211CAL3, STM32MP211CAM3, STM32MP211CAN3, STM32MP211CAO3, STM32MP211DAL3, STM32MP211DAM3, STM32MP211DAN3, STM32MP211DAO3, STM32MP211FAL3, STM32MP211FAM3, STM32MP211FAN3, STM32MP211FAO3, STM32MP213AAL3, STM32MP213AAM3, STM32MP213AAN3, STM32MP213AAO3, STM32MP213CAL3, STM32MP213CAM3, STM32MP213CAN3, STM32MP213CAO3, STM32MP213DAL3, STM32MP213DAM3, STM32MP213DAN3, STM32MP213DAO3, STM32MP213FAL3, STM32MP213FAM3, STM32MP213FAN3, STM32MP213FAO3, STM32MP215AAL3, STM32MP215AAM3, STM32MP215AAN3, STM32MP215AAO3, STM32MP215CAL3, STM32MP215CAM3, STM32MP215CAN3, STM32MP215CAO3, STM32MP215DAL3, STM32MP215DAM3, STM32MP215DAN3, STM32MP215DAO3, STM32MP215F-DK, STM32MP215FAL3, STM32MP215FAM3, STM32MP215FAN3, STM32MP215FAO3, STM32MP231AAJ3, STM32MP231AAK3, STM32MP231AAL3, STM32MP231CAJ3, STM32MP231CAK3, STM32MP231CAL3, STM32MP231DAJ3, STM32MP231DAK3, STM32MP231DAL3, STM32MP231FAJ3, STM32MP231FAK3, STM32MP231FAL3, STM32MP233AAJ3, STM32MP233AAK3, STM32MP233AAL3, STM32MP233CAJ3, STM32MP233CAK3, STM32MP233CAL3, STM32MP233DAJ3, STM32MP233DAK3, STM32MP233DAL3, STM32MP233FAJ3, STM32MP233FAK3, STM32MP233FAL3, STM32MP235AAJ3, STM32MP235AAK3, STM32MP235AAL3, STM32MP235CAJ3, STM32MP235CAK3, STM32MP235CAL3, STM32MP235DAJ3, STM32MP235DAK3, STM32MP235DAL3, STM32MP235FAJ3, STM32MP235FAK3, STM32MP235FAL3, STM32MP251AAI3, STM32MP251AAK3, STM32MP251AAL3, STM32MP251CAI3, STM32MP251CAK3, STM32MP251CAL3, STM32MP251DAI3, STM32MP251DAK3, STM32MP251DAL3, STM32MP251FAI3, STM32MP251FAK3, STM32MP251FAL3, STM32MP253AAI3, STM32MP253AAK3, STM32MP253AAL3, STM32MP253CAI3, STM32MP253CAK3, STM32MP253CAL3, STM32MP253DAI3, STM32MP253DAK3, STM32MP253DAL3, STM32MP253FAI3, STM32MP253FAK3, STM32MP253FAL3, STM32MP255AAI3, STM32MP255AAK3, STM32MP255AAL3, STM32MP255CAI3, STM32MP255CAK3, STM32MP255CAL3, STM32MP255DAI3, STM32MP255DAK3, STM32MP255DAL3, STM32MP255FAI3, STM32MP255FAK3, STM32MP255FAL3, STM32MP257AAI3, STM32MP257AAK3, STM32MP257AAL3, STM32MP257CAI3, STM32MP257CAK3, STM32MP257CAL3, STM32MP257DAI3, STM32MP257DAK3, STM32MP257DAL3, STM32MP257F-DK, STM32MP257F-EV1, STM32MP257FAI3, STM32MP257FAK3, STM32MP257FAL3, STM32N645A0H3Q, STM32N645B0H3Q, STM32N645I0H3Q, STM32N645L0H3Q, STM32N645X0H3Q, STM32N645Z0H3Q, STM32N647A0H3Q, STM32N647B0H3Q, STM32N647I0H3Q, STM32N647L0H3Q, STM32N647X0H3Q, STM32N647Z0H3Q, STM32N655A0H3Q, STM32N655B0H3Q, STM32N655I0H3Q, STM32N655L0H3Q, STM32N655X0H3Q, STM32N655Z0H3Q, STM32N6570-DK, STM32N657A0H3Q, STM32N657B0H3Q, STM32N657I0H3Q, STM32N657L0H3Q, STM32N657X0H3Q, STM32N657Z0H3Q, STM32U031C6T6, STM32U031C6U6, STM32U031C8T6, STM32U031C8U6, STM32U031F4P6, STM32U031F6P6, STM32U031F8P6, STM32U031G6Y6TR, STM32U031G8Y6TR, STM32U031K4U6, STM32U031K6U6, STM32U031K8U6, STM32U031R6I6, STM32U031R6T6, STM32U031R8I6, STM32U031R8T6, STM32U073C8T6, STM32U073C8U6, STM32U073CBT6, STM32U073CBU6, STM32U073CCT6, STM32U073CCU6, STM32U073H8Y6TR, STM32U073HBY6TR, STM32U073HCY6TR, STM32U073K8U6, STM32U073KBU6, STM32U073KCU6, STM32U073M8I6, STM32U073M8T6, STM32U073MBI6, STM32U073MBT6, STM32U073MCI6, STM32U073MCT6, STM32U073R8I6, STM32U073R8T6, STM32U073RBI6, STM32U073RBT6, STM32U073RCI6, STM32U073RCT6, STM32U083C-DK, STM32U083CCT6, STM32U083CCU6, STM32U083HCY6TR, STM32U083KCU6, STM32U083MCI6, STM32U083MCT6, STM32U083RCI6, STM32U083RCT6, STM32U375CET6, STM32U375CET6Q, STM32U375CEU6, STM32U375CEU6Q, STM32U375CEY6QTR, STM32U375CGT6, STM32U375CGT6Q, STM32U375CGU6, STM32U375CGU6Q, STM32U375CGY6QTR, STM32U375KEU6, STM32U375KGU6, STM32U375REI6, STM32U375REI6Q, STM32U375RET6, STM32U375RET6Q, STM32U375REY6GTR, STM32U375REY6QTR, STM32U375RGI6, STM32U375RGI6Q, STM32U375RGT6, STM32U375RGT6Q, STM32U375RGY6GTR, STM32U375RGY6QTR, STM32U375VEI6, STM32U375VEI6Q, STM32U375VET6, STM32U375VET6Q, STM32U375VGI6, STM32U375VGI6Q, STM32U375VGT6, STM32U375VGT6Q, STM32U385CGT6, STM32U385CGT6Q, STM32U385CGU6, STM32U385CGU6Q, STM32U385CGY6QTR, STM32U385KGU6, STM32U385RGI6, STM32U385RGI6Q, STM32U385RGT6, STM32U385RGT6Q, STM32U385RGY6GTR, STM32U385RGY6QTR, STM32U385VGI6, STM32U385VGI6Q, STM32U385VGT6, STM32U385VGT6Q, STM32U535CBT6, STM32U535CBT6Q, STM32U535CBU6, STM32U535CBU6Q, STM32U535CCT6, STM32U535CCT6Q, STM32U535CCU6, STM32U535CCU6Q, STM32U535CET6, STM32U535CET6Q, STM32U535CEU6, STM32U535CEU6Q, STM32U535JEY6QTR, STM32U535NCY6QTR, STM32U535NEY6QTR, STM32U535RBI6, STM32U535RBI6Q, STM32U535RBT6, STM32U535RBT6Q, STM32U535RCI6, STM32U535RCI6Q, STM32U535RCT6, STM32U535RCT6Q, STM32U535REI6, STM32U535REI6Q, STM32U535RET6, STM32U535RET6Q, STM32U535VCI6, STM32U535VCI6Q, STM32U535VCT6, STM32U535VCT6Q, STM32U535VEI6, STM32U535VEI6Q, STM32U535VET6, STM32U535VET6Q, STM32U545CET6, STM32U545CET6Q, STM32U545CEU6, STM32U545CEU6Q, STM32U545JEY6QTR, STM32U545NEY6QTR, STM32U545REI6, STM32U545REI6Q, STM32U545RET6, STM32U545RET6Q, STM32U545VEI6, STM32U545VEI6Q, STM32U545VET6, STM32U545VET6Q, STM32U595AIH6, STM32U595AIH6Q, STM32U595AJH6, STM32U595AJH6Q, STM32U595QII6, STM32U595QII6Q, STM32U595QJI6, STM32U595QJI6Q, STM32U595RIT6, STM32U595RIT6Q, STM32U595RJT6, STM32U595RJT6Q, STM32U595VIT6, STM32U595VIT6Q, STM32U595VJT6, STM32U595VJT6Q, STM32U595ZIT6, STM32U595ZIT6Q, STM32U595ZIY6QTR, STM32U595ZJT6, STM32U595ZJT6Q, STM32U595ZJY6QTR, STM32U599BJY6QTR, STM32U599NIH6Q, STM32U599NJH6Q, STM32U599VIT6Q, STM32U599VJT6, STM32U599VJT6Q, STM32U599ZIT6Q, STM32U599ZIY6QTR, STM32U599ZJT6Q, STM32U599ZJY6QTR, STM32U5A5AJH6, STM32U5A5AJH6Q, STM32U5A5QII3Q , STM32U5A5QJI6, STM32U5A5QJI6Q, STM32U5A5RJT6, STM32U5A5RJT6Q, STM32U5A5VJT6, STM32U5A5VJT6Q, STM32U5A5ZJT6, STM32U5A5ZJT6Q, STM32U5A5ZJY6QTR, STM32U5A9BJY6QTR, STM32U5A9J-DK, STM32U5A9NJH6Q, STM32U5A9VJT6Q, STM32U5A9ZJT6Q, STM32U5A9ZJY6QTR, STM32U5F7VIT6, STM32U5F7VIT6Q, STM32U5F7VJT6, STM32U5F7VJT6Q, STM32U5F9BJY6QTR, STM32U5F9NJH6Q, STM32U5F9VIT6Q, STM32U5F9VJT6Q, STM32U5F9ZIJ6QTR, STM32U5F9ZIT6Q, STM32U5F9ZJJ6QTR, STM32U5F9ZJT6Q, STM32U5G7VJT6, STM32U5G7VJT6Q, STM32U5G9BJY6QTR, STM32U5G9J-DK1, STM32U5G9J-DK2, STM32U5G9NJH6Q, STM32U5G9VJT6Q, STM32U5G9ZJJ6QTR, STM32U5G9ZJT6Q, STM32WB05KZV6TR, STM32WB05KZV7TR, STM32WB05TZF6TR, STM32WB05TZF7TR, STM32WB06CCF6TR, STM32WB06CCF7TR, STM32WB06CCV6TR, STM32WB06CCV7TR, STM32WB06KCV6TR, STM32WB06KCV7TR, STM32WB07CCF6TR, STM32WB07CCF7TR, STM32WB07CCV6TR, STM32WB07CCV7TR, STM32WB07KCV6TR, STM32WB07KCV7TR, STM32WB09KEV6TR, STM32WB09KEV7TR, STM32WB09TEF6TR, STM32WB09TEF7TR, STM32WB1MMCH6, STM32WBA50KGU6, STM32WBA50KGU6TR, STM32WBA52CEU6, STM32WBA52CEU6TR, STM32WBA52CEU7, STM32WBA52CEU7TR, STM32WBA52CGU6, STM32WBA52CGU6TR, STM32WBA52CGU6U, STM32WBA52CGU7, STM32WBA52CGU7TR, STM32WBA52KEU6, STM32WBA52KEU6TR, STM32WBA52KGU6, STM32WBA52KGU6TR, STM32WBA54CEU6, STM32WBA54CEU6TR, STM32WBA54CEU7, STM32WBA54CEU7TR, STM32WBA54CGU6, STM32WBA54CGU6TR, STM32WBA54CGU7, STM32WBA54CGU7TR, STM32WBA54KEU6, STM32WBA54KEU6TR, STM32WBA54KEU7, STM32WBA54KEU7TR, STM32WBA54KGU6, STM32WBA54KGU6TR, STM32WBA54KGU7, STM32WBA54KGU7TR, STM32WBA55CEU6, STM32WBA55CEU6TR, STM32WBA55CEU7, STM32WBA55CEU7TR, STM32WBA55CGU6, STM32WBA55CGU6TR, STM32WBA55CGU6U, STM32WBA55CGU7, STM32WBA55CGU7TR, STM32WBA55G-DK1, STM32WBA55HEF6, STM32WBA55HEF7, STM32WBA55HGF6, STM32WBA55HGF7, STM32WBA55UEI6, STM32WBA55UEI6TR, STM32WBA55UEI7, STM32WBA55UEI7TR, STM32WBA55UGI6, STM32WBA55UGI6TR, STM32WBA55UGI7, STM32WBA55UGI7TR, STM32WBA5MMGH6TR, STM32WBA62MGF6, STM32WBA62MIF6, STM32WBA65MGF7, STM32WBA65MIF6, STM32WBA65MIF7, STM32WL30K8V6, STM32WL30KBV6, STM32WL31C8V6, STM32WL31CBV6, STM32WL31K8V6, STM32WL31KBV6, STM32WL33C8V6, STM32WL33C8V6X, STM32WL33CBV6, STM32WL33CBV6X, STM32WL33CCV6, STM32WL33CCV6A, STM32WL33CCV6X, STM32WL33K8V7, STM32WL33K8V7X, STM32WL33KBV7 , STM32WL33KBV7X, STM32WL33KCV7, STM32WL33KCV7X, STM32WL5MOCH6, STM32WL5MOCH6TR]
2026-06-15 22:00:36,704 [INFO] DbMcus:218 - Found 5086 MCUs, 4968 are supported
2026-06-15 22:00:36,706 [INFO] ApiDb:423 - Load user favorites file C:\Users\Usuario/.stm32cubeide/favorites.mcus.txt: 2 item(s)
2026-06-15 22:00:36,706 [INFO] ApiDb:427 - User favorites MCUs=[STM32F103C8T6, STM32F103RCT6]
2026-06-15 22:00:36,706 [INFO] DbMcus:224 - Set 2 / 2 favorites MCUs
2026-06-15 22:00:37,910 [INFO] ApiDb:668 - CubeFinder database Data Model version=2.1
2026-06-15 22:00:37,910 [INFO] ApiDb:669 - CubeFinder database Configuration version=3.0.42
2026-06-15 22:00:37,910 [INFO] ApiDb:670 - CubeFinder database generation date=2026-05-14 (1778746352)
2026-06-15 22:00:37,910 [INFO] ApiDb:671 - CubeFinder database FW Pack versions=[FP-ATR-ASTRA1_V2.0.0, FP-SNS-FLIGHT1_V5.1.0, FP-SNS-MOTENV1_V5.1.0, FP-SNS-MOTENVWB1_V1.5.0, FP-SNS-SMARTAG2_V1.2.0, FP-SNS-STBOX1_V2.1.0, STM32Cube_FW_C0_V1.4.0, STM32Cube_FW_F4_V1.28.3, STM32Cube_FW_F7_V1.17.4, STM32Cube_FW_G0_V1.6.3, STM32Cube_FW_G4_V1.6.2, STM32Cube_FW_H5_V1.6.0, STM32Cube_FW_H7RS_V1.3.0, STM32Cube_FW_H7_V1.13.0, STM32Cube_FW_L0_V1.12.2, STM32Cube_FW_L4_V1.18.2, STM32Cube_FW_L5_V1.6.0, STM32Cube_FW_N6_V1.3.0, STM32Cube_FW_U0_V1.3.0, STM32Cube_FW_U3_V1.3.0, STM32Cube_FW_U5_V1.8.0, STM32Cube_FW_WB0_V1.4.0, STM32Cube_FW_WBA_V1.9.0, STM32Cube_FW_WB_V1.24.0, STM32Cube_FW_WL3_V1.4.0, STM32Cube_FW_WL_V1.5.0, X-CUBE-ALGOBUILD_V1.4.0, X-CUBE-ALS_V1.0.2, X-CUBE-AZRTOS-F4_V1.1.0, X-CUBE-AZRTOS-F7_V1.1.0, X-CUBE-AZRTOS-G0_V1.1.0, X-CUBE-AZRTOS-G4_V2.0.0, X-CUBE-AZRTOS-H7RS_V1.1.0, X-CUBE-AZRTOS-H7_V3.5.0, X-CUBE-AZRTOS-L4_V2.0.0, X-CUBE-AZRTOS-L5_V2.0.0, X-CUBE-AZRTOS-WB_V2.0.0, X-CUBE-AZRTOS-WL_V2.0.0, X-CUBE-BLE1_V7.1.0, X-CUBE-BLE2_V3.3.0, X-CUBE-BLEMGR_V4.1.0, X-CUBE-EEPRMA1_V5.2.0, X-CUBE-FREERTOS_V1.5.0, X-CUBE-GNSS1_V7.1.1, X-CUBE-MEMS1_V12.1.0, X-CUBE-NFC4_V3.0.0, X-CUBE-NFC7_V2.0.0, X-CUBE-SFXS2LP1_V4.0.0, X-CUBE-ST67W61_V1.3.0, X-CUBE-SUBG2_V5.0.0, X-CUBE-TOF1_V3.4.3]
2026-06-15 22:00:38,049 [INFO] DbBoardsSqlite:226 - include board P-NUCLEO-WB55-NUCLEO as a kit item of type 'Nucleo-64'
2026-06-15 22:00:38,050 [INFO] DbBoardsSqlite:226 - include board P-NUCLEO-WB55-USBDONGLE as a kit item of type 'Nucleo USB Dongle'
2026-06-15 22:00:38,051 [INFO] DbBoardsSqlite:226 - include board STEVAL-IDP005V1 as a kit item of type 'Evaluation Board'
2026-06-15 22:00:38,052 [INFO] DbBoardsSqlite:226 - include board STEVAL-IDP005V2 as a kit item of type 'Evaluation Board'
2026-06-15 22:00:38,209 [INFO] ApiDb:240 - Found 880 in-development CPN: [B-G473E-ZEST1S, B-WB1M-WPAN1, B-WBA5M-WPAN, B-WL5M-SUBG1, NUCLEO-C031C6, NUCLEO-C051C8, NUCLEO-C071RB, NUCLEO-C092RC, NUCLEO-H503RB, NUCLEO-H533RE, NUCLEO-H563ZI, NUCLEO-H7S3L8, NUCLEO-N657X0-Q, NUCLEO-U031R8, NUCLEO-U083RC, NUCLEO-U385RG-Q, NUCLEO-U545RE-Q, NUCLEO-U5A5ZJ-Q, NUCLEO-WB05KZ, NUCLEO-WB07CC, NUCLEO-WB09KE, NUCLEO-WBA52CG, NUCLEO-WBA55CG, NUCLEO-WL33CC1, NUCLEO-WL33CC2, STEVAL-PROTEUS1, STEVAL-SMARTAG2, STEVAL-STWINBX1, STM320518-EVAL, STM32C0116-DK, STM32C011D6Y3TR, STM32C011D6Y6TR, STM32C011F4P3, STM32C011F4P6, STM32C011F4U3, STM32C011F4U6TR, STM32C011F6P3, STM32C011F6P6, STM32C011F6U3, STM32C011F6U6TR, STM32C011J4M3, STM32C011J4M6, STM32C011J6M3, STM32C011J6M6, STM32C0316-DK, STM32C031C4T3, STM32C031C4T6, STM32C031C4U3, STM32C031C4U6, STM32C031C6T3, STM32C031C6T6, STM32C031C6U3, STM32C031C6U6, STM32C031F4P3, STM32C031F4P6, STM32C031F6P3, STM32C031F6P6, STM32C031G4U3, STM32C031G4U6, STM32C031G6U3, STM32C031G6U6, STM32C031K4T3, STM32C031K4T6, STM32C031K4U3, STM32C031K4U6, STM32C031K6T3, STM32C031K6T6, STM32C031K6U3, STM32C031K6U6, STM32C051C6T6, STM32C051C6U6, STM32C051C8T6, STM32C051C8U6, STM32C051D8Y6TR, STM32C051F6P6, STM32C051F8P6, STM32C051G6U6, STM32C051G8U6, STM32C051K6T6, STM32C051K6U6, STM32C051K8T6, STM32C071C8T6, STM32C071C8T6N, STM32C071C8U6, STM32C071C8U6N, STM32C071CBT6, STM32C071CBT6N, STM32C071CBU6, STM32C071CBU6N, STM32C071F8P6, STM32C071F8P6N, STM32C071FBP6, STM32C071FBP6N, STM32C071FBY6TR, STM32C071G8U6, STM32C071G8U6N, STM32C071GBU6, STM32C071GBU6N, STM32C071K8T6, STM32C071K8T6N, STM32C071K8U6, STM32C071K8U6N, STM32C071KBT6, STM32C071KBT6N, STM32C071KBU6, STM32C071KBU6N, STM32C071R8T6, STM32C071R8T6N, STM32C071RBI6N, STM32C071RBT6, STM32C071RBT6N, STM32C091CBT6, STM32C091CBU6, STM32C091CCT6, STM32C091CCU6, STM32C091ECY6TR, STM32C091FBP6, STM32C091FCP6, STM32C091GBU6, STM32C091GCU6, STM32C091KBT6, STM32C091KBU6, STM32C091KCT6, STM32C091KCU6, STM32C091RBT6, STM32C091RCI6, STM32C091RCT6, STM32C092CBT6, STM32C092CBU6, STM32C092CCT6, STM32C092CCU6, STM32C092ECY6TR, STM32C092FBP6, STM32C092FCP6, STM32C092GBU6, STM32C092GCU6, STM32C092KBT6, STM32C092KBU6, STM32C092KCT6, STM32C092KCU6, STM32C092RBT6, STM32C092RCI6, STM32C092RCT6, STM32G071K8TXN, STM32G071K8UXN, STM32G081GBU6N, STM32G081KBT6N, STM32G081KBUXN, STM32G0B1CCT6N, STM32G0B1KCT6, STM32G0B1NEY6TR, STM32G0B1RCT6N, STM32G0C1CCT6, STM32G0C1CCT6N, STM32G0C1CCU6N, STM32G0C1CET6N, STM32G0C1CEU6N, STM32G0C1KCT6, STM32G0C1NEY6TR, STM32G0C1RCI6N, STM32G0C1RCT6N, STM32G0C1REI6N, STM32G0C1RET6N, STM32G0C1VCI6, STM32G0C1VEI6, STM32G411C6T3, STM32G411C6T6, STM32G411C6U3, STM32G411C6U6, STM32G411C8T3, STM32G411C8T6, STM32G411C8U3, STM32G411C8U6, STM32G411CBT3, STM32G411CBT6, STM32G411CBU3, STM32G411CBU6, STM32G411K6T3, STM32G411K6T6, STM32G411K6U3, STM32G411K6U6, STM32G411K8T3, STM32G411K8T6, STM32G411K8U3, STM32G411K8U6, STM32G411KBT3, STM32G411KBT6, STM32G411KBU3, STM32G411KBU6, STM32G411M6T3, STM32G411M6T6, STM32G411M8T3, STM32G411M8T6, STM32G411MBT3, STM32G411MBT6, STM32G411R6T3, STM32G411R6T6, STM32G411R8T3, STM32G411R8T6, STM32G411RBT3, STM32G411RBT6, STM32G414CBT3, STM32G414CBT6, STM32G414CBU3, STM32G414CBU6, STM32G414CCT3, STM32G414CCT6, STM32G414CCU3, STM32G414CCU6, STM32G414MBT3, STM32G414MBT6, STM32G414MCT3, STM32G414MCT6, STM32G414RBT3, STM32G414RBT6, STM32G414RCT3, STM32G414RCT6, STM32G414VBT3, STM32G414VBT6, STM32G414VCT3, STM32G414VCT6, STM32G431CBT3Z, STM32G431RBT3Z, STM32G471CCT6, STM32G471CCU6, STM32G471CET3, STM32G471CET6, STM32G471CEU3, STM32G471CEU6, STM32G471MCT6, STM32G471MET3, STM32G471MET6, STM32G471MEY6TR, STM32G471QCT6, STM32G471QET3, STM32G471RCT6, STM32G471RET3, STM32G471RET6, STM32G471VCH6, STM32G471VCI6, STM32G471VCT6, STM32G471VEH3, STM32G471VEH6, STM32G471VEI3, STM32G471VEI6, STM32G471VET3, STM32G471VET6, STM32G473QET3Z, STM32G473RET3Z, STM32G474CCT6, STM32G491RET3Z, STM32H503CBT6, STM32H503CBU6, STM32H503EBY6TR, STM32H503KBU6, STM32H503RBT6, STM32H523CCT6, STM32H523CCU6, STM32H523CET6, STM32H523CEU6, STM32H523HEY6TR, STM32H523RCT6, STM32H523RET6, STM32H523VCI6, STM32H523VCT6, STM32H523VEI6, STM32H523VET6, STM32H523ZCJ6, STM32H523ZCT6, STM32H523ZEJ6, STM32H523ZET6, STM32H533CET6, STM32H533CEU6, STM32H533HEY6TR, STM32H533RET6, STM32H533VEI6, STM32H533VET6, STM32H533ZEJ6, STM32H533ZET6, STM32H562AGI6, STM32H562AII6, STM32H562IGK6, STM32H562IGT6, STM32H562IIK6, STM32H562IIT6, STM32H562RGT6, STM32H562RGV6, STM32H562RIT6, STM32H562RIV6, STM32H562VGT6, STM32H562VIT6, STM32H562ZGT6, STM32H562ZIT6, STM32H563AGI6, STM32H563AII3Q, STM32H563AII6, STM32H563IGK6, STM32H563IGT6, STM32H563IIK3Q, STM32H563IIK6, STM32H563IIT3Q, STM32H563IIT6, STM32H563MIY3QTR, STM32H563RGT6, STM32H563RGV6, STM32H563RIT6, STM32H563RIV6, STM32H563VGT6, STM32H563VIT3Q, STM32H563VIT6, STM32H563ZGT6, STM32H563ZIT3Q, STM32H563ZIT6, STM32H573AII3Q, STM32H573AII6, STM32H573I-DK, STM32H573IIK3Q, STM32H573IIK6, STM32H573IIT3Q, STM32H573IIT6, STM32H573MIY3QTR, STM32H573RIT6, STM32H573RIV6, STM32H573VIT3Q, STM32H573VIT6, STM32H573ZIT3Q, STM32H573ZIT6, STM32H7R3A8I6, STM32H7R3I8K6, STM32H7R3I8T6, STM32H7R3L8H6, STM32H7R3L8H6H, STM32H7R3R8V6, STM32H7R3V8H6, STM32H7R3V8T6, STM32H7R3V8Y6TR, STM32H7R3Z8J6, STM32H7R3Z8T6, STM32H7R7A8I6, STM32H7R7I8K6, STM32H7R7I8T6, STM32H7R7L8H6, STM32H7R7L8H6H, STM32H7R7Z8J6, STM32H7S3A8I6, STM32H7S3I8K6, STM32H7S3I8T6, STM32H7S3L8H6, STM32H7S3L8H6H, STM32H7S3R8V6, STM32H7S3V8H6, STM32H7S3V8T6, STM32H7S3V8Y6TR, STM32H7S3Z8J6, STM32H7S3Z8T6, STM32H7S78-DK, STM32H7S7A8I6, STM32H7S7I8K6, STM32H7S7I8T6, STM32H7S7L8H6, STM32H7S7L8H6H, STM32H7S7Z8J6, STM32L4R5QGI6STR, STM32MP131AAE3, STM32MP131AAF3, STM32MP131AAG3, STM32MP131CAE3, STM32MP131CAF3, STM32MP131CAG3, STM32MP131DAE7, STM32MP131DAF7, STM32MP131DAG7, STM32MP131FAE7, STM32MP131FAF7, STM32MP131FAG7, STM32MP133AAE3, STM32MP133AAF3, STM32MP133AAG3, STM32MP133CAE3, STM32MP133CAF3, STM32MP133CAG3, STM32MP133DAE7, STM32MP133DAF7, STM32MP133DAG7, STM32MP133FAE7, STM32MP133FAF7, STM32MP133FAG7, STM32MP135AAE3, STM32MP135AAF3, STM32MP135AAG3, STM32MP135CAE3, STM32MP135CAF3, STM32MP135CAG3, STM32MP135DAE7, STM32MP135DAF7, STM32MP135DAG7, STM32MP135F-DK, STM32MP135FAE7, STM32MP135FAF7, STM32MP135FAF7T, STM32MP135FAF7U, STM32MP135FAG7, STM32MP211AAL3, STM32MP211AAM3, STM32MP211AAN3, STM32MP211AAO3, STM32MP211CAL3, STM32MP211CAM3, STM32MP211CAN3, STM32MP211CAO3, STM32MP211DAL3, STM32MP211DAM3, STM32MP211DAN3, STM32MP211DAO3, STM32MP211FAL3, STM32MP211FAM3, STM32MP211FAN3, STM32MP211FAO3, STM32MP213AAL3, STM32MP213AAM3, STM32MP213AAN3, STM32MP213AAO3, STM32MP213CAL3, STM32MP213CAM3, STM32MP213CAN3, STM32MP213CAO3, STM32MP213DAL3, STM32MP213DAM3, STM32MP213DAN3, STM32MP213DAO3, STM32MP213FAL3, STM32MP213FAM3, STM32MP213FAN3, STM32MP213FAO3, STM32MP215AAL3, STM32MP215AAM3, STM32MP215AAN3, STM32MP215AAO3, STM32MP215CAL3, STM32MP215CAM3, STM32MP215CAN3, STM32MP215CAO3, STM32MP215DAL3, STM32MP215DAM3, STM32MP215DAN3, STM32MP215DAO3, STM32MP215F-DK, STM32MP215FAL3, STM32MP215FAM3, STM32MP215FAN3, STM32MP215FAO3, STM32MP231AAJ3, STM32MP231AAK3, STM32MP231AAL3, STM32MP231CAJ3, STM32MP231CAK3, STM32MP231CAL3, STM32MP231DAJ3, STM32MP231DAK3, STM32MP231DAL3, STM32MP231FAJ3, STM32MP231FAK3, STM32MP231FAL3, STM32MP233AAJ3, STM32MP233AAK3, STM32MP233AAL3, STM32MP233CAJ3, STM32MP233CAK3, STM32MP233CAL3, STM32MP233DAJ3, STM32MP233DAK3, STM32MP233DAL3, STM32MP233FAJ3, STM32MP233FAK3, STM32MP233FAL3, STM32MP235AAJ3, STM32MP235AAK3, STM32MP235AAL3, STM32MP235CAJ3, STM32MP235CAK3, STM32MP235CAL3, STM32MP235DAJ3, STM32MP235DAK3, STM32MP235DAL3, STM32MP235FAJ3, STM32MP235FAK3, STM32MP235FAL3, STM32MP251AAI3, STM32MP251AAK3, STM32MP251AAL3, STM32MP251CAI3, STM32MP251CAK3, STM32MP251CAL3, STM32MP251DAI3, STM32MP251DAK3, STM32MP251DAL3, STM32MP251FAI3, STM32MP251FAK3, STM32MP251FAL3, STM32MP253AAI3, STM32MP253AAK3, STM32MP253AAL3, STM32MP253CAI3, STM32MP253CAK3, STM32MP253CAL3, STM32MP253DAI3, STM32MP253DAK3, STM32MP253DAL3, STM32MP253FAI3, STM32MP253FAK3, STM32MP253FAL3, STM32MP255AAI3, STM32MP255AAK3, STM32MP255AAL3, STM32MP255CAI3, STM32MP255CAK3, STM32MP255CAL3, STM32MP255DAI3, STM32MP255DAK3, STM32MP255DAL3, STM32MP255FAI3, STM32MP255FAK3, STM32MP255FAL3, STM32MP257AAI3, STM32MP257AAK3, STM32MP257AAL3, STM32MP257CAI3, STM32MP257CAK3, STM32MP257CAL3, STM32MP257DAI3, STM32MP257DAK3, STM32MP257DAL3, STM32MP257F-DK, STM32MP257F-EV1, STM32MP257FAI3, STM32MP257FAK3, STM32MP257FAL3, STM32N645A0H3Q, STM32N645B0H3Q, STM32N645I0H3Q, STM32N645L0H3Q, STM32N645X0H3Q, STM32N645Z0H3Q, STM32N647A0H3Q, STM32N647B0H3Q, STM32N647I0H3Q, STM32N647L0H3Q, STM32N647X0H3Q, STM32N647Z0H3Q, STM32N655A0H3Q, STM32N655B0H3Q, STM32N655I0H3Q, STM32N655L0H3Q, STM32N655X0H3Q, STM32N655Z0H3Q, STM32N6570-DK, STM32N657A0H3Q, STM32N657B0H3Q, STM32N657I0H3Q, STM32N657L0H3Q, STM32N657X0H3Q, STM32N657Z0H3Q, STM32U031C6T6, STM32U031C6U6, STM32U031C8T6, STM32U031C8U6, STM32U031F4P6, STM32U031F6P6, STM32U031F8P6, STM32U031G6Y6TR, STM32U031G8Y6TR, STM32U031K4U6, STM32U031K6U6, STM32U031K8U6, STM32U031R6I6, STM32U031R6T6, STM32U031R8I6, STM32U031R8T6, STM32U073C8T6, STM32U073C8U6, STM32U073CBT6, STM32U073CBU6, STM32U073CCT6, STM32U073CCU6, STM32U073H8Y6TR, STM32U073HBY6TR, STM32U073HCY6TR, STM32U073K8U6, STM32U073KBU6, STM32U073KCU6, STM32U073M8I6, STM32U073M8T6, STM32U073MBI6, STM32U073MBT6, STM32U073MCI6, STM32U073MCT6, STM32U073R8I6, STM32U073R8T6, STM32U073RBI6, STM32U073RBT6, STM32U073RCI6, STM32U073RCT6, STM32U083C-DK, STM32U083CCT6, STM32U083CCU6, STM32U083HCY6TR, STM32U083KCU6, STM32U083MCI6, STM32U083MCT6, STM32U083RCI6, STM32U083RCT6, STM32U375CET6, STM32U375CET6Q, STM32U375CEU6, STM32U375CEU6Q, STM32U375CEY6QTR, STM32U375CGT6, STM32U375CGT6Q, STM32U375CGU6, STM32U375CGU6Q, STM32U375CGY6QTR, STM32U375KEU6, STM32U375KGU6, STM32U375REI6, STM32U375REI6Q, STM32U375RET6, STM32U375RET6Q, STM32U375REY6GTR, STM32U375REY6QTR, STM32U375RGI6, STM32U375RGI6Q, STM32U375RGT6, STM32U375RGT6Q, STM32U375RGY6GTR, STM32U375RGY6QTR, STM32U375VEI6, STM32U375VEI6Q, STM32U375VET6, STM32U375VET6Q, STM32U375VGI6, STM32U375VGI6Q, STM32U375VGT6, STM32U375VGT6Q, STM32U385CGT6, STM32U385CGT6Q, STM32U385CGU6, STM32U385CGU6Q, STM32U385CGY6QTR, STM32U385KGU6, STM32U385RGI6, STM32U385RGI6Q, STM32U385RGT6, STM32U385RGT6Q, STM32U385RGY6GTR, STM32U385RGY6QTR, STM32U385VGI6, STM32U385VGI6Q, STM32U385VGT6, STM32U385VGT6Q, STM32U535CBT6, STM32U535CBT6Q, STM32U535CBU6, STM32U535CBU6Q, STM32U535CCT6, STM32U535CCT6Q, STM32U535CCU6, STM32U535CCU6Q, STM32U535CET6, STM32U535CET6Q, STM32U535CEU6, STM32U535CEU6Q, STM32U535JEY6QTR, STM32U535NCY6QTR, STM32U535NEY6QTR, STM32U535RBI6, STM32U535RBI6Q, STM32U535RBT6, STM32U535RBT6Q, STM32U535RCI6, STM32U535RCI6Q, STM32U535RCT6, STM32U535RCT6Q, STM32U535REI6, STM32U535REI6Q, STM32U535RET6, STM32U535RET6Q, STM32U535VCI6, STM32U535VCI6Q, STM32U535VCT6, STM32U535VCT6Q, STM32U535VEI6, STM32U535VEI6Q, STM32U535VET6, STM32U535VET6Q, STM32U545CET6, STM32U545CET6Q, STM32U545CEU6, STM32U545CEU6Q, STM32U545JEY6QTR, STM32U545NEY6QTR, STM32U545REI6, STM32U545REI6Q, STM32U545RET6, STM32U545RET6Q, STM32U545VEI6, STM32U545VEI6Q, STM32U545VET6, STM32U545VET6Q, STM32U595AIH6, STM32U595AIH6Q, STM32U595AJH6, STM32U595AJH6Q, STM32U595QII6, STM32U595QII6Q, STM32U595QJI6, STM32U595QJI6Q, STM32U595RIT6, STM32U595RIT6Q, STM32U595RJT6, STM32U595RJT6Q, STM32U595VIT6, STM32U595VIT6Q, STM32U595VJT6, STM32U595VJT6Q, STM32U595ZIT6, STM32U595ZIT6Q, STM32U595ZIY6QTR, STM32U595ZJT6, STM32U595ZJT6Q, STM32U595ZJY6QTR, STM32U599BJY6QTR, STM32U599NIH6Q, STM32U599NJH6Q, STM32U599VIT6Q, STM32U599VJT6, STM32U599VJT6Q, STM32U599ZIT6Q, STM32U599ZIY6QTR, STM32U599ZJT6Q, STM32U599ZJY6QTR, STM32U5A5AJH6, STM32U5A5AJH6Q, STM32U5A5QII3Q , STM32U5A5QJI6, STM32U5A5QJI6Q, STM32U5A5RJT6, STM32U5A5RJT6Q, STM32U5A5VJT6, STM32U5A5VJT6Q, STM32U5A5ZJT6, STM32U5A5ZJT6Q, STM32U5A5ZJY6QTR, STM32U5A9BJY6QTR, STM32U5A9J-DK, STM32U5A9NJH6Q, STM32U5A9VJT6Q, STM32U5A9ZJT6Q, STM32U5A9ZJY6QTR, STM32U5F7VIT6, STM32U5F7VIT6Q, STM32U5F7VJT6, STM32U5F7VJT6Q, STM32U5F9BJY6QTR, STM32U5F9NJH6Q, STM32U5F9VIT6Q, STM32U5F9VJT6Q, STM32U5F9ZIJ6QTR, STM32U5F9ZIT6Q, STM32U5F9ZJJ6QTR, STM32U5F9ZJT6Q, STM32U5G7VJT6, STM32U5G7VJT6Q, STM32U5G9BJY6QTR, STM32U5G9J-DK1, STM32U5G9J-DK2, STM32U5G9NJH6Q, STM32U5G9VJT6Q, STM32U5G9ZJJ6QTR, STM32U5G9ZJT6Q, STM32WB05KZV6TR, STM32WB05KZV7TR, STM32WB05TZF6TR, STM32WB05TZF7TR, STM32WB06CCF6TR, STM32WB06CCF7TR, STM32WB06CCV6TR, STM32WB06CCV7TR, STM32WB06KCV6TR, STM32WB06KCV7TR, STM32WB07CCF6TR, STM32WB07CCF7TR, STM32WB07CCV6TR, STM32WB07CCV7TR, STM32WB07KCV6TR, STM32WB07KCV7TR, STM32WB09KEV6TR, STM32WB09KEV7TR, STM32WB09TEF6TR, STM32WB09TEF7TR, STM32WB1MMCH6, STM32WBA50KGU6, STM32WBA50KGU6TR, STM32WBA52CEU6, STM32WBA52CEU6TR, STM32WBA52CEU7, STM32WBA52CEU7TR, STM32WBA52CGU6, STM32WBA52CGU6TR, STM32WBA52CGU6U, STM32WBA52CGU7, STM32WBA52CGU7TR, STM32WBA52KEU6, STM32WBA52KEU6TR, STM32WBA52KGU6, STM32WBA52KGU6TR, STM32WBA54CEU6, STM32WBA54CEU6TR, STM32WBA54CEU7, STM32WBA54CEU7TR, STM32WBA54CGU6, STM32WBA54CGU6TR, STM32WBA54CGU7, STM32WBA54CGU7TR, STM32WBA54KEU6, STM32WBA54KEU6TR, STM32WBA54KEU7, STM32WBA54KEU7TR, STM32WBA54KGU6, STM32WBA54KGU6TR, STM32WBA54KGU7, STM32WBA54KGU7TR, STM32WBA55CEU6, STM32WBA55CEU6TR, STM32WBA55CEU7, STM32WBA55CEU7TR, STM32WBA55CGU6, STM32WBA55CGU6TR, STM32WBA55CGU6U, STM32WBA55CGU7, STM32WBA55CGU7TR, STM32WBA55G-DK1, STM32WBA55HEF6, STM32WBA55HEF7, STM32WBA55HGF6, STM32WBA55HGF7, STM32WBA55UEI6, STM32WBA55UEI6TR, STM32WBA55UEI7, STM32WBA55UEI7TR, STM32WBA55UGI6, STM32WBA55UGI6TR, STM32WBA55UGI7, STM32WBA55UGI7TR, STM32WBA5MMGH6TR, STM32WBA62MGF6, STM32WBA62MIF6, STM32WBA65MGF7, STM32WBA65MIF6, STM32WBA65MIF7, STM32WL30K8V6, STM32WL30KBV6, STM32WL31C8V6, STM32WL31CBV6, STM32WL31K8V6, STM32WL31KBV6, STM32WL33C8V6, STM32WL33C8V6X, STM32WL33CBV6, STM32WL33CBV6X, STM32WL33CCV6, STM32WL33CCV6A, STM32WL33CCV6X, STM32WL33K8V7, STM32WL33K8V7X, STM32WL33KBV7 , STM32WL33KBV7X, STM32WL33KCV7, STM32WL33KCV7X, STM32WL5MOCH6, STM32WL5MOCH6TR]
2026-06-15 22:00:38,880 [INFO] BoardInfo:889 - No configuration file found for board NUCLEO-H5E5ZJ
2026-06-15 22:00:38,890 [INFO] DbBoards:161 - Board is not supported: NUCLEO-H5E5ZJ
2026-06-15 22:00:39,070 [INFO] BoardInfo:889 - No configuration file found for board NUCLEO-U3C5ZI-Q
2026-06-15 22:00:39,074 [INFO] DbBoards:161 - Board is not supported: NUCLEO-U3C5ZI-Q
2026-06-15 22:00:39,127 [INFO] BoardInfo:889 - No configuration file found for board NUCLEO-WBA25CE1
2026-06-15 22:00:39,130 [INFO] DbBoards:161 - Board is not supported: NUCLEO-WBA25CE1
2026-06-15 22:00:39,155 [INFO] BoardInfo:889 - No configuration file found for board NUCLEO-WL3RKB1
2026-06-15 22:00:39,158 [INFO] DbBoards:161 - Board is not supported: NUCLEO-WL3RKB1
2026-06-15 22:00:39,160 [INFO] BoardInfo:889 - No configuration file found for board NUCLEO-WL3RKB2
2026-06-15 22:00:39,162 [INFO] DbBoards:161 - Board is not supported: NUCLEO-WL3RKB2
2026-06-15 22:00:39,186 [INFO] BoardInfo:889 - No configuration file found for board P-NUCLEO-WB55
2026-06-15 22:00:39,189 [INFO] DbBoards:161 - Kit is not supported: P-NUCLEO-WB55
2026-06-15 22:00:39,207 [INFO] BoardInfo:889 - No configuration file found for board STEVAL-BFA001V1B
2026-06-15 22:00:39,213 [INFO] DbBoards:161 - Kit is not supported: STEVAL-BFA001V1B
2026-06-15 22:00:39,218 [INFO] BoardInfo:889 - No configuration file found for board STEVAL-BFA001V2B
2026-06-15 22:00:39,221 [INFO] DbBoards:161 - Kit is not supported: STEVAL-BFA001V2B
2026-06-15 22:00:39,548 [INFO] BoardInfo:889 - No configuration file found for board STM32H5F5J-DK
2026-06-15 22:00:39,553 [INFO] DbBoards:161 - Board is not supported: STM32H5F5J-DK
2026-06-15 22:00:39,777 [INFO] DbBoards:168 - Found 218 boards, 209 are supported
2026-06-15 22:00:39,778 [INFO] DbBoards:169 - Found 218 boards, 43 of them is supported for  Bsp
2026-06-15 22:00:39,783 [INFO] ApiDb:423 - Load user favorites file C:\Users\Usuario/.stm32cubeide/favorites.boards.txt: 0 item(s)
2026-06-15 22:00:39,783 [INFO] ApiDb:427 - User favorites Boards=[]
2026-06-15 22:00:39,784 [INFO] DbBoards:198 - Set 0 / 0 favorites Boards
2026-06-15 22:00:39,784 [INFO] McuFinderGlobals:76 - Set McuFinderConnectedMode to true
2026-06-15 22:00:39,794 [INFO] MultiScanPanel:200 - Auto-refresh data requested => check proxy status ongoing
2026-06-15 22:00:39,797 [INFO] FinderPluginLoader:96 - Searching for filters in installed packs
2026-06-15 22:00:42,043 [INFO] LoadUrlFilesThread:185 - End of LoadServerUrlFiles without Thread
2026-06-15 22:00:42,140 [INFO] DetailPanel:341 - Set advertising image to C:/Users/Usuario/STM32Cube/Repository/\en.prom-stm32wl3r-0526.jpg
2026-06-15 22:00:43,801 [INFO] WebApp:194 - Connection lost
2026-06-15 22:00:44,144 [INFO] WebApp:191 - Connection restablished
2026-06-15 22:02:02,430 [INFO] MainUpdater:2872 - connection check result : 10
2026-06-15 22:02:02,431 [INFO] MainUpdater:2872 - connection check result : 10
2026-06-15 22:02:02,462 [INFO] MicroXplorer:468 - Change Database Path : 
2026-06-15 22:02:02,462 [INFO] MicroXplorer:498 - Change Database Version : DB.6.0.150
2026-06-15 22:02:02,474 [WARN] ThirdParty:871 - waiting for thirdparty lock release [close project]
2026-06-15 22:02:02,474 [INFO] ThirdParty:873 - entering critical section [close project]
2026-06-15 22:02:02,476 [INFO] ThirdParty:883 - exiting critical section [close project]
2026-06-15 22:02:02,563 [INFO] PinOutPanel:1589 - setPackage(No Configuration,No Configuration)
2026-06-15 22:02:02,576 [INFO] UtilMem:75 - Begin LoadConfig() Used Memory: 440332224 Bytes (713031680)
2026-06-15 22:02:02,587 [INFO] MicroXplorer:468 - Change Database Path : 
2026-06-15 22:02:02,588 [INFO] MicroXplorer:498 - Change Database Version : DB.6.0.150
2026-06-15 22:02:02,588 [INFO] OpenFileManager:355 - Change cursor
2026-06-15 22:02:03,537 [INFO] Mcu:2029 - Initializing MCU STM32F103C8Tx STM32F103C8Tx STM32F103C8T6
2026-06-15 22:02:05,434 [INFO] Context:786 - Trying to add GPIOservice into a context  which must be forbidden
2026-06-15 22:02:05,976 [INFO] ImportTextPane:234 - (OptionalMessage_ERROR) Unable to find key (Mcu.ThirdPartyNb) in loaded IOC file
2026-06-15 22:02:05,977 [INFO] ImportTextPane:234 - (OptionalMessage_ERROR) Unable to find key (Mcu.PinsNb) in loaded IOC file
2026-06-15 22:02:05,978 [INFO] ImportTextPane:234 - (OptionalMessage_ERROR) Pin0 (VP_RIF_VS_RIF1) cannot be retrieved for this MCU
2026-06-15 22:02:05,979 [INFO] ImportTextPane:234 - (OptionalMessage_ERROR) Unable to find key (Mcu.IPNb) in loaded IOC file
2026-06-15 22:02:06,313 [INFO] RtosManager:558 - Registered RTOS mode: class=CMSIS, group=RTOS, mode=CMSIS_V1, owner=FREERTOS
2026-06-15 22:02:06,314 [INFO] RtosManager:558 - Registered RTOS mode: class=CMSIS, group=RTOS2, mode=CMSIS_V2, owner=FREERTOS
2026-06-15 22:02:06,314 [INFO] RtosManager:558 - Registered RTOS mode: class=RTOS, group=Core, mode=CMSIS_V1, owner=FREERTOS
2026-06-15 22:02:06,314 [INFO] RtosManager:558 - Registered RTOS mode: class=RTOS, group=Core, mode=CMSIS_V2, owner=FREERTOS
2026-06-15 22:02:06,315 [WARN] ModelIntegratedComponent:184 - Missing modes for component STMicroelectronics:FreeRTOS:0.0.1:STMicroelectronics:RTOS:FreeRTOS:Core:::10.2.0:
2026-06-15 22:02:06,364 [WARN] ModelIntegratedComponent:63 - No mode defined for component null
2026-06-15 22:02:06,364 [WARN] ModelIntegratedComponent:63 - No mode defined for component null
2026-06-15 22:02:06,365 [WARN] ModelIntegratedComponent:63 - No mode defined for component null
2026-06-15 22:02:06,365 [WARN] ModelIntegratedComponent:63 - No mode defined for component null
2026-06-15 22:02:06,365 [WARN] ModelIntegratedComponent:63 - No mode defined for component null
2026-06-15 22:02:06,365 [WARN] ModelIntegratedComponent:63 - No mode defined for component null
2026-06-15 22:02:06,365 [WARN] ModelIntegratedComponent:63 - No mode defined for component null
2026-06-15 22:02:06,365 [WARN] ModelIntegratedComponent:63 - No mode defined for component null
2026-06-15 22:02:06,366 [WARN] ModelIntegratedComponent:63 - No mode defined for component null
2026-06-15 22:02:06,366 [WARN] ModelIntegratedComponent:63 - No mode defined for component null
2026-06-15 22:02:06,366 [WARN] ModelIntegratedComponent:63 - No mode defined for component null
2026-06-15 22:02:06,366 [WARN] ModelIntegratedComponent:63 - No mode defined for component null
2026-06-15 22:02:06,366 [WARN] ModelIntegratedComponent:63 - No mode defined for component null
2026-06-15 22:02:06,366 [WARN] ModelIntegratedComponent:63 - No mode defined for component null
2026-06-15 22:02:06,366 [WARN] ModelIntegratedComponent:63 - No mode defined for component null
2026-06-15 22:02:06,366 [WARN] ModelIntegratedComponent:63 - No mode defined for component null
2026-06-15 22:02:06,366 [WARN] ModelIntegratedComponent:63 - No mode defined for component null
2026-06-15 22:02:06,366 [WARN] ModelIntegratedComponent:63 - No mode defined for component null
2026-06-15 22:02:06,367 [WARN] ModelIntegratedComponent:63 - No mode defined for component null
2026-06-15 22:02:06,367 [WARN] ModelIntegratedComponent:63 - No mode defined for component null
2026-06-15 22:02:06,367 [WARN] ModelIntegratedComponent:63 - No mode defined for component null
2026-06-15 22:02:06,367 [WARN] ModelIntegratedComponent:63 - No mode defined for component null
2026-06-15 22:02:06,367 [WARN] ModelIntegratedComponent:63 - No mode defined for component null
2026-06-15 22:02:06,367 [WARN] ModelIntegratedComponent:63 - No mode defined for component null
2026-06-15 22:02:06,367 [WARN] ModelIntegratedComponent:63 - No mode defined for component null
2026-06-15 22:02:06,367 [WARN] ModelIntegratedComponent:63 - No mode defined for component null
2026-06-15 22:02:06,367 [WARN] ModelIntegratedComponent:63 - No mode defined for component null
2026-06-15 22:02:06,368 [WARN] ModelIntegratedComponent:63 - No mode defined for component null
2026-06-15 22:02:06,368 [WARN] ModelIntegratedComponent:63 - No mode defined for component null
2026-06-15 22:02:06,368 [WARN] ModelIntegratedComponent:63 - No mode defined for component null
2026-06-15 22:02:06,368 [WARN] ModelIntegratedComponent:63 - No mode defined for component null
2026-06-15 22:02:06,368 [WARN] ModelIntegratedComponent:63 - No mode defined for component null
2026-06-15 22:02:06,368 [WARN] ModelIntegratedComponent:63 - No mode defined for component null
2026-06-15 22:02:06,368 [WARN] ModelIntegratedComponent:63 - No mode defined for component null
2026-06-15 22:02:06,368 [WARN] ModelIntegratedComponent:63 - No mode defined for component null
2026-06-15 22:02:06,369 [WARN] ModelPack:524 - Component already loaded: STMicroelectronics:HAL Drivers:0.0.0:STMicroelectronics:Device:STMicro_Driver:XSPI:HAL::0.0.1:HAL_XSPI
2026-06-15 22:02:06,672 [INFO] ThirdPartyModel:298 - Start build external matchings
2026-06-15 22:02:08,689 [INFO] ThirdPartyModel:316 - End build external matchings
2026-06-15 22:02:09,050 [INFO] UtilMem:75 - End LoadConfig() Used Memory: 654313616 Bytes (812646400)
2026-06-15 22:02:09,104 [WARN] ThirdParty:833 - waiting for thirdparty lock release [change project]
2026-06-15 22:02:09,104 [INFO] ThirdParty:835 - entering critical section [change project]
2026-06-15 22:02:09,105 [INFO] ThirdParty:1030 - CMSIS Pack Vendor :STMicroelectronics X-CUBE-AZRTOS-H7 3.5.0
2026-06-15 22:02:09,105 [INFO] ThirdParty:1030 - CMSIS Pack Vendor :STMicroelectronics X-CUBE-PM33A1 1.0.0
2026-06-15 22:02:09,105 [INFO] ThirdParty:1030 - CMSIS Pack Vendor :STMicroelectronics USBPD 4.1
2026-06-15 22:02:09,105 [INFO] ThirdParty:1030 - CMSIS Pack Vendor :STMicroelectronics X-CUBE-NFC9 1.0.0
2026-06-15 22:02:09,105 [INFO] ThirdParty:1030 - CMSIS Pack Vendor :STMicroelectronics USB_HOST 2.0.0
2026-06-15 22:02:09,105 [INFO] ThirdParty:1030 - CMSIS Pack Vendor :STMicroelectronics FP-SNS-MOTENVWB1 1.4.0
2026-06-15 22:02:09,105 [INFO] ThirdParty:1030 - CMSIS Pack Vendor :STMicroelectronics X-CUBE-AZRTOS-F4 1.1.0
2026-06-15 22:02:09,106 [INFO] ThirdParty:1030 - CMSIS Pack Vendor :STMicroelectronics LIBJPEG 8.0.0
2026-06-15 22:02:09,106 [INFO] ThirdParty:1030 - CMSIS Pack Vendor :STMicroelectronics FP-ATR-ASTRA1 2.0.2
2026-06-15 22:02:09,106 [INFO] ThirdParty:1030 - CMSIS Pack Vendor :STMicroelectronics X-CUBE-BLE1 7.1.0
2026-06-15 22:02:09,106 [INFO] ThirdParty:1030 - CMSIS Pack Vendor :STMicroelectronics X-CUBE-SMBUS 2.1.0
2026-06-15 22:02:09,106 [INFO] ThirdParty:1030 - CMSIS Pack Vendor :STMicroelectronics USB_DEVICE 3.0.0
2026-06-15 22:02:09,106 [INFO] ThirdParty:1030 - CMSIS Pack Vendor :STMicroelectronics X-CUBE-ISPU 2.1.0
2026-06-15 22:02:09,106 [INFO] ThirdParty:1030 - CMSIS Pack Vendor :STMicroelectronics X-CUBE-IPS 3.2.0
2026-06-15 22:02:09,106 [INFO] ThirdParty:1030 - CMSIS Pack Vendor :STMicroelectronics eDS-WB_DPC_TT-BIDIR 2.1.1
2026-06-15 22:02:09,106 [INFO] ThirdParty:1030 - CMSIS Pack Vendor :STMicroelectronics X-CUBE-AZRTOS-WB 2.0.0
2026-06-15 22:02:09,106 [INFO] ThirdParty:1030 - CMSIS Pack Vendor :STMicroelectronics X-CUBE-ST60 1.0.0
2026-06-15 22:02:09,106 [INFO] ThirdParty:1030 - CMSIS Pack Vendor :STMicroelectronics X-CUBE-GNSS1 7.0.1
2026-06-15 22:02:09,106 [INFO] ThirdParty:1030 - CMSIS Pack Vendor :STMicroelectronics X-CUBE-AZRTOS-F7 1.1.0
2026-06-15 22:02:09,106 [INFO] ThirdParty:1030 - CMSIS Pack Vendor :STMicroelectronics X-CUBE-AZRTOS-L5 2.0.0
2026-06-15 22:02:09,106 [INFO] ThirdParty:1030 - CMSIS Pack Vendor :STMicroelectronics X-CUBE-TOUCHGFX 4.25.0
2026-06-15 22:02:09,106 [INFO] ThirdParty:1030 - CMSIS Pack Vendor :STMicroelectronics USB_DEVICE 2.0.0
2026-06-15 22:02:09,107 [INFO] ThirdParty:1030 - CMSIS Pack Vendor :STMicroelectronics X-CUBE-NFC6 3.1.0
2026-06-15 22:02:09,107 [INFO] ThirdParty:1030 - CMSIS Pack Vendor :STMicroelectronics FP-SNS-STAIOTCFT 1.1.0
2026-06-15 22:02:09,107 [INFO] ThirdParty:1030 - CMSIS Pack Vendor :quantropi X-CUBE-qispace-sdk-base 2.1.0
2026-06-15 22:02:09,107 [INFO] ThirdParty:1030 - CMSIS Pack Vendor :STMicroelectronics X-CUBE-MEMS1 12.0.0
2026-06-15 22:02:09,107 [INFO] ThirdParty:1030 - CMSIS Pack Vendor :STMicroelectronics X-CUBE-STSE01 2.0.0
2026-06-15 22:02:09,107 [INFO] ThirdParty:1030 - CMSIS Pack Vendor :STMicroelectronics X-CUBE-ALGOBUILD 1.5.0
2026-06-15 22:02:09,107 [INFO] ThirdParty:1030 - CMSIS Pack Vendor :STMicroelectronics FP-SNS-MOTENV1 5.1.0
2026-06-15 22:02:09,107 [INFO] ThirdParty:1030 - CMSIS Pack Vendor :STMicroelectronics FreeRTOS 0.0.1
2026-06-15 22:02:09,107 [INFO] ThirdParty:1030 - CMSIS Pack Vendor :STMicroelectronics X-CUBE-AZRTOS-G0 1.1.0
2026-06-15 22:02:09,107 [INFO] ThirdParty:1030 - CMSIS Pack Vendor :STMicroelectronics X-CUBE-SAFEA1 1.2.2
2026-06-15 22:02:09,107 [INFO] ThirdParty:1030 - CMSIS Pack Vendor :STMicroelectronics X-CUBE-NFC4 3.0.0
2026-06-15 22:02:09,107 [INFO] ThirdParty:1030 - CMSIS Pack Vendor :STMicroelectronics X-CUBE-SUBG2 5.0.0
2026-06-15 22:02:09,107 [INFO] ThirdParty:1030 - CMSIS Pack Vendor :STMicroelectronics X-CUBE-AZRTOS-H7RS 1.1.0
2026-06-15 22:02:09,107 [INFO] ThirdParty:1030 - CMSIS Pack Vendor :STMicroelectronics STM32_WPAN 1.0.0
2026-06-15 22:02:09,107 [INFO] ThirdParty:1030 - CMSIS Pack Vendor :STMicroelectronics eDS-WB_DPC_VIENNA 1.2.0
2026-06-15 22:02:09,107 [INFO] ThirdParty:1030 - CMSIS Pack Vendor :EmbeddedOffice I-CUBE-FS-RTOS 1.0.1
2026-06-15 22:02:09,107 [INFO] ThirdParty:1030 - CMSIS Pack Vendor :STMicroelectronics lwIP 2.0.3
2026-06-15 22:02:09,107 [INFO] ThirdParty:1030 - CMSIS Pack Vendor :Cesanta I-CUBE-Mongoose 7.13.0
2026-06-15 22:02:09,108 [INFO] ThirdParty:1030 - CMSIS Pack Vendor :STMicroelectronics eDS-WB_DPC_3PH2L-BIDIR 1.1.1
2026-06-15 22:02:09,108 [INFO] ThirdParty:1030 - CMSIS Pack Vendor :STMicroelectronics USB_HOST 1.0.0
2026-06-15 22:02:09,108 [INFO] ThirdParty:1030 - CMSIS Pack Vendor :STMicroelectronics X-CUBE-AZRTOS-G4 2.0.0
2026-06-15 22:02:09,108 [INFO] ThirdParty:1030 - CMSIS Pack Vendor :STMicroelectronics X-CUBE-WB05N 2.0.0
2026-06-15 22:02:09,108 [INFO] ThirdParty:1030 - CMSIS Pack Vendor :STMicroelectronics PDM2PCM 3.1.0
2026-06-15 22:02:09,108 [INFO] ThirdParty:1030 - CMSIS Pack Vendor :STMicroelectronics PDM2PCM 3.3.0
2026-06-15 22:02:09,108 [INFO] ThirdParty:1030 - CMSIS Pack Vendor :STMicroelectronics X-CUBE-AZRTOS-H7 3.4.0
2026-06-15 22:02:09,108 [INFO] ThirdParty:1030 - CMSIS Pack Vendor :STMicroelectronics X-CUBE-DISPLAY 3.0.0
2026-06-15 22:02:09,109 [INFO] ThirdParty:1030 - CMSIS Pack Vendor :STMicroelectronics X-CUBE-NFC7 2.0.0
2026-06-15 22:02:09,109 [INFO] ThirdParty:1030 - CMSIS Pack Vendor :STMicroelectronics X-CUBE-GNSS1 7.1.1
2026-06-15 22:02:09,109 [INFO] ThirdParty:1030 - CMSIS Pack Vendor :STMicroelectronics FP-SNS-MOTENVWB1 1.5.0
2026-06-15 22:02:09,109 [INFO] ThirdParty:1030 - CMSIS Pack Vendor :STMicroelectronics X-CUBE-TCPP 4.2.0
2026-06-15 22:02:09,109 [INFO] ThirdParty:1030 - CMSIS Pack Vendor :RealThread X-CUBE-RT-Thread_Nano 4.1.1
2026-06-15 22:02:09,109 [INFO] ThirdParty:1030 - CMSIS Pack Vendor :STMicroelectronics FP-ATR-SIGFOX1 3.2.0
2026-06-15 22:02:09,109 [INFO] ThirdParty:1030 - CMSIS Pack Vendor :STMicroelectronics X-CUBE-NFC10 1.0.0
2026-06-15 22:02:09,109 [INFO] ThirdParty:1030 - CMSIS Pack Vendor :STMicroelectronics X-CUBE-FREERTOS 1.3.1
2026-06-15 22:02:09,109 [INFO] ThirdParty:1030 - CMSIS Pack Vendor :STMicroelectronics HAL Drivers 0.0.0
2026-06-15 22:02:09,110 [INFO] ThirdParty:1030 - CMSIS Pack Vendor :STMicroelectronics X-CUBE-FREERTOS 1.5.0
2026-06-15 22:02:09,110 [INFO] ThirdParty:1030 - CMSIS Pack Vendor :STMicroelectronics MBEDTLS 2.16.2
2026-06-15 22:02:09,110 [INFO] ThirdParty:1030 - CMSIS Pack Vendor :STMicroelectronics X-CUBE-ST60 1.1.0
2026-06-15 22:02:09,110 [INFO] ThirdParty:1030 - CMSIS Pack Vendor :STMicroelectronics X-CUBE-IPS 3.1.0
2026-06-15 22:02:09,110 [INFO] ThirdParty:1030 - CMSIS Pack Vendor :STMicroelectronics X-CUBE-ALS 1.0.2
2026-06-15 22:02:09,111 [INFO] ThirdParty:1030 - CMSIS Pack Vendor :STMicroelectronics MBEDTLS 2.14.1
2026-06-15 22:02:09,111 [INFO] ThirdParty:1030 - CMSIS Pack Vendor :STMicroelectronics X-CUBE-GNSS1 7.1.0
2026-06-15 22:02:09,111 [INFO] ThirdParty:1030 - CMSIS Pack Vendor :STMicroelectronics X-CUBE-TOUCHGFX 4.26.1
2026-06-15 22:02:09,111 [INFO] ThirdParty:1030 - CMSIS Pack Vendor :portGmbH I-Cube-SoM-uGOAL 1.1.0
2026-06-15 22:02:09,111 [INFO] ThirdParty:1030 - CMSIS Pack Vendor :STMicroelectronics X-CUBE-NFC6 3.2.0
2026-06-15 22:02:09,112 [INFO] ThirdParty:1030 - CMSIS Pack Vendor :STMicroelectronics X-CUBE-ST67W61 1.0.0
2026-06-15 22:02:09,113 [INFO] ThirdParty:1030 - CMSIS Pack Vendor :STMicroelectronics FP-SNS-STAIOTCFT 1.0.0
2026-06-15 22:02:09,113 [INFO] ThirdParty:1030 - CMSIS Pack Vendor :STMicroelectronics ThreadX 1.0.0
2026-06-15 22:02:09,113 [INFO] ThirdParty:1030 - CMSIS Pack Vendor :STMicroelectronics FP-SNS-SMARTAG2 1.2.0
2026-06-15 22:02:09,114 [INFO] ThirdParty:1030 - CMSIS Pack Vendor :STMicroelectronics X-CUBE-MEMS1 12.1.0
2026-06-15 22:02:09,114 [INFO] ThirdParty:1030 - CMSIS Pack Vendor :STMicroelectronics FP-SNS-FLIGHT1 5.1.0
2026-06-15 22:02:09,114 [INFO] ThirdParty:1030 - CMSIS Pack Vendor :STMicroelectronics X-CUBE-AZRTOS-WL 2.0.0
2026-06-15 22:02:09,115 [INFO] ThirdParty:1030 - CMSIS Pack Vendor :SEGGER I-CUBE-embOS 1.3.1
2026-06-15 22:02:09,115 [INFO] ThirdParty:1030 - CMSIS Pack Vendor :STMicroelectronics X-CUBE-ALGOBUILD 1.4.0
2026-06-15 22:02:09,115 [INFO] ThirdParty:1030 - CMSIS Pack Vendor :STMicroelectronics X-CUBE-DPower 1.3.0
2026-06-15 22:02:09,115 [INFO] ThirdParty:1030 - CMSIS Pack Vendor :STMicroelectronics X-CUBE-MEMS1 11.3.0
2026-06-15 22:02:09,115 [INFO] ThirdParty:1030 - CMSIS Pack Vendor :STMicroelectronics FP-SNS-MOTENV1 5.0.0
2026-06-15 22:02:09,115 [INFO] ThirdParty:1030 - CMSIS Pack Vendor :STMicroelectronics USB_DEVICE 1.0.0
2026-06-15 22:02:09,115 [INFO] ThirdParty:1030 - CMSIS Pack Vendor :STMicroelectronics X-CUBE-AZRTOS-H7RS 1.2.0
2026-06-15 22:02:09,115 [INFO] ThirdParty:1030 - CMSIS Pack Vendor :STMicroelectronics X-CUBE-AZRTOS-L4 2.0.0
2026-06-15 22:02:09,116 [INFO] ThirdParty:1030 - CMSIS Pack Vendor :STMicroelectronics ThreadX 0.0.2
2026-06-15 22:02:09,116 [INFO] ThirdParty:1030 - CMSIS Pack Vendor :WES I-CUBE-Cesium 1.3.0
2026-06-15 22:02:09,116 [INFO] ThirdParty:1030 - CMSIS Pack Vendor :STMicroelectronics lwIP 2.1.2
2026-06-15 22:02:09,116 [INFO] ThirdParty:1030 - CMSIS Pack Vendor :STMicroelectronics X-CUBE-SFXS2LP1 4.0.0
2026-06-15 22:02:09,116 [INFO] ThirdParty:1030 - CMSIS Pack Vendor :STMicroelectronics X-CUBE-BLE2 3.3.0
2026-06-15 22:02:09,116 [INFO] ThirdParty:1030 - CMSIS Pack Vendor :Avnet-IOTCONNECT X-CUBE-iotc-st67-sdk 1.0.0
2026-06-15 22:02:09,116 [INFO] ThirdParty:1030 - CMSIS Pack Vendor :STMicroelectronics X-CUBE-TOF1 3.4.3
2026-06-15 22:02:09,117 [INFO] ThirdParty:1030 - CMSIS Pack Vendor :STMicroelectronics X-CUBE-NFC13 1.0.0
2026-06-15 22:02:09,117 [INFO] ThirdParty:1030 - CMSIS Pack Vendor :STMicroelectronics PDM2PCM 3.2.0
2026-06-15 22:02:09,117 [INFO] ThirdParty:1030 - CMSIS Pack Vendor :STMicroelectronics X-CUBE-WB05N 2.1.0
2026-06-15 22:02:09,117 [INFO] ThirdParty:1030 - CMSIS Pack Vendor :STMicroelectronics X-CUBE-ST67W61 1.2.0
2026-06-15 22:02:09,117 [INFO] ThirdParty:841 - exiting critical section [change project]
2026-06-15 22:02:09,758 [INFO] PinOutPanel:1589 - setPackage(No Configuration,No Configuration)
2026-06-15 22:02:09,761 [INFO] PinOutPanel:1589 - setPackage(STM32F103C8Tx,LQFP48)
2026-06-15 22:02:10,851 [INFO] UtilMem:75 - Before build in PCC Used Memory: 600578440 Bytes (940572672)
2026-06-15 22:02:12,603 [INFO] UtilMem:75 - After build in PCC Used Memory: 552143304 Bytes (940572672)
2026-06-15 22:02:12,671 [INFO] IPUIPlugin:80 - create IPUIPlugin
2026-06-15 22:02:12,671 [INFO] IPUIPlugin:80 - create IPUIPlugin
2026-06-15 22:02:12,671 [INFO] IPUIPlugin:80 - create IPUIPlugin
2026-06-15 22:02:12,672 [INFO] IPUIPlugin:80 - create IPUIPlugin
2026-06-15 22:02:12,672 [INFO] IPUIPlugin:80 - create IPUIPlugin
2026-06-15 22:02:12,672 [INFO] IPUIPlugin:80 - create IPUIPlugin
2026-06-15 22:02:12,672 [INFO] IPUIPlugin:80 - create IPUIPlugin
2026-06-15 22:02:12,673 [INFO] IPUIPlugin:80 - create IPUIPlugin
2026-06-15 22:02:12,673 [INFO] IPUIPlugin:80 - create IPUIPlugin
2026-06-15 22:02:12,673 [INFO] IPUIPlugin:80 - create IPUIPlugin
2026-06-15 22:02:12,674 [INFO] IPUIPlugin:80 - create IPUIPlugin
2026-06-15 22:02:12,674 [INFO] IPUIPlugin:80 - create IPUIPlugin
2026-06-15 22:02:12,674 [INFO] IPUIPlugin:80 - create IPUIPlugin
2026-06-15 22:02:12,675 [INFO] IPUIPlugin:80 - create IPUIPlugin
2026-06-15 22:02:12,675 [INFO] IPUIPlugin:80 - create IPUIPlugin
2026-06-15 22:02:12,675 [INFO] IPUIPlugin:80 - create IPUIPlugin
2026-06-15 22:02:12,676 [INFO] IPUIPlugin:80 - create IPUIPlugin
2026-06-15 22:02:12,676 [INFO] IPUIPlugin:80 - create IPUIPlugin
2026-06-15 22:02:12,677 [INFO] IPUIPlugin:80 - create IPUIPlugin
2026-06-15 22:02:12,677 [INFO] IPUIPlugin:80 - create IPUIPlugin
2026-06-15 22:02:12,679 [INFO] IPUIPlugin:80 - create IPUIPlugin
2026-06-15 22:02:12,680 [INFO] IPUIPlugin:80 - create IPUIPlugin
2026-06-15 22:02:12,680 [INFO] IPUIPlugin:80 - create IPUIPlugin
2026-06-15 22:02:12,681 [INFO] IPUIPlugin:80 - create IPUIPlugin
2026-06-15 22:02:12,682 [INFO] IPUIPlugin:80 - create IPUIPlugin
2026-06-15 22:02:12,682 [INFO] IPUIPlugin:80 - create IPUIPlugin
2026-06-15 22:02:12,684 [INFO] IPUIPlugin:80 - create IPUIPlugin
2026-06-15 22:02:13,033 [INFO] CADModel:165 - CPN selected for project levelSTM32F103C8T6
2026-06-15 22:02:13,034 [INFO] CADModel:114 - Register for checkConnection events
2026-06-15 22:02:13,100 [INFO] OpenFileManager:386 - Restore cursor
2026-06-15 22:02:14,469 [INFO] UtilMem:75 - End SaveConfig() Used Memory: 676418944 Bytes (940572672)
2026-06-15 22:02:14,580 [INFO] UtilMem:75 - End SaveConfig() Used Memory: 690225976 Bytes (940572672)
2026-06-15 22:02:15,530 [INFO] BlockDiagram:2775 - set Specific Code input for plugin: NVIC
2026-06-15 22:02:15,531 [INFO] BlockDiagram:2775 - set Specific Code input for plugin: RCC
2026-06-15 22:02:15,534 [INFO] CodeGenerator:892 - code generatio: config db path: C:\ST\STM32CubeIDE_1.19.0\STM32CubeIDE\plugins\com.st.stm32cube.common.mx_6.15.0.202507011659\\db\
2026-06-15 22:02:15,786 [INFO] CodeEngine:265 - oldGeneratedFile, C:\Users\Usuario\Desktop\UNAL\2026-1\Control\proyectoControl\pruebaMPU\MXTmpFiles\license.tmp_save
2026-06-15 22:02:16,615 [INFO] CodeEngine:289 - Generated code: C:\Users\Usuario\Desktop\UNAL\2026-1\Control\proyectoControl\pruebaMPU\MXTmpFiles\license.tmp
2026-06-15 22:02:16,684 [INFO] CodeEngine:265 - oldGeneratedFile, C:\Users\Usuario\Desktop\UNAL\2026-1\Control\proyectoControl\pruebaMPU\Core\Src\stm32f1xx_it.c_save
2026-06-15 22:02:17,176 [INFO] CodeEngine:289 - Generated code: C:\Users\Usuario\Desktop\UNAL\2026-1\Control\proyectoControl\pruebaMPU\Core\Src\stm32f1xx_it.c
2026-06-15 22:02:17,203 [INFO] CodeEngine:265 - oldGeneratedFile, C:\Users\Usuario\Desktop\UNAL\2026-1\Control\proyectoControl\pruebaMPU\Core\Inc\stm32f1xx_it.h_save
2026-06-15 22:02:17,487 [INFO] CodeEngine:289 - Generated code: C:\Users\Usuario\Desktop\UNAL\2026-1\Control\proyectoControl\pruebaMPU\Core\Inc\stm32f1xx_it.h
2026-06-15 22:02:17,801 [INFO] CodeEngine:265 - oldGeneratedFile, C:\Users\Usuario\Desktop\UNAL\2026-1\Control\proyectoControl\pruebaMPU\Core\Src\stm32f1xx_hal_msp.c_save
2026-06-15 22:02:18,202 [INFO] CodeEngine:289 - Generated code: C:\Users\Usuario\Desktop\UNAL\2026-1\Control\proyectoControl\pruebaMPU\Core\Src\stm32f1xx_hal_msp.c
2026-06-15 22:02:18,221 [INFO] CodeEngine:265 - oldGeneratedFile, C:\Users\Usuario\Desktop\UNAL\2026-1\Control\proyectoControl\pruebaMPU\MXTmpFiles\system.tmp_save
2026-06-15 22:02:18,411 [INFO] CodeEngine:289 - Generated code: C:\Users\Usuario\Desktop\UNAL\2026-1\Control\proyectoControl\pruebaMPU\MXTmpFiles\system.tmp
2026-06-15 22:02:18,449 [INFO] CodeEngine:321 - oldGeneratedFile, C:\Users\Usuario\Desktop\UNAL\2026-1\Control\proyectoControl\pruebaMPU\Core\Inc\stm32f1xx_hal_conf.h_save
2026-06-15 22:02:18,620 [INFO] CodeEngine:345 - Generated code: C:\Users\Usuario\Desktop\UNAL\2026-1\Control\proyectoControl\pruebaMPU\Core\Inc\stm32f1xx_hal_conf.h
2026-06-15 22:02:18,700 [INFO] ApiDbMcu:532 - Load IP Config File for RCC
2026-06-15 22:02:18,726 [INFO] CodeEngine:265 - oldGeneratedFile, C:\Users\Usuario\Desktop\UNAL\2026-1\Control\proyectoControl\pruebaMPU\Core\Inc\main.h_save
2026-06-15 22:02:18,946 [INFO] CodeEngine:289 - Generated code: C:\Users\Usuario\Desktop\UNAL\2026-1\Control\proyectoControl\pruebaMPU\Core\Inc\main.h
2026-06-15 22:02:18,964 [INFO] CodeEngine:265 - oldGeneratedFile, C:\Users\Usuario\Desktop\UNAL\2026-1\Control\proyectoControl\pruebaMPU\Core\Src\main.c_save
2026-06-15 22:02:19,289 [INFO] CodeEngine:289 - Generated code: C:\Users\Usuario\Desktop\UNAL\2026-1\Control\proyectoControl\pruebaMPU\Core\Src\main.c
2026-06-15 22:02:19,988 [INFO] ProjectBuilder:3606 - Time for Copy HAL[1] : 322mS.
2026-06-15 22:02:20,003 [INFO] ProjectBuilder:5216 - Project Generator version: 4.7.0-B52
2026-06-15 22:02:20,179 [INFO] ConfigFileManager:1595 - The Die is : DIE410
2026-06-15 22:02:20,196 [INFO] ApiDbMcu:532 - Load IP Config File for FATFS
2026-06-15 22:02:20,208 [INFO] ApiDbMcu:532 - Load IP Config File for FREERTOS
2026-06-15 22:02:20,223 [INFO] ApiDbMcu:532 - Load IP Config File for USB_DEVICE
2026-06-15 22:02:20,954 [INFO] LogOutputStream:77 - [STDOUT_REDIRECT] 
2026-06-15 22:02:26,759 [INFO] ProjectBuilder:5496 - Time for Generating toolchain IDE Files: 6755mS.
2026-06-15 22:02:26,761 [INFO] ProjectBuilder:3463 - Time for Copy CMSIS : 2mS.
2026-06-15 22:02:26,768 [INFO] ProjectBuilder:3463 - Time for Copy CMSIS : 0mS.
2026-06-15 22:02:28,496 [INFO] McuFinderGlobals:76 - Set McuFinderConnectedMode to true
2026-06-15 22:02:28,503 [INFO] ApiDb:448 - Save user favorites file C:\Users\Usuario/.stm32cubeide/favorites.mcus.txt: 2 item(s)
2026-06-15 22:02:28,504 [INFO] ApiDb:452 - User favorites MCUs=[STM32F103C8T6, STM32F103RCT6]
2026-06-15 22:10:56,006 [INFO] Activator:176 - 


2026-06-15 22:10:56,010 [INFO] Activator:177 - !SESSION log4j initialized
2026-06-15 22:11:00,814 [INFO] ApplicationProperties:184 - Using Application install path: C:\ST\STM32CubeIDE_1.19.0\STM32CubeIDE\plugins\com.st.stm32cube.common.mx_6.15.0.202507011659
2026-06-15 22:11:00,860 [INFO] DbMcusXml:78 - Set database path to: C:\ST\STM32CubeIDE_1.19.0\STM32CubeIDE\plugins\com.st.stm32cube.common.mx_6.15.0.202507011659\\db\/mcu/
2026-06-15 22:11:00,861 [INFO] ApiDb:274 - Set plugin database path to: C:\ST\STM32CubeIDE_1.19.0\STM32CubeIDE\plugins\com.st.stm32cube.common.mx_6.15.0.202507011659\\db\/plugins/boardmanager/
2026-06-15 22:11:00,862 [WARN] ApiDb:259 - Overriding images path with different value:  => C:\ST\STM32CubeIDE_1.19.0\STM32CubeIDE\plugins\com.st.stm32cube.common.mx_6.15.0.202507011659\\db\/plugins/mcufinder/images/
2026-06-15 22:11:00,887 [INFO] ApiDb:250 - Set database path to: C:\Users\Usuario\.stmcufinder\plugins\mcufinder//mcu/
2026-06-15 22:11:00,890 [INFO] DbMcusAds:125 - Set database path to: C:\Users\Usuario\.stmcufinder\plugins\mcufinder//mcu/
2026-06-15 22:11:00,917 [INFO] CrossReferenceDbSqlite:203 - Set database path to: C:\Users\Usuario\.stmcufinder\plugins\mcufinder//mcu/cs/
2026-06-15 22:11:01,128 [INFO] RulesReader:64 - Compatibility file has been processed (317 Rules)
2026-06-15 22:11:01,432 [INFO] DbMcusXml:78 - Set database path to: C:\ST\STM32CubeIDE_1.19.0\STM32CubeIDE\plugins\com.st.stm32cube.common.mx_6.15.0.202507011659\\db\/mcu/
2026-06-15 22:11:01,432 [INFO] ApiDb:274 - Set plugin database path to: C:\ST\STM32CubeIDE_1.19.0\STM32CubeIDE\plugins\com.st.stm32cube.common.mx_6.15.0.202507011659\\db\/plugins/boardmanager/
2026-06-15 22:11:01,433 [INFO] ApiDb:261 - Set plugin images path to: C:\ST\STM32CubeIDE_1.19.0\STM32CubeIDE\plugins\com.st.stm32cube.common.mx_6.15.0.202507011659\\db\/plugins/mcufinder/images/
2026-06-15 22:11:01,433 [WARN] DbFile:41 - Overriding database path with different value: C:\Users\Usuario\.stmcufinder\plugins\mcufinder/ => C:\Users\Usuario\.stmcufinder\plugins\mcufinder
2026-06-15 22:11:01,433 [INFO] ApiDb:250 - Set database path to: C:\Users\Usuario\.stmcufinder\plugins\mcufinder//mcu/
2026-06-15 22:11:01,433 [WARN] DbFile:41 - Overriding database path with different value: C:\Users\Usuario\.stmcufinder\plugins\mcufinder/ => C:\Users\Usuario\.stmcufinder\plugins\mcufinder
2026-06-15 22:11:01,433 [INFO] DbMcusAds:125 - Set database path to: C:\Users\Usuario\.stmcufinder\plugins\mcufinder//mcu/
2026-06-15 22:11:01,434 [WARN] DbFile:41 - Overriding database path with different value: C:\Users\Usuario\.stmcufinder\plugins\mcufinder/ => C:\Users\Usuario\.stmcufinder\plugins\mcufinder
2026-06-15 22:11:01,434 [WARN] DbFile:41 - Overriding database path with different value: C:\Users\Usuario\.stmcufinder\plugins\mcufinder/ => C:\Users\Usuario\.stmcufinder\plugins\mcufinder
2026-06-15 22:11:01,434 [INFO] CrossReferenceDbSqlite:203 - Set database path to: C:\Users\Usuario\.stmcufinder\plugins\mcufinder//mcu/cs/
2026-06-15 22:11:01,584 [INFO] MainPanel:274 - HeapMemory: 268435456
2026-06-15 22:11:01,894 [INFO] DbMcusXml:78 - Set database path to: C:\ST\STM32CubeIDE_1.19.0\STM32CubeIDE\plugins\com.st.stm32cube.common.mx_6.15.0.202507011659\\db\/mcu/
2026-06-15 22:11:01,894 [INFO] ApiDb:274 - Set plugin database path to: C:\ST\STM32CubeIDE_1.19.0\STM32CubeIDE\plugins\com.st.stm32cube.common.mx_6.15.0.202507011659\\db\/plugins/boardmanager/
2026-06-15 22:11:01,894 [INFO] ApiDb:261 - Set plugin images path to: C:\ST\STM32CubeIDE_1.19.0\STM32CubeIDE\plugins\com.st.stm32cube.common.mx_6.15.0.202507011659\\db\/plugins/mcufinder/images/
2026-06-15 22:11:01,895 [WARN] DbFile:41 - Overriding database path with different value: C:\Users\Usuario\.stmcufinder\plugins\mcufinder/ => C:\Users\Usuario\.stmcufinder\plugins\mcufinder
2026-06-15 22:11:01,896 [INFO] ApiDb:250 - Set database path to: C:\Users\Usuario\.stmcufinder\plugins\mcufinder//mcu/
2026-06-15 22:11:01,896 [WARN] DbFile:41 - Overriding database path with different value: C:\Users\Usuario\.stmcufinder\plugins\mcufinder/ => C:\Users\Usuario\.stmcufinder\plugins\mcufinder
2026-06-15 22:11:01,896 [INFO] DbMcusAds:125 - Set database path to: C:\Users\Usuario\.stmcufinder\plugins\mcufinder//mcu/
2026-06-15 22:11:01,896 [WARN] DbFile:41 - Overriding database path with different value: C:\Users\Usuario\.stmcufinder\plugins\mcufinder/ => C:\Users\Usuario\.stmcufinder\plugins\mcufinder
2026-06-15 22:11:01,897 [WARN] DbFile:41 - Overriding database path with different value: C:\Users\Usuario\.stmcufinder\plugins\mcufinder/ => C:\Users\Usuario\.stmcufinder\plugins\mcufinder
2026-06-15 22:11:01,897 [INFO] CrossReferenceDbSqlite:203 - Set database path to: C:\Users\Usuario\.stmcufinder\plugins\mcufinder//mcu/cs/
2026-06-15 22:11:01,933 [INFO] ApplicationProperties:184 - Using Application install path: C:\ST\STM32CubeIDE_1.19.0\STM32CubeIDE\plugins\com.st.stm32cube.common.mx_6.15.0.202507011659
2026-06-15 22:11:01,935 [INFO] PluginManage:196 - Search for loadable plugins [exclusion list=, ]
2026-06-15 22:11:01,937 [INFO] PluginManage:310 - Check plugin analytics
2026-06-15 22:11:12,261 [INFO] AnalyticsPlugin:253 - Accepted Software Licenses: 
2026-06-15 22:11:12,262 [INFO] AnalyticsPlugin:255 - Accepted CMSIS Pack Licenses: 
2026-06-15 22:11:12,264 [INFO] AnalyticsPlugin:257 - Accepted Firmware Licenses: 
2026-06-15 22:11:12,273 [INFO] PluginManage:359 - Loaded plugin analytics (category:tool,tabindex:-1)
2026-06-15 22:11:12,274 [INFO] PluginManage:310 - Check plugin cadmodel
2026-06-15 22:11:12,290 [INFO] CADModel:105 - Init CAD model plugin
2026-06-15 22:11:12,291 [INFO] PluginManage:359 - Loaded plugin cadmodel (category:power,tabindex:5)
2026-06-15 22:11:12,292 [INFO] PluginManage:310 - Check plugin clock
2026-06-15 22:11:12,336 [INFO] PluginManage:359 - Loaded plugin clock (category:base,tabindex:2)
2026-06-15 22:11:12,338 [INFO] PluginManage:310 - Check plugin ddr
2026-06-15 22:11:12,348 [INFO] PluginManage:359 - Loaded plugin ddr (category:tool,tabindex:6)
2026-06-15 22:11:12,348 [INFO] PluginManage:310 - Check plugin filemanager
2026-06-15 22:11:13,225 [INFO] PluginManage:359 - Loaded plugin filemanager (category:base,tabindex:10)
2026-06-15 22:11:13,226 [INFO] PluginManage:310 - Check plugin ipmanager
2026-06-15 22:11:13,254 [INFO] PluginManage:359 - Loaded plugin ipmanager (category:base,tabindex:5)
2026-06-15 22:11:13,254 [INFO] PluginManage:310 - Check plugin lpbam
2026-06-15 22:11:13,287 [INFO] PluginManage:359 - Loaded plugin lpbam (category:base,tabindex:0)
2026-06-15 22:11:13,288 [INFO] PluginManage:310 - Check plugin memorymap
2026-06-15 22:11:13,342 [INFO] PluginManage:359 - Loaded plugin memorymap (category:base,tabindex:4)
2026-06-15 22:11:13,342 [INFO] PluginManage:310 - Check plugin pinoutandconfiguration
2026-06-15 22:11:13,372 [INFO] PluginManage:359 - Loaded plugin pinoutandconfiguration (category:base,tabindex:1)
2026-06-15 22:11:13,372 [INFO] PluginManage:310 - Check plugin pinoutconfig
2026-06-15 22:11:13,741 [WARN] SupportedApi:132 - Cannot load RTOS API schema: s4s-elt-must-match.1: The content of 'definitions' must match (annotation?, (simpleType | complexType)?, (unique | key | keyref)*)). A problem was found starting at: attribute.
2026-06-15 22:11:14,286 [INFO] PluginManage:359 - Loaded plugin pinoutconfig (category:base,tabindex:0)
2026-06-15 22:11:14,287 [INFO] PluginManage:310 - Check plugin power
2026-06-15 22:11:14,363 [INFO] PluginManage:359 - Loaded plugin power (category:power,tabindex:4)
2026-06-15 22:11:14,363 [INFO] PluginManage:310 - Check plugin projectmanager
2026-06-15 22:11:14,607 [INFO] PluginManage:359 - Loaded plugin projectmanager (category:projectmanager,tabindex:4)
2026-06-15 22:11:14,608 [INFO] PluginManage:310 - Check plugin rif
2026-06-15 22:11:14,679 [INFO] PluginManage:359 - Loaded plugin rif (category:base,tabindex:3)
2026-06-15 22:11:14,689 [INFO] PluginManage:310 - Check plugin thirdparty
2026-06-15 22:11:15,330 [INFO] PluginManage:359 - Loaded plugin thirdparty (category:base,tabindex:-1)
2026-06-15 22:11:15,330 [WARN] IntegrityCheckThread:84 - waiting for thirdparty lock release [integrity check]
2026-06-15 22:11:15,331 [INFO] PluginManage:310 - Check plugin tools
2026-06-15 22:11:15,332 [INFO] IntegrityCheckThread:86 - entering critical section [integrity check]
2026-06-15 22:11:15,333 [INFO] ThirdPartyUpdaterWithRetryManager:70 - Updater plugin not ready yet. [1/15]
2026-06-15 22:11:15,340 [INFO] PluginManage:359 - Loaded plugin tools (category:base,tabindex:7)
2026-06-15 22:11:15,341 [INFO] PluginManage:310 - Check plugin tutovideos
2026-06-15 22:11:16,737 [INFO] PluginManage:359 - Loaded plugin tutovideos (category:base,tabindex:-1)
2026-06-15 22:11:16,738 [INFO] PluginManage:310 - Check plugin updater
2026-06-15 22:11:16,825 [INFO] PluginManage:359 - Loaded plugin updater (category:base,tabindex:12)
2026-06-15 22:11:16,836 [INFO] PluginManage:310 - Check plugin userauth
2026-06-15 22:11:16,855 [INFO] UserAuth:118 - Init User Auth plugin
2026-06-15 22:11:16,860 [INFO] PluginManage:359 - Loaded plugin userauth (category:base,tabindex:14)
2026-06-15 22:11:16,863 [INFO] PluginManage:283 - PluginManage : Loaded plugins [18]
2026-06-15 22:11:17,818 [INFO] PinOutPanel:1589 - setPackage(No Configuration,No Configuration)
2026-06-15 22:11:18,305 [INFO] CADModel:165 - CPN selected for project level
2026-06-15 22:11:18,306 [INFO] CADModel:114 - Register for checkConnection events
2026-06-15 22:11:18,345 [INFO] ThirdPartyUpdaterWithRetryManager:70 - Updater plugin not ready yet. [2/15]
2026-06-15 22:11:18,378 [INFO] IPUIPlugin:80 - create IPUIPlugin
2026-06-15 22:11:18,379 [INFO] PluginManager:220 - loadIPPluginJar : add adc
2026-06-15 22:11:18,391 [INFO] IPUIPlugin:80 - create IPUIPlugin
2026-06-15 22:11:18,392 [INFO] PluginManager:220 - loadIPPluginJar : add aes
2026-06-15 22:11:18,405 [INFO] IPUIPlugin:80 - create IPUIPlugin
2026-06-15 22:11:18,406 [INFO] PluginManager:220 - loadIPPluginJar : add can
2026-06-15 22:11:18,413 [INFO] IPUIPlugin:80 - create IPUIPlugin
2026-06-15 22:11:18,413 [INFO] PluginManager:220 - loadIPPluginJar : add comp
2026-06-15 22:11:18,422 [INFO] IPUIPlugin:80 - create IPUIPlugin
2026-06-15 22:11:18,422 [INFO] PluginManager:220 - loadIPPluginJar : add cryp
2026-06-15 22:11:18,432 [INFO] IPUIPlugin:80 - create IPUIPlugin
2026-06-15 22:11:18,432 [INFO] PluginManager:220 - loadIPPluginJar : add ddr_ctrl_phy
2026-06-15 22:11:18,442 [INFO] IPUIPlugin:80 - create IPUIPlugin
2026-06-15 22:11:18,442 [INFO] PluginManager:220 - loadIPPluginJar : add dfsdm
2026-06-15 22:11:18,463 [INFO] IPUIPlugin:80 - create IPUIPlugin
2026-06-15 22:11:18,465 [INFO] PluginManager:220 - loadIPPluginJar : add dma
2026-06-15 22:11:18,475 [INFO] IPUIPlugin:80 - create IPUIPlugin
2026-06-15 22:11:18,475 [INFO] PluginManager:220 - loadIPPluginJar : add dma3
2026-06-15 22:11:18,483 [INFO] IPUIPlugin:80 - create IPUIPlugin
2026-06-15 22:11:18,484 [INFO] PluginManager:220 - loadIPPluginJar : add extmemmanager
2026-06-15 22:11:18,491 [INFO] IPUIPlugin:80 - create IPUIPlugin
2026-06-15 22:11:18,492 [INFO] PluginManager:220 - loadIPPluginJar : add fatfs
2026-06-15 22:11:18,509 [INFO] IPUIPlugin:80 - create IPUIPlugin
2026-06-15 22:11:18,510 [INFO] PluginManager:220 - loadIPPluginJar : add fmc
2026-06-15 22:11:18,529 [INFO] IPUIPlugin:80 - create IPUIPlugin
2026-06-15 22:11:18,530 [INFO] PluginManager:220 - loadIPPluginJar : add freertos
2026-06-15 22:11:18,536 [INFO] IPUIPlugin:80 - create IPUIPlugin
2026-06-15 22:11:18,536 [INFO] PluginManager:220 - loadIPPluginJar : add genericplugin
2026-06-15 22:11:18,544 [INFO] IPUIPlugin:80 - create IPUIPlugin
2026-06-15 22:11:18,544 [INFO] PluginManager:220 - loadIPPluginJar : add gfxmmu
2026-06-15 22:11:18,561 [INFO] IPUIPlugin:80 - create IPUIPlugin
2026-06-15 22:11:18,561 [INFO] PluginManager:220 - loadIPPluginJar : add gic
2026-06-15 22:11:18,574 [INFO] IPUIPlugin:80 - create IPUIPlugin
2026-06-15 22:11:18,575 [INFO] PluginManager:220 - loadIPPluginJar : add gpio
2026-06-15 22:11:18,585 [INFO] IPUIPlugin:80 - create IPUIPlugin
2026-06-15 22:11:18,586 [INFO] PluginManager:220 - loadIPPluginJar : add gtzc
2026-06-15 22:11:18,595 [INFO] IPUIPlugin:80 - create IPUIPlugin
2026-06-15 22:11:18,595 [INFO] PluginManager:220 - loadIPPluginJar : add hash
2026-06-15 22:11:18,608 [INFO] IPUIPlugin:80 - create IPUIPlugin
2026-06-15 22:11:18,608 [INFO] PluginManager:220 - loadIPPluginJar : add i2c
2026-06-15 22:11:18,629 [INFO] IPUIPlugin:80 - create IPUIPlugin
2026-06-15 22:11:18,631 [INFO] PluginManager:220 - loadIPPluginJar : add i2s
2026-06-15 22:11:18,643 [INFO] IPUIPlugin:80 - create IPUIPlugin
2026-06-15 22:11:18,644 [INFO] PluginManager:220 - loadIPPluginJar : add i3c
2026-06-15 22:11:18,656 [INFO] IPUIPlugin:80 - create IPUIPlugin
2026-06-15 22:11:18,657 [INFO] PluginManager:220 - loadIPPluginJar : add ipddr
2026-06-15 22:11:18,682 [INFO] IPUIPlugin:80 - create IPUIPlugin
2026-06-15 22:11:18,683 [INFO] PluginManager:220 - loadIPPluginJar : add linkedlist
2026-06-15 22:11:18,694 [INFO] IPUIPlugin:80 - create IPUIPlugin
2026-06-15 22:11:18,695 [INFO] PluginManager:220 - loadIPPluginJar : add lorawan
2026-06-15 22:11:18,701 [INFO] IPUIPlugin:80 - create IPUIPlugin
2026-06-15 22:11:18,702 [INFO] PluginManager:220 - loadIPPluginJar : add ltdc
2026-06-15 22:11:18,721 [INFO] IPUIPlugin:80 - create IPUIPlugin
2026-06-15 22:11:18,722 [INFO] PluginManager:220 - loadIPPluginJar : add mdma
2026-06-15 22:11:18,735 [INFO] IPUIPlugin:80 - create IPUIPlugin
2026-06-15 22:11:18,735 [INFO] PluginManager:220 - loadIPPluginJar : add nvic
2026-06-15 22:11:18,748 [INFO] IPUIPlugin:80 - create IPUIPlugin
2026-06-15 22:11:18,749 [INFO] PluginManager:220 - loadIPPluginJar : add opamp
2026-06-15 22:11:18,763 [INFO] IPUIPlugin:80 - create IPUIPlugin
2026-06-15 22:11:18,764 [INFO] PluginManager:220 - loadIPPluginJar : add openamp
2026-06-15 22:11:18,779 [INFO] IPUIPlugin:80 - create IPUIPlugin
2026-06-15 22:11:18,779 [INFO] PluginManager:220 - loadIPPluginJar : add pdm2pcm
2026-06-15 22:11:18,805 [INFO] IPUIPlugin:80 - create IPUIPlugin
2026-06-15 22:11:18,817 [INFO] PluginManager:220 - loadIPPluginJar : add plateformsettings
2026-06-15 22:11:18,822 [INFO] IPUIPlugin:80 - create IPUIPlugin
2026-06-15 22:11:18,822 [INFO] PluginManager:220 - loadIPPluginJar : add quadspi
2026-06-15 22:11:18,829 [INFO] IPUIPlugin:80 - create IPUIPlugin
2026-06-15 22:11:18,837 [INFO] PluginManager:220 - loadIPPluginJar : add radio
2026-06-15 22:11:18,848 [INFO] IPUIPlugin:80 - create IPUIPlugin
2026-06-15 22:11:18,848 [INFO] PluginManager:220 - loadIPPluginJar : add resmgrutility
2026-06-15 22:11:18,860 [INFO] IPUIPlugin:80 - create IPUIPlugin
2026-06-15 22:11:18,860 [INFO] PluginManager:220 - loadIPPluginJar : add sai
2026-06-15 22:11:18,871 [INFO] IPUIPlugin:80 - create IPUIPlugin
2026-06-15 22:11:18,872 [INFO] PluginManager:220 - loadIPPluginJar : add spi
2026-06-15 22:11:18,894 [INFO] IPUIPlugin:80 - create IPUIPlugin
2026-06-15 22:11:18,894 [INFO] PluginManager:220 - loadIPPluginJar : add stm32_wpan
2026-06-15 22:11:18,902 [INFO] IPUIPlugin:80 - create IPUIPlugin
2026-06-15 22:11:18,903 [INFO] PluginManager:220 - loadIPPluginJar : add tim
2026-06-15 22:11:18,916 [INFO] IPUIPlugin:80 - create IPUIPlugin
2026-06-15 22:11:18,916 [INFO] PluginManager:220 - loadIPPluginJar : add touchsensing
2026-06-15 22:11:18,929 [INFO] IPUIPlugin:80 - create IPUIPlugin
2026-06-15 22:11:18,929 [INFO] PluginManager:220 - loadIPPluginJar : add tracer_emb
2026-06-15 22:11:18,935 [INFO] IPUIPlugin:80 - create IPUIPlugin
2026-06-15 22:11:18,935 [INFO] PluginManager:220 - loadIPPluginJar : add ts
2026-06-15 22:11:18,943 [INFO] IPUIPlugin:80 - create IPUIPlugin
2026-06-15 22:11:18,943 [INFO] PluginManager:220 - loadIPPluginJar : add tsc
2026-06-15 22:11:18,951 [INFO] IPUIPlugin:80 - create IPUIPlugin
2026-06-15 22:11:18,951 [INFO] PluginManager:220 - loadIPPluginJar : add ucpd
2026-06-15 22:11:18,963 [INFO] IPUIPlugin:80 - create IPUIPlugin
2026-06-15 22:11:18,964 [INFO] PluginManager:220 - loadIPPluginJar : add usart
2026-06-15 22:11:18,976 [INFO] IPUIPlugin:80 - create IPUIPlugin
2026-06-15 22:11:18,977 [INFO] PluginManager:220 - loadIPPluginJar : add usbx
2026-06-15 22:11:19,296 [FATAL] Updater:351 - Updater called before beeing initialized
2026-06-15 22:11:19,395 [INFO] RulesReader:64 - Compatibility file has been processed (317 Rules)
2026-06-15 22:11:19,439 [INFO] RulesReader:64 - Compatibility file has been processed (317 Rules)
2026-06-15 22:11:19,469 [INFO] CADModel:165 - CPN selected for project level
2026-06-15 22:11:19,469 [INFO] CADModel:114 - Register for checkConnection events
2026-06-15 22:11:19,469 [FATAL] Updater:351 - Updater called before beeing initialized
2026-06-15 22:11:19,470 [ERROR] CADModel:125 - Updater not yet initialized, retry later 
2026-06-15 22:11:19,941 [FATAL] Updater:351 - Updater called before beeing initialized
2026-06-15 22:11:19,948 [INFO] CADModel:165 - CPN selected for project level
2026-06-15 22:11:19,949 [INFO] CADModel:114 - Register for checkConnection events
2026-06-15 22:11:19,949 [FATAL] Updater:351 - Updater called before beeing initialized
2026-06-15 22:11:19,949 [ERROR] CADModel:125 - Updater not yet initialized, retry later 
2026-06-15 22:11:19,959 [FATAL] Updater:351 - Updater called before beeing initialized
2026-06-15 22:11:20,363 [FATAL] Updater:351 - Updater called before beeing initialized
2026-06-15 22:11:20,379 [INFO] DbMcusAds:53 - JSON generation date=Thu May 28 11:08:16 COT 2026 (1779984496462)
2026-06-15 22:11:20,380 [FATAL] Updater:351 - Updater called before beeing initialized
2026-06-15 22:11:20,509 [WARN] DetailPanel:346 - Failed to get advertising image, set to default
2026-06-15 22:11:20,860 [FATAL] Updater:351 - Updater called before beeing initialized
2026-06-15 22:11:20,866 [FATAL] Updater:351 - Updater called before beeing initialized
2026-06-15 22:11:20,867 [FATAL] Updater:351 - Updater called before beeing initialized
2026-06-15 22:11:20,867 [WARN] DetailPanel:346 - Failed to get advertising image, set to default
2026-06-15 22:11:20,871 [FATAL] Updater:351 - Updater called before beeing initialized
2026-06-15 22:11:21,026 [ERROR] Updater:1198 - MainUpdater not yet initialized. External WinMGr cannot be set.
2026-06-15 22:11:21,032 [INFO] Updater:1134 - Updater Version found : 6.15.0
2026-06-15 22:11:21,095 [INFO] ApplicationProperties:184 - Using Application install path: C:\ST\STM32CubeIDE_1.19.0\STM32CubeIDE\plugins\com.st.stm32cube.common.mx_6.15.0.202507011659
2026-06-15 22:11:21,349 [INFO] ThirdPartyUpdaterWithRetryManager:70 - Updater plugin not ready yet. [3/15]
2026-06-15 22:11:22,760 [ERROR] LogOutputStream:75 - [STDERR_REDIRECT] Jun 15, 2026 10:11:22 PM java.util.prefs.WindowsPreferences <init>
2026-06-15 22:11:22,771 [ERROR] LogOutputStream:75 - [STDERR_REDIRECT] WARNING: Could not open/create prefs root node Software\JavaSoft\Prefs at root 0xffffffff80000002. Windows RegCreateKeyEx(...) returned error code 5.
2026-06-15 22:11:22,772 [ERROR] LogOutputStream:75 - [STDERR_REDIRECT] 
2026-06-15 22:11:23,883 [INFO] MainUpdater:2872 - connection check result : 10
2026-06-15 22:11:23,884 [INFO] MainUpdater:289 - Updater Check For Update Now.
2026-06-15 22:11:23,884 [INFO] MicroXplorer:498 - Change Database Version : DB.6.0.150
2026-06-15 22:11:24,309 [INFO] CheckServerUpdateThread:120 - End of CheckServer Thread
2026-06-15 22:11:24,319 [INFO] MainUpdater:2872 - connection check result : 10
2026-06-15 22:11:24,324 [INFO] MainUpdater:2872 - connection check result : 10
2026-06-15 22:11:24,586 [INFO] MicroXplorer:468 - Change Database Path : 
2026-06-15 22:11:24,587 [INFO] MicroXplorer:498 - Change Database Version : DB.6.0.150
2026-06-15 22:11:24,625 [WARN] ThirdParty:871 - waiting for thirdparty lock release [close project]
2026-06-15 22:11:25,725 [WARN] PackLoader:240 - Cannot read IP mode file for STMicroelectronics.X-CUBE-AZRTOS-H7.3.5.0
2026-06-15 22:11:25,776 [WARN] PackLoader:240 - Cannot read IP mode file for STMicroelectronics.FP-SNS-MOTENVWB1.1.4.0
2026-06-15 22:11:25,802 [WARN] PackLoader:240 - Cannot read IP mode file for STMicroelectronics.FP-ATR-ASTRA1.2.0.2
2026-06-15 22:11:25,836 [ERROR] Engine:466 - C:\Users\Usuario\.stm32cubemx\thirdparties\pdsc\STMicroelectronics.X-CUBE-SMBUS.2.1.1.pdsc: PDSC version is not supported
2026-06-15 22:11:25,854 [WARN] PackLoader:240 - Cannot read IP mode file for STMicroelectronics.X-CUBE-SMBUS.2.1.0
2026-06-15 22:11:25,875 [WARN] PackLoader:240 - Cannot read IP mode file for STMicroelectronics.X-CUBE-ST60.1.0.0
2026-06-15 22:11:25,966 [WARN] PackLoader:240 - Cannot read IP mode file for STMicroelectronics.X-CUBE-AZRTOS-F7.1.1.0
2026-06-15 22:11:25,996 [WARN] PackLoader:240 - Cannot read IP mode file for STMicroelectronics.FP-SNS-MOTENV1.5.1.0
2026-06-15 22:11:26,127 [WARN] PackLoader:240 - Cannot read IP mode file for STMicroelectronics.X-CUBE-AZRTOS-H7.3.4.0
2026-06-15 22:11:26,174 [WARN] PackLoader:240 - Cannot read IP mode file for STMicroelectronics.X-CUBE-DISPLAY.3.0.0
2026-06-15 22:11:26,227 [WARN] PackLoader:240 - Cannot read IP mode file for STMicroelectronics.X-CUBE-GNSS1.7.1.1
2026-06-15 22:11:26,246 [WARN] PackLoader:240 - Cannot read IP mode file for STMicroelectronics.FP-SNS-MOTENVWB1.1.5.0
2026-06-15 22:11:26,269 [WARN] PackLoader:240 - Cannot read IP mode file for STMicroelectronics.X-CUBE-NFC10.1.0.0
2026-06-15 22:11:26,287 [WARN] PackLoader:240 - Cannot read IP mode file for STMicroelectronics.X-CUBE-ST60.1.1.0
2026-06-15 22:11:26,309 [WARN] PackLoader:240 - Cannot read IP mode file for STMicroelectronics.X-CUBE-GNSS1.7.1.0
2026-06-15 22:11:26,322 [WARN] PackLoader:240 - Cannot read IP mode file for STMicroelectronics.FP-SNS-SMARTAG2.1.2.0
2026-06-15 22:11:26,340 [WARN] PackLoader:240 - Cannot read IP mode file for STMicroelectronics.FP-SNS-FLIGHT1.5.1.0
2026-06-15 22:11:26,376 [INFO] LogOutputStream:77 - [STDOUT_REDIRECT] 1 : Invalid condition id : UX_CORESTACK_Condition cause : null
2026-06-15 22:11:26,378 [INFO] LogOutputStream:77 - [STDOUT_REDIRECT] 1 : Invalid condition id : UX_CORESTACK_Condition cause : null
2026-06-15 22:11:26,382 [INFO] LogOutputStream:77 - [STDOUT_REDIRECT] 1 : Invalid condition id : UX_CORESTACK_Condition cause : null
2026-06-15 22:11:26,385 [INFO] LogOutputStream:77 - [STDOUT_REDIRECT] 1 : Invalid condition id : UX_CORESTACK_Condition cause : null
2026-06-15 22:11:26,390 [INFO] LogOutputStream:77 - [STDOUT_REDIRECT] 1 : Invalid condition id : UX_CORESTACK_Condition cause : null
2026-06-15 22:11:26,403 [WARN] PackLoader:240 - Cannot read IP mode file for STMicroelectronics.X-CUBE-AZRTOS-WL.2.0.0
2026-06-15 22:11:26,422 [WARN] PackLoader:240 - Cannot read IP mode file for STMicroelectronics.FP-SNS-MOTENV1.5.0.0
2026-06-15 22:11:26,503 [WARN] PackLoader:240 - Cannot read IP mode file for STMicroelectronics.X-CUBE-AZRTOS-H7RS.1.2.0
2026-06-15 22:11:26,538 [WARN] PackLoader:240 - Cannot read IP mode file for WES.I-CUBE-Cesium.1.3.0
2026-06-15 22:11:26,558 [WARN] PackLoader:240 - Cannot read IP mode file for STMicroelectronics.X-CUBE-BLE2.3.3.0
2026-06-15 22:11:26,619 [WARN] PackLoader:240 - Cannot read IP mode file for STMicroelectronics.X-CUBE-NFC9.1.0.0
2026-06-15 22:11:26,640 [WARN] PackLoader:240 - Cannot read IP mode file for STMicroelectronics.X-CUBE-BLE1.7.1.0
2026-06-15 22:11:26,661 [WARN] PackLoader:240 - Cannot read IP mode file for STMicroelectronics.FP-SNS-STAIOTCFT.1.1.0
2026-06-15 22:11:26,845 [WARN] PackLoader:240 - Cannot read IP mode file for STMicroelectronics.X-CUBE-MEMS1.12.0.0
2026-06-15 22:11:27,323 [WARN] PackLoader:240 - Cannot read IP mode file for STMicroelectronics.X-CUBE-AZRTOS-G0.1.1.0
2026-06-15 22:11:27,355 [WARN] PackLoader:240 - Cannot read IP mode file for STMicroelectronics.X-CUBE-SAFEA1.1.2.2
2026-06-15 22:11:27,377 [WARN] PackLoader:240 - Cannot read IP mode file for STMicroelectronics.X-CUBE-NFC4.3.0.0
2026-06-15 22:11:27,424 [WARN] PackLoader:240 - Cannot read IP mode file for EmbeddedOffice.I-CUBE-FS-RTOS.1.0.1
2026-06-15 22:11:27,450 [WARN] PackLoader:240 - Cannot read IP mode file for STMicroelectronics.X-CUBE-WB05N.2.0.0
2026-06-15 22:11:27,480 [WARN] PackLoader:240 - Cannot read IP mode file for STMicroelectronics.X-CUBE-TCPP.4.2.0
2026-06-15 22:11:27,508 [WARN] PackLoader:240 - Cannot read IP mode file for RealThread.X-CUBE-RT-Thread_Nano.4.1.1
2026-06-15 22:11:27,523 [WARN] PackLoader:240 - Cannot read IP mode file for STMicroelectronics.FP-ATR-SIGFOX1.3.2.0
2026-06-15 22:11:27,545 [WARN] PackLoader:240 - Cannot read IP mode file for STMicroelectronics.X-CUBE-FREERTOS.1.5.0
2026-06-15 22:11:27,576 [WARN] PackLoader:240 - Cannot read IP mode file for STMicroelectronics.X-CUBE-NFC6.3.2.0
2026-06-15 22:11:27,614 [WARN] PackLoader:240 - Cannot read IP mode file for STMicroelectronics.X-CUBE-ST67W61.1.0.0
2026-06-15 22:11:27,779 [WARN] PackLoader:240 - Cannot read IP mode file for STMicroelectronics.X-CUBE-MEMS1.12.1.0
2026-06-15 22:11:28,213 [WARN] PackLoader:240 - Cannot read IP mode file for SEGGER.I-CUBE-embOS.1.3.1
2026-06-15 22:11:28,477 [WARN] PackLoader:240 - Cannot read IP mode file for STMicroelectronics.X-CUBE-ALGOBUILD.1.4.0
2026-06-15 22:11:28,683 [WARN] PackLoader:240 - Cannot read IP mode file for STMicroelectronics.X-CUBE-MEMS1.11.3.0
2026-06-15 22:11:29,210 [WARN] PackLoader:240 - Cannot read IP mode file for STMicroelectronics.X-CUBE-NFC13.1.0.0
2026-06-15 22:11:29,234 [WARN] PackLoader:240 - Cannot read IP mode file for STMicroelectronics.X-CUBE-PM33A1.1.0.0
2026-06-15 22:11:29,291 [WARN] PackLoader:240 - Cannot read IP mode file for STMicroelectronics.X-CUBE-AZRTOS-F4.1.1.0
2026-06-15 22:11:29,315 [WARN] PackLoader:240 - Cannot read IP mode file for STMicroelectronics.X-CUBE-ISPU.2.1.0
2026-06-15 22:11:29,348 [WARN] PackLoader:240 - Cannot read IP mode file for STMicroelectronics.X-CUBE-IPS.3.2.0
2026-06-15 22:11:29,376 [WARN] PackLoader:240 - Cannot read IP mode file for STMicroelectronics.eDS-WB_DPC_TT-BIDIR.2.1.1
2026-06-15 22:11:29,431 [WARN] PackLoader:240 - Cannot read IP mode file for STMicroelectronics.X-CUBE-AZRTOS-L5.2.0.0
2026-06-15 22:11:29,461 [WARN] PackLoader:240 - Cannot read IP mode file for STMicroelectronics.X-CUBE-NFC6.3.1.0
2026-06-15 22:11:29,668 [WARN] PackLoader:240 - Cannot read IP mode file for STMicroelectronics.X-CUBE-ALGOBUILD.1.5.0
2026-06-15 22:11:29,682 [WARN] PackLoader:240 - Cannot read IP mode file for STMicroelectronics.eDS-WB_DPC_VIENNA.1.2.0
2026-06-15 22:11:29,697 [WARN] PackLoader:240 - Cannot read IP mode file for STMicroelectronics.eDS-WB_DPC_3PH2L-BIDIR.1.1.1
2026-06-15 22:11:29,709 [ERROR] Engine:466 - C:\Users\Usuario\.stm32cubemx\thirdparties\pdsc\STMicroelectronics.X-CUBE-ST67W61.1.3.0.pdsc: PDSC version is not supported
2026-06-15 22:11:29,721 [WARN] PackLoader:240 - Cannot read IP mode file for STMicroelectronics.X-CUBE-FREERTOS.1.3.1
2026-06-15 22:11:29,742 [WARN] PackLoader:240 - Cannot read IP mode file for STMicroelectronics.X-CUBE-TOUCHGFX.4.26.1
2026-06-15 22:11:29,757 [WARN] PackLoader:240 - Cannot read IP mode file for STMicroelectronics.FP-SNS-STAIOTCFT.1.0.0
2026-06-15 22:11:29,779 [WARN] PackLoader:240 - Cannot read IP mode file for STMicroelectronics.X-CUBE-DPower.1.3.0
2026-06-15 22:11:29,834 [WARN] ConditionMgr:438 - getConditionDescription Invalid condition id : LAN8742 Phy interface Condition cause : null
2026-06-15 22:11:29,835 [WARN] PackLoader:240 - Cannot read IP mode file for STMicroelectronics.X-CUBE-AZRTOS-L4.2.0.0
2026-06-15 22:11:29,838 [WARN] ConditionMgr:1044 - genDependencies : Invalid condition id : LAN8742 Phy interface Condition cause : null
2026-06-15 22:11:29,839 [WARN] ConditionMgr:1044 - genDependencies : Invalid condition id : LAN8742 Phy interface Condition cause : null
2026-06-15 22:11:29,840 [WARN] ConditionMgr:1044 - genDependencies : Invalid condition id : LAN8742 Phy interface Condition cause : null
2026-06-15 22:11:29,864 [WARN] PackLoader:240 - Cannot read IP mode file for STMicroelectronics.X-CUBE-SFXS2LP1.4.0.0
2026-06-15 22:11:29,881 [WARN] PackLoader:240 - Cannot read IP mode file for STMicroelectronics.X-CUBE-WB05N.2.1.0
2026-06-15 22:11:29,898 [WARN] PackLoader:240 - Cannot read IP mode file for STMicroelectronics.X-CUBE-ST67W61.1.2.0
2026-06-15 22:11:29,938 [WARN] ConditionMgr:438 - getConditionDescription Invalid condition id : UX DEVICE CLASS RTOS Condition cause : null
2026-06-15 22:11:29,940 [WARN] ConditionMgr:438 - getConditionDescription Invalid condition id : UX DEVICE CLASS RTOS Condition cause : null
2026-06-15 22:11:29,945 [WARN] PackLoader:240 - Cannot read IP mode file for STMicroelectronics.X-CUBE-AZRTOS-WB.2.0.0
2026-06-15 22:11:29,947 [WARN] ConditionMgr:1044 - genDependencies : Invalid condition id : UX DEVICE CLASS RTOS Condition cause : null
2026-06-15 22:11:29,947 [WARN] ConditionMgr:1044 - genDependencies : Invalid condition id : UX DEVICE CLASS RTOS Condition cause : null
2026-06-15 22:11:29,949 [WARN] ConditionMgr:1044 - genDependencies : Invalid condition id : UX DEVICE CLASS RTOS Condition cause : null
2026-06-15 22:11:29,950 [WARN] ConditionMgr:1044 - genDependencies : Invalid condition id : UX DEVICE CLASS RTOS Condition cause : null
2026-06-15 22:11:29,951 [WARN] ConditionMgr:1044 - genDependencies : Invalid condition id : UX DEVICE CLASS RTOS Condition cause : null
2026-06-15 22:11:29,969 [WARN] PackLoader:240 - Cannot read IP mode file for STMicroelectronics.X-CUBE-GNSS1.7.0.1
2026-06-15 22:11:29,981 [WARN] PackLoader:240 - Cannot read IP mode file for STMicroelectronics.X-CUBE-TOUCHGFX.4.25.0
2026-06-15 22:11:29,999 [WARN] ConditionMgr:438 - getConditionDescription Invalid condition id : Cortex-A Device cause : null
2026-06-15 22:11:30,029 [WARN] ConditionMgr:1044 - genDependencies : Invalid condition id : Cortex-A Device cause : null
2026-06-15 22:11:30,030 [WARN] ConditionMgr:1044 - genDependencies : Invalid condition id : Cortex-A Device cause : null
2026-06-15 22:11:30,030 [WARN] ConditionMgr:1044 - genDependencies : Invalid condition id : Cortex-A Device cause : null
2026-06-15 22:11:30,053 [WARN] PackLoader:240 - Cannot read IP mode file for STMicroelectronics.X-CUBE-STSE01.2.0.0
2026-06-15 22:11:30,086 [WARN] PackLoader:240 - Cannot read IP mode file for STMicroelectronics.X-CUBE-SUBG2.5.0.0
2026-06-15 22:11:30,161 [WARN] PackLoader:240 - Cannot read IP mode file for STMicroelectronics.X-CUBE-AZRTOS-H7RS.1.1.0
2026-06-15 22:11:30,184 [WARN] PackLoader:240 - Cannot read IP mode file for Cesanta.I-CUBE-Mongoose.7.13.0
2026-06-15 22:11:30,228 [WARN] PackLoader:240 - Cannot read IP mode file for STMicroelectronics.X-CUBE-AZRTOS-G4.2.0.0
2026-06-15 22:11:30,250 [WARN] PackLoader:240 - Cannot read IP mode file for STMicroelectronics.X-CUBE-NFC7.2.0.0
2026-06-15 22:11:30,278 [WARN] PackLoader:240 - Cannot read IP mode file for STMicroelectronics.X-CUBE-IPS.3.1.0
2026-06-15 22:11:30,310 [WARN] PackLoader:240 - Cannot read IP mode file for STMicroelectronics.X-CUBE-ALS.1.0.2
2026-06-15 22:11:30,334 [WARN] PackLoader:240 - Cannot read IP mode file for portGmbH.I-Cube-SoM-uGOAL.1.1.0
2026-06-15 22:11:30,367 [WARN] PackLoader:240 - Cannot read IP mode file for STMicroelectronics.X-CUBE-TOF1.3.4.3
2026-06-15 22:11:30,403 [INFO] ThirdParty:978 - Integrity check success = true
2026-06-15 22:11:30,403 [INFO] IntegrityCheckThread:100 - exiting critical section [integrity check]
2026-06-15 22:11:30,404 [INFO] IntegrityCheckThread:103 - End integrity checks thread
2026-06-15 22:11:30,404 [INFO] ThirdParty:873 - entering critical section [close project]
2026-06-15 22:11:30,407 [INFO] ThirdParty:883 - exiting critical section [close project]
2026-06-15 22:11:30,418 [INFO] PinOutPanel:1589 - setPackage(No Configuration,No Configuration)
2026-06-15 22:11:30,425 [INFO] UtilMem:75 - Begin LoadConfig() Used Memory: 156403928 Bytes (268435456)
2026-06-15 22:11:30,429 [INFO] MicroXplorer:468 - Change Database Path : 
2026-06-15 22:11:30,430 [INFO] MicroXplorer:498 - Change Database Version : DB.6.0.150
2026-06-15 22:11:30,431 [INFO] OpenFileManager:355 - Change cursor
2026-06-15 22:11:30,501 [INFO] Mcu:2029 - Initializing MCU STM32F103C(8-B)Tx STM32F103C8Tx STM32F103C8T6
2026-06-15 22:11:33,726 [INFO] Context:786 - Trying to add GPIOservice into a context  which must be forbidden
2026-06-15 22:11:34,666 [INFO] ImportTextPane:234 - (OptionalMessage_ERROR) Pin0 (VP_RIF_VS_RIF1) cannot be retrieved for this MCU
2026-06-15 22:11:35,369 [INFO] RtosManager:558 - Registered RTOS mode: class=CMSIS, group=RTOS, mode=CMSIS_V1, owner=FREERTOS
2026-06-15 22:11:35,370 [INFO] RtosManager:558 - Registered RTOS mode: class=CMSIS, group=RTOS2, mode=CMSIS_V2, owner=FREERTOS
2026-06-15 22:11:35,372 [INFO] RtosManager:558 - Registered RTOS mode: class=RTOS, group=Core, mode=CMSIS_V1, owner=FREERTOS
2026-06-15 22:11:35,372 [INFO] RtosManager:558 - Registered RTOS mode: class=RTOS, group=Core, mode=CMSIS_V2, owner=FREERTOS
2026-06-15 22:11:35,373 [WARN] ModelIntegratedComponent:184 - Missing modes for component STMicroelectronics:FreeRTOS:0.0.1:STMicroelectronics:RTOS:FreeRTOS:Core:::10.2.0:
2026-06-15 22:11:35,468 [WARN] ModelIntegratedComponent:63 - No mode defined for component null
2026-06-15 22:11:35,468 [WARN] ModelIntegratedComponent:63 - No mode defined for component null
2026-06-15 22:11:35,469 [WARN] ModelIntegratedComponent:63 - No mode defined for component null
2026-06-15 22:11:35,469 [WARN] ModelIntegratedComponent:63 - No mode defined for component null
2026-06-15 22:11:35,469 [WARN] ModelIntegratedComponent:63 - No mode defined for component null
2026-06-15 22:11:35,470 [WARN] ModelIntegratedComponent:63 - No mode defined for component null
2026-06-15 22:11:35,470 [WARN] ModelIntegratedComponent:63 - No mode defined for component null
2026-06-15 22:11:35,470 [WARN] ModelIntegratedComponent:63 - No mode defined for component null
2026-06-15 22:11:35,471 [WARN] ModelIntegratedComponent:63 - No mode defined for component null
2026-06-15 22:11:35,471 [WARN] ModelIntegratedComponent:63 - No mode defined for component null
2026-06-15 22:11:35,471 [WARN] ModelIntegratedComponent:63 - No mode defined for component null
2026-06-15 22:11:35,472 [WARN] ModelIntegratedComponent:63 - No mode defined for component null
2026-06-15 22:11:35,472 [WARN] ModelIntegratedComponent:63 - No mode defined for component null
2026-06-15 22:11:35,473 [WARN] ModelIntegratedComponent:63 - No mode defined for component null
2026-06-15 22:11:35,473 [WARN] ModelIntegratedComponent:63 - No mode defined for component null
2026-06-15 22:11:35,473 [WARN] ModelIntegratedComponent:63 - No mode defined for component null
2026-06-15 22:11:35,473 [WARN] ModelIntegratedComponent:63 - No mode defined for component null
2026-06-15 22:11:35,474 [WARN] ModelIntegratedComponent:63 - No mode defined for component null
2026-06-15 22:11:35,474 [WARN] ModelIntegratedComponent:63 - No mode defined for component null
2026-06-15 22:11:35,474 [WARN] ModelIntegratedComponent:63 - No mode defined for component null
2026-06-15 22:11:35,475 [WARN] ModelIntegratedComponent:63 - No mode defined for component null
2026-06-15 22:11:35,475 [WARN] ModelIntegratedComponent:63 - No mode defined for component null
2026-06-15 22:11:35,476 [WARN] ModelIntegratedComponent:63 - No mode defined for component null
2026-06-15 22:11:35,476 [WARN] ModelIntegratedComponent:63 - No mode defined for component null
2026-06-15 22:11:35,477 [WARN] ModelIntegratedComponent:63 - No mode defined for component null
2026-06-15 22:11:35,477 [WARN] ModelIntegratedComponent:63 - No mode defined for component null
2026-06-15 22:11:35,478 [WARN] ModelIntegratedComponent:63 - No mode defined for component null
2026-06-15 22:11:35,478 [WARN] ModelIntegratedComponent:63 - No mode defined for component null
2026-06-15 22:11:35,478 [WARN] ModelIntegratedComponent:63 - No mode defined for component null
2026-06-15 22:11:35,479 [WARN] ModelIntegratedComponent:63 - No mode defined for component null
2026-06-15 22:11:35,479 [WARN] ModelIntegratedComponent:63 - No mode defined for component null
2026-06-15 22:11:35,480 [WARN] ModelIntegratedComponent:63 - No mode defined for component null
2026-06-15 22:11:35,480 [WARN] ModelIntegratedComponent:63 - No mode defined for component null
2026-06-15 22:11:35,480 [WARN] ModelIntegratedComponent:63 - No mode defined for component null
2026-06-15 22:11:35,481 [WARN] ModelIntegratedComponent:63 - No mode defined for component null
2026-06-15 22:11:35,482 [WARN] ModelPack:524 - Component already loaded: STMicroelectronics:HAL Drivers:0.0.0:STMicroelectronics:Device:STMicro_Driver:XSPI:HAL::0.0.1:HAL_XSPI
2026-06-15 22:11:36,159 [INFO] ThirdPartyModel:298 - Start build external matchings
2026-06-15 22:11:39,519 [INFO] ThirdPartyModel:316 - End build external matchings
2026-06-15 22:11:40,659 [INFO] ApiDb:581 - Connected to CubeFinder SQLite database (C:\Users\Usuario\.stmcufinder\plugins\mcufinder\mcu\cube-finder-db.db)
2026-06-15 22:11:41,086 [INFO] ApiDb:668 - CubeFinder database Data Model version=2.1
2026-06-15 22:11:41,086 [INFO] ApiDb:669 - CubeFinder database Configuration version=3.0.42
2026-06-15 22:11:41,087 [INFO] ApiDb:670 - CubeFinder database generation date=2026-05-14 (1778746352)
2026-06-15 22:11:41,089 [INFO] ApiDb:671 - CubeFinder database FW Pack versions=[FP-ATR-ASTRA1_V2.0.0, FP-SNS-FLIGHT1_V5.1.0, FP-SNS-MOTENV1_V5.1.0, FP-SNS-MOTENVWB1_V1.5.0, FP-SNS-SMARTAG2_V1.2.0, FP-SNS-STBOX1_V2.1.0, STM32Cube_FW_C0_V1.4.0, STM32Cube_FW_F4_V1.28.3, STM32Cube_FW_F7_V1.17.4, STM32Cube_FW_G0_V1.6.3, STM32Cube_FW_G4_V1.6.2, STM32Cube_FW_H5_V1.6.0, STM32Cube_FW_H7RS_V1.3.0, STM32Cube_FW_H7_V1.13.0, STM32Cube_FW_L0_V1.12.2, STM32Cube_FW_L4_V1.18.2, STM32Cube_FW_L5_V1.6.0, STM32Cube_FW_N6_V1.3.0, STM32Cube_FW_U0_V1.3.0, STM32Cube_FW_U3_V1.3.0, STM32Cube_FW_U5_V1.8.0, STM32Cube_FW_WB0_V1.4.0, STM32Cube_FW_WBA_V1.9.0, STM32Cube_FW_WB_V1.24.0, STM32Cube_FW_WL3_V1.4.0, STM32Cube_FW_WL_V1.5.0, X-CUBE-ALGOBUILD_V1.4.0, X-CUBE-ALS_V1.0.2, X-CUBE-AZRTOS-F4_V1.1.0, X-CUBE-AZRTOS-F7_V1.1.0, X-CUBE-AZRTOS-G0_V1.1.0, X-CUBE-AZRTOS-G4_V2.0.0, X-CUBE-AZRTOS-H7RS_V1.1.0, X-CUBE-AZRTOS-H7_V3.5.0, X-CUBE-AZRTOS-L4_V2.0.0, X-CUBE-AZRTOS-L5_V2.0.0, X-CUBE-AZRTOS-WB_V2.0.0, X-CUBE-AZRTOS-WL_V2.0.0, X-CUBE-BLE1_V7.1.0, X-CUBE-BLE2_V3.3.0, X-CUBE-BLEMGR_V4.1.0, X-CUBE-EEPRMA1_V5.2.0, X-CUBE-FREERTOS_V1.5.0, X-CUBE-GNSS1_V7.1.1, X-CUBE-MEMS1_V12.1.0, X-CUBE-NFC4_V3.0.0, X-CUBE-NFC7_V2.0.0, X-CUBE-SFXS2LP1_V4.0.0, X-CUBE-ST67W61_V1.3.0, X-CUBE-SUBG2_V5.0.0, X-CUBE-TOF1_V3.4.3]
2026-06-15 22:11:41,601 [INFO] DbBoardsSqlite:226 - include board P-NUCLEO-WB55-NUCLEO as a kit item of type 'Nucleo-64'
2026-06-15 22:11:41,602 [INFO] DbBoardsSqlite:226 - include board P-NUCLEO-WB55-USBDONGLE as a kit item of type 'Nucleo USB Dongle'
2026-06-15 22:11:41,606 [INFO] DbBoardsSqlite:226 - include board STEVAL-IDP005V1 as a kit item of type 'Evaluation Board'
2026-06-15 22:11:41,608 [INFO] DbBoardsSqlite:226 - include board STEVAL-IDP005V2 as a kit item of type 'Evaluation Board'
2026-06-15 22:11:43,659 [INFO] ApiDb:240 - Found 880 in-development CPN: [B-G473E-ZEST1S, B-WB1M-WPAN1, B-WBA5M-WPAN, B-WL5M-SUBG1, NUCLEO-C031C6, NUCLEO-C051C8, NUCLEO-C071RB, NUCLEO-C092RC, NUCLEO-H503RB, NUCLEO-H533RE, NUCLEO-H563ZI, NUCLEO-H7S3L8, NUCLEO-N657X0-Q, NUCLEO-U031R8, NUCLEO-U083RC, NUCLEO-U385RG-Q, NUCLEO-U545RE-Q, NUCLEO-U5A5ZJ-Q, NUCLEO-WB05KZ, NUCLEO-WB07CC, NUCLEO-WB09KE, NUCLEO-WBA52CG, NUCLEO-WBA55CG, NUCLEO-WL33CC1, NUCLEO-WL33CC2, STEVAL-PROTEUS1, STEVAL-SMARTAG2, STEVAL-STWINBX1, STM320518-EVAL, STM32C0116-DK, STM32C011D6Y3TR, STM32C011D6Y6TR, STM32C011F4P3, STM32C011F4P6, STM32C011F4U3, STM32C011F4U6TR, STM32C011F6P3, STM32C011F6P6, STM32C011F6U3, STM32C011F6U6TR, STM32C011J4M3, STM32C011J4M6, STM32C011J6M3, STM32C011J6M6, STM32C0316-DK, STM32C031C4T3, STM32C031C4T6, STM32C031C4U3, STM32C031C4U6, STM32C031C6T3, STM32C031C6T6, STM32C031C6U3, STM32C031C6U6, STM32C031F4P3, STM32C031F4P6, STM32C031F6P3, STM32C031F6P6, STM32C031G4U3, STM32C031G4U6, STM32C031G6U3, STM32C031G6U6, STM32C031K4T3, STM32C031K4T6, STM32C031K4U3, STM32C031K4U6, STM32C031K6T3, STM32C031K6T6, STM32C031K6U3, STM32C031K6U6, STM32C051C6T6, STM32C051C6U6, STM32C051C8T6, STM32C051C8U6, STM32C051D8Y6TR, STM32C051F6P6, STM32C051F8P6, STM32C051G6U6, STM32C051G8U6, STM32C051K6T6, STM32C051K6U6, STM32C051K8T6, STM32C071C8T6, STM32C071C8T6N, STM32C071C8U6, STM32C071C8U6N, STM32C071CBT6, STM32C071CBT6N, STM32C071CBU6, STM32C071CBU6N, STM32C071F8P6, STM32C071F8P6N, STM32C071FBP6, STM32C071FBP6N, STM32C071FBY6TR, STM32C071G8U6, STM32C071G8U6N, STM32C071GBU6, STM32C071GBU6N, STM32C071K8T6, STM32C071K8T6N, STM32C071K8U6, STM32C071K8U6N, STM32C071KBT6, STM32C071KBT6N, STM32C071KBU6, STM32C071KBU6N, STM32C071R8T6, STM32C071R8T6N, STM32C071RBI6N, STM32C071RBT6, STM32C071RBT6N, STM32C091CBT6, STM32C091CBU6, STM32C091CCT6, STM32C091CCU6, STM32C091ECY6TR, STM32C091FBP6, STM32C091FCP6, STM32C091GBU6, STM32C091GCU6, STM32C091KBT6, STM32C091KBU6, STM32C091KCT6, STM32C091KCU6, STM32C091RBT6, STM32C091RCI6, STM32C091RCT6, STM32C092CBT6, STM32C092CBU6, STM32C092CCT6, STM32C092CCU6, STM32C092ECY6TR, STM32C092FBP6, STM32C092FCP6, STM32C092GBU6, STM32C092GCU6, STM32C092KBT6, STM32C092KBU6, STM32C092KCT6, STM32C092KCU6, STM32C092RBT6, STM32C092RCI6, STM32C092RCT6, STM32G071K8TXN, STM32G071K8UXN, STM32G081GBU6N, STM32G081KBT6N, STM32G081KBUXN, STM32G0B1CCT6N, STM32G0B1KCT6, STM32G0B1NEY6TR, STM32G0B1RCT6N, STM32G0C1CCT6, STM32G0C1CCT6N, STM32G0C1CCU6N, STM32G0C1CET6N, STM32G0C1CEU6N, STM32G0C1KCT6, STM32G0C1NEY6TR, STM32G0C1RCI6N, STM32G0C1RCT6N, STM32G0C1REI6N, STM32G0C1RET6N, STM32G0C1VCI6, STM32G0C1VEI6, STM32G411C6T3, STM32G411C6T6, STM32G411C6U3, STM32G411C6U6, STM32G411C8T3, STM32G411C8T6, STM32G411C8U3, STM32G411C8U6, STM32G411CBT3, STM32G411CBT6, STM32G411CBU3, STM32G411CBU6, STM32G411K6T3, STM32G411K6T6, STM32G411K6U3, STM32G411K6U6, STM32G411K8T3, STM32G411K8T6, STM32G411K8U3, STM32G411K8U6, STM32G411KBT3, STM32G411KBT6, STM32G411KBU3, STM32G411KBU6, STM32G411M6T3, STM32G411M6T6, STM32G411M8T3, STM32G411M8T6, STM32G411MBT3, STM32G411MBT6, STM32G411R6T3, STM32G411R6T6, STM32G411R8T3, STM32G411R8T6, STM32G411RBT3, STM32G411RBT6, STM32G414CBT3, STM32G414CBT6, STM32G414CBU3, STM32G414CBU6, STM32G414CCT3, STM32G414CCT6, STM32G414CCU3, STM32G414CCU6, STM32G414MBT3, STM32G414MBT6, STM32G414MCT3, STM32G414MCT6, STM32G414RBT3, STM32G414RBT6, STM32G414RCT3, STM32G414RCT6, STM32G414VBT3, STM32G414VBT6, STM32G414VCT3, STM32G414VCT6, STM32G431CBT3Z, STM32G431RBT3Z, STM32G471CCT6, STM32G471CCU6, STM32G471CET3, STM32G471CET6, STM32G471CEU3, STM32G471CEU6, STM32G471MCT6, STM32G471MET3, STM32G471MET6, STM32G471MEY6TR, STM32G471QCT6, STM32G471QET3, STM32G471RCT6, STM32G471RET3, STM32G471RET6, STM32G471VCH6, STM32G471VCI6, STM32G471VCT6, STM32G471VEH3, STM32G471VEH6, STM32G471VEI3, STM32G471VEI6, STM32G471VET3, STM32G471VET6, STM32G473QET3Z, STM32G473RET3Z, STM32G474CCT6, STM32G491RET3Z, STM32H503CBT6, STM32H503CBU6, STM32H503EBY6TR, STM32H503KBU6, STM32H503RBT6, STM32H523CCT6, STM32H523CCU6, STM32H523CET6, STM32H523CEU6, STM32H523HEY6TR, STM32H523RCT6, STM32H523RET6, STM32H523VCI6, STM32H523VCT6, STM32H523VEI6, STM32H523VET6, STM32H523ZCJ6, STM32H523ZCT6, STM32H523ZEJ6, STM32H523ZET6, STM32H533CET6, STM32H533CEU6, STM32H533HEY6TR, STM32H533RET6, STM32H533VEI6, STM32H533VET6, STM32H533ZEJ6, STM32H533ZET6, STM32H562AGI6, STM32H562AII6, STM32H562IGK6, STM32H562IGT6, STM32H562IIK6, STM32H562IIT6, STM32H562RGT6, STM32H562RGV6, STM32H562RIT6, STM32H562RIV6, STM32H562VGT6, STM32H562VIT6, STM32H562ZGT6, STM32H562ZIT6, STM32H563AGI6, STM32H563AII3Q, STM32H563AII6, STM32H563IGK6, STM32H563IGT6, STM32H563IIK3Q, STM32H563IIK6, STM32H563IIT3Q, STM32H563IIT6, STM32H563MIY3QTR, STM32H563RGT6, STM32H563RGV6, STM32H563RIT6, STM32H563RIV6, STM32H563VGT6, STM32H563VIT3Q, STM32H563VIT6, STM32H563ZGT6, STM32H563ZIT3Q, STM32H563ZIT6, STM32H573AII3Q, STM32H573AII6, STM32H573I-DK, STM32H573IIK3Q, STM32H573IIK6, STM32H573IIT3Q, STM32H573IIT6, STM32H573MIY3QTR, STM32H573RIT6, STM32H573RIV6, STM32H573VIT3Q, STM32H573VIT6, STM32H573ZIT3Q, STM32H573ZIT6, STM32H7R3A8I6, STM32H7R3I8K6, STM32H7R3I8T6, STM32H7R3L8H6, STM32H7R3L8H6H, STM32H7R3R8V6, STM32H7R3V8H6, STM32H7R3V8T6, STM32H7R3V8Y6TR, STM32H7R3Z8J6, STM32H7R3Z8T6, STM32H7R7A8I6, STM32H7R7I8K6, STM32H7R7I8T6, STM32H7R7L8H6, STM32H7R7L8H6H, STM32H7R7Z8J6, STM32H7S3A8I6, STM32H7S3I8K6, STM32H7S3I8T6, STM32H7S3L8H6, STM32H7S3L8H6H, STM32H7S3R8V6, STM32H7S3V8H6, STM32H7S3V8T6, STM32H7S3V8Y6TR, STM32H7S3Z8J6, STM32H7S3Z8T6, STM32H7S78-DK, STM32H7S7A8I6, STM32H7S7I8K6, STM32H7S7I8T6, STM32H7S7L8H6, STM32H7S7L8H6H, STM32H7S7Z8J6, STM32L4R5QGI6STR, STM32MP131AAE3, STM32MP131AAF3, STM32MP131AAG3, STM32MP131CAE3, STM32MP131CAF3, STM32MP131CAG3, STM32MP131DAE7, STM32MP131DAF7, STM32MP131DAG7, STM32MP131FAE7, STM32MP131FAF7, STM32MP131FAG7, STM32MP133AAE3, STM32MP133AAF3, STM32MP133AAG3, STM32MP133CAE3, STM32MP133CAF3, STM32MP133CAG3, STM32MP133DAE7, STM32MP133DAF7, STM32MP133DAG7, STM32MP133FAE7, STM32MP133FAF7, STM32MP133FAG7, STM32MP135AAE3, STM32MP135AAF3, STM32MP135AAG3, STM32MP135CAE3, STM32MP135CAF3, STM32MP135CAG3, STM32MP135DAE7, STM32MP135DAF7, STM32MP135DAG7, STM32MP135F-DK, STM32MP135FAE7, STM32MP135FAF7, STM32MP135FAF7T, STM32MP135FAF7U, STM32MP135FAG7, STM32MP211AAL3, STM32MP211AAM3, STM32MP211AAN3, STM32MP211AAO3, STM32MP211CAL3, STM32MP211CAM3, STM32MP211CAN3, STM32MP211CAO3, STM32MP211DAL3, STM32MP211DAM3, STM32MP211DAN3, STM32MP211DAO3, STM32MP211FAL3, STM32MP211FAM3, STM32MP211FAN3, STM32MP211FAO3, STM32MP213AAL3, STM32MP213AAM3, STM32MP213AAN3, STM32MP213AAO3, STM32MP213CAL3, STM32MP213CAM3, STM32MP213CAN3, STM32MP213CAO3, STM32MP213DAL3, STM32MP213DAM3, STM32MP213DAN3, STM32MP213DAO3, STM32MP213FAL3, STM32MP213FAM3, STM32MP213FAN3, STM32MP213FAO3, STM32MP215AAL3, STM32MP215AAM3, STM32MP215AAN3, STM32MP215AAO3, STM32MP215CAL3, STM32MP215CAM3, STM32MP215CAN3, STM32MP215CAO3, STM32MP215DAL3, STM32MP215DAM3, STM32MP215DAN3, STM32MP215DAO3, STM32MP215F-DK, STM32MP215FAL3, STM32MP215FAM3, STM32MP215FAN3, STM32MP215FAO3, STM32MP231AAJ3, STM32MP231AAK3, STM32MP231AAL3, STM32MP231CAJ3, STM32MP231CAK3, STM32MP231CAL3, STM32MP231DAJ3, STM32MP231DAK3, STM32MP231DAL3, STM32MP231FAJ3, STM32MP231FAK3, STM32MP231FAL3, STM32MP233AAJ3, STM32MP233AAK3, STM32MP233AAL3, STM32MP233CAJ3, STM32MP233CAK3, STM32MP233CAL3, STM32MP233DAJ3, STM32MP233DAK3, STM32MP233DAL3, STM32MP233FAJ3, STM32MP233FAK3, STM32MP233FAL3, STM32MP235AAJ3, STM32MP235AAK3, STM32MP235AAL3, STM32MP235CAJ3, STM32MP235CAK3, STM32MP235CAL3, STM32MP235DAJ3, STM32MP235DAK3, STM32MP235DAL3, STM32MP235FAJ3, STM32MP235FAK3, STM32MP235FAL3, STM32MP251AAI3, STM32MP251AAK3, STM32MP251AAL3, STM32MP251CAI3, STM32MP251CAK3, STM32MP251CAL3, STM32MP251DAI3, STM32MP251DAK3, STM32MP251DAL3, STM32MP251FAI3, STM32MP251FAK3, STM32MP251FAL3, STM32MP253AAI3, STM32MP253AAK3, STM32MP253AAL3, STM32MP253CAI3, STM32MP253CAK3, STM32MP253CAL3, STM32MP253DAI3, STM32MP253DAK3, STM32MP253DAL3, STM32MP253FAI3, STM32MP253FAK3, STM32MP253FAL3, STM32MP255AAI3, STM32MP255AAK3, STM32MP255AAL3, STM32MP255CAI3, STM32MP255CAK3, STM32MP255CAL3, STM32MP255DAI3, STM32MP255DAK3, STM32MP255DAL3, STM32MP255FAI3, STM32MP255FAK3, STM32MP255FAL3, STM32MP257AAI3, STM32MP257AAK3, STM32MP257AAL3, STM32MP257CAI3, STM32MP257CAK3, STM32MP257CAL3, STM32MP257DAI3, STM32MP257DAK3, STM32MP257DAL3, STM32MP257F-DK, STM32MP257F-EV1, STM32MP257FAI3, STM32MP257FAK3, STM32MP257FAL3, STM32N645A0H3Q, STM32N645B0H3Q, STM32N645I0H3Q, STM32N645L0H3Q, STM32N645X0H3Q, STM32N645Z0H3Q, STM32N647A0H3Q, STM32N647B0H3Q, STM32N647I0H3Q, STM32N647L0H3Q, STM32N647X0H3Q, STM32N647Z0H3Q, STM32N655A0H3Q, STM32N655B0H3Q, STM32N655I0H3Q, STM32N655L0H3Q, STM32N655X0H3Q, STM32N655Z0H3Q, STM32N6570-DK, STM32N657A0H3Q, STM32N657B0H3Q, STM32N657I0H3Q, STM32N657L0H3Q, STM32N657X0H3Q, STM32N657Z0H3Q, STM32U031C6T6, STM32U031C6U6, STM32U031C8T6, STM32U031C8U6, STM32U031F4P6, STM32U031F6P6, STM32U031F8P6, STM32U031G6Y6TR, STM32U031G8Y6TR, STM32U031K4U6, STM32U031K6U6, STM32U031K8U6, STM32U031R6I6, STM32U031R6T6, STM32U031R8I6, STM32U031R8T6, STM32U073C8T6, STM32U073C8U6, STM32U073CBT6, STM32U073CBU6, STM32U073CCT6, STM32U073CCU6, STM32U073H8Y6TR, STM32U073HBY6TR, STM32U073HCY6TR, STM32U073K8U6, STM32U073KBU6, STM32U073KCU6, STM32U073M8I6, STM32U073M8T6, STM32U073MBI6, STM32U073MBT6, STM32U073MCI6, STM32U073MCT6, STM32U073R8I6, STM32U073R8T6, STM32U073RBI6, STM32U073RBT6, STM32U073RCI6, STM32U073RCT6, STM32U083C-DK, STM32U083CCT6, STM32U083CCU6, STM32U083HCY6TR, STM32U083KCU6, STM32U083MCI6, STM32U083MCT6, STM32U083RCI6, STM32U083RCT6, STM32U375CET6, STM32U375CET6Q, STM32U375CEU6, STM32U375CEU6Q, STM32U375CEY6QTR, STM32U375CGT6, STM32U375CGT6Q, STM32U375CGU6, STM32U375CGU6Q, STM32U375CGY6QTR, STM32U375KEU6, STM32U375KGU6, STM32U375REI6, STM32U375REI6Q, STM32U375RET6, STM32U375RET6Q, STM32U375REY6GTR, STM32U375REY6QTR, STM32U375RGI6, STM32U375RGI6Q, STM32U375RGT6, STM32U375RGT6Q, STM32U375RGY6GTR, STM32U375RGY6QTR, STM32U375VEI6, STM32U375VEI6Q, STM32U375VET6, STM32U375VET6Q, STM32U375VGI6, STM32U375VGI6Q, STM32U375VGT6, STM32U375VGT6Q, STM32U385CGT6, STM32U385CGT6Q, STM32U385CGU6, STM32U385CGU6Q, STM32U385CGY6QTR, STM32U385KGU6, STM32U385RGI6, STM32U385RGI6Q, STM32U385RGT6, STM32U385RGT6Q, STM32U385RGY6GTR, STM32U385RGY6QTR, STM32U385VGI6, STM32U385VGI6Q, STM32U385VGT6, STM32U385VGT6Q, STM32U535CBT6, STM32U535CBT6Q, STM32U535CBU6, STM32U535CBU6Q, STM32U535CCT6, STM32U535CCT6Q, STM32U535CCU6, STM32U535CCU6Q, STM32U535CET6, STM32U535CET6Q, STM32U535CEU6, STM32U535CEU6Q, STM32U535JEY6QTR, STM32U535NCY6QTR, STM32U535NEY6QTR, STM32U535RBI6, STM32U535RBI6Q, STM32U535RBT6, STM32U535RBT6Q, STM32U535RCI6, STM32U535RCI6Q, STM32U535RCT6, STM32U535RCT6Q, STM32U535REI6, STM32U535REI6Q, STM32U535RET6, STM32U535RET6Q, STM32U535VCI6, STM32U535VCI6Q, STM32U535VCT6, STM32U535VCT6Q, STM32U535VEI6, STM32U535VEI6Q, STM32U535VET6, STM32U535VET6Q, STM32U545CET6, STM32U545CET6Q, STM32U545CEU6, STM32U545CEU6Q, STM32U545JEY6QTR, STM32U545NEY6QTR, STM32U545REI6, STM32U545REI6Q, STM32U545RET6, STM32U545RET6Q, STM32U545VEI6, STM32U545VEI6Q, STM32U545VET6, STM32U545VET6Q, STM32U595AIH6, STM32U595AIH6Q, STM32U595AJH6, STM32U595AJH6Q, STM32U595QII6, STM32U595QII6Q, STM32U595QJI6, STM32U595QJI6Q, STM32U595RIT6, STM32U595RIT6Q, STM32U595RJT6, STM32U595RJT6Q, STM32U595VIT6, STM32U595VIT6Q, STM32U595VJT6, STM32U595VJT6Q, STM32U595ZIT6, STM32U595ZIT6Q, STM32U595ZIY6QTR, STM32U595ZJT6, STM32U595ZJT6Q, STM32U595ZJY6QTR, STM32U599BJY6QTR, STM32U599NIH6Q, STM32U599NJH6Q, STM32U599VIT6Q, STM32U599VJT6, STM32U599VJT6Q, STM32U599ZIT6Q, STM32U599ZIY6QTR, STM32U599ZJT6Q, STM32U599ZJY6QTR, STM32U5A5AJH6, STM32U5A5AJH6Q, STM32U5A5QII3Q , STM32U5A5QJI6, STM32U5A5QJI6Q, STM32U5A5RJT6, STM32U5A5RJT6Q, STM32U5A5VJT6, STM32U5A5VJT6Q, STM32U5A5ZJT6, STM32U5A5ZJT6Q, STM32U5A5ZJY6QTR, STM32U5A9BJY6QTR, STM32U5A9J-DK, STM32U5A9NJH6Q, STM32U5A9VJT6Q, STM32U5A9ZJT6Q, STM32U5A9ZJY6QTR, STM32U5F7VIT6, STM32U5F7VIT6Q, STM32U5F7VJT6, STM32U5F7VJT6Q, STM32U5F9BJY6QTR, STM32U5F9NJH6Q, STM32U5F9VIT6Q, STM32U5F9VJT6Q, STM32U5F9ZIJ6QTR, STM32U5F9ZIT6Q, STM32U5F9ZJJ6QTR, STM32U5F9ZJT6Q, STM32U5G7VJT6, STM32U5G7VJT6Q, STM32U5G9BJY6QTR, STM32U5G9J-DK1, STM32U5G9J-DK2, STM32U5G9NJH6Q, STM32U5G9VJT6Q, STM32U5G9ZJJ6QTR, STM32U5G9ZJT6Q, STM32WB05KZV6TR, STM32WB05KZV7TR, STM32WB05TZF6TR, STM32WB05TZF7TR, STM32WB06CCF6TR, STM32WB06CCF7TR, STM32WB06CCV6TR, STM32WB06CCV7TR, STM32WB06KCV6TR, STM32WB06KCV7TR, STM32WB07CCF6TR, STM32WB07CCF7TR, STM32WB07CCV6TR, STM32WB07CCV7TR, STM32WB07KCV6TR, STM32WB07KCV7TR, STM32WB09KEV6TR, STM32WB09KEV7TR, STM32WB09TEF6TR, STM32WB09TEF7TR, STM32WB1MMCH6, STM32WBA50KGU6, STM32WBA50KGU6TR, STM32WBA52CEU6, STM32WBA52CEU6TR, STM32WBA52CEU7, STM32WBA52CEU7TR, STM32WBA52CGU6, STM32WBA52CGU6TR, STM32WBA52CGU6U, STM32WBA52CGU7, STM32WBA52CGU7TR, STM32WBA52KEU6, STM32WBA52KEU6TR, STM32WBA52KGU6, STM32WBA52KGU6TR, STM32WBA54CEU6, STM32WBA54CEU6TR, STM32WBA54CEU7, STM32WBA54CEU7TR, STM32WBA54CGU6, STM32WBA54CGU6TR, STM32WBA54CGU7, STM32WBA54CGU7TR, STM32WBA54KEU6, STM32WBA54KEU6TR, STM32WBA54KEU7, STM32WBA54KEU7TR, STM32WBA54KGU6, STM32WBA54KGU6TR, STM32WBA54KGU7, STM32WBA54KGU7TR, STM32WBA55CEU6, STM32WBA55CEU6TR, STM32WBA55CEU7, STM32WBA55CEU7TR, STM32WBA55CGU6, STM32WBA55CGU6TR, STM32WBA55CGU6U, STM32WBA55CGU7, STM32WBA55CGU7TR, STM32WBA55G-DK1, STM32WBA55HEF6, STM32WBA55HEF7, STM32WBA55HGF6, STM32WBA55HGF7, STM32WBA55UEI6, STM32WBA55UEI6TR, STM32WBA55UEI7, STM32WBA55UEI7TR, STM32WBA55UGI6, STM32WBA55UGI6TR, STM32WBA55UGI7, STM32WBA55UGI7TR, STM32WBA5MMGH6TR, STM32WBA62MGF6, STM32WBA62MIF6, STM32WBA65MGF7, STM32WBA65MIF6, STM32WBA65MIF7, STM32WL30K8V6, STM32WL30KBV6, STM32WL31C8V6, STM32WL31CBV6, STM32WL31K8V6, STM32WL31KBV6, STM32WL33C8V6, STM32WL33C8V6X, STM32WL33CBV6, STM32WL33CBV6X, STM32WL33CCV6, STM32WL33CCV6A, STM32WL33CCV6X, STM32WL33K8V7, STM32WL33K8V7X, STM32WL33KBV7 , STM32WL33KBV7X, STM32WL33KCV7, STM32WL33KCV7X, STM32WL5MOCH6, STM32WL5MOCH6TR]
2026-06-15 22:11:43,676 [INFO] ApiDb:668 - CubeFinder database Data Model version=2.1
2026-06-15 22:11:43,676 [INFO] ApiDb:669 - CubeFinder database Configuration version=3.0.42
2026-06-15 22:11:43,677 [INFO] ApiDb:670 - CubeFinder database generation date=2026-05-14 (1778746352)
2026-06-15 22:11:43,677 [INFO] ApiDb:671 - CubeFinder database FW Pack versions=[FP-ATR-ASTRA1_V2.0.0, FP-SNS-FLIGHT1_V5.1.0, FP-SNS-MOTENV1_V5.1.0, FP-SNS-MOTENVWB1_V1.5.0, FP-SNS-SMARTAG2_V1.2.0, FP-SNS-STBOX1_V2.1.0, STM32Cube_FW_C0_V1.4.0, STM32Cube_FW_F4_V1.28.3, STM32Cube_FW_F7_V1.17.4, STM32Cube_FW_G0_V1.6.3, STM32Cube_FW_G4_V1.6.2, STM32Cube_FW_H5_V1.6.0, STM32Cube_FW_H7RS_V1.3.0, STM32Cube_FW_H7_V1.13.0, STM32Cube_FW_L0_V1.12.2, STM32Cube_FW_L4_V1.18.2, STM32Cube_FW_L5_V1.6.0, STM32Cube_FW_N6_V1.3.0, STM32Cube_FW_U0_V1.3.0, STM32Cube_FW_U3_V1.3.0, STM32Cube_FW_U5_V1.8.0, STM32Cube_FW_WB0_V1.4.0, STM32Cube_FW_WBA_V1.9.0, STM32Cube_FW_WB_V1.24.0, STM32Cube_FW_WL3_V1.4.0, STM32Cube_FW_WL_V1.5.0, X-CUBE-ALGOBUILD_V1.4.0, X-CUBE-ALS_V1.0.2, X-CUBE-AZRTOS-F4_V1.1.0, X-CUBE-AZRTOS-F7_V1.1.0, X-CUBE-AZRTOS-G0_V1.1.0, X-CUBE-AZRTOS-G4_V2.0.0, X-CUBE-AZRTOS-H7RS_V1.1.0, X-CUBE-AZRTOS-H7_V3.5.0, X-CUBE-AZRTOS-L4_V2.0.0, X-CUBE-AZRTOS-L5_V2.0.0, X-CUBE-AZRTOS-WB_V2.0.0, X-CUBE-AZRTOS-WL_V2.0.0, X-CUBE-BLE1_V7.1.0, X-CUBE-BLE2_V3.3.0, X-CUBE-BLEMGR_V4.1.0, X-CUBE-EEPRMA1_V5.2.0, X-CUBE-FREERTOS_V1.5.0, X-CUBE-GNSS1_V7.1.1, X-CUBE-MEMS1_V12.1.0, X-CUBE-NFC4_V3.0.0, X-CUBE-NFC7_V2.0.0, X-CUBE-SFXS2LP1_V4.0.0, X-CUBE-ST67W61_V1.3.0, X-CUBE-SUBG2_V5.0.0, X-CUBE-TOF1_V3.4.3]
2026-06-15 22:11:53,671 [INFO] ApiDb:240 - Found 880 in-development CPN: [B-G473E-ZEST1S, B-WB1M-WPAN1, B-WBA5M-WPAN, B-WL5M-SUBG1, NUCLEO-C031C6, NUCLEO-C051C8, NUCLEO-C071RB, NUCLEO-C092RC, NUCLEO-H503RB, NUCLEO-H533RE, NUCLEO-H563ZI, NUCLEO-H7S3L8, NUCLEO-N657X0-Q, NUCLEO-U031R8, NUCLEO-U083RC, NUCLEO-U385RG-Q, NUCLEO-U545RE-Q, NUCLEO-U5A5ZJ-Q, NUCLEO-WB05KZ, NUCLEO-WB07CC, NUCLEO-WB09KE, NUCLEO-WBA52CG, NUCLEO-WBA55CG, NUCLEO-WL33CC1, NUCLEO-WL33CC2, STEVAL-PROTEUS1, STEVAL-SMARTAG2, STEVAL-STWINBX1, STM320518-EVAL, STM32C0116-DK, STM32C011D6Y3TR, STM32C011D6Y6TR, STM32C011F4P3, STM32C011F4P6, STM32C011F4U3, STM32C011F4U6TR, STM32C011F6P3, STM32C011F6P6, STM32C011F6U3, STM32C011F6U6TR, STM32C011J4M3, STM32C011J4M6, STM32C011J6M3, STM32C011J6M6, STM32C0316-DK, STM32C031C4T3, STM32C031C4T6, STM32C031C4U3, STM32C031C4U6, STM32C031C6T3, STM32C031C6T6, STM32C031C6U3, STM32C031C6U6, STM32C031F4P3, STM32C031F4P6, STM32C031F6P3, STM32C031F6P6, STM32C031G4U3, STM32C031G4U6, STM32C031G6U3, STM32C031G6U6, STM32C031K4T3, STM32C031K4T6, STM32C031K4U3, STM32C031K4U6, STM32C031K6T3, STM32C031K6T6, STM32C031K6U3, STM32C031K6U6, STM32C051C6T6, STM32C051C6U6, STM32C051C8T6, STM32C051C8U6, STM32C051D8Y6TR, STM32C051F6P6, STM32C051F8P6, STM32C051G6U6, STM32C051G8U6, STM32C051K6T6, STM32C051K6U6, STM32C051K8T6, STM32C071C8T6, STM32C071C8T6N, STM32C071C8U6, STM32C071C8U6N, STM32C071CBT6, STM32C071CBT6N, STM32C071CBU6, STM32C071CBU6N, STM32C071F8P6, STM32C071F8P6N, STM32C071FBP6, STM32C071FBP6N, STM32C071FBY6TR, STM32C071G8U6, STM32C071G8U6N, STM32C071GBU6, STM32C071GBU6N, STM32C071K8T6, STM32C071K8T6N, STM32C071K8U6, STM32C071K8U6N, STM32C071KBT6, STM32C071KBT6N, STM32C071KBU6, STM32C071KBU6N, STM32C071R8T6, STM32C071R8T6N, STM32C071RBI6N, STM32C071RBT6, STM32C071RBT6N, STM32C091CBT6, STM32C091CBU6, STM32C091CCT6, STM32C091CCU6, STM32C091ECY6TR, STM32C091FBP6, STM32C091FCP6, STM32C091GBU6, STM32C091GCU6, STM32C091KBT6, STM32C091KBU6, STM32C091KCT6, STM32C091KCU6, STM32C091RBT6, STM32C091RCI6, STM32C091RCT6, STM32C092CBT6, STM32C092CBU6, STM32C092CCT6, STM32C092CCU6, STM32C092ECY6TR, STM32C092FBP6, STM32C092FCP6, STM32C092GBU6, STM32C092GCU6, STM32C092KBT6, STM32C092KBU6, STM32C092KCT6, STM32C092KCU6, STM32C092RBT6, STM32C092RCI6, STM32C092RCT6, STM32G071K8TXN, STM32G071K8UXN, STM32G081GBU6N, STM32G081KBT6N, STM32G081KBUXN, STM32G0B1CCT6N, STM32G0B1KCT6, STM32G0B1NEY6TR, STM32G0B1RCT6N, STM32G0C1CCT6, STM32G0C1CCT6N, STM32G0C1CCU6N, STM32G0C1CET6N, STM32G0C1CEU6N, STM32G0C1KCT6, STM32G0C1NEY6TR, STM32G0C1RCI6N, STM32G0C1RCT6N, STM32G0C1REI6N, STM32G0C1RET6N, STM32G0C1VCI6, STM32G0C1VEI6, STM32G411C6T3, STM32G411C6T6, STM32G411C6U3, STM32G411C6U6, STM32G411C8T3, STM32G411C8T6, STM32G411C8U3, STM32G411C8U6, STM32G411CBT3, STM32G411CBT6, STM32G411CBU3, STM32G411CBU6, STM32G411K6T3, STM32G411K6T6, STM32G411K6U3, STM32G411K6U6, STM32G411K8T3, STM32G411K8T6, STM32G411K8U3, STM32G411K8U6, STM32G411KBT3, STM32G411KBT6, STM32G411KBU3, STM32G411KBU6, STM32G411M6T3, STM32G411M6T6, STM32G411M8T3, STM32G411M8T6, STM32G411MBT3, STM32G411MBT6, STM32G411R6T3, STM32G411R6T6, STM32G411R8T3, STM32G411R8T6, STM32G411RBT3, STM32G411RBT6, STM32G414CBT3, STM32G414CBT6, STM32G414CBU3, STM32G414CBU6, STM32G414CCT3, STM32G414CCT6, STM32G414CCU3, STM32G414CCU6, STM32G414MBT3, STM32G414MBT6, STM32G414MCT3, STM32G414MCT6, STM32G414RBT3, STM32G414RBT6, STM32G414RCT3, STM32G414RCT6, STM32G414VBT3, STM32G414VBT6, STM32G414VCT3, STM32G414VCT6, STM32G431CBT3Z, STM32G431RBT3Z, STM32G471CCT6, STM32G471CCU6, STM32G471CET3, STM32G471CET6, STM32G471CEU3, STM32G471CEU6, STM32G471MCT6, STM32G471MET3, STM32G471MET6, STM32G471MEY6TR, STM32G471QCT6, STM32G471QET3, STM32G471RCT6, STM32G471RET3, STM32G471RET6, STM32G471VCH6, STM32G471VCI6, STM32G471VCT6, STM32G471VEH3, STM32G471VEH6, STM32G471VEI3, STM32G471VEI6, STM32G471VET3, STM32G471VET6, STM32G473QET3Z, STM32G473RET3Z, STM32G474CCT6, STM32G491RET3Z, STM32H503CBT6, STM32H503CBU6, STM32H503EBY6TR, STM32H503KBU6, STM32H503RBT6, STM32H523CCT6, STM32H523CCU6, STM32H523CET6, STM32H523CEU6, STM32H523HEY6TR, STM32H523RCT6, STM32H523RET6, STM32H523VCI6, STM32H523VCT6, STM32H523VEI6, STM32H523VET6, STM32H523ZCJ6, STM32H523ZCT6, STM32H523ZEJ6, STM32H523ZET6, STM32H533CET6, STM32H533CEU6, STM32H533HEY6TR, STM32H533RET6, STM32H533VEI6, STM32H533VET6, STM32H533ZEJ6, STM32H533ZET6, STM32H562AGI6, STM32H562AII6, STM32H562IGK6, STM32H562IGT6, STM32H562IIK6, STM32H562IIT6, STM32H562RGT6, STM32H562RGV6, STM32H562RIT6, STM32H562RIV6, STM32H562VGT6, STM32H562VIT6, STM32H562ZGT6, STM32H562ZIT6, STM32H563AGI6, STM32H563AII3Q, STM32H563AII6, STM32H563IGK6, STM32H563IGT6, STM32H563IIK3Q, STM32H563IIK6, STM32H563IIT3Q, STM32H563IIT6, STM32H563MIY3QTR, STM32H563RGT6, STM32H563RGV6, STM32H563RIT6, STM32H563RIV6, STM32H563VGT6, STM32H563VIT3Q, STM32H563VIT6, STM32H563ZGT6, STM32H563ZIT3Q, STM32H563ZIT6, STM32H573AII3Q, STM32H573AII6, STM32H573I-DK, STM32H573IIK3Q, STM32H573IIK6, STM32H573IIT3Q, STM32H573IIT6, STM32H573MIY3QTR, STM32H573RIT6, STM32H573RIV6, STM32H573VIT3Q, STM32H573VIT6, STM32H573ZIT3Q, STM32H573ZIT6, STM32H7R3A8I6, STM32H7R3I8K6, STM32H7R3I8T6, STM32H7R3L8H6, STM32H7R3L8H6H, STM32H7R3R8V6, STM32H7R3V8H6, STM32H7R3V8T6, STM32H7R3V8Y6TR, STM32H7R3Z8J6, STM32H7R3Z8T6, STM32H7R7A8I6, STM32H7R7I8K6, STM32H7R7I8T6, STM32H7R7L8H6, STM32H7R7L8H6H, STM32H7R7Z8J6, STM32H7S3A8I6, STM32H7S3I8K6, STM32H7S3I8T6, STM32H7S3L8H6, STM32H7S3L8H6H, STM32H7S3R8V6, STM32H7S3V8H6, STM32H7S3V8T6, STM32H7S3V8Y6TR, STM32H7S3Z8J6, STM32H7S3Z8T6, STM32H7S78-DK, STM32H7S7A8I6, STM32H7S7I8K6, STM32H7S7I8T6, STM32H7S7L8H6, STM32H7S7L8H6H, STM32H7S7Z8J6, STM32L4R5QGI6STR, STM32MP131AAE3, STM32MP131AAF3, STM32MP131AAG3, STM32MP131CAE3, STM32MP131CAF3, STM32MP131CAG3, STM32MP131DAE7, STM32MP131DAF7, STM32MP131DAG7, STM32MP131FAE7, STM32MP131FAF7, STM32MP131FAG7, STM32MP133AAE3, STM32MP133AAF3, STM32MP133AAG3, STM32MP133CAE3, STM32MP133CAF3, STM32MP133CAG3, STM32MP133DAE7, STM32MP133DAF7, STM32MP133DAG7, STM32MP133FAE7, STM32MP133FAF7, STM32MP133FAG7, STM32MP135AAE3, STM32MP135AAF3, STM32MP135AAG3, STM32MP135CAE3, STM32MP135CAF3, STM32MP135CAG3, STM32MP135DAE7, STM32MP135DAF7, STM32MP135DAG7, STM32MP135F-DK, STM32MP135FAE7, STM32MP135FAF7, STM32MP135FAF7T, STM32MP135FAF7U, STM32MP135FAG7, STM32MP211AAL3, STM32MP211AAM3, STM32MP211AAN3, STM32MP211AAO3, STM32MP211CAL3, STM32MP211CAM3, STM32MP211CAN3, STM32MP211CAO3, STM32MP211DAL3, STM32MP211DAM3, STM32MP211DAN3, STM32MP211DAO3, STM32MP211FAL3, STM32MP211FAM3, STM32MP211FAN3, STM32MP211FAO3, STM32MP213AAL3, STM32MP213AAM3, STM32MP213AAN3, STM32MP213AAO3, STM32MP213CAL3, STM32MP213CAM3, STM32MP213CAN3, STM32MP213CAO3, STM32MP213DAL3, STM32MP213DAM3, STM32MP213DAN3, STM32MP213DAO3, STM32MP213FAL3, STM32MP213FAM3, STM32MP213FAN3, STM32MP213FAO3, STM32MP215AAL3, STM32MP215AAM3, STM32MP215AAN3, STM32MP215AAO3, STM32MP215CAL3, STM32MP215CAM3, STM32MP215CAN3, STM32MP215CAO3, STM32MP215DAL3, STM32MP215DAM3, STM32MP215DAN3, STM32MP215DAO3, STM32MP215F-DK, STM32MP215FAL3, STM32MP215FAM3, STM32MP215FAN3, STM32MP215FAO3, STM32MP231AAJ3, STM32MP231AAK3, STM32MP231AAL3, STM32MP231CAJ3, STM32MP231CAK3, STM32MP231CAL3, STM32MP231DAJ3, STM32MP231DAK3, STM32MP231DAL3, STM32MP231FAJ3, STM32MP231FAK3, STM32MP231FAL3, STM32MP233AAJ3, STM32MP233AAK3, STM32MP233AAL3, STM32MP233CAJ3, STM32MP233CAK3, STM32MP233CAL3, STM32MP233DAJ3, STM32MP233DAK3, STM32MP233DAL3, STM32MP233FAJ3, STM32MP233FAK3, STM32MP233FAL3, STM32MP235AAJ3, STM32MP235AAK3, STM32MP235AAL3, STM32MP235CAJ3, STM32MP235CAK3, STM32MP235CAL3, STM32MP235DAJ3, STM32MP235DAK3, STM32MP235DAL3, STM32MP235FAJ3, STM32MP235FAK3, STM32MP235FAL3, STM32MP251AAI3, STM32MP251AAK3, STM32MP251AAL3, STM32MP251CAI3, STM32MP251CAK3, STM32MP251CAL3, STM32MP251DAI3, STM32MP251DAK3, STM32MP251DAL3, STM32MP251FAI3, STM32MP251FAK3, STM32MP251FAL3, STM32MP253AAI3, STM32MP253AAK3, STM32MP253AAL3, STM32MP253CAI3, STM32MP253CAK3, STM32MP253CAL3, STM32MP253DAI3, STM32MP253DAK3, STM32MP253DAL3, STM32MP253FAI3, STM32MP253FAK3, STM32MP253FAL3, STM32MP255AAI3, STM32MP255AAK3, STM32MP255AAL3, STM32MP255CAI3, STM32MP255CAK3, STM32MP255CAL3, STM32MP255DAI3, STM32MP255DAK3, STM32MP255DAL3, STM32MP255FAI3, STM32MP255FAK3, STM32MP255FAL3, STM32MP257AAI3, STM32MP257AAK3, STM32MP257AAL3, STM32MP257CAI3, STM32MP257CAK3, STM32MP257CAL3, STM32MP257DAI3, STM32MP257DAK3, STM32MP257DAL3, STM32MP257F-DK, STM32MP257F-EV1, STM32MP257FAI3, STM32MP257FAK3, STM32MP257FAL3, STM32N645A0H3Q, STM32N645B0H3Q, STM32N645I0H3Q, STM32N645L0H3Q, STM32N645X0H3Q, STM32N645Z0H3Q, STM32N647A0H3Q, STM32N647B0H3Q, STM32N647I0H3Q, STM32N647L0H3Q, STM32N647X0H3Q, STM32N647Z0H3Q, STM32N655A0H3Q, STM32N655B0H3Q, STM32N655I0H3Q, STM32N655L0H3Q, STM32N655X0H3Q, STM32N655Z0H3Q, STM32N6570-DK, STM32N657A0H3Q, STM32N657B0H3Q, STM32N657I0H3Q, STM32N657L0H3Q, STM32N657X0H3Q, STM32N657Z0H3Q, STM32U031C6T6, STM32U031C6U6, STM32U031C8T6, STM32U031C8U6, STM32U031F4P6, STM32U031F6P6, STM32U031F8P6, STM32U031G6Y6TR, STM32U031G8Y6TR, STM32U031K4U6, STM32U031K6U6, STM32U031K8U6, STM32U031R6I6, STM32U031R6T6, STM32U031R8I6, STM32U031R8T6, STM32U073C8T6, STM32U073C8U6, STM32U073CBT6, STM32U073CBU6, STM32U073CCT6, STM32U073CCU6, STM32U073H8Y6TR, STM32U073HBY6TR, STM32U073HCY6TR, STM32U073K8U6, STM32U073KBU6, STM32U073KCU6, STM32U073M8I6, STM32U073M8T6, STM32U073MBI6, STM32U073MBT6, STM32U073MCI6, STM32U073MCT6, STM32U073R8I6, STM32U073R8T6, STM32U073RBI6, STM32U073RBT6, STM32U073RCI6, STM32U073RCT6, STM32U083C-DK, STM32U083CCT6, STM32U083CCU6, STM32U083HCY6TR, STM32U083KCU6, STM32U083MCI6, STM32U083MCT6, STM32U083RCI6, STM32U083RCT6, STM32U375CET6, STM32U375CET6Q, STM32U375CEU6, STM32U375CEU6Q, STM32U375CEY6QTR, STM32U375CGT6, STM32U375CGT6Q, STM32U375CGU6, STM32U375CGU6Q, STM32U375CGY6QTR, STM32U375KEU6, STM32U375KGU6, STM32U375REI6, STM32U375REI6Q, STM32U375RET6, STM32U375RET6Q, STM32U375REY6GTR, STM32U375REY6QTR, STM32U375RGI6, STM32U375RGI6Q, STM32U375RGT6, STM32U375RGT6Q, STM32U375RGY6GTR, STM32U375RGY6QTR, STM32U375VEI6, STM32U375VEI6Q, STM32U375VET6, STM32U375VET6Q, STM32U375VGI6, STM32U375VGI6Q, STM32U375VGT6, STM32U375VGT6Q, STM32U385CGT6, STM32U385CGT6Q, STM32U385CGU6, STM32U385CGU6Q, STM32U385CGY6QTR, STM32U385KGU6, STM32U385RGI6, STM32U385RGI6Q, STM32U385RGT6, STM32U385RGT6Q, STM32U385RGY6GTR, STM32U385RGY6QTR, STM32U385VGI6, STM32U385VGI6Q, STM32U385VGT6, STM32U385VGT6Q, STM32U535CBT6, STM32U535CBT6Q, STM32U535CBU6, STM32U535CBU6Q, STM32U535CCT6, STM32U535CCT6Q, STM32U535CCU6, STM32U535CCU6Q, STM32U535CET6, STM32U535CET6Q, STM32U535CEU6, STM32U535CEU6Q, STM32U535JEY6QTR, STM32U535NCY6QTR, STM32U535NEY6QTR, STM32U535RBI6, STM32U535RBI6Q, STM32U535RBT6, STM32U535RBT6Q, STM32U535RCI6, STM32U535RCI6Q, STM32U535RCT6, STM32U535RCT6Q, STM32U535REI6, STM32U535REI6Q, STM32U535RET6, STM32U535RET6Q, STM32U535VCI6, STM32U535VCI6Q, STM32U535VCT6, STM32U535VCT6Q, STM32U535VEI6, STM32U535VEI6Q, STM32U535VET6, STM32U535VET6Q, STM32U545CET6, STM32U545CET6Q, STM32U545CEU6, STM32U545CEU6Q, STM32U545JEY6QTR, STM32U545NEY6QTR, STM32U545REI6, STM32U545REI6Q, STM32U545RET6, STM32U545RET6Q, STM32U545VEI6, STM32U545VEI6Q, STM32U545VET6, STM32U545VET6Q, STM32U595AIH6, STM32U595AIH6Q, STM32U595AJH6, STM32U595AJH6Q, STM32U595QII6, STM32U595QII6Q, STM32U595QJI6, STM32U595QJI6Q, STM32U595RIT6, STM32U595RIT6Q, STM32U595RJT6, STM32U595RJT6Q, STM32U595VIT6, STM32U595VIT6Q, STM32U595VJT6, STM32U595VJT6Q, STM32U595ZIT6, STM32U595ZIT6Q, STM32U595ZIY6QTR, STM32U595ZJT6, STM32U595ZJT6Q, STM32U595ZJY6QTR, STM32U599BJY6QTR, STM32U599NIH6Q, STM32U599NJH6Q, STM32U599VIT6Q, STM32U599VJT6, STM32U599VJT6Q, STM32U599ZIT6Q, STM32U599ZIY6QTR, STM32U599ZJT6Q, STM32U599ZJY6QTR, STM32U5A5AJH6, STM32U5A5AJH6Q, STM32U5A5QII3Q , STM32U5A5QJI6, STM32U5A5QJI6Q, STM32U5A5RJT6, STM32U5A5RJT6Q, STM32U5A5VJT6, STM32U5A5VJT6Q, STM32U5A5ZJT6, STM32U5A5ZJT6Q, STM32U5A5ZJY6QTR, STM32U5A9BJY6QTR, STM32U5A9J-DK, STM32U5A9NJH6Q, STM32U5A9VJT6Q, STM32U5A9ZJT6Q, STM32U5A9ZJY6QTR, STM32U5F7VIT6, STM32U5F7VIT6Q, STM32U5F7VJT6, STM32U5F7VJT6Q, STM32U5F9BJY6QTR, STM32U5F9NJH6Q, STM32U5F9VIT6Q, STM32U5F9VJT6Q, STM32U5F9ZIJ6QTR, STM32U5F9ZIT6Q, STM32U5F9ZJJ6QTR, STM32U5F9ZJT6Q, STM32U5G7VJT6, STM32U5G7VJT6Q, STM32U5G9BJY6QTR, STM32U5G9J-DK1, STM32U5G9J-DK2, STM32U5G9NJH6Q, STM32U5G9VJT6Q, STM32U5G9ZJJ6QTR, STM32U5G9ZJT6Q, STM32WB05KZV6TR, STM32WB05KZV7TR, STM32WB05TZF6TR, STM32WB05TZF7TR, STM32WB06CCF6TR, STM32WB06CCF7TR, STM32WB06CCV6TR, STM32WB06CCV7TR, STM32WB06KCV6TR, STM32WB06KCV7TR, STM32WB07CCF6TR, STM32WB07CCF7TR, STM32WB07CCV6TR, STM32WB07CCV7TR, STM32WB07KCV6TR, STM32WB07KCV7TR, STM32WB09KEV6TR, STM32WB09KEV7TR, STM32WB09TEF6TR, STM32WB09TEF7TR, STM32WB1MMCH6, STM32WBA50KGU6, STM32WBA50KGU6TR, STM32WBA52CEU6, STM32WBA52CEU6TR, STM32WBA52CEU7, STM32WBA52CEU7TR, STM32WBA52CGU6, STM32WBA52CGU6TR, STM32WBA52CGU6U, STM32WBA52CGU7, STM32WBA52CGU7TR, STM32WBA52KEU6, STM32WBA52KEU6TR, STM32WBA52KGU6, STM32WBA52KGU6TR, STM32WBA54CEU6, STM32WBA54CEU6TR, STM32WBA54CEU7, STM32WBA54CEU7TR, STM32WBA54CGU6, STM32WBA54CGU6TR, STM32WBA54CGU7, STM32WBA54CGU7TR, STM32WBA54KEU6, STM32WBA54KEU6TR, STM32WBA54KEU7, STM32WBA54KEU7TR, STM32WBA54KGU6, STM32WBA54KGU6TR, STM32WBA54KGU7, STM32WBA54KGU7TR, STM32WBA55CEU6, STM32WBA55CEU6TR, STM32WBA55CEU7, STM32WBA55CEU7TR, STM32WBA55CGU6, STM32WBA55CGU6TR, STM32WBA55CGU6U, STM32WBA55CGU7, STM32WBA55CGU7TR, STM32WBA55G-DK1, STM32WBA55HEF6, STM32WBA55HEF7, STM32WBA55HGF6, STM32WBA55HGF7, STM32WBA55UEI6, STM32WBA55UEI6TR, STM32WBA55UEI7, STM32WBA55UEI7TR, STM32WBA55UGI6, STM32WBA55UGI6TR, STM32WBA55UGI7, STM32WBA55UGI7TR, STM32WBA5MMGH6TR, STM32WBA62MGF6, STM32WBA62MIF6, STM32WBA65MGF7, STM32WBA65MIF6, STM32WBA65MIF7, STM32WL30K8V6, STM32WL30KBV6, STM32WL31C8V6, STM32WL31CBV6, STM32WL31K8V6, STM32WL31KBV6, STM32WL33C8V6, STM32WL33C8V6X, STM32WL33CBV6, STM32WL33CBV6X, STM32WL33CCV6, STM32WL33CCV6A, STM32WL33CCV6X, STM32WL33K8V7, STM32WL33K8V7X, STM32WL33KBV7 , STM32WL33KBV7X, STM32WL33KCV7, STM32WL33KCV7X, STM32WL5MOCH6, STM32WL5MOCH6TR]
2026-06-15 22:11:53,681 [INFO] DbMcus:218 - Found 5086 MCUs, 4968 are supported
2026-06-15 22:11:53,683 [INFO] ApiDb:423 - Load user favorites file C:\Users\Usuario/.stm32cubeide/favorites.mcus.txt: 2 item(s)
2026-06-15 22:11:53,683 [INFO] ApiDb:427 - User favorites MCUs=[STM32F103C8T6, STM32F103RCT6]
2026-06-15 22:11:53,684 [INFO] DbMcus:224 - Set 2 / 2 favorites MCUs
2026-06-15 22:11:55,317 [INFO] BoardInfo:889 - No configuration file found for board NUCLEO-H5E5ZJ
2026-06-15 22:11:55,321 [INFO] DbBoards:161 - Board is not supported: NUCLEO-H5E5ZJ
2026-06-15 22:11:55,503 [INFO] BoardInfo:889 - No configuration file found for board NUCLEO-U3C5ZI-Q
2026-06-15 22:11:55,506 [INFO] DbBoards:161 - Board is not supported: NUCLEO-U3C5ZI-Q
2026-06-15 22:11:55,547 [INFO] BoardInfo:889 - No configuration file found for board NUCLEO-WBA25CE1
2026-06-15 22:11:55,549 [INFO] DbBoards:161 - Board is not supported: NUCLEO-WBA25CE1
2026-06-15 22:11:55,572 [INFO] BoardInfo:889 - No configuration file found for board NUCLEO-WL3RKB1
2026-06-15 22:11:55,575 [INFO] DbBoards:161 - Board is not supported: NUCLEO-WL3RKB1
2026-06-15 22:11:55,578 [INFO] BoardInfo:889 - No configuration file found for board NUCLEO-WL3RKB2
2026-06-15 22:11:55,581 [INFO] DbBoards:161 - Board is not supported: NUCLEO-WL3RKB2
2026-06-15 22:11:55,607 [INFO] BoardInfo:889 - No configuration file found for board P-NUCLEO-WB55
2026-06-15 22:11:55,610 [INFO] DbBoards:161 - Kit is not supported: P-NUCLEO-WB55
2026-06-15 22:11:55,625 [INFO] BoardInfo:889 - No configuration file found for board STEVAL-BFA001V1B
2026-06-15 22:11:55,627 [INFO] DbBoards:161 - Kit is not supported: STEVAL-BFA001V1B
2026-06-15 22:11:55,630 [INFO] BoardInfo:889 - No configuration file found for board STEVAL-BFA001V2B
2026-06-15 22:11:55,632 [INFO] DbBoards:161 - Kit is not supported: STEVAL-BFA001V2B
2026-06-15 22:11:55,918 [INFO] BoardInfo:889 - No configuration file found for board STM32H5F5J-DK
2026-06-15 22:11:55,921 [INFO] DbBoards:161 - Board is not supported: STM32H5F5J-DK
2026-06-15 22:11:56,141 [INFO] DbBoards:168 - Found 218 boards, 209 are supported
2026-06-15 22:11:56,141 [INFO] DbBoards:169 - Found 218 boards, 43 of them is supported for  Bsp
2026-06-15 22:11:56,149 [INFO] ApiDb:423 - Load user favorites file C:\Users\Usuario/.stm32cubeide/favorites.boards.txt: 0 item(s)
2026-06-15 22:11:56,150 [INFO] ApiDb:427 - User favorites Boards=[]
2026-06-15 22:11:56,150 [INFO] DbBoards:198 - Set 0 / 0 favorites Boards
2026-06-15 22:11:56,239 [INFO] UtilMem:75 - End LoadConfig() Used Memory: 188823288 Bytes (313524224)
2026-06-15 22:11:56,606 [WARN] ThirdParty:833 - waiting for thirdparty lock release [change project]
2026-06-15 22:11:56,606 [INFO] ThirdParty:835 - entering critical section [change project]
2026-06-15 22:11:56,606 [INFO] ThirdParty:1030 - CMSIS Pack Vendor :STMicroelectronics X-CUBE-AZRTOS-H7 3.5.0
2026-06-15 22:11:56,606 [INFO] ThirdParty:1030 - CMSIS Pack Vendor :STMicroelectronics X-CUBE-PM33A1 1.0.0
2026-06-15 22:11:56,606 [INFO] ThirdParty:1030 - CMSIS Pack Vendor :STMicroelectronics USBPD 4.1
2026-06-15 22:11:56,607 [INFO] ThirdParty:1030 - CMSIS Pack Vendor :STMicroelectronics X-CUBE-NFC9 1.0.0
2026-06-15 22:11:56,607 [INFO] ThirdParty:1030 - CMSIS Pack Vendor :STMicroelectronics USB_HOST 2.0.0
2026-06-15 22:11:56,607 [INFO] ThirdParty:1030 - CMSIS Pack Vendor :STMicroelectronics FP-SNS-MOTENVWB1 1.4.0
2026-06-15 22:11:56,607 [INFO] ThirdParty:1030 - CMSIS Pack Vendor :STMicroelectronics X-CUBE-AZRTOS-F4 1.1.0
2026-06-15 22:11:56,607 [INFO] ThirdParty:1030 - CMSIS Pack Vendor :STMicroelectronics LIBJPEG 8.0.0
2026-06-15 22:11:56,607 [INFO] ThirdParty:1030 - CMSIS Pack Vendor :STMicroelectronics FP-ATR-ASTRA1 2.0.2
2026-06-15 22:11:56,607 [INFO] ThirdParty:1030 - CMSIS Pack Vendor :STMicroelectronics X-CUBE-BLE1 7.1.0
2026-06-15 22:11:56,607 [INFO] ThirdParty:1030 - CMSIS Pack Vendor :STMicroelectronics X-CUBE-SMBUS 2.1.0
2026-06-15 22:11:56,607 [INFO] ThirdParty:1030 - CMSIS Pack Vendor :STMicroelectronics USB_DEVICE 3.0.0
2026-06-15 22:11:56,607 [INFO] ThirdParty:1030 - CMSIS Pack Vendor :STMicroelectronics X-CUBE-ISPU 2.1.0
2026-06-15 22:11:56,607 [INFO] ThirdParty:1030 - CMSIS Pack Vendor :STMicroelectronics X-CUBE-IPS 3.2.0
2026-06-15 22:11:56,607 [INFO] ThirdParty:1030 - CMSIS Pack Vendor :STMicroelectronics eDS-WB_DPC_TT-BIDIR 2.1.1
2026-06-15 22:11:56,607 [INFO] ThirdParty:1030 - CMSIS Pack Vendor :STMicroelectronics X-CUBE-AZRTOS-WB 2.0.0
2026-06-15 22:11:56,607 [INFO] ThirdParty:1030 - CMSIS Pack Vendor :STMicroelectronics X-CUBE-ST60 1.0.0
2026-06-15 22:11:56,607 [INFO] ThirdParty:1030 - CMSIS Pack Vendor :STMicroelectronics X-CUBE-GNSS1 7.0.1
2026-06-15 22:11:56,608 [INFO] ThirdParty:1030 - CMSIS Pack Vendor :STMicroelectronics X-CUBE-AZRTOS-F7 1.1.0
2026-06-15 22:11:56,608 [INFO] ThirdParty:1030 - CMSIS Pack Vendor :STMicroelectronics X-CUBE-AZRTOS-L5 2.0.0
2026-06-15 22:11:56,608 [INFO] ThirdParty:1030 - CMSIS Pack Vendor :STMicroelectronics X-CUBE-TOUCHGFX 4.25.0
2026-06-15 22:11:56,608 [INFO] ThirdParty:1030 - CMSIS Pack Vendor :STMicroelectronics USB_DEVICE 2.0.0
2026-06-15 22:11:56,608 [INFO] ThirdParty:1030 - CMSIS Pack Vendor :STMicroelectronics X-CUBE-NFC6 3.1.0
2026-06-15 22:11:56,608 [INFO] ThirdParty:1030 - CMSIS Pack Vendor :STMicroelectronics FP-SNS-STAIOTCFT 1.1.0
2026-06-15 22:11:56,608 [INFO] ThirdParty:1030 - CMSIS Pack Vendor :quantropi X-CUBE-qispace-sdk-base 2.1.0
2026-06-15 22:11:56,608 [INFO] ThirdParty:1030 - CMSIS Pack Vendor :STMicroelectronics X-CUBE-MEMS1 12.0.0
2026-06-15 22:11:56,608 [INFO] ThirdParty:1030 - CMSIS Pack Vendor :STMicroelectronics X-CUBE-STSE01 2.0.0
2026-06-15 22:11:56,608 [INFO] ThirdParty:1030 - CMSIS Pack Vendor :STMicroelectronics X-CUBE-ALGOBUILD 1.5.0
2026-06-15 22:11:56,608 [INFO] ThirdParty:1030 - CMSIS Pack Vendor :STMicroelectronics FP-SNS-MOTENV1 5.1.0
2026-06-15 22:11:56,608 [INFO] ThirdParty:1030 - CMSIS Pack Vendor :STMicroelectronics FreeRTOS 0.0.1
2026-06-15 22:11:56,608 [INFO] ThirdParty:1030 - CMSIS Pack Vendor :STMicroelectronics X-CUBE-AZRTOS-G0 1.1.0
2026-06-15 22:11:56,608 [INFO] ThirdParty:1030 - CMSIS Pack Vendor :STMicroelectronics X-CUBE-SAFEA1 1.2.2
2026-06-15 22:11:56,608 [INFO] ThirdParty:1030 - CMSIS Pack Vendor :STMicroelectronics X-CUBE-NFC4 3.0.0
2026-06-15 22:11:56,608 [INFO] ThirdParty:1030 - CMSIS Pack Vendor :STMicroelectronics X-CUBE-SUBG2 5.0.0
2026-06-15 22:11:56,608 [INFO] ThirdParty:1030 - CMSIS Pack Vendor :STMicroelectronics X-CUBE-AZRTOS-H7RS 1.1.0
2026-06-15 22:11:56,609 [INFO] ThirdParty:1030 - CMSIS Pack Vendor :STMicroelectronics STM32_WPAN 1.0.0
2026-06-15 22:11:56,609 [INFO] ThirdParty:1030 - CMSIS Pack Vendor :STMicroelectronics eDS-WB_DPC_VIENNA 1.2.0
2026-06-15 22:11:56,609 [INFO] ThirdParty:1030 - CMSIS Pack Vendor :EmbeddedOffice I-CUBE-FS-RTOS 1.0.1
2026-06-15 22:11:56,609 [INFO] ThirdParty:1030 - CMSIS Pack Vendor :STMicroelectronics lwIP 2.0.3
2026-06-15 22:11:56,609 [INFO] ThirdParty:1030 - CMSIS Pack Vendor :Cesanta I-CUBE-Mongoose 7.13.0
2026-06-15 22:11:56,609 [INFO] ThirdParty:1030 - CMSIS Pack Vendor :STMicroelectronics eDS-WB_DPC_3PH2L-BIDIR 1.1.1
2026-06-15 22:11:56,609 [INFO] ThirdParty:1030 - CMSIS Pack Vendor :STMicroelectronics USB_HOST 1.0.0
2026-06-15 22:11:56,609 [INFO] ThirdParty:1030 - CMSIS Pack Vendor :STMicroelectronics X-CUBE-AZRTOS-G4 2.0.0
2026-06-15 22:11:56,609 [INFO] ThirdParty:1030 - CMSIS Pack Vendor :STMicroelectronics X-CUBE-WB05N 2.0.0
2026-06-15 22:11:56,609 [INFO] ThirdParty:1030 - CMSIS Pack Vendor :STMicroelectronics PDM2PCM 3.1.0
2026-06-15 22:11:56,609 [INFO] ThirdParty:1030 - CMSIS Pack Vendor :STMicroelectronics PDM2PCM 3.3.0
2026-06-15 22:11:56,609 [INFO] ThirdParty:1030 - CMSIS Pack Vendor :STMicroelectronics X-CUBE-AZRTOS-H7 3.4.0
2026-06-15 22:11:56,610 [INFO] ThirdParty:1030 - CMSIS Pack Vendor :STMicroelectronics X-CUBE-DISPLAY 3.0.0
2026-06-15 22:11:56,610 [INFO] ThirdParty:1030 - CMSIS Pack Vendor :STMicroelectronics X-CUBE-NFC7 2.0.0
2026-06-15 22:11:56,610 [INFO] ThirdParty:1030 - CMSIS Pack Vendor :STMicroelectronics X-CUBE-GNSS1 7.1.1
2026-06-15 22:11:56,610 [INFO] ThirdParty:1030 - CMSIS Pack Vendor :STMicroelectronics FP-SNS-MOTENVWB1 1.5.0
2026-06-15 22:11:56,610 [INFO] ThirdParty:1030 - CMSIS Pack Vendor :STMicroelectronics X-CUBE-TCPP 4.2.0
2026-06-15 22:11:56,610 [INFO] ThirdParty:1030 - CMSIS Pack Vendor :RealThread X-CUBE-RT-Thread_Nano 4.1.1
2026-06-15 22:11:56,610 [INFO] ThirdParty:1030 - CMSIS Pack Vendor :STMicroelectronics FP-ATR-SIGFOX1 3.2.0
2026-06-15 22:11:56,610 [INFO] ThirdParty:1030 - CMSIS Pack Vendor :STMicroelectronics X-CUBE-NFC10 1.0.0
2026-06-15 22:11:56,610 [INFO] ThirdParty:1030 - CMSIS Pack Vendor :STMicroelectronics X-CUBE-FREERTOS 1.3.1
2026-06-15 22:11:56,610 [INFO] ThirdParty:1030 - CMSIS Pack Vendor :STMicroelectronics HAL Drivers 0.0.0
2026-06-15 22:11:56,610 [INFO] ThirdParty:1030 - CMSIS Pack Vendor :STMicroelectronics X-CUBE-FREERTOS 1.5.0
2026-06-15 22:11:56,610 [INFO] ThirdParty:1030 - CMSIS Pack Vendor :STMicroelectronics MBEDTLS 2.16.2
2026-06-15 22:11:56,610 [INFO] ThirdParty:1030 - CMSIS Pack Vendor :STMicroelectronics X-CUBE-ST60 1.1.0
2026-06-15 22:11:56,610 [INFO] ThirdParty:1030 - CMSIS Pack Vendor :STMicroelectronics X-CUBE-IPS 3.1.0
2026-06-15 22:11:56,610 [INFO] ThirdParty:1030 - CMSIS Pack Vendor :STMicroelectronics X-CUBE-ALS 1.0.2
2026-06-15 22:11:56,610 [INFO] ThirdParty:1030 - CMSIS Pack Vendor :STMicroelectronics MBEDTLS 2.14.1
2026-06-15 22:11:56,610 [INFO] ThirdParty:1030 - CMSIS Pack Vendor :STMicroelectronics X-CUBE-GNSS1 7.1.0
2026-06-15 22:11:56,611 [INFO] ThirdParty:1030 - CMSIS Pack Vendor :STMicroelectronics X-CUBE-TOUCHGFX 4.26.1
2026-06-15 22:11:56,611 [INFO] ThirdParty:1030 - CMSIS Pack Vendor :portGmbH I-Cube-SoM-uGOAL 1.1.0
2026-06-15 22:11:56,611 [INFO] ThirdParty:1030 - CMSIS Pack Vendor :STMicroelectronics X-CUBE-NFC6 3.2.0
2026-06-15 22:11:56,611 [INFO] ThirdParty:1030 - CMSIS Pack Vendor :STMicroelectronics X-CUBE-ST67W61 1.0.0
2026-06-15 22:11:56,611 [INFO] ThirdParty:1030 - CMSIS Pack Vendor :STMicroelectronics FP-SNS-STAIOTCFT 1.0.0
2026-06-15 22:11:56,611 [INFO] ThirdParty:1030 - CMSIS Pack Vendor :STMicroelectronics ThreadX 1.0.0
2026-06-15 22:11:56,611 [INFO] ThirdParty:1030 - CMSIS Pack Vendor :STMicroelectronics FP-SNS-SMARTAG2 1.2.0
2026-06-15 22:11:56,611 [INFO] ThirdParty:1030 - CMSIS Pack Vendor :STMicroelectronics X-CUBE-MEMS1 12.1.0
2026-06-15 22:11:56,611 [INFO] ThirdParty:1030 - CMSIS Pack Vendor :STMicroelectronics FP-SNS-FLIGHT1 5.1.0
2026-06-15 22:11:56,611 [INFO] ThirdParty:1030 - CMSIS Pack Vendor :STMicroelectronics X-CUBE-AZRTOS-WL 2.0.0
2026-06-15 22:11:56,611 [INFO] ThirdParty:1030 - CMSIS Pack Vendor :SEGGER I-CUBE-embOS 1.3.1
2026-06-15 22:11:56,611 [INFO] ThirdParty:1030 - CMSIS Pack Vendor :STMicroelectronics X-CUBE-ALGOBUILD 1.4.0
2026-06-15 22:11:56,611 [INFO] ThirdParty:1030 - CMSIS Pack Vendor :STMicroelectronics X-CUBE-DPower 1.3.0
2026-06-15 22:11:56,611 [INFO] ThirdParty:1030 - CMSIS Pack Vendor :STMicroelectronics X-CUBE-MEMS1 11.3.0
2026-06-15 22:11:56,611 [INFO] ThirdParty:1030 - CMSIS Pack Vendor :STMicroelectronics FP-SNS-MOTENV1 5.0.0
2026-06-15 22:11:56,611 [INFO] ThirdParty:1030 - CMSIS Pack Vendor :STMicroelectronics USB_DEVICE 1.0.0
2026-06-15 22:11:56,611 [INFO] ThirdParty:1030 - CMSIS Pack Vendor :STMicroelectronics X-CUBE-AZRTOS-H7RS 1.2.0
2026-06-15 22:11:56,611 [INFO] ThirdParty:1030 - CMSIS Pack Vendor :STMicroelectronics X-CUBE-AZRTOS-L4 2.0.0
2026-06-15 22:11:56,612 [INFO] ThirdParty:1030 - CMSIS Pack Vendor :STMicroelectronics ThreadX 0.0.2
2026-06-15 22:11:56,612 [INFO] ThirdParty:1030 - CMSIS Pack Vendor :WES I-CUBE-Cesium 1.3.0
2026-06-15 22:11:56,612 [INFO] ThirdParty:1030 - CMSIS Pack Vendor :STMicroelectronics lwIP 2.1.2
2026-06-15 22:11:56,612 [INFO] ThirdParty:1030 - CMSIS Pack Vendor :STMicroelectronics X-CUBE-SFXS2LP1 4.0.0
2026-06-15 22:11:56,612 [INFO] ThirdParty:1030 - CMSIS Pack Vendor :STMicroelectronics X-CUBE-BLE2 3.3.0
2026-06-15 22:11:56,612 [INFO] ThirdParty:1030 - CMSIS Pack Vendor :Avnet-IOTCONNECT X-CUBE-iotc-st67-sdk 1.0.0
2026-06-15 22:11:56,612 [INFO] ThirdParty:1030 - CMSIS Pack Vendor :STMicroelectronics X-CUBE-TOF1 3.4.3
2026-06-15 22:11:56,612 [INFO] ThirdParty:1030 - CMSIS Pack Vendor :STMicroelectronics X-CUBE-NFC13 1.0.0
2026-06-15 22:11:56,612 [INFO] ThirdParty:1030 - CMSIS Pack Vendor :STMicroelectronics PDM2PCM 3.2.0
2026-06-15 22:11:56,612 [INFO] ThirdParty:1030 - CMSIS Pack Vendor :STMicroelectronics X-CUBE-WB05N 2.1.0
2026-06-15 22:11:56,612 [INFO] ThirdParty:1030 - CMSIS Pack Vendor :STMicroelectronics X-CUBE-ST67W61 1.2.0
2026-06-15 22:11:56,612 [INFO] ThirdParty:841 - exiting critical section [change project]
2026-06-15 22:11:57,519 [INFO] PinOutPanel:1589 - setPackage(No Configuration,No Configuration)
2026-06-15 22:11:57,522 [INFO] PinOutPanel:1589 - setPackage(STM32F103C8Tx,LQFP48)
2026-06-15 22:11:58,553 [INFO] UtilMem:75 - Before build in PCC Used Memory: 182823992 Bytes (313524224)
2026-06-15 22:12:01,356 [INFO] UtilMem:75 - After build in PCC Used Memory: 170629336 Bytes (313524224)
2026-06-15 22:12:01,430 [INFO] IPUIPlugin:80 - create IPUIPlugin
2026-06-15 22:12:01,430 [INFO] IPUIPlugin:80 - create IPUIPlugin
2026-06-15 22:12:01,430 [INFO] IPUIPlugin:80 - create IPUIPlugin
2026-06-15 22:12:01,431 [INFO] IPUIPlugin:80 - create IPUIPlugin
2026-06-15 22:12:01,431 [INFO] IPUIPlugin:80 - create IPUIPlugin
2026-06-15 22:12:01,431 [INFO] IPUIPlugin:80 - create IPUIPlugin
2026-06-15 22:12:01,432 [INFO] IPUIPlugin:80 - create IPUIPlugin
2026-06-15 22:12:01,432 [INFO] IPUIPlugin:80 - create IPUIPlugin
2026-06-15 22:12:01,432 [INFO] IPUIPlugin:80 - create IPUIPlugin
2026-06-15 22:12:01,432 [INFO] IPUIPlugin:80 - create IPUIPlugin
2026-06-15 22:12:01,433 [INFO] IPUIPlugin:80 - create IPUIPlugin
2026-06-15 22:12:01,433 [INFO] IPUIPlugin:80 - create IPUIPlugin
2026-06-15 22:12:01,434 [INFO] IPUIPlugin:80 - create IPUIPlugin
2026-06-15 22:12:01,434 [INFO] IPUIPlugin:80 - create IPUIPlugin
2026-06-15 22:12:01,435 [INFO] IPUIPlugin:80 - create IPUIPlugin
2026-06-15 22:12:01,436 [INFO] IPUIPlugin:80 - create IPUIPlugin
2026-06-15 22:12:01,436 [INFO] IPUIPlugin:80 - create IPUIPlugin
2026-06-15 22:12:01,438 [INFO] IPUIPlugin:80 - create IPUIPlugin
2026-06-15 22:12:01,438 [INFO] IPUIPlugin:80 - create IPUIPlugin
2026-06-15 22:12:01,439 [INFO] IPUIPlugin:80 - create IPUIPlugin
2026-06-15 22:12:01,439 [INFO] IPUIPlugin:80 - create IPUIPlugin
2026-06-15 22:12:01,440 [INFO] IPUIPlugin:80 - create IPUIPlugin
2026-06-15 22:12:01,446 [INFO] IPUIPlugin:80 - create IPUIPlugin
2026-06-15 22:12:01,452 [INFO] IPUIPlugin:80 - create IPUIPlugin
2026-06-15 22:12:01,453 [INFO] IPUIPlugin:80 - create IPUIPlugin
2026-06-15 22:12:01,454 [INFO] IPUIPlugin:80 - create IPUIPlugin
2026-06-15 22:12:01,454 [INFO] IPUIPlugin:80 - create IPUIPlugin
2026-06-15 22:12:01,843 [INFO] CADModel:165 - CPN selected for project levelSTM32F103C8T6
2026-06-15 22:12:01,843 [INFO] CADModel:114 - Register for checkConnection events
2026-06-15 22:12:03,696 [INFO] OpenFileManager:386 - Restore cursor
2026-06-15 22:12:06,751 [INFO] LogOutputStream:77 - [STDOUT_REDIRECT] 
2026-06-15 22:12:19,677 [INFO] McuFinderGlobals:63 - Set McuFinder mode to 2 (CubeIDE integrated)
2026-06-15 22:12:19,682 [INFO] UserAuth:487 - Internet connection configuration mode: 1
2026-06-15 22:12:19,962 [INFO] JxBrowserEngine:152 - Initiate JxBrowser Engine with user profile folder
2026-06-15 22:12:25,970 [INFO] WebApp:169 - Instantiating new browser for Auth
2026-06-15 22:12:28,549 [INFO] WebApp:463 - Apply proxy settings
2026-06-15 22:12:28,550 [INFO] WebApp:548 - Chromium requires no authentication
2026-06-15 22:12:28,729 [INFO] WebApp:491 - Direct internet connection detected
2026-06-15 22:12:28,996 [INFO] WebApp:900 - Register for checkConnection events
2026-06-15 22:12:28,997 [INFO] WebApp:463 - Apply proxy settings
2026-06-15 22:12:28,997 [INFO] WebApp:548 - Chromium requires no authentication
2026-06-15 22:12:28,998 [INFO] WebApp:491 - Direct internet connection detected
2026-06-15 22:12:29,493 [INFO] WebApp:191 - Connection restablished
2026-06-15 22:12:29,863 [INFO] WebApp:225 - Starting web application
2026-06-15 22:12:29,864 [INFO] WebApp:593 - Web application path used C:\ST\STM32CubeIDE_1.19.0\STM32CubeIDE\plugins\com.st.stm32cube.common.mx_6.15.0.202507011659\db\plugins\mcufinder\reactClient1\index.html
2026-06-15 22:12:32,599 [INFO] UserAuth:487 - Internet connection configuration mode: 1
2026-06-15 22:13:43,276 [ERROR] LogOutputStream:75 - [STDERR_REDIRECT] 
2026-06-15 22:13:43,284 [ERROR] LogOutputStream:75 - [STDERR_REDIRECT] 
2026-06-15 22:14:01,902 [INFO] Activator:176 - 


2026-06-15 22:14:01,905 [INFO] Activator:177 - !SESSION log4j initialized
2026-06-15 22:14:08,144 [INFO] LogOutputStream:77 - [STDOUT_REDIRECT] 
2026-06-15 22:14:15,424 [INFO] ApplicationProperties:184 - Using Application install path: C:\ST\STM32CubeIDE_1.19.0\STM32CubeIDE\plugins\com.st.stm32cube.common.mx_6.15.0.202507011659
2026-06-15 22:14:15,448 [INFO] DbMcusXml:78 - Set database path to: C:\ST\STM32CubeIDE_1.19.0\STM32CubeIDE\plugins\com.st.stm32cube.common.mx_6.15.0.202507011659\\db\/mcu/
2026-06-15 22:14:15,448 [INFO] ApiDb:274 - Set plugin database path to: C:\ST\STM32CubeIDE_1.19.0\STM32CubeIDE\plugins\com.st.stm32cube.common.mx_6.15.0.202507011659\\db\/plugins/boardmanager/
2026-06-15 22:14:15,449 [WARN] ApiDb:259 - Overriding images path with different value:  => C:\ST\STM32CubeIDE_1.19.0\STM32CubeIDE\plugins\com.st.stm32cube.common.mx_6.15.0.202507011659\\db\/plugins/mcufinder/images/
2026-06-15 22:14:15,458 [INFO] ApiDb:250 - Set database path to: C:\Users\Usuario\.stmcufinder\plugins\mcufinder//mcu/
2026-06-15 22:14:15,460 [INFO] DbMcusAds:125 - Set database path to: C:\Users\Usuario\.stmcufinder\plugins\mcufinder//mcu/
2026-06-15 22:14:15,465 [INFO] CrossReferenceDbSqlite:203 - Set database path to: C:\Users\Usuario\.stmcufinder\plugins\mcufinder//mcu/cs/
2026-06-15 22:14:15,680 [INFO] RulesReader:64 - Compatibility file has been processed (317 Rules)
2026-06-15 22:14:15,830 [INFO] DbMcusXml:78 - Set database path to: C:\ST\STM32CubeIDE_1.19.0\STM32CubeIDE\plugins\com.st.stm32cube.common.mx_6.15.0.202507011659\\db\/mcu/
2026-06-15 22:14:15,830 [INFO] ApiDb:274 - Set plugin database path to: C:\ST\STM32CubeIDE_1.19.0\STM32CubeIDE\plugins\com.st.stm32cube.common.mx_6.15.0.202507011659\\db\/plugins/boardmanager/
2026-06-15 22:14:15,831 [INFO] ApiDb:261 - Set plugin images path to: C:\ST\STM32CubeIDE_1.19.0\STM32CubeIDE\plugins\com.st.stm32cube.common.mx_6.15.0.202507011659\\db\/plugins/mcufinder/images/
2026-06-15 22:14:15,831 [WARN] DbFile:41 - Overriding database path with different value: C:\Users\Usuario\.stmcufinder\plugins\mcufinder/ => C:\Users\Usuario\.stmcufinder\plugins\mcufinder
2026-06-15 22:14:15,831 [INFO] ApiDb:250 - Set database path to: C:\Users\Usuario\.stmcufinder\plugins\mcufinder//mcu/
2026-06-15 22:14:15,832 [WARN] DbFile:41 - Overriding database path with different value: C:\Users\Usuario\.stmcufinder\plugins\mcufinder/ => C:\Users\Usuario\.stmcufinder\plugins\mcufinder
2026-06-15 22:14:15,832 [INFO] DbMcusAds:125 - Set database path to: C:\Users\Usuario\.stmcufinder\plugins\mcufinder//mcu/
2026-06-15 22:14:15,832 [WARN] DbFile:41 - Overriding database path with different value: C:\Users\Usuario\.stmcufinder\plugins\mcufinder/ => C:\Users\Usuario\.stmcufinder\plugins\mcufinder
2026-06-15 22:14:15,832 [WARN] DbFile:41 - Overriding database path with different value: C:\Users\Usuario\.stmcufinder\plugins\mcufinder/ => C:\Users\Usuario\.stmcufinder\plugins\mcufinder
2026-06-15 22:14:15,833 [INFO] CrossReferenceDbSqlite:203 - Set database path to: C:\Users\Usuario\.stmcufinder\plugins\mcufinder//mcu/cs/
2026-06-15 22:14:15,970 [INFO] MainPanel:274 - HeapMemory: 268435456
2026-06-15 22:14:16,188 [INFO] DbMcusXml:78 - Set database path to: C:\ST\STM32CubeIDE_1.19.0\STM32CubeIDE\plugins\com.st.stm32cube.common.mx_6.15.0.202507011659\\db\/mcu/
2026-06-15 22:14:16,188 [INFO] ApiDb:274 - Set plugin database path to: C:\ST\STM32CubeIDE_1.19.0\STM32CubeIDE\plugins\com.st.stm32cube.common.mx_6.15.0.202507011659\\db\/plugins/boardmanager/
2026-06-15 22:14:16,188 [INFO] ApiDb:261 - Set plugin images path to: C:\ST\STM32CubeIDE_1.19.0\STM32CubeIDE\plugins\com.st.stm32cube.common.mx_6.15.0.202507011659\\db\/plugins/mcufinder/images/
2026-06-15 22:14:16,189 [WARN] DbFile:41 - Overriding database path with different value: C:\Users\Usuario\.stmcufinder\plugins\mcufinder/ => C:\Users\Usuario\.stmcufinder\plugins\mcufinder
2026-06-15 22:14:16,189 [INFO] ApiDb:250 - Set database path to: C:\Users\Usuario\.stmcufinder\plugins\mcufinder//mcu/
2026-06-15 22:14:16,189 [WARN] DbFile:41 - Overriding database path with different value: C:\Users\Usuario\.stmcufinder\plugins\mcufinder/ => C:\Users\Usuario\.stmcufinder\plugins\mcufinder
2026-06-15 22:14:16,189 [INFO] DbMcusAds:125 - Set database path to: C:\Users\Usuario\.stmcufinder\plugins\mcufinder//mcu/
2026-06-15 22:14:16,189 [WARN] DbFile:41 - Overriding database path with different value: C:\Users\Usuario\.stmcufinder\plugins\mcufinder/ => C:\Users\Usuario\.stmcufinder\plugins\mcufinder
2026-06-15 22:14:16,190 [WARN] DbFile:41 - Overriding database path with different value: C:\Users\Usuario\.stmcufinder\plugins\mcufinder/ => C:\Users\Usuario\.stmcufinder\plugins\mcufinder
2026-06-15 22:14:16,190 [INFO] CrossReferenceDbSqlite:203 - Set database path to: C:\Users\Usuario\.stmcufinder\plugins\mcufinder//mcu/cs/
2026-06-15 22:14:16,243 [INFO] ApplicationProperties:184 - Using Application install path: C:\ST\STM32CubeIDE_1.19.0\STM32CubeIDE\plugins\com.st.stm32cube.common.mx_6.15.0.202507011659
2026-06-15 22:14:16,246 [INFO] PluginManage:196 - Search for loadable plugins [exclusion list=, ]
2026-06-15 22:14:16,249 [INFO] PluginManage:310 - Check plugin analytics
2026-06-15 22:14:26,222 [INFO] AnalyticsPlugin:253 - Accepted Software Licenses: 
2026-06-15 22:14:26,223 [INFO] AnalyticsPlugin:255 - Accepted CMSIS Pack Licenses: 
2026-06-15 22:14:26,223 [INFO] AnalyticsPlugin:257 - Accepted Firmware Licenses: 
2026-06-15 22:14:26,230 [INFO] PluginManage:359 - Loaded plugin analytics (category:tool,tabindex:-1)
2026-06-15 22:14:26,231 [INFO] PluginManage:310 - Check plugin cadmodel
2026-06-15 22:14:26,264 [INFO] CADModel:105 - Init CAD model plugin
2026-06-15 22:14:26,265 [INFO] PluginManage:359 - Loaded plugin cadmodel (category:power,tabindex:5)
2026-06-15 22:14:26,266 [INFO] PluginManage:310 - Check plugin clock
2026-06-15 22:14:26,290 [INFO] PluginManage:359 - Loaded plugin clock (category:base,tabindex:2)
2026-06-15 22:14:26,291 [INFO] PluginManage:310 - Check plugin ddr
2026-06-15 22:14:26,296 [INFO] PluginManage:359 - Loaded plugin ddr (category:tool,tabindex:6)
2026-06-15 22:14:26,296 [INFO] PluginManage:310 - Check plugin filemanager
2026-06-15 22:14:26,687 [INFO] PluginManage:359 - Loaded plugin filemanager (category:base,tabindex:10)
2026-06-15 22:14:26,688 [INFO] PluginManage:310 - Check plugin ipmanager
2026-06-15 22:14:26,706 [INFO] PluginManage:359 - Loaded plugin ipmanager (category:base,tabindex:5)
2026-06-15 22:14:26,707 [INFO] PluginManage:310 - Check plugin lpbam
2026-06-15 22:14:26,730 [INFO] PluginManage:359 - Loaded plugin lpbam (category:base,tabindex:0)
2026-06-15 22:14:26,730 [INFO] PluginManage:310 - Check plugin memorymap
2026-06-15 22:14:26,759 [INFO] PluginManage:359 - Loaded plugin memorymap (category:base,tabindex:4)
2026-06-15 22:14:26,759 [INFO] PluginManage:310 - Check plugin pinoutandconfiguration
2026-06-15 22:14:26,779 [INFO] PluginManage:359 - Loaded plugin pinoutandconfiguration (category:base,tabindex:1)
2026-06-15 22:14:26,780 [INFO] PluginManage:310 - Check plugin pinoutconfig
2026-06-15 22:14:26,994 [WARN] SupportedApi:132 - Cannot load RTOS API schema: s4s-elt-must-match.1: The content of 'definitions' must match (annotation?, (simpleType | complexType)?, (unique | key | keyref)*)). A problem was found starting at: attribute.
2026-06-15 22:14:27,286 [INFO] PluginManage:359 - Loaded plugin pinoutconfig (category:base,tabindex:0)
2026-06-15 22:14:27,286 [INFO] PluginManage:310 - Check plugin power
2026-06-15 22:14:27,316 [INFO] PluginManage:359 - Loaded plugin power (category:power,tabindex:4)
2026-06-15 22:14:27,318 [INFO] PluginManage:310 - Check plugin projectmanager
2026-06-15 22:14:27,363 [INFO] PluginManage:359 - Loaded plugin projectmanager (category:projectmanager,tabindex:4)
2026-06-15 22:14:27,364 [INFO] PluginManage:310 - Check plugin rif
2026-06-15 22:14:27,377 [INFO] PluginManage:359 - Loaded plugin rif (category:base,tabindex:3)
2026-06-15 22:14:27,377 [INFO] PluginManage:310 - Check plugin thirdparty
2026-06-15 22:14:27,659 [WARN] IntegrityCheckThread:84 - waiting for thirdparty lock release [integrity check]
2026-06-15 22:14:27,660 [INFO] PluginManage:359 - Loaded plugin thirdparty (category:base,tabindex:-1)
2026-06-15 22:14:27,660 [INFO] IntegrityCheckThread:86 - entering critical section [integrity check]
2026-06-15 22:14:27,660 [INFO] PluginManage:310 - Check plugin tools
2026-06-15 22:14:27,661 [INFO] ThirdPartyUpdaterWithRetryManager:70 - Updater plugin not ready yet. [1/15]
2026-06-15 22:14:27,666 [INFO] PluginManage:359 - Loaded plugin tools (category:base,tabindex:7)
2026-06-15 22:14:27,666 [INFO] PluginManage:310 - Check plugin tutovideos
2026-06-15 22:14:27,992 [INFO] PluginManage:359 - Loaded plugin tutovideos (category:base,tabindex:-1)
2026-06-15 22:14:27,992 [INFO] PluginManage:310 - Check plugin updater
2026-06-15 22:14:28,044 [INFO] PluginManage:359 - Loaded plugin updater (category:base,tabindex:12)
2026-06-15 22:14:28,045 [INFO] PluginManage:310 - Check plugin userauth
2026-06-15 22:14:28,053 [INFO] UserAuth:118 - Init User Auth plugin
2026-06-15 22:14:28,054 [INFO] PluginManage:359 - Loaded plugin userauth (category:base,tabindex:14)
2026-06-15 22:14:28,055 [INFO] PluginManage:283 - PluginManage : Loaded plugins [18]
2026-06-15 22:14:28,445 [INFO] PinOutPanel:1589 - setPackage(No Configuration,No Configuration)
2026-06-15 22:14:28,619 [INFO] CADModel:165 - CPN selected for project level
2026-06-15 22:14:28,620 [INFO] CADModel:114 - Register for checkConnection events
2026-06-15 22:14:28,654 [INFO] IPUIPlugin:80 - create IPUIPlugin
2026-06-15 22:14:28,655 [INFO] PluginManager:220 - loadIPPluginJar : add adc
2026-06-15 22:14:28,661 [INFO] IPUIPlugin:80 - create IPUIPlugin
2026-06-15 22:14:28,661 [INFO] PluginManager:220 - loadIPPluginJar : add aes
2026-06-15 22:14:28,668 [INFO] IPUIPlugin:80 - create IPUIPlugin
2026-06-15 22:14:28,668 [INFO] PluginManager:220 - loadIPPluginJar : add can
2026-06-15 22:14:28,671 [INFO] IPUIPlugin:80 - create IPUIPlugin
2026-06-15 22:14:28,671 [INFO] PluginManager:220 - loadIPPluginJar : add comp
2026-06-15 22:14:28,676 [INFO] IPUIPlugin:80 - create IPUIPlugin
2026-06-15 22:14:28,676 [INFO] PluginManager:220 - loadIPPluginJar : add cryp
2026-06-15 22:14:28,681 [INFO] IPUIPlugin:80 - create IPUIPlugin
2026-06-15 22:14:28,681 [INFO] PluginManager:220 - loadIPPluginJar : add ddr_ctrl_phy
2026-06-15 22:14:28,687 [INFO] IPUIPlugin:80 - create IPUIPlugin
2026-06-15 22:14:28,687 [INFO] PluginManager:220 - loadIPPluginJar : add dfsdm
2026-06-15 22:14:28,698 [INFO] IPUIPlugin:80 - create IPUIPlugin
2026-06-15 22:14:28,699 [INFO] PluginManager:220 - loadIPPluginJar : add dma
2026-06-15 22:14:28,704 [INFO] IPUIPlugin:80 - create IPUIPlugin
2026-06-15 22:14:28,705 [INFO] PluginManager:220 - loadIPPluginJar : add dma3
2026-06-15 22:14:28,710 [INFO] IPUIPlugin:80 - create IPUIPlugin
2026-06-15 22:14:28,710 [INFO] PluginManager:220 - loadIPPluginJar : add extmemmanager
2026-06-15 22:14:28,714 [INFO] IPUIPlugin:80 - create IPUIPlugin
2026-06-15 22:14:28,715 [INFO] PluginManager:220 - loadIPPluginJar : add fatfs
2026-06-15 22:14:28,727 [INFO] IPUIPlugin:80 - create IPUIPlugin
2026-06-15 22:14:28,727 [INFO] PluginManager:220 - loadIPPluginJar : add fmc
2026-06-15 22:14:28,747 [INFO] IPUIPlugin:80 - create IPUIPlugin
2026-06-15 22:14:28,747 [INFO] PluginManager:220 - loadIPPluginJar : add freertos
2026-06-15 22:14:28,750 [INFO] IPUIPlugin:80 - create IPUIPlugin
2026-06-15 22:14:28,750 [INFO] PluginManager:220 - loadIPPluginJar : add genericplugin
2026-06-15 22:14:28,754 [INFO] IPUIPlugin:80 - create IPUIPlugin
2026-06-15 22:14:28,755 [INFO] PluginManager:220 - loadIPPluginJar : add gfxmmu
2026-06-15 22:14:28,763 [INFO] IPUIPlugin:80 - create IPUIPlugin
2026-06-15 22:14:28,763 [INFO] PluginManager:220 - loadIPPluginJar : add gic
2026-06-15 22:14:28,771 [INFO] IPUIPlugin:80 - create IPUIPlugin
2026-06-15 22:14:28,771 [INFO] PluginManager:220 - loadIPPluginJar : add gpio
2026-06-15 22:14:28,776 [INFO] IPUIPlugin:80 - create IPUIPlugin
2026-06-15 22:14:28,776 [INFO] PluginManager:220 - loadIPPluginJar : add gtzc
2026-06-15 22:14:28,781 [INFO] IPUIPlugin:80 - create IPUIPlugin
2026-06-15 22:14:28,781 [INFO] PluginManager:220 - loadIPPluginJar : add hash
2026-06-15 22:14:28,786 [INFO] IPUIPlugin:80 - create IPUIPlugin
2026-06-15 22:14:28,786 [INFO] PluginManager:220 - loadIPPluginJar : add i2c
2026-06-15 22:14:28,791 [INFO] IPUIPlugin:80 - create IPUIPlugin
2026-06-15 22:14:28,791 [INFO] PluginManager:220 - loadIPPluginJar : add i2s
2026-06-15 22:14:28,797 [INFO] IPUIPlugin:80 - create IPUIPlugin
2026-06-15 22:14:28,797 [INFO] PluginManager:220 - loadIPPluginJar : add i3c
2026-06-15 22:14:28,803 [INFO] IPUIPlugin:80 - create IPUIPlugin
2026-06-15 22:14:28,803 [INFO] PluginManager:220 - loadIPPluginJar : add ipddr
2026-06-15 22:14:28,814 [INFO] IPUIPlugin:80 - create IPUIPlugin
2026-06-15 22:14:28,814 [INFO] PluginManager:220 - loadIPPluginJar : add linkedlist
2026-06-15 22:14:28,821 [INFO] IPUIPlugin:80 - create IPUIPlugin
2026-06-15 22:14:28,821 [INFO] PluginManager:220 - loadIPPluginJar : add lorawan
2026-06-15 22:14:28,825 [INFO] IPUIPlugin:80 - create IPUIPlugin
2026-06-15 22:14:28,825 [INFO] PluginManager:220 - loadIPPluginJar : add ltdc
2026-06-15 22:14:28,835 [INFO] IPUIPlugin:80 - create IPUIPlugin
2026-06-15 22:14:28,836 [INFO] PluginManager:220 - loadIPPluginJar : add mdma
2026-06-15 22:14:28,840 [INFO] IPUIPlugin:80 - create IPUIPlugin
2026-06-15 22:14:28,840 [INFO] PluginManager:220 - loadIPPluginJar : add nvic
2026-06-15 22:14:28,845 [INFO] IPUIPlugin:80 - create IPUIPlugin
2026-06-15 22:14:28,845 [INFO] PluginManager:220 - loadIPPluginJar : add opamp
2026-06-15 22:14:28,851 [INFO] IPUIPlugin:80 - create IPUIPlugin
2026-06-15 22:14:28,851 [INFO] PluginManager:220 - loadIPPluginJar : add openamp
2026-06-15 22:14:28,857 [INFO] IPUIPlugin:80 - create IPUIPlugin
2026-06-15 22:14:28,857 [INFO] PluginManager:220 - loadIPPluginJar : add pdm2pcm
2026-06-15 22:14:28,866 [INFO] IPUIPlugin:80 - create IPUIPlugin
2026-06-15 22:14:28,871 [INFO] PluginManager:220 - loadIPPluginJar : add plateformsettings
2026-06-15 22:14:28,874 [INFO] IPUIPlugin:80 - create IPUIPlugin
2026-06-15 22:14:28,874 [INFO] PluginManager:220 - loadIPPluginJar : add quadspi
2026-06-15 22:14:28,877 [INFO] IPUIPlugin:80 - create IPUIPlugin
2026-06-15 22:14:28,878 [INFO] PluginManager:220 - loadIPPluginJar : add radio
2026-06-15 22:14:28,884 [INFO] IPUIPlugin:80 - create IPUIPlugin
2026-06-15 22:14:28,884 [INFO] PluginManager:220 - loadIPPluginJar : add resmgrutility
2026-06-15 22:14:28,892 [INFO] IPUIPlugin:80 - create IPUIPlugin
2026-06-15 22:14:28,892 [INFO] PluginManager:220 - loadIPPluginJar : add sai
2026-06-15 22:14:28,897 [INFO] IPUIPlugin:80 - create IPUIPlugin
2026-06-15 22:14:28,897 [INFO] PluginManager:220 - loadIPPluginJar : add spi
2026-06-15 22:14:28,908 [INFO] IPUIPlugin:80 - create IPUIPlugin
2026-06-15 22:14:28,908 [INFO] PluginManager:220 - loadIPPluginJar : add stm32_wpan
2026-06-15 22:14:28,912 [INFO] IPUIPlugin:80 - create IPUIPlugin
2026-06-15 22:14:28,912 [INFO] PluginManager:220 - loadIPPluginJar : add tim
2026-06-15 22:14:28,918 [INFO] IPUIPlugin:80 - create IPUIPlugin
2026-06-15 22:14:28,919 [INFO] PluginManager:220 - loadIPPluginJar : add touchsensing
2026-06-15 22:14:28,924 [INFO] IPUIPlugin:80 - create IPUIPlugin
2026-06-15 22:14:28,924 [INFO] PluginManager:220 - loadIPPluginJar : add tracer_emb
2026-06-15 22:14:28,929 [INFO] IPUIPlugin:80 - create IPUIPlugin
2026-06-15 22:14:28,929 [INFO] PluginManager:220 - loadIPPluginJar : add ts
2026-06-15 22:14:28,933 [INFO] IPUIPlugin:80 - create IPUIPlugin
2026-06-15 22:14:28,933 [INFO] PluginManager:220 - loadIPPluginJar : add tsc
2026-06-15 22:14:28,938 [INFO] IPUIPlugin:80 - create IPUIPlugin
2026-06-15 22:14:28,938 [INFO] PluginManager:220 - loadIPPluginJar : add ucpd
2026-06-15 22:14:28,942 [INFO] IPUIPlugin:80 - create IPUIPlugin
2026-06-15 22:14:28,942 [INFO] PluginManager:220 - loadIPPluginJar : add usart
2026-06-15 22:14:28,947 [INFO] IPUIPlugin:80 - create IPUIPlugin
2026-06-15 22:14:28,947 [INFO] PluginManager:220 - loadIPPluginJar : add usbx
2026-06-15 22:14:29,132 [FATAL] Updater:351 - Updater called before beeing initialized
2026-06-15 22:14:29,189 [INFO] RulesReader:64 - Compatibility file has been processed (317 Rules)
2026-06-15 22:14:29,215 [INFO] RulesReader:64 - Compatibility file has been processed (317 Rules)
2026-06-15 22:14:29,235 [INFO] CADModel:165 - CPN selected for project level
2026-06-15 22:14:29,235 [INFO] CADModel:114 - Register for checkConnection events
2026-06-15 22:14:29,235 [FATAL] Updater:351 - Updater called before beeing initialized
2026-06-15 22:14:29,235 [ERROR] CADModel:125 - Updater not yet initialized, retry later 
2026-06-15 22:14:29,493 [FATAL] Updater:351 - Updater called before beeing initialized
2026-06-15 22:14:29,497 [INFO] CADModel:165 - CPN selected for project level
2026-06-15 22:14:29,497 [INFO] CADModel:114 - Register for checkConnection events
2026-06-15 22:14:29,497 [FATAL] Updater:351 - Updater called before beeing initialized
2026-06-15 22:14:29,497 [ERROR] CADModel:125 - Updater not yet initialized, retry later 
2026-06-15 22:14:29,505 [FATAL] Updater:351 - Updater called before beeing initialized
2026-06-15 22:14:29,756 [FATAL] Updater:351 - Updater called before beeing initialized
2026-06-15 22:14:29,763 [INFO] DbMcusAds:53 - JSON generation date=Thu May 28 11:08:16 COT 2026 (1779984496462)
2026-06-15 22:14:29,763 [FATAL] Updater:351 - Updater called before beeing initialized
2026-06-15 22:14:29,826 [WARN] DetailPanel:346 - Failed to get advertising image, set to default
2026-06-15 22:14:30,007 [FATAL] Updater:351 - Updater called before beeing initialized
2026-06-15 22:14:30,011 [FATAL] Updater:351 - Updater called before beeing initialized
2026-06-15 22:14:30,011 [FATAL] Updater:351 - Updater called before beeing initialized
2026-06-15 22:14:30,011 [WARN] DetailPanel:346 - Failed to get advertising image, set to default
2026-06-15 22:14:30,014 [FATAL] Updater:351 - Updater called before beeing initialized
2026-06-15 22:14:30,105 [ERROR] Updater:1198 - MainUpdater not yet initialized. External WinMGr cannot be set.
2026-06-15 22:14:30,107 [INFO] Updater:1134 - Updater Version found : 6.15.0
2026-06-15 22:14:30,130 [INFO] ApplicationProperties:184 - Using Application install path: C:\ST\STM32CubeIDE_1.19.0\STM32CubeIDE\plugins\com.st.stm32cube.common.mx_6.15.0.202507011659
2026-06-15 22:14:30,662 [INFO] ThirdPartyUpdaterWithRetryManager:70 - Updater plugin not ready yet. [2/15]
2026-06-15 22:14:31,717 [ERROR] LogOutputStream:75 - [STDERR_REDIRECT] Jun 15, 2026 10:14:31 PM java.util.prefs.WindowsPreferences <init>
2026-06-15 22:14:31,725 [ERROR] LogOutputStream:75 - [STDERR_REDIRECT] WARNING: Could not open/create prefs root node Software\JavaSoft\Prefs at root 0xffffffff80000002. Windows RegCreateKeyEx(...) returned error code 5.
2026-06-15 22:14:31,725 [ERROR] LogOutputStream:75 - [STDERR_REDIRECT] 
2026-06-15 22:14:32,217 [INFO] MainUpdater:2872 - connection check result : 10
2026-06-15 22:14:32,218 [INFO] MainUpdater:289 - Updater Check For Update Now.
2026-06-15 22:14:32,219 [INFO] MicroXplorer:498 - Change Database Version : DB.6.0.150
2026-06-15 22:14:32,238 [INFO] McuFinderGlobals:63 - Set McuFinder mode to 2 (CubeIDE integrated)
2026-06-15 22:14:32,239 [INFO] UserAuth:487 - Internet connection configuration mode: 1
2026-06-15 22:14:32,306 [INFO] JxBrowserEngine:152 - Initiate JxBrowser Engine with user profile folder
2026-06-15 22:14:32,529 [INFO] CheckServerUpdateThread:120 - End of CheckServer Thread
2026-06-15 22:14:32,643 [INFO] MainUpdater:2872 - connection check result : 10
2026-06-15 22:14:32,645 [INFO] MainUpdater:2872 - connection check result : 10
2026-06-15 22:14:32,727 [INFO] MicroXplorer:468 - Change Database Path : 
2026-06-15 22:14:32,727 [INFO] MicroXplorer:498 - Change Database Version : DB.6.0.150
2026-06-15 22:14:32,768 [WARN] ThirdParty:871 - waiting for thirdparty lock release [close project]
2026-06-15 22:14:34,290 [INFO] WebApp:169 - Instantiating new browser for Auth
2026-06-15 22:14:34,494 [WARN] PackLoader:240 - Cannot read IP mode file for STMicroelectronics.X-CUBE-AZRTOS-H7.3.5.0
2026-06-15 22:14:34,528 [WARN] PackLoader:240 - Cannot read IP mode file for STMicroelectronics.FP-SNS-MOTENVWB1.1.4.0
2026-06-15 22:14:34,565 [WARN] PackLoader:240 - Cannot read IP mode file for STMicroelectronics.FP-ATR-ASTRA1.2.0.2
2026-06-15 22:14:34,586 [ERROR] Engine:466 - C:\Users\Usuario\.stm32cubemx\thirdparties\pdsc\STMicroelectronics.X-CUBE-SMBUS.2.1.1.pdsc: PDSC version is not supported
2026-06-15 22:14:34,606 [WARN] PackLoader:240 - Cannot read IP mode file for STMicroelectronics.X-CUBE-SMBUS.2.1.0
2026-06-15 22:14:34,626 [WARN] PackLoader:240 - Cannot read IP mode file for STMicroelectronics.X-CUBE-ST60.1.0.0
2026-06-15 22:14:34,758 [WARN] PackLoader:240 - Cannot read IP mode file for STMicroelectronics.X-CUBE-AZRTOS-F7.1.1.0
2026-06-15 22:14:34,788 [WARN] PackLoader:240 - Cannot read IP mode file for STMicroelectronics.FP-SNS-MOTENV1.5.1.0
2026-06-15 22:14:34,850 [WARN] PackLoader:240 - Cannot read IP mode file for STMicroelectronics.X-CUBE-AZRTOS-H7.3.4.0
2026-06-15 22:14:34,895 [WARN] PackLoader:240 - Cannot read IP mode file for STMicroelectronics.X-CUBE-DISPLAY.3.0.0
2026-06-15 22:14:34,932 [WARN] PackLoader:240 - Cannot read IP mode file for STMicroelectronics.X-CUBE-GNSS1.7.1.1
2026-06-15 22:14:34,948 [WARN] PackLoader:240 - Cannot read IP mode file for STMicroelectronics.FP-SNS-MOTENVWB1.1.5.0
2026-06-15 22:14:34,969 [WARN] PackLoader:240 - Cannot read IP mode file for STMicroelectronics.X-CUBE-NFC10.1.0.0
2026-06-15 22:14:35,004 [WARN] PackLoader:240 - Cannot read IP mode file for STMicroelectronics.X-CUBE-ST60.1.1.0
2026-06-15 22:14:35,023 [WARN] PackLoader:240 - Cannot read IP mode file for STMicroelectronics.X-CUBE-GNSS1.7.1.0
2026-06-15 22:14:35,038 [WARN] PackLoader:240 - Cannot read IP mode file for STMicroelectronics.FP-SNS-SMARTAG2.1.2.0
2026-06-15 22:14:35,049 [WARN] PackLoader:240 - Cannot read IP mode file for STMicroelectronics.FP-SNS-FLIGHT1.5.1.0
2026-06-15 22:14:35,070 [INFO] LogOutputStream:77 - [STDOUT_REDIRECT] 1 : Invalid condition id : UX_CORESTACK_Condition cause : null
2026-06-15 22:14:35,072 [INFO] LogOutputStream:77 - [STDOUT_REDIRECT] 1 : Invalid condition id : UX_CORESTACK_Condition cause : null
2026-06-15 22:14:35,075 [INFO] LogOutputStream:77 - [STDOUT_REDIRECT] 1 : Invalid condition id : UX_CORESTACK_Condition cause : null
2026-06-15 22:14:35,078 [INFO] LogOutputStream:77 - [STDOUT_REDIRECT] 1 : Invalid condition id : UX_CORESTACK_Condition cause : null
2026-06-15 22:14:35,081 [INFO] LogOutputStream:77 - [STDOUT_REDIRECT] 1 : Invalid condition id : UX_CORESTACK_Condition cause : null
2026-06-15 22:14:35,089 [WARN] PackLoader:240 - Cannot read IP mode file for STMicroelectronics.X-CUBE-AZRTOS-WL.2.0.0
2026-06-15 22:14:35,102 [WARN] PackLoader:240 - Cannot read IP mode file for STMicroelectronics.FP-SNS-MOTENV1.5.0.0
2026-06-15 22:14:35,152 [WARN] PackLoader:240 - Cannot read IP mode file for STMicroelectronics.X-CUBE-AZRTOS-H7RS.1.2.0
2026-06-15 22:14:35,184 [WARN] PackLoader:240 - Cannot read IP mode file for WES.I-CUBE-Cesium.1.3.0
2026-06-15 22:14:35,202 [WARN] PackLoader:240 - Cannot read IP mode file for STMicroelectronics.X-CUBE-BLE2.3.3.0
2026-06-15 22:14:35,265 [WARN] PackLoader:240 - Cannot read IP mode file for STMicroelectronics.X-CUBE-NFC9.1.0.0
2026-06-15 22:14:35,282 [WARN] PackLoader:240 - Cannot read IP mode file for STMicroelectronics.X-CUBE-BLE1.7.1.0
2026-06-15 22:14:35,301 [WARN] PackLoader:240 - Cannot read IP mode file for STMicroelectronics.FP-SNS-STAIOTCFT.1.1.0
2026-06-15 22:14:35,413 [WARN] PackLoader:240 - Cannot read IP mode file for STMicroelectronics.X-CUBE-MEMS1.12.0.0
2026-06-15 22:14:35,706 [WARN] PackLoader:240 - Cannot read IP mode file for STMicroelectronics.X-CUBE-AZRTOS-G0.1.1.0
2026-06-15 22:14:35,731 [WARN] PackLoader:240 - Cannot read IP mode file for STMicroelectronics.X-CUBE-SAFEA1.1.2.2
2026-06-15 22:14:35,746 [WARN] PackLoader:240 - Cannot read IP mode file for STMicroelectronics.X-CUBE-NFC4.3.0.0
2026-06-15 22:14:35,774 [WARN] PackLoader:240 - Cannot read IP mode file for EmbeddedOffice.I-CUBE-FS-RTOS.1.0.1
2026-06-15 22:14:35,789 [WARN] PackLoader:240 - Cannot read IP mode file for STMicroelectronics.X-CUBE-WB05N.2.0.0
2026-06-15 22:14:35,806 [WARN] PackLoader:240 - Cannot read IP mode file for STMicroelectronics.X-CUBE-TCPP.4.2.0
2026-06-15 22:14:35,824 [WARN] PackLoader:240 - Cannot read IP mode file for RealThread.X-CUBE-RT-Thread_Nano.4.1.1
2026-06-15 22:14:35,836 [WARN] PackLoader:240 - Cannot read IP mode file for STMicroelectronics.FP-ATR-SIGFOX1.3.2.0
2026-06-15 22:14:35,851 [WARN] PackLoader:240 - Cannot read IP mode file for STMicroelectronics.X-CUBE-FREERTOS.1.5.0
2026-06-15 22:14:35,918 [WARN] PackLoader:240 - Cannot read IP mode file for STMicroelectronics.X-CUBE-NFC6.3.2.0
2026-06-15 22:14:35,943 [WARN] PackLoader:240 - Cannot read IP mode file for STMicroelectronics.X-CUBE-ST67W61.1.0.0
2026-06-15 22:14:36,050 [WARN] PackLoader:240 - Cannot read IP mode file for STMicroelectronics.X-CUBE-MEMS1.12.1.0
2026-06-15 22:14:36,282 [WARN] PackLoader:240 - Cannot read IP mode file for SEGGER.I-CUBE-embOS.1.3.1
2026-06-15 22:14:36,374 [WARN] PackLoader:240 - Cannot read IP mode file for STMicroelectronics.X-CUBE-ALGOBUILD.1.4.0
2026-06-15 22:14:36,477 [WARN] PackLoader:240 - Cannot read IP mode file for STMicroelectronics.X-CUBE-MEMS1.11.3.0
2026-06-15 22:14:36,896 [WARN] PackLoader:240 - Cannot read IP mode file for STMicroelectronics.X-CUBE-NFC13.1.0.0
2026-06-15 22:14:36,914 [WARN] PackLoader:240 - Cannot read IP mode file for STMicroelectronics.X-CUBE-PM33A1.1.0.0
2026-06-15 22:14:37,029 [WARN] PackLoader:240 - Cannot read IP mode file for STMicroelectronics.X-CUBE-AZRTOS-F4.1.1.0
2026-06-15 22:14:37,049 [WARN] PackLoader:240 - Cannot read IP mode file for STMicroelectronics.X-CUBE-ISPU.2.1.0
2026-06-15 22:14:37,101 [WARN] PackLoader:240 - Cannot read IP mode file for STMicroelectronics.X-CUBE-IPS.3.2.0
2026-06-15 22:14:37,141 [WARN] PackLoader:240 - Cannot read IP mode file for STMicroelectronics.eDS-WB_DPC_TT-BIDIR.2.1.1
2026-06-15 22:14:37,189 [WARN] PackLoader:240 - Cannot read IP mode file for STMicroelectronics.X-CUBE-AZRTOS-L5.2.0.0
2026-06-15 22:14:37,192 [INFO] WebApp:463 - Apply proxy settings
2026-06-15 22:14:37,193 [INFO] WebApp:548 - Chromium requires no authentication
2026-06-15 22:14:37,230 [WARN] PackLoader:240 - Cannot read IP mode file for STMicroelectronics.X-CUBE-NFC6.3.1.0
2026-06-15 22:14:37,232 [INFO] WebApp:491 - Direct internet connection detected
2026-06-15 22:14:37,251 [WARN] PackLoader:240 - Cannot read IP mode file for STMicroelectronics.X-CUBE-ALGOBUILD.1.5.0
2026-06-15 22:14:37,268 [WARN] PackLoader:240 - Cannot read IP mode file for STMicroelectronics.eDS-WB_DPC_VIENNA.1.2.0
2026-06-15 22:14:37,304 [INFO] WebApp:900 - Register for checkConnection events
2026-06-15 22:14:37,305 [INFO] WebApp:463 - Apply proxy settings
2026-06-15 22:14:37,305 [INFO] WebApp:548 - Chromium requires no authentication
2026-06-15 22:14:37,306 [INFO] WebApp:491 - Direct internet connection detected
2026-06-15 22:14:37,384 [WARN] PackLoader:240 - Cannot read IP mode file for STMicroelectronics.eDS-WB_DPC_3PH2L-BIDIR.1.1.1
2026-06-15 22:14:37,391 [ERROR] Engine:466 - C:\Users\Usuario\.stm32cubemx\thirdparties\pdsc\STMicroelectronics.X-CUBE-ST67W61.1.3.0.pdsc: PDSC version is not supported
2026-06-15 22:14:37,406 [WARN] PackLoader:240 - Cannot read IP mode file for STMicroelectronics.X-CUBE-FREERTOS.1.3.1
2026-06-15 22:14:37,422 [WARN] PackLoader:240 - Cannot read IP mode file for STMicroelectronics.X-CUBE-TOUCHGFX.4.26.1
2026-06-15 22:14:37,433 [WARN] PackLoader:240 - Cannot read IP mode file for STMicroelectronics.FP-SNS-STAIOTCFT.1.0.0
2026-06-15 22:14:37,451 [WARN] PackLoader:240 - Cannot read IP mode file for STMicroelectronics.X-CUBE-DPower.1.3.0
2026-06-15 22:14:37,493 [WARN] ConditionMgr:438 - getConditionDescription Invalid condition id : LAN8742 Phy interface Condition cause : null
2026-06-15 22:14:37,495 [WARN] PackLoader:240 - Cannot read IP mode file for STMicroelectronics.X-CUBE-AZRTOS-L4.2.0.0
2026-06-15 22:14:37,498 [WARN] ConditionMgr:1044 - genDependencies : Invalid condition id : LAN8742 Phy interface Condition cause : null
2026-06-15 22:14:37,498 [WARN] ConditionMgr:1044 - genDependencies : Invalid condition id : LAN8742 Phy interface Condition cause : null
2026-06-15 22:14:37,500 [WARN] ConditionMgr:1044 - genDependencies : Invalid condition id : LAN8742 Phy interface Condition cause : null
2026-06-15 22:14:37,518 [WARN] PackLoader:240 - Cannot read IP mode file for STMicroelectronics.X-CUBE-SFXS2LP1.4.0.0
2026-06-15 22:14:37,530 [WARN] PackLoader:240 - Cannot read IP mode file for STMicroelectronics.X-CUBE-WB05N.2.1.0
2026-06-15 22:14:37,545 [WARN] PackLoader:240 - Cannot read IP mode file for STMicroelectronics.X-CUBE-ST67W61.1.2.0
2026-06-15 22:14:37,576 [WARN] ConditionMgr:438 - getConditionDescription Invalid condition id : UX DEVICE CLASS RTOS Condition cause : null
2026-06-15 22:14:37,577 [WARN] ConditionMgr:438 - getConditionDescription Invalid condition id : UX DEVICE CLASS RTOS Condition cause : null
2026-06-15 22:14:37,582 [WARN] PackLoader:240 - Cannot read IP mode file for STMicroelectronics.X-CUBE-AZRTOS-WB.2.0.0
2026-06-15 22:14:37,583 [WARN] ConditionMgr:1044 - genDependencies : Invalid condition id : UX DEVICE CLASS RTOS Condition cause : null
2026-06-15 22:14:37,584 [WARN] ConditionMgr:1044 - genDependencies : Invalid condition id : UX DEVICE CLASS RTOS Condition cause : null
2026-06-15 22:14:37,585 [WARN] ConditionMgr:1044 - genDependencies : Invalid condition id : UX DEVICE CLASS RTOS Condition cause : null
2026-06-15 22:14:37,585 [WARN] ConditionMgr:1044 - genDependencies : Invalid condition id : UX DEVICE CLASS RTOS Condition cause : null
2026-06-15 22:14:37,585 [WARN] ConditionMgr:1044 - genDependencies : Invalid condition id : UX DEVICE CLASS RTOS Condition cause : null
2026-06-15 22:14:37,597 [WARN] PackLoader:240 - Cannot read IP mode file for STMicroelectronics.X-CUBE-GNSS1.7.0.1
2026-06-15 22:14:37,607 [WARN] PackLoader:240 - Cannot read IP mode file for STMicroelectronics.X-CUBE-TOUCHGFX.4.25.0
2026-06-15 22:14:37,618 [WARN] ConditionMgr:438 - getConditionDescription Invalid condition id : Cortex-A Device cause : null
2026-06-15 22:14:37,641 [WARN] ConditionMgr:1044 - genDependencies : Invalid condition id : Cortex-A Device cause : null
2026-06-15 22:14:37,641 [WARN] ConditionMgr:1044 - genDependencies : Invalid condition id : Cortex-A Device cause : null
2026-06-15 22:14:37,641 [WARN] ConditionMgr:1044 - genDependencies : Invalid condition id : Cortex-A Device cause : null
2026-06-15 22:14:37,657 [WARN] PackLoader:240 - Cannot read IP mode file for STMicroelectronics.X-CUBE-STSE01.2.0.0
2026-06-15 22:14:37,680 [WARN] PackLoader:240 - Cannot read IP mode file for STMicroelectronics.X-CUBE-SUBG2.5.0.0
2026-06-15 22:14:37,744 [WARN] PackLoader:240 - Cannot read IP mode file for STMicroelectronics.X-CUBE-AZRTOS-H7RS.1.1.0
2026-06-15 22:14:37,770 [WARN] PackLoader:240 - Cannot read IP mode file for Cesanta.I-CUBE-Mongoose.7.13.0
2026-06-15 22:14:37,805 [WARN] PackLoader:240 - Cannot read IP mode file for STMicroelectronics.X-CUBE-AZRTOS-G4.2.0.0
2026-06-15 22:14:37,821 [WARN] PackLoader:240 - Cannot read IP mode file for STMicroelectronics.X-CUBE-NFC7.2.0.0
2026-06-15 22:14:37,847 [WARN] PackLoader:240 - Cannot read IP mode file for STMicroelectronics.X-CUBE-IPS.3.1.0
2026-06-15 22:14:37,871 [WARN] PackLoader:240 - Cannot read IP mode file for STMicroelectronics.X-CUBE-ALS.1.0.2
2026-06-15 22:14:37,895 [WARN] PackLoader:240 - Cannot read IP mode file for portGmbH.I-Cube-SoM-uGOAL.1.1.0
2026-06-15 22:14:37,946 [WARN] PackLoader:240 - Cannot read IP mode file for STMicroelectronics.X-CUBE-TOF1.3.4.3
2026-06-15 22:14:37,970 [INFO] ThirdParty:978 - Integrity check success = true
2026-06-15 22:14:37,971 [INFO] IntegrityCheckThread:100 - exiting critical section [integrity check]
2026-06-15 22:14:37,971 [INFO] IntegrityCheckThread:103 - End integrity checks thread
2026-06-15 22:14:37,972 [INFO] ThirdParty:873 - entering critical section [close project]
2026-06-15 22:14:37,975 [INFO] ThirdParty:883 - exiting critical section [close project]
2026-06-15 22:14:37,990 [INFO] PinOutPanel:1589 - setPackage(No Configuration,No Configuration)
2026-06-15 22:14:37,993 [INFO] UtilMem:75 - Begin LoadConfig() Used Memory: 170421232 Bytes (269484032)
2026-06-15 22:14:37,996 [INFO] MicroXplorer:468 - Change Database Path : 
2026-06-15 22:14:37,996 [INFO] MicroXplorer:498 - Change Database Version : DB.6.0.150
2026-06-15 22:14:37,996 [INFO] OpenFileManager:355 - Change cursor
2026-06-15 22:14:38,050 [INFO] WebApp:225 - Starting web application
2026-06-15 22:14:38,051 [INFO] WebApp:593 - Web application path used C:\ST\STM32CubeIDE_1.19.0\STM32CubeIDE\plugins\com.st.stm32cube.common.mx_6.15.0.202507011659\db\plugins\mcufinder\reactClient1\index.html
2026-06-15 22:14:38,056 [INFO] Mcu:2029 - Initializing MCU STM32F103C(8-B)Tx STM32F103C8Tx STM32F103C8T6
2026-06-15 22:14:38,196 [INFO] WebApp:191 - Connection restablished
2026-06-15 22:14:38,557 [INFO] UserAuth:487 - Internet connection configuration mode: 1
2026-06-15 22:14:41,074 [INFO] Context:786 - Trying to add GPIOservice into a context  which must be forbidden
2026-06-15 22:14:41,857 [INFO] ImportTextPane:234 - (OptionalMessage_ERROR) Pin0 (VP_RIF_VS_RIF1) cannot be retrieved for this MCU
2026-06-15 22:14:42,472 [INFO] RtosManager:558 - Registered RTOS mode: class=CMSIS, group=RTOS, mode=CMSIS_V1, owner=FREERTOS
2026-06-15 22:14:42,473 [INFO] RtosManager:558 - Registered RTOS mode: class=CMSIS, group=RTOS2, mode=CMSIS_V2, owner=FREERTOS
2026-06-15 22:14:42,473 [INFO] RtosManager:558 - Registered RTOS mode: class=RTOS, group=Core, mode=CMSIS_V1, owner=FREERTOS
2026-06-15 22:14:42,474 [INFO] RtosManager:558 - Registered RTOS mode: class=RTOS, group=Core, mode=CMSIS_V2, owner=FREERTOS
2026-06-15 22:14:42,475 [WARN] ModelIntegratedComponent:184 - Missing modes for component STMicroelectronics:FreeRTOS:0.0.1:STMicroelectronics:RTOS:FreeRTOS:Core:::10.2.0:
2026-06-15 22:14:42,548 [WARN] ModelIntegratedComponent:63 - No mode defined for component null
2026-06-15 22:14:42,548 [WARN] ModelIntegratedComponent:63 - No mode defined for component null
2026-06-15 22:14:42,550 [WARN] ModelIntegratedComponent:63 - No mode defined for component null
2026-06-15 22:14:42,551 [WARN] ModelIntegratedComponent:63 - No mode defined for component null
2026-06-15 22:14:42,551 [WARN] ModelIntegratedComponent:63 - No mode defined for component null
2026-06-15 22:14:42,551 [WARN] ModelIntegratedComponent:63 - No mode defined for component null
2026-06-15 22:14:42,552 [WARN] ModelIntegratedComponent:63 - No mode defined for component null
2026-06-15 22:14:42,552 [WARN] ModelIntegratedComponent:63 - No mode defined for component null
2026-06-15 22:14:42,552 [WARN] ModelIntegratedComponent:63 - No mode defined for component null
2026-06-15 22:14:42,553 [WARN] ModelIntegratedComponent:63 - No mode defined for component null
2026-06-15 22:14:42,553 [WARN] ModelIntegratedComponent:63 - No mode defined for component null
2026-06-15 22:14:42,553 [WARN] ModelIntegratedComponent:63 - No mode defined for component null
2026-06-15 22:14:42,554 [WARN] ModelIntegratedComponent:63 - No mode defined for component null
2026-06-15 22:14:42,554 [WARN] ModelIntegratedComponent:63 - No mode defined for component null
2026-06-15 22:14:42,554 [WARN] ModelIntegratedComponent:63 - No mode defined for component null
2026-06-15 22:14:42,554 [WARN] ModelIntegratedComponent:63 - No mode defined for component null
2026-06-15 22:14:42,555 [WARN] ModelIntegratedComponent:63 - No mode defined for component null
2026-06-15 22:14:42,555 [WARN] ModelIntegratedComponent:63 - No mode defined for component null
2026-06-15 22:14:42,555 [WARN] ModelIntegratedComponent:63 - No mode defined for component null
2026-06-15 22:14:42,555 [WARN] ModelIntegratedComponent:63 - No mode defined for component null
2026-06-15 22:14:42,555 [WARN] ModelIntegratedComponent:63 - No mode defined for component null
2026-06-15 22:14:42,556 [WARN] ModelIntegratedComponent:63 - No mode defined for component null
2026-06-15 22:14:42,556 [WARN] ModelIntegratedComponent:63 - No mode defined for component null
2026-06-15 22:14:42,556 [WARN] ModelIntegratedComponent:63 - No mode defined for component null
2026-06-15 22:14:42,556 [WARN] ModelIntegratedComponent:63 - No mode defined for component null
2026-06-15 22:14:42,557 [WARN] ModelIntegratedComponent:63 - No mode defined for component null
2026-06-15 22:14:42,557 [WARN] ModelIntegratedComponent:63 - No mode defined for component null
2026-06-15 22:14:42,557 [WARN] ModelIntegratedComponent:63 - No mode defined for component null
2026-06-15 22:14:42,557 [WARN] ModelIntegratedComponent:63 - No mode defined for component null
2026-06-15 22:14:42,558 [WARN] ModelIntegratedComponent:63 - No mode defined for component null
2026-06-15 22:14:42,558 [WARN] ModelIntegratedComponent:63 - No mode defined for component null
2026-06-15 22:14:42,558 [WARN] ModelIntegratedComponent:63 - No mode defined for component null
2026-06-15 22:14:42,558 [WARN] ModelIntegratedComponent:63 - No mode defined for component null
2026-06-15 22:14:42,558 [WARN] ModelIntegratedComponent:63 - No mode defined for component null
2026-06-15 22:14:42,559 [WARN] ModelIntegratedComponent:63 - No mode defined for component null
2026-06-15 22:14:42,559 [WARN] ModelPack:524 - Component already loaded: STMicroelectronics:HAL Drivers:0.0.0:STMicroelectronics:Device:STMicro_Driver:XSPI:HAL::0.0.1:HAL_XSPI
2026-06-15 22:14:43,048 [INFO] ThirdPartyModel:298 - Start build external matchings
2026-06-15 22:14:45,276 [INFO] ThirdPartyModel:316 - End build external matchings
2026-06-15 22:14:46,167 [INFO] ApiDb:581 - Connected to CubeFinder SQLite database (C:\Users\Usuario\.stmcufinder\plugins\mcufinder\mcu\cube-finder-db.db)
2026-06-15 22:14:46,440 [INFO] ApiDb:668 - CubeFinder database Data Model version=2.1
2026-06-15 22:14:46,440 [INFO] ApiDb:669 - CubeFinder database Configuration version=3.0.42
2026-06-15 22:14:46,441 [INFO] ApiDb:670 - CubeFinder database generation date=2026-05-14 (1778746352)
2026-06-15 22:14:46,442 [INFO] ApiDb:671 - CubeFinder database FW Pack versions=[FP-ATR-ASTRA1_V2.0.0, FP-SNS-FLIGHT1_V5.1.0, FP-SNS-MOTENV1_V5.1.0, FP-SNS-MOTENVWB1_V1.5.0, FP-SNS-SMARTAG2_V1.2.0, FP-SNS-STBOX1_V2.1.0, STM32Cube_FW_C0_V1.4.0, STM32Cube_FW_F4_V1.28.3, STM32Cube_FW_F7_V1.17.4, STM32Cube_FW_G0_V1.6.3, STM32Cube_FW_G4_V1.6.2, STM32Cube_FW_H5_V1.6.0, STM32Cube_FW_H7RS_V1.3.0, STM32Cube_FW_H7_V1.13.0, STM32Cube_FW_L0_V1.12.2, STM32Cube_FW_L4_V1.18.2, STM32Cube_FW_L5_V1.6.0, STM32Cube_FW_N6_V1.3.0, STM32Cube_FW_U0_V1.3.0, STM32Cube_FW_U3_V1.3.0, STM32Cube_FW_U5_V1.8.0, STM32Cube_FW_WB0_V1.4.0, STM32Cube_FW_WBA_V1.9.0, STM32Cube_FW_WB_V1.24.0, STM32Cube_FW_WL3_V1.4.0, STM32Cube_FW_WL_V1.5.0, X-CUBE-ALGOBUILD_V1.4.0, X-CUBE-ALS_V1.0.2, X-CUBE-AZRTOS-F4_V1.1.0, X-CUBE-AZRTOS-F7_V1.1.0, X-CUBE-AZRTOS-G0_V1.1.0, X-CUBE-AZRTOS-G4_V2.0.0, X-CUBE-AZRTOS-H7RS_V1.1.0, X-CUBE-AZRTOS-H7_V3.5.0, X-CUBE-AZRTOS-L4_V2.0.0, X-CUBE-AZRTOS-L5_V2.0.0, X-CUBE-AZRTOS-WB_V2.0.0, X-CUBE-AZRTOS-WL_V2.0.0, X-CUBE-BLE1_V7.1.0, X-CUBE-BLE2_V3.3.0, X-CUBE-BLEMGR_V4.1.0, X-CUBE-EEPRMA1_V5.2.0, X-CUBE-FREERTOS_V1.5.0, X-CUBE-GNSS1_V7.1.1, X-CUBE-MEMS1_V12.1.0, X-CUBE-NFC4_V3.0.0, X-CUBE-NFC7_V2.0.0, X-CUBE-SFXS2LP1_V4.0.0, X-CUBE-ST67W61_V1.3.0, X-CUBE-SUBG2_V5.0.0, X-CUBE-TOF1_V3.4.3]
2026-06-15 22:14:46,673 [INFO] DbBoardsSqlite:226 - include board P-NUCLEO-WB55-NUCLEO as a kit item of type 'Nucleo-64'
2026-06-15 22:14:46,673 [INFO] DbBoardsSqlite:226 - include board P-NUCLEO-WB55-USBDONGLE as a kit item of type 'Nucleo USB Dongle'
2026-06-15 22:14:46,674 [INFO] DbBoardsSqlite:226 - include board STEVAL-IDP005V1 as a kit item of type 'Evaluation Board'
2026-06-15 22:14:46,675 [INFO] DbBoardsSqlite:226 - include board STEVAL-IDP005V2 as a kit item of type 'Evaluation Board'
2026-06-15 22:14:46,913 [INFO] ApiDb:240 - Found 880 in-development CPN: [B-G473E-ZEST1S, B-WB1M-WPAN1, B-WBA5M-WPAN, B-WL5M-SUBG1, NUCLEO-C031C6, NUCLEO-C051C8, NUCLEO-C071RB, NUCLEO-C092RC, NUCLEO-H503RB, NUCLEO-H533RE, NUCLEO-H563ZI, NUCLEO-H7S3L8, NUCLEO-N657X0-Q, NUCLEO-U031R8, NUCLEO-U083RC, NUCLEO-U385RG-Q, NUCLEO-U545RE-Q, NUCLEO-U5A5ZJ-Q, NUCLEO-WB05KZ, NUCLEO-WB07CC, NUCLEO-WB09KE, NUCLEO-WBA52CG, NUCLEO-WBA55CG, NUCLEO-WL33CC1, NUCLEO-WL33CC2, STEVAL-PROTEUS1, STEVAL-SMARTAG2, STEVAL-STWINBX1, STM320518-EVAL, STM32C0116-DK, STM32C011D6Y3TR, STM32C011D6Y6TR, STM32C011F4P3, STM32C011F4P6, STM32C011F4U3, STM32C011F4U6TR, STM32C011F6P3, STM32C011F6P6, STM32C011F6U3, STM32C011F6U6TR, STM32C011J4M3, STM32C011J4M6, STM32C011J6M3, STM32C011J6M6, STM32C0316-DK, STM32C031C4T3, STM32C031C4T6, STM32C031C4U3, STM32C031C4U6, STM32C031C6T3, STM32C031C6T6, STM32C031C6U3, STM32C031C6U6, STM32C031F4P3, STM32C031F4P6, STM32C031F6P3, STM32C031F6P6, STM32C031G4U3, STM32C031G4U6, STM32C031G6U3, STM32C031G6U6, STM32C031K4T3, STM32C031K4T6, STM32C031K4U3, STM32C031K4U6, STM32C031K6T3, STM32C031K6T6, STM32C031K6U3, STM32C031K6U6, STM32C051C6T6, STM32C051C6U6, STM32C051C8T6, STM32C051C8U6, STM32C051D8Y6TR, STM32C051F6P6, STM32C051F8P6, STM32C051G6U6, STM32C051G8U6, STM32C051K6T6, STM32C051K6U6, STM32C051K8T6, STM32C071C8T6, STM32C071C8T6N, STM32C071C8U6, STM32C071C8U6N, STM32C071CBT6, STM32C071CBT6N, STM32C071CBU6, STM32C071CBU6N, STM32C071F8P6, STM32C071F8P6N, STM32C071FBP6, STM32C071FBP6N, STM32C071FBY6TR, STM32C071G8U6, STM32C071G8U6N, STM32C071GBU6, STM32C071GBU6N, STM32C071K8T6, STM32C071K8T6N, STM32C071K8U6, STM32C071K8U6N, STM32C071KBT6, STM32C071KBT6N, STM32C071KBU6, STM32C071KBU6N, STM32C071R8T6, STM32C071R8T6N, STM32C071RBI6N, STM32C071RBT6, STM32C071RBT6N, STM32C091CBT6, STM32C091CBU6, STM32C091CCT6, STM32C091CCU6, STM32C091ECY6TR, STM32C091FBP6, STM32C091FCP6, STM32C091GBU6, STM32C091GCU6, STM32C091KBT6, STM32C091KBU6, STM32C091KCT6, STM32C091KCU6, STM32C091RBT6, STM32C091RCI6, STM32C091RCT6, STM32C092CBT6, STM32C092CBU6, STM32C092CCT6, STM32C092CCU6, STM32C092ECY6TR, STM32C092FBP6, STM32C092FCP6, STM32C092GBU6, STM32C092GCU6, STM32C092KBT6, STM32C092KBU6, STM32C092KCT6, STM32C092KCU6, STM32C092RBT6, STM32C092RCI6, STM32C092RCT6, STM32G071K8TXN, STM32G071K8UXN, STM32G081GBU6N, STM32G081KBT6N, STM32G081KBUXN, STM32G0B1CCT6N, STM32G0B1KCT6, STM32G0B1NEY6TR, STM32G0B1RCT6N, STM32G0C1CCT6, STM32G0C1CCT6N, STM32G0C1CCU6N, STM32G0C1CET6N, STM32G0C1CEU6N, STM32G0C1KCT6, STM32G0C1NEY6TR, STM32G0C1RCI6N, STM32G0C1RCT6N, STM32G0C1REI6N, STM32G0C1RET6N, STM32G0C1VCI6, STM32G0C1VEI6, STM32G411C6T3, STM32G411C6T6, STM32G411C6U3, STM32G411C6U6, STM32G411C8T3, STM32G411C8T6, STM32G411C8U3, STM32G411C8U6, STM32G411CBT3, STM32G411CBT6, STM32G411CBU3, STM32G411CBU6, STM32G411K6T3, STM32G411K6T6, STM32G411K6U3, STM32G411K6U6, STM32G411K8T3, STM32G411K8T6, STM32G411K8U3, STM32G411K8U6, STM32G411KBT3, STM32G411KBT6, STM32G411KBU3, STM32G411KBU6, STM32G411M6T3, STM32G411M6T6, STM32G411M8T3, STM32G411M8T6, STM32G411MBT3, STM32G411MBT6, STM32G411R6T3, STM32G411R6T6, STM32G411R8T3, STM32G411R8T6, STM32G411RBT3, STM32G411RBT6, STM32G414CBT3, STM32G414CBT6, STM32G414CBU3, STM32G414CBU6, STM32G414CCT3, STM32G414CCT6, STM32G414CCU3, STM32G414CCU6, STM32G414MBT3, STM32G414MBT6, STM32G414MCT3, STM32G414MCT6, STM32G414RBT3, STM32G414RBT6, STM32G414RCT3, STM32G414RCT6, STM32G414VBT3, STM32G414VBT6, STM32G414VCT3, STM32G414VCT6, STM32G431CBT3Z, STM32G431RBT3Z, STM32G471CCT6, STM32G471CCU6, STM32G471CET3, STM32G471CET6, STM32G471CEU3, STM32G471CEU6, STM32G471MCT6, STM32G471MET3, STM32G471MET6, STM32G471MEY6TR, STM32G471QCT6, STM32G471QET3, STM32G471RCT6, STM32G471RET3, STM32G471RET6, STM32G471VCH6, STM32G471VCI6, STM32G471VCT6, STM32G471VEH3, STM32G471VEH6, STM32G471VEI3, STM32G471VEI6, STM32G471VET3, STM32G471VET6, STM32G473QET3Z, STM32G473RET3Z, STM32G474CCT6, STM32G491RET3Z, STM32H503CBT6, STM32H503CBU6, STM32H503EBY6TR, STM32H503KBU6, STM32H503RBT6, STM32H523CCT6, STM32H523CCU6, STM32H523CET6, STM32H523CEU6, STM32H523HEY6TR, STM32H523RCT6, STM32H523RET6, STM32H523VCI6, STM32H523VCT6, STM32H523VEI6, STM32H523VET6, STM32H523ZCJ6, STM32H523ZCT6, STM32H523ZEJ6, STM32H523ZET6, STM32H533CET6, STM32H533CEU6, STM32H533HEY6TR, STM32H533RET6, STM32H533VEI6, STM32H533VET6, STM32H533ZEJ6, STM32H533ZET6, STM32H562AGI6, STM32H562AII6, STM32H562IGK6, STM32H562IGT6, STM32H562IIK6, STM32H562IIT6, STM32H562RGT6, STM32H562RGV6, STM32H562RIT6, STM32H562RIV6, STM32H562VGT6, STM32H562VIT6, STM32H562ZGT6, STM32H562ZIT6, STM32H563AGI6, STM32H563AII3Q, STM32H563AII6, STM32H563IGK6, STM32H563IGT6, STM32H563IIK3Q, STM32H563IIK6, STM32H563IIT3Q, STM32H563IIT6, STM32H563MIY3QTR, STM32H563RGT6, STM32H563RGV6, STM32H563RIT6, STM32H563RIV6, STM32H563VGT6, STM32H563VIT3Q, STM32H563VIT6, STM32H563ZGT6, STM32H563ZIT3Q, STM32H563ZIT6, STM32H573AII3Q, STM32H573AII6, STM32H573I-DK, STM32H573IIK3Q, STM32H573IIK6, STM32H573IIT3Q, STM32H573IIT6, STM32H573MIY3QTR, STM32H573RIT6, STM32H573RIV6, STM32H573VIT3Q, STM32H573VIT6, STM32H573ZIT3Q, STM32H573ZIT6, STM32H7R3A8I6, STM32H7R3I8K6, STM32H7R3I8T6, STM32H7R3L8H6, STM32H7R3L8H6H, STM32H7R3R8V6, STM32H7R3V8H6, STM32H7R3V8T6, STM32H7R3V8Y6TR, STM32H7R3Z8J6, STM32H7R3Z8T6, STM32H7R7A8I6, STM32H7R7I8K6, STM32H7R7I8T6, STM32H7R7L8H6, STM32H7R7L8H6H, STM32H7R7Z8J6, STM32H7S3A8I6, STM32H7S3I8K6, STM32H7S3I8T6, STM32H7S3L8H6, STM32H7S3L8H6H, STM32H7S3R8V6, STM32H7S3V8H6, STM32H7S3V8T6, STM32H7S3V8Y6TR, STM32H7S3Z8J6, STM32H7S3Z8T6, STM32H7S78-DK, STM32H7S7A8I6, STM32H7S7I8K6, STM32H7S7I8T6, STM32H7S7L8H6, STM32H7S7L8H6H, STM32H7S7Z8J6, STM32L4R5QGI6STR, STM32MP131AAE3, STM32MP131AAF3, STM32MP131AAG3, STM32MP131CAE3, STM32MP131CAF3, STM32MP131CAG3, STM32MP131DAE7, STM32MP131DAF7, STM32MP131DAG7, STM32MP131FAE7, STM32MP131FAF7, STM32MP131FAG7, STM32MP133AAE3, STM32MP133AAF3, STM32MP133AAG3, STM32MP133CAE3, STM32MP133CAF3, STM32MP133CAG3, STM32MP133DAE7, STM32MP133DAF7, STM32MP133DAG7, STM32MP133FAE7, STM32MP133FAF7, STM32MP133FAG7, STM32MP135AAE3, STM32MP135AAF3, STM32MP135AAG3, STM32MP135CAE3, STM32MP135CAF3, STM32MP135CAG3, STM32MP135DAE7, STM32MP135DAF7, STM32MP135DAG7, STM32MP135F-DK, STM32MP135FAE7, STM32MP135FAF7, STM32MP135FAF7T, STM32MP135FAF7U, STM32MP135FAG7, STM32MP211AAL3, STM32MP211AAM3, STM32MP211AAN3, STM32MP211AAO3, STM32MP211CAL3, STM32MP211CAM3, STM32MP211CAN3, STM32MP211CAO3, STM32MP211DAL3, STM32MP211DAM3, STM32MP211DAN3, STM32MP211DAO3, STM32MP211FAL3, STM32MP211FAM3, STM32MP211FAN3, STM32MP211FAO3, STM32MP213AAL3, STM32MP213AAM3, STM32MP213AAN3, STM32MP213AAO3, STM32MP213CAL3, STM32MP213CAM3, STM32MP213CAN3, STM32MP213CAO3, STM32MP213DAL3, STM32MP213DAM3, STM32MP213DAN3, STM32MP213DAO3, STM32MP213FAL3, STM32MP213FAM3, STM32MP213FAN3, STM32MP213FAO3, STM32MP215AAL3, STM32MP215AAM3, STM32MP215AAN3, STM32MP215AAO3, STM32MP215CAL3, STM32MP215CAM3, STM32MP215CAN3, STM32MP215CAO3, STM32MP215DAL3, STM32MP215DAM3, STM32MP215DAN3, STM32MP215DAO3, STM32MP215F-DK, STM32MP215FAL3, STM32MP215FAM3, STM32MP215FAN3, STM32MP215FAO3, STM32MP231AAJ3, STM32MP231AAK3, STM32MP231AAL3, STM32MP231CAJ3, STM32MP231CAK3, STM32MP231CAL3, STM32MP231DAJ3, STM32MP231DAK3, STM32MP231DAL3, STM32MP231FAJ3, STM32MP231FAK3, STM32MP231FAL3, STM32MP233AAJ3, STM32MP233AAK3, STM32MP233AAL3, STM32MP233CAJ3, STM32MP233CAK3, STM32MP233CAL3, STM32MP233DAJ3, STM32MP233DAK3, STM32MP233DAL3, STM32MP233FAJ3, STM32MP233FAK3, STM32MP233FAL3, STM32MP235AAJ3, STM32MP235AAK3, STM32MP235AAL3, STM32MP235CAJ3, STM32MP235CAK3, STM32MP235CAL3, STM32MP235DAJ3, STM32MP235DAK3, STM32MP235DAL3, STM32MP235FAJ3, STM32MP235FAK3, STM32MP235FAL3, STM32MP251AAI3, STM32MP251AAK3, STM32MP251AAL3, STM32MP251CAI3, STM32MP251CAK3, STM32MP251CAL3, STM32MP251DAI3, STM32MP251DAK3, STM32MP251DAL3, STM32MP251FAI3, STM32MP251FAK3, STM32MP251FAL3, STM32MP253AAI3, STM32MP253AAK3, STM32MP253AAL3, STM32MP253CAI3, STM32MP253CAK3, STM32MP253CAL3, STM32MP253DAI3, STM32MP253DAK3, STM32MP253DAL3, STM32MP253FAI3, STM32MP253FAK3, STM32MP253FAL3, STM32MP255AAI3, STM32MP255AAK3, STM32MP255AAL3, STM32MP255CAI3, STM32MP255CAK3, STM32MP255CAL3, STM32MP255DAI3, STM32MP255DAK3, STM32MP255DAL3, STM32MP255FAI3, STM32MP255FAK3, STM32MP255FAL3, STM32MP257AAI3, STM32MP257AAK3, STM32MP257AAL3, STM32MP257CAI3, STM32MP257CAK3, STM32MP257CAL3, STM32MP257DAI3, STM32MP257DAK3, STM32MP257DAL3, STM32MP257F-DK, STM32MP257F-EV1, STM32MP257FAI3, STM32MP257FAK3, STM32MP257FAL3, STM32N645A0H3Q, STM32N645B0H3Q, STM32N645I0H3Q, STM32N645L0H3Q, STM32N645X0H3Q, STM32N645Z0H3Q, STM32N647A0H3Q, STM32N647B0H3Q, STM32N647I0H3Q, STM32N647L0H3Q, STM32N647X0H3Q, STM32N647Z0H3Q, STM32N655A0H3Q, STM32N655B0H3Q, STM32N655I0H3Q, STM32N655L0H3Q, STM32N655X0H3Q, STM32N655Z0H3Q, STM32N6570-DK, STM32N657A0H3Q, STM32N657B0H3Q, STM32N657I0H3Q, STM32N657L0H3Q, STM32N657X0H3Q, STM32N657Z0H3Q, STM32U031C6T6, STM32U031C6U6, STM32U031C8T6, STM32U031C8U6, STM32U031F4P6, STM32U031F6P6, STM32U031F8P6, STM32U031G6Y6TR, STM32U031G8Y6TR, STM32U031K4U6, STM32U031K6U6, STM32U031K8U6, STM32U031R6I6, STM32U031R6T6, STM32U031R8I6, STM32U031R8T6, STM32U073C8T6, STM32U073C8U6, STM32U073CBT6, STM32U073CBU6, STM32U073CCT6, STM32U073CCU6, STM32U073H8Y6TR, STM32U073HBY6TR, STM32U073HCY6TR, STM32U073K8U6, STM32U073KBU6, STM32U073KCU6, STM32U073M8I6, STM32U073M8T6, STM32U073MBI6, STM32U073MBT6, STM32U073MCI6, STM32U073MCT6, STM32U073R8I6, STM32U073R8T6, STM32U073RBI6, STM32U073RBT6, STM32U073RCI6, STM32U073RCT6, STM32U083C-DK, STM32U083CCT6, STM32U083CCU6, STM32U083HCY6TR, STM32U083KCU6, STM32U083MCI6, STM32U083MCT6, STM32U083RCI6, STM32U083RCT6, STM32U375CET6, STM32U375CET6Q, STM32U375CEU6, STM32U375CEU6Q, STM32U375CEY6QTR, STM32U375CGT6, STM32U375CGT6Q, STM32U375CGU6, STM32U375CGU6Q, STM32U375CGY6QTR, STM32U375KEU6, STM32U375KGU6, STM32U375REI6, STM32U375REI6Q, STM32U375RET6, STM32U375RET6Q, STM32U375REY6GTR, STM32U375REY6QTR, STM32U375RGI6, STM32U375RGI6Q, STM32U375RGT6, STM32U375RGT6Q, STM32U375RGY6GTR, STM32U375RGY6QTR, STM32U375VEI6, STM32U375VEI6Q, STM32U375VET6, STM32U375VET6Q, STM32U375VGI6, STM32U375VGI6Q, STM32U375VGT6, STM32U375VGT6Q, STM32U385CGT6, STM32U385CGT6Q, STM32U385CGU6, STM32U385CGU6Q, STM32U385CGY6QTR, STM32U385KGU6, STM32U385RGI6, STM32U385RGI6Q, STM32U385RGT6, STM32U385RGT6Q, STM32U385RGY6GTR, STM32U385RGY6QTR, STM32U385VGI6, STM32U385VGI6Q, STM32U385VGT6, STM32U385VGT6Q, STM32U535CBT6, STM32U535CBT6Q, STM32U535CBU6, STM32U535CBU6Q, STM32U535CCT6, STM32U535CCT6Q, STM32U535CCU6, STM32U535CCU6Q, STM32U535CET6, STM32U535CET6Q, STM32U535CEU6, STM32U535CEU6Q, STM32U535JEY6QTR, STM32U535NCY6QTR, STM32U535NEY6QTR, STM32U535RBI6, STM32U535RBI6Q, STM32U535RBT6, STM32U535RBT6Q, STM32U535RCI6, STM32U535RCI6Q, STM32U535RCT6, STM32U535RCT6Q, STM32U535REI6, STM32U535REI6Q, STM32U535RET6, STM32U535RET6Q, STM32U535VCI6, STM32U535VCI6Q, STM32U535VCT6, STM32U535VCT6Q, STM32U535VEI6, STM32U535VEI6Q, STM32U535VET6, STM32U535VET6Q, STM32U545CET6, STM32U545CET6Q, STM32U545CEU6, STM32U545CEU6Q, STM32U545JEY6QTR, STM32U545NEY6QTR, STM32U545REI6, STM32U545REI6Q, STM32U545RET6, STM32U545RET6Q, STM32U545VEI6, STM32U545VEI6Q, STM32U545VET6, STM32U545VET6Q, STM32U595AIH6, STM32U595AIH6Q, STM32U595AJH6, STM32U595AJH6Q, STM32U595QII6, STM32U595QII6Q, STM32U595QJI6, STM32U595QJI6Q, STM32U595RIT6, STM32U595RIT6Q, STM32U595RJT6, STM32U595RJT6Q, STM32U595VIT6, STM32U595VIT6Q, STM32U595VJT6, STM32U595VJT6Q, STM32U595ZIT6, STM32U595ZIT6Q, STM32U595ZIY6QTR, STM32U595ZJT6, STM32U595ZJT6Q, STM32U595ZJY6QTR, STM32U599BJY6QTR, STM32U599NIH6Q, STM32U599NJH6Q, STM32U599VIT6Q, STM32U599VJT6, STM32U599VJT6Q, STM32U599ZIT6Q, STM32U599ZIY6QTR, STM32U599ZJT6Q, STM32U599ZJY6QTR, STM32U5A5AJH6, STM32U5A5AJH6Q, STM32U5A5QII3Q , STM32U5A5QJI6, STM32U5A5QJI6Q, STM32U5A5RJT6, STM32U5A5RJT6Q, STM32U5A5VJT6, STM32U5A5VJT6Q, STM32U5A5ZJT6, STM32U5A5ZJT6Q, STM32U5A5ZJY6QTR, STM32U5A9BJY6QTR, STM32U5A9J-DK, STM32U5A9NJH6Q, STM32U5A9VJT6Q, STM32U5A9ZJT6Q, STM32U5A9ZJY6QTR, STM32U5F7VIT6, STM32U5F7VIT6Q, STM32U5F7VJT6, STM32U5F7VJT6Q, STM32U5F9BJY6QTR, STM32U5F9NJH6Q, STM32U5F9VIT6Q, STM32U5F9VJT6Q, STM32U5F9ZIJ6QTR, STM32U5F9ZIT6Q, STM32U5F9ZJJ6QTR, STM32U5F9ZJT6Q, STM32U5G7VJT6, STM32U5G7VJT6Q, STM32U5G9BJY6QTR, STM32U5G9J-DK1, STM32U5G9J-DK2, STM32U5G9NJH6Q, STM32U5G9VJT6Q, STM32U5G9ZJJ6QTR, STM32U5G9ZJT6Q, STM32WB05KZV6TR, STM32WB05KZV7TR, STM32WB05TZF6TR, STM32WB05TZF7TR, STM32WB06CCF6TR, STM32WB06CCF7TR, STM32WB06CCV6TR, STM32WB06CCV7TR, STM32WB06KCV6TR, STM32WB06KCV7TR, STM32WB07CCF6TR, STM32WB07CCF7TR, STM32WB07CCV6TR, STM32WB07CCV7TR, STM32WB07KCV6TR, STM32WB07KCV7TR, STM32WB09KEV6TR, STM32WB09KEV7TR, STM32WB09TEF6TR, STM32WB09TEF7TR, STM32WB1MMCH6, STM32WBA50KGU6, STM32WBA50KGU6TR, STM32WBA52CEU6, STM32WBA52CEU6TR, STM32WBA52CEU7, STM32WBA52CEU7TR, STM32WBA52CGU6, STM32WBA52CGU6TR, STM32WBA52CGU6U, STM32WBA52CGU7, STM32WBA52CGU7TR, STM32WBA52KEU6, STM32WBA52KEU6TR, STM32WBA52KGU6, STM32WBA52KGU6TR, STM32WBA54CEU6, STM32WBA54CEU6TR, STM32WBA54CEU7, STM32WBA54CEU7TR, STM32WBA54CGU6, STM32WBA54CGU6TR, STM32WBA54CGU7, STM32WBA54CGU7TR, STM32WBA54KEU6, STM32WBA54KEU6TR, STM32WBA54KEU7, STM32WBA54KEU7TR, STM32WBA54KGU6, STM32WBA54KGU6TR, STM32WBA54KGU7, STM32WBA54KGU7TR, STM32WBA55CEU6, STM32WBA55CEU6TR, STM32WBA55CEU7, STM32WBA55CEU7TR, STM32WBA55CGU6, STM32WBA55CGU6TR, STM32WBA55CGU6U, STM32WBA55CGU7, STM32WBA55CGU7TR, STM32WBA55G-DK1, STM32WBA55HEF6, STM32WBA55HEF7, STM32WBA55HGF6, STM32WBA55HGF7, STM32WBA55UEI6, STM32WBA55UEI6TR, STM32WBA55UEI7, STM32WBA55UEI7TR, STM32WBA55UGI6, STM32WBA55UGI6TR, STM32WBA55UGI7, STM32WBA55UGI7TR, STM32WBA5MMGH6TR, STM32WBA62MGF6, STM32WBA62MIF6, STM32WBA65MGF7, STM32WBA65MIF6, STM32WBA65MIF7, STM32WL30K8V6, STM32WL30KBV6, STM32WL31C8V6, STM32WL31CBV6, STM32WL31K8V6, STM32WL31KBV6, STM32WL33C8V6, STM32WL33C8V6X, STM32WL33CBV6, STM32WL33CBV6X, STM32WL33CCV6, STM32WL33CCV6A, STM32WL33CCV6X, STM32WL33K8V7, STM32WL33K8V7X, STM32WL33KBV7 , STM32WL33KBV7X, STM32WL33KCV7, STM32WL33KCV7X, STM32WL5MOCH6, STM32WL5MOCH6TR]
2026-06-15 22:14:46,926 [INFO] ApiDb:668 - CubeFinder database Data Model version=2.1
2026-06-15 22:14:46,927 [INFO] ApiDb:669 - CubeFinder database Configuration version=3.0.42
2026-06-15 22:14:46,927 [INFO] ApiDb:670 - CubeFinder database generation date=2026-05-14 (1778746352)
2026-06-15 22:14:46,927 [INFO] ApiDb:671 - CubeFinder database FW Pack versions=[FP-ATR-ASTRA1_V2.0.0, FP-SNS-FLIGHT1_V5.1.0, FP-SNS-MOTENV1_V5.1.0, FP-SNS-MOTENVWB1_V1.5.0, FP-SNS-SMARTAG2_V1.2.0, FP-SNS-STBOX1_V2.1.0, STM32Cube_FW_C0_V1.4.0, STM32Cube_FW_F4_V1.28.3, STM32Cube_FW_F7_V1.17.4, STM32Cube_FW_G0_V1.6.3, STM32Cube_FW_G4_V1.6.2, STM32Cube_FW_H5_V1.6.0, STM32Cube_FW_H7RS_V1.3.0, STM32Cube_FW_H7_V1.13.0, STM32Cube_FW_L0_V1.12.2, STM32Cube_FW_L4_V1.18.2, STM32Cube_FW_L5_V1.6.0, STM32Cube_FW_N6_V1.3.0, STM32Cube_FW_U0_V1.3.0, STM32Cube_FW_U3_V1.3.0, STM32Cube_FW_U5_V1.8.0, STM32Cube_FW_WB0_V1.4.0, STM32Cube_FW_WBA_V1.9.0, STM32Cube_FW_WB_V1.24.0, STM32Cube_FW_WL3_V1.4.0, STM32Cube_FW_WL_V1.5.0, X-CUBE-ALGOBUILD_V1.4.0, X-CUBE-ALS_V1.0.2, X-CUBE-AZRTOS-F4_V1.1.0, X-CUBE-AZRTOS-F7_V1.1.0, X-CUBE-AZRTOS-G0_V1.1.0, X-CUBE-AZRTOS-G4_V2.0.0, X-CUBE-AZRTOS-H7RS_V1.1.0, X-CUBE-AZRTOS-H7_V3.5.0, X-CUBE-AZRTOS-L4_V2.0.0, X-CUBE-AZRTOS-L5_V2.0.0, X-CUBE-AZRTOS-WB_V2.0.0, X-CUBE-AZRTOS-WL_V2.0.0, X-CUBE-BLE1_V7.1.0, X-CUBE-BLE2_V3.3.0, X-CUBE-BLEMGR_V4.1.0, X-CUBE-EEPRMA1_V5.2.0, X-CUBE-FREERTOS_V1.5.0, X-CUBE-GNSS1_V7.1.1, X-CUBE-MEMS1_V12.1.0, X-CUBE-NFC4_V3.0.0, X-CUBE-NFC7_V2.0.0, X-CUBE-SFXS2LP1_V4.0.0, X-CUBE-ST67W61_V1.3.0, X-CUBE-SUBG2_V5.0.0, X-CUBE-TOF1_V3.4.3]
2026-06-15 22:14:52,178 [INFO] ApiDb:240 - Found 880 in-development CPN: [B-G473E-ZEST1S, B-WB1M-WPAN1, B-WBA5M-WPAN, B-WL5M-SUBG1, NUCLEO-C031C6, NUCLEO-C051C8, NUCLEO-C071RB, NUCLEO-C092RC, NUCLEO-H503RB, NUCLEO-H533RE, NUCLEO-H563ZI, NUCLEO-H7S3L8, NUCLEO-N657X0-Q, NUCLEO-U031R8, NUCLEO-U083RC, NUCLEO-U385RG-Q, NUCLEO-U545RE-Q, NUCLEO-U5A5ZJ-Q, NUCLEO-WB05KZ, NUCLEO-WB07CC, NUCLEO-WB09KE, NUCLEO-WBA52CG, NUCLEO-WBA55CG, NUCLEO-WL33CC1, NUCLEO-WL33CC2, STEVAL-PROTEUS1, STEVAL-SMARTAG2, STEVAL-STWINBX1, STM320518-EVAL, STM32C0116-DK, STM32C011D6Y3TR, STM32C011D6Y6TR, STM32C011F4P3, STM32C011F4P6, STM32C011F4U3, STM32C011F4U6TR, STM32C011F6P3, STM32C011F6P6, STM32C011F6U3, STM32C011F6U6TR, STM32C011J4M3, STM32C011J4M6, STM32C011J6M3, STM32C011J6M6, STM32C0316-DK, STM32C031C4T3, STM32C031C4T6, STM32C031C4U3, STM32C031C4U6, STM32C031C6T3, STM32C031C6T6, STM32C031C6U3, STM32C031C6U6, STM32C031F4P3, STM32C031F4P6, STM32C031F6P3, STM32C031F6P6, STM32C031G4U3, STM32C031G4U6, STM32C031G6U3, STM32C031G6U6, STM32C031K4T3, STM32C031K4T6, STM32C031K4U3, STM32C031K4U6, STM32C031K6T3, STM32C031K6T6, STM32C031K6U3, STM32C031K6U6, STM32C051C6T6, STM32C051C6U6, STM32C051C8T6, STM32C051C8U6, STM32C051D8Y6TR, STM32C051F6P6, STM32C051F8P6, STM32C051G6U6, STM32C051G8U6, STM32C051K6T6, STM32C051K6U6, STM32C051K8T6, STM32C071C8T6, STM32C071C8T6N, STM32C071C8U6, STM32C071C8U6N, STM32C071CBT6, STM32C071CBT6N, STM32C071CBU6, STM32C071CBU6N, STM32C071F8P6, STM32C071F8P6N, STM32C071FBP6, STM32C071FBP6N, STM32C071FBY6TR, STM32C071G8U6, STM32C071G8U6N, STM32C071GBU6, STM32C071GBU6N, STM32C071K8T6, STM32C071K8T6N, STM32C071K8U6, STM32C071K8U6N, STM32C071KBT6, STM32C071KBT6N, STM32C071KBU6, STM32C071KBU6N, STM32C071R8T6, STM32C071R8T6N, STM32C071RBI6N, STM32C071RBT6, STM32C071RBT6N, STM32C091CBT6, STM32C091CBU6, STM32C091CCT6, STM32C091CCU6, STM32C091ECY6TR, STM32C091FBP6, STM32C091FCP6, STM32C091GBU6, STM32C091GCU6, STM32C091KBT6, STM32C091KBU6, STM32C091KCT6, STM32C091KCU6, STM32C091RBT6, STM32C091RCI6, STM32C091RCT6, STM32C092CBT6, STM32C092CBU6, STM32C092CCT6, STM32C092CCU6, STM32C092ECY6TR, STM32C092FBP6, STM32C092FCP6, STM32C092GBU6, STM32C092GCU6, STM32C092KBT6, STM32C092KBU6, STM32C092KCT6, STM32C092KCU6, STM32C092RBT6, STM32C092RCI6, STM32C092RCT6, STM32G071K8TXN, STM32G071K8UXN, STM32G081GBU6N, STM32G081KBT6N, STM32G081KBUXN, STM32G0B1CCT6N, STM32G0B1KCT6, STM32G0B1NEY6TR, STM32G0B1RCT6N, STM32G0C1CCT6, STM32G0C1CCT6N, STM32G0C1CCU6N, STM32G0C1CET6N, STM32G0C1CEU6N, STM32G0C1KCT6, STM32G0C1NEY6TR, STM32G0C1RCI6N, STM32G0C1RCT6N, STM32G0C1REI6N, STM32G0C1RET6N, STM32G0C1VCI6, STM32G0C1VEI6, STM32G411C6T3, STM32G411C6T6, STM32G411C6U3, STM32G411C6U6, STM32G411C8T3, STM32G411C8T6, STM32G411C8U3, STM32G411C8U6, STM32G411CBT3, STM32G411CBT6, STM32G411CBU3, STM32G411CBU6, STM32G411K6T3, STM32G411K6T6, STM32G411K6U3, STM32G411K6U6, STM32G411K8T3, STM32G411K8T6, STM32G411K8U3, STM32G411K8U6, STM32G411KBT3, STM32G411KBT6, STM32G411KBU3, STM32G411KBU6, STM32G411M6T3, STM32G411M6T6, STM32G411M8T3, STM32G411M8T6, STM32G411MBT3, STM32G411MBT6, STM32G411R6T3, STM32G411R6T6, STM32G411R8T3, STM32G411R8T6, STM32G411RBT3, STM32G411RBT6, STM32G414CBT3, STM32G414CBT6, STM32G414CBU3, STM32G414CBU6, STM32G414CCT3, STM32G414CCT6, STM32G414CCU3, STM32G414CCU6, STM32G414MBT3, STM32G414MBT6, STM32G414MCT3, STM32G414MCT6, STM32G414RBT3, STM32G414RBT6, STM32G414RCT3, STM32G414RCT6, STM32G414VBT3, STM32G414VBT6, STM32G414VCT3, STM32G414VCT6, STM32G431CBT3Z, STM32G431RBT3Z, STM32G471CCT6, STM32G471CCU6, STM32G471CET3, STM32G471CET6, STM32G471CEU3, STM32G471CEU6, STM32G471MCT6, STM32G471MET3, STM32G471MET6, STM32G471MEY6TR, STM32G471QCT6, STM32G471QET3, STM32G471RCT6, STM32G471RET3, STM32G471RET6, STM32G471VCH6, STM32G471VCI6, STM32G471VCT6, STM32G471VEH3, STM32G471VEH6, STM32G471VEI3, STM32G471VEI6, STM32G471VET3, STM32G471VET6, STM32G473QET3Z, STM32G473RET3Z, STM32G474CCT6, STM32G491RET3Z, STM32H503CBT6, STM32H503CBU6, STM32H503EBY6TR, STM32H503KBU6, STM32H503RBT6, STM32H523CCT6, STM32H523CCU6, STM32H523CET6, STM32H523CEU6, STM32H523HEY6TR, STM32H523RCT6, STM32H523RET6, STM32H523VCI6, STM32H523VCT6, STM32H523VEI6, STM32H523VET6, STM32H523ZCJ6, STM32H523ZCT6, STM32H523ZEJ6, STM32H523ZET6, STM32H533CET6, STM32H533CEU6, STM32H533HEY6TR, STM32H533RET6, STM32H533VEI6, STM32H533VET6, STM32H533ZEJ6, STM32H533ZET6, STM32H562AGI6, STM32H562AII6, STM32H562IGK6, STM32H562IGT6, STM32H562IIK6, STM32H562IIT6, STM32H562RGT6, STM32H562RGV6, STM32H562RIT6, STM32H562RIV6, STM32H562VGT6, STM32H562VIT6, STM32H562ZGT6, STM32H562ZIT6, STM32H563AGI6, STM32H563AII3Q, STM32H563AII6, STM32H563IGK6, STM32H563IGT6, STM32H563IIK3Q, STM32H563IIK6, STM32H563IIT3Q, STM32H563IIT6, STM32H563MIY3QTR, STM32H563RGT6, STM32H563RGV6, STM32H563RIT6, STM32H563RIV6, STM32H563VGT6, STM32H563VIT3Q, STM32H563VIT6, STM32H563ZGT6, STM32H563ZIT3Q, STM32H563ZIT6, STM32H573AII3Q, STM32H573AII6, STM32H573I-DK, STM32H573IIK3Q, STM32H573IIK6, STM32H573IIT3Q, STM32H573IIT6, STM32H573MIY3QTR, STM32H573RIT6, STM32H573RIV6, STM32H573VIT3Q, STM32H573VIT6, STM32H573ZIT3Q, STM32H573ZIT6, STM32H7R3A8I6, STM32H7R3I8K6, STM32H7R3I8T6, STM32H7R3L8H6, STM32H7R3L8H6H, STM32H7R3R8V6, STM32H7R3V8H6, STM32H7R3V8T6, STM32H7R3V8Y6TR, STM32H7R3Z8J6, STM32H7R3Z8T6, STM32H7R7A8I6, STM32H7R7I8K6, STM32H7R7I8T6, STM32H7R7L8H6, STM32H7R7L8H6H, STM32H7R7Z8J6, STM32H7S3A8I6, STM32H7S3I8K6, STM32H7S3I8T6, STM32H7S3L8H6, STM32H7S3L8H6H, STM32H7S3R8V6, STM32H7S3V8H6, STM32H7S3V8T6, STM32H7S3V8Y6TR, STM32H7S3Z8J6, STM32H7S3Z8T6, STM32H7S78-DK, STM32H7S7A8I6, STM32H7S7I8K6, STM32H7S7I8T6, STM32H7S7L8H6, STM32H7S7L8H6H, STM32H7S7Z8J6, STM32L4R5QGI6STR, STM32MP131AAE3, STM32MP131AAF3, STM32MP131AAG3, STM32MP131CAE3, STM32MP131CAF3, STM32MP131CAG3, STM32MP131DAE7, STM32MP131DAF7, STM32MP131DAG7, STM32MP131FAE7, STM32MP131FAF7, STM32MP131FAG7, STM32MP133AAE3, STM32MP133AAF3, STM32MP133AAG3, STM32MP133CAE3, STM32MP133CAF3, STM32MP133CAG3, STM32MP133DAE7, STM32MP133DAF7, STM32MP133DAG7, STM32MP133FAE7, STM32MP133FAF7, STM32MP133FAG7, STM32MP135AAE3, STM32MP135AAF3, STM32MP135AAG3, STM32MP135CAE3, STM32MP135CAF3, STM32MP135CAG3, STM32MP135DAE7, STM32MP135DAF7, STM32MP135DAG7, STM32MP135F-DK, STM32MP135FAE7, STM32MP135FAF7, STM32MP135FAF7T, STM32MP135FAF7U, STM32MP135FAG7, STM32MP211AAL3, STM32MP211AAM3, STM32MP211AAN3, STM32MP211AAO3, STM32MP211CAL3, STM32MP211CAM3, STM32MP211CAN3, STM32MP211CAO3, STM32MP211DAL3, STM32MP211DAM3, STM32MP211DAN3, STM32MP211DAO3, STM32MP211FAL3, STM32MP211FAM3, STM32MP211FAN3, STM32MP211FAO3, STM32MP213AAL3, STM32MP213AAM3, STM32MP213AAN3, STM32MP213AAO3, STM32MP213CAL3, STM32MP213CAM3, STM32MP213CAN3, STM32MP213CAO3, STM32MP213DAL3, STM32MP213DAM3, STM32MP213DAN3, STM32MP213DAO3, STM32MP213FAL3, STM32MP213FAM3, STM32MP213FAN3, STM32MP213FAO3, STM32MP215AAL3, STM32MP215AAM3, STM32MP215AAN3, STM32MP215AAO3, STM32MP215CAL3, STM32MP215CAM3, STM32MP215CAN3, STM32MP215CAO3, STM32MP215DAL3, STM32MP215DAM3, STM32MP215DAN3, STM32MP215DAO3, STM32MP215F-DK, STM32MP215FAL3, STM32MP215FAM3, STM32MP215FAN3, STM32MP215FAO3, STM32MP231AAJ3, STM32MP231AAK3, STM32MP231AAL3, STM32MP231CAJ3, STM32MP231CAK3, STM32MP231CAL3, STM32MP231DAJ3, STM32MP231DAK3, STM32MP231DAL3, STM32MP231FAJ3, STM32MP231FAK3, STM32MP231FAL3, STM32MP233AAJ3, STM32MP233AAK3, STM32MP233AAL3, STM32MP233CAJ3, STM32MP233CAK3, STM32MP233CAL3, STM32MP233DAJ3, STM32MP233DAK3, STM32MP233DAL3, STM32MP233FAJ3, STM32MP233FAK3, STM32MP233FAL3, STM32MP235AAJ3, STM32MP235AAK3, STM32MP235AAL3, STM32MP235CAJ3, STM32MP235CAK3, STM32MP235CAL3, STM32MP235DAJ3, STM32MP235DAK3, STM32MP235DAL3, STM32MP235FAJ3, STM32MP235FAK3, STM32MP235FAL3, STM32MP251AAI3, STM32MP251AAK3, STM32MP251AAL3, STM32MP251CAI3, STM32MP251CAK3, STM32MP251CAL3, STM32MP251DAI3, STM32MP251DAK3, STM32MP251DAL3, STM32MP251FAI3, STM32MP251FAK3, STM32MP251FAL3, STM32MP253AAI3, STM32MP253AAK3, STM32MP253AAL3, STM32MP253CAI3, STM32MP253CAK3, STM32MP253CAL3, STM32MP253DAI3, STM32MP253DAK3, STM32MP253DAL3, STM32MP253FAI3, STM32MP253FAK3, STM32MP253FAL3, STM32MP255AAI3, STM32MP255AAK3, STM32MP255AAL3, STM32MP255CAI3, STM32MP255CAK3, STM32MP255CAL3, STM32MP255DAI3, STM32MP255DAK3, STM32MP255DAL3, STM32MP255FAI3, STM32MP255FAK3, STM32MP255FAL3, STM32MP257AAI3, STM32MP257AAK3, STM32MP257AAL3, STM32MP257CAI3, STM32MP257CAK3, STM32MP257CAL3, STM32MP257DAI3, STM32MP257DAK3, STM32MP257DAL3, STM32MP257F-DK, STM32MP257F-EV1, STM32MP257FAI3, STM32MP257FAK3, STM32MP257FAL3, STM32N645A0H3Q, STM32N645B0H3Q, STM32N645I0H3Q, STM32N645L0H3Q, STM32N645X0H3Q, STM32N645Z0H3Q, STM32N647A0H3Q, STM32N647B0H3Q, STM32N647I0H3Q, STM32N647L0H3Q, STM32N647X0H3Q, STM32N647Z0H3Q, STM32N655A0H3Q, STM32N655B0H3Q, STM32N655I0H3Q, STM32N655L0H3Q, STM32N655X0H3Q, STM32N655Z0H3Q, STM32N6570-DK, STM32N657A0H3Q, STM32N657B0H3Q, STM32N657I0H3Q, STM32N657L0H3Q, STM32N657X0H3Q, STM32N657Z0H3Q, STM32U031C6T6, STM32U031C6U6, STM32U031C8T6, STM32U031C8U6, STM32U031F4P6, STM32U031F6P6, STM32U031F8P6, STM32U031G6Y6TR, STM32U031G8Y6TR, STM32U031K4U6, STM32U031K6U6, STM32U031K8U6, STM32U031R6I6, STM32U031R6T6, STM32U031R8I6, STM32U031R8T6, STM32U073C8T6, STM32U073C8U6, STM32U073CBT6, STM32U073CBU6, STM32U073CCT6, STM32U073CCU6, STM32U073H8Y6TR, STM32U073HBY6TR, STM32U073HCY6TR, STM32U073K8U6, STM32U073KBU6, STM32U073KCU6, STM32U073M8I6, STM32U073M8T6, STM32U073MBI6, STM32U073MBT6, STM32U073MCI6, STM32U073MCT6, STM32U073R8I6, STM32U073R8T6, STM32U073RBI6, STM32U073RBT6, STM32U073RCI6, STM32U073RCT6, STM32U083C-DK, STM32U083CCT6, STM32U083CCU6, STM32U083HCY6TR, STM32U083KCU6, STM32U083MCI6, STM32U083MCT6, STM32U083RCI6, STM32U083RCT6, STM32U375CET6, STM32U375CET6Q, STM32U375CEU6, STM32U375CEU6Q, STM32U375CEY6QTR, STM32U375CGT6, STM32U375CGT6Q, STM32U375CGU6, STM32U375CGU6Q, STM32U375CGY6QTR, STM32U375KEU6, STM32U375KGU6, STM32U375REI6, STM32U375REI6Q, STM32U375RET6, STM32U375RET6Q, STM32U375REY6GTR, STM32U375REY6QTR, STM32U375RGI6, STM32U375RGI6Q, STM32U375RGT6, STM32U375RGT6Q, STM32U375RGY6GTR, STM32U375RGY6QTR, STM32U375VEI6, STM32U375VEI6Q, STM32U375VET6, STM32U375VET6Q, STM32U375VGI6, STM32U375VGI6Q, STM32U375VGT6, STM32U375VGT6Q, STM32U385CGT6, STM32U385CGT6Q, STM32U385CGU6, STM32U385CGU6Q, STM32U385CGY6QTR, STM32U385KGU6, STM32U385RGI6, STM32U385RGI6Q, STM32U385RGT6, STM32U385RGT6Q, STM32U385RGY6GTR, STM32U385RGY6QTR, STM32U385VGI6, STM32U385VGI6Q, STM32U385VGT6, STM32U385VGT6Q, STM32U535CBT6, STM32U535CBT6Q, STM32U535CBU6, STM32U535CBU6Q, STM32U535CCT6, STM32U535CCT6Q, STM32U535CCU6, STM32U535CCU6Q, STM32U535CET6, STM32U535CET6Q, STM32U535CEU6, STM32U535CEU6Q, STM32U535JEY6QTR, STM32U535NCY6QTR, STM32U535NEY6QTR, STM32U535RBI6, STM32U535RBI6Q, STM32U535RBT6, STM32U535RBT6Q, STM32U535RCI6, STM32U535RCI6Q, STM32U535RCT6, STM32U535RCT6Q, STM32U535REI6, STM32U535REI6Q, STM32U535RET6, STM32U535RET6Q, STM32U535VCI6, STM32U535VCI6Q, STM32U535VCT6, STM32U535VCT6Q, STM32U535VEI6, STM32U535VEI6Q, STM32U535VET6, STM32U535VET6Q, STM32U545CET6, STM32U545CET6Q, STM32U545CEU6, STM32U545CEU6Q, STM32U545JEY6QTR, STM32U545NEY6QTR, STM32U545REI6, STM32U545REI6Q, STM32U545RET6, STM32U545RET6Q, STM32U545VEI6, STM32U545VEI6Q, STM32U545VET6, STM32U545VET6Q, STM32U595AIH6, STM32U595AIH6Q, STM32U595AJH6, STM32U595AJH6Q, STM32U595QII6, STM32U595QII6Q, STM32U595QJI6, STM32U595QJI6Q, STM32U595RIT6, STM32U595RIT6Q, STM32U595RJT6, STM32U595RJT6Q, STM32U595VIT6, STM32U595VIT6Q, STM32U595VJT6, STM32U595VJT6Q, STM32U595ZIT6, STM32U595ZIT6Q, STM32U595ZIY6QTR, STM32U595ZJT6, STM32U595ZJT6Q, STM32U595ZJY6QTR, STM32U599BJY6QTR, STM32U599NIH6Q, STM32U599NJH6Q, STM32U599VIT6Q, STM32U599VJT6, STM32U599VJT6Q, STM32U599ZIT6Q, STM32U599ZIY6QTR, STM32U599ZJT6Q, STM32U599ZJY6QTR, STM32U5A5AJH6, STM32U5A5AJH6Q, STM32U5A5QII3Q , STM32U5A5QJI6, STM32U5A5QJI6Q, STM32U5A5RJT6, STM32U5A5RJT6Q, STM32U5A5VJT6, STM32U5A5VJT6Q, STM32U5A5ZJT6, STM32U5A5ZJT6Q, STM32U5A5ZJY6QTR, STM32U5A9BJY6QTR, STM32U5A9J-DK, STM32U5A9NJH6Q, STM32U5A9VJT6Q, STM32U5A9ZJT6Q, STM32U5A9ZJY6QTR, STM32U5F7VIT6, STM32U5F7VIT6Q, STM32U5F7VJT6, STM32U5F7VJT6Q, STM32U5F9BJY6QTR, STM32U5F9NJH6Q, STM32U5F9VIT6Q, STM32U5F9VJT6Q, STM32U5F9ZIJ6QTR, STM32U5F9ZIT6Q, STM32U5F9ZJJ6QTR, STM32U5F9ZJT6Q, STM32U5G7VJT6, STM32U5G7VJT6Q, STM32U5G9BJY6QTR, STM32U5G9J-DK1, STM32U5G9J-DK2, STM32U5G9NJH6Q, STM32U5G9VJT6Q, STM32U5G9ZJJ6QTR, STM32U5G9ZJT6Q, STM32WB05KZV6TR, STM32WB05KZV7TR, STM32WB05TZF6TR, STM32WB05TZF7TR, STM32WB06CCF6TR, STM32WB06CCF7TR, STM32WB06CCV6TR, STM32WB06CCV7TR, STM32WB06KCV6TR, STM32WB06KCV7TR, STM32WB07CCF6TR, STM32WB07CCF7TR, STM32WB07CCV6TR, STM32WB07CCV7TR, STM32WB07KCV6TR, STM32WB07KCV7TR, STM32WB09KEV6TR, STM32WB09KEV7TR, STM32WB09TEF6TR, STM32WB09TEF7TR, STM32WB1MMCH6, STM32WBA50KGU6, STM32WBA50KGU6TR, STM32WBA52CEU6, STM32WBA52CEU6TR, STM32WBA52CEU7, STM32WBA52CEU7TR, STM32WBA52CGU6, STM32WBA52CGU6TR, STM32WBA52CGU6U, STM32WBA52CGU7, STM32WBA52CGU7TR, STM32WBA52KEU6, STM32WBA52KEU6TR, STM32WBA52KGU6, STM32WBA52KGU6TR, STM32WBA54CEU6, STM32WBA54CEU6TR, STM32WBA54CEU7, STM32WBA54CEU7TR, STM32WBA54CGU6, STM32WBA54CGU6TR, STM32WBA54CGU7, STM32WBA54CGU7TR, STM32WBA54KEU6, STM32WBA54KEU6TR, STM32WBA54KEU7, STM32WBA54KEU7TR, STM32WBA54KGU6, STM32WBA54KGU6TR, STM32WBA54KGU7, STM32WBA54KGU7TR, STM32WBA55CEU6, STM32WBA55CEU6TR, STM32WBA55CEU7, STM32WBA55CEU7TR, STM32WBA55CGU6, STM32WBA55CGU6TR, STM32WBA55CGU6U, STM32WBA55CGU7, STM32WBA55CGU7TR, STM32WBA55G-DK1, STM32WBA55HEF6, STM32WBA55HEF7, STM32WBA55HGF6, STM32WBA55HGF7, STM32WBA55UEI6, STM32WBA55UEI6TR, STM32WBA55UEI7, STM32WBA55UEI7TR, STM32WBA55UGI6, STM32WBA55UGI6TR, STM32WBA55UGI7, STM32WBA55UGI7TR, STM32WBA5MMGH6TR, STM32WBA62MGF6, STM32WBA62MIF6, STM32WBA65MGF7, STM32WBA65MIF6, STM32WBA65MIF7, STM32WL30K8V6, STM32WL30KBV6, STM32WL31C8V6, STM32WL31CBV6, STM32WL31K8V6, STM32WL31KBV6, STM32WL33C8V6, STM32WL33C8V6X, STM32WL33CBV6, STM32WL33CBV6X, STM32WL33CCV6, STM32WL33CCV6A, STM32WL33CCV6X, STM32WL33K8V7, STM32WL33K8V7X, STM32WL33KBV7 , STM32WL33KBV7X, STM32WL33KCV7, STM32WL33KCV7X, STM32WL5MOCH6, STM32WL5MOCH6TR]
2026-06-15 22:14:52,190 [INFO] DbMcus:218 - Found 5086 MCUs, 4968 are supported
2026-06-15 22:14:52,191 [INFO] ApiDb:423 - Load user favorites file C:\Users\Usuario/.stm32cubeide/favorites.mcus.txt: 2 item(s)
2026-06-15 22:14:52,192 [INFO] ApiDb:427 - User favorites MCUs=[STM32F103C8T6, STM32F103RCT6]
2026-06-15 22:14:52,192 [INFO] DbMcus:224 - Set 2 / 2 favorites MCUs
2026-06-15 22:14:54,039 [INFO] BoardInfo:889 - No configuration file found for board NUCLEO-H5E5ZJ
2026-06-15 22:14:54,045 [INFO] DbBoards:161 - Board is not supported: NUCLEO-H5E5ZJ
2026-06-15 22:14:54,313 [INFO] BoardInfo:889 - No configuration file found for board NUCLEO-U3C5ZI-Q
2026-06-15 22:14:54,318 [INFO] DbBoards:161 - Board is not supported: NUCLEO-U3C5ZI-Q
2026-06-15 22:14:54,372 [INFO] BoardInfo:889 - No configuration file found for board NUCLEO-WBA25CE1
2026-06-15 22:14:54,375 [INFO] DbBoards:161 - Board is not supported: NUCLEO-WBA25CE1
2026-06-15 22:14:54,412 [INFO] BoardInfo:889 - No configuration file found for board NUCLEO-WL3RKB1
2026-06-15 22:14:54,415 [INFO] DbBoards:161 - Board is not supported: NUCLEO-WL3RKB1
2026-06-15 22:14:54,420 [INFO] BoardInfo:889 - No configuration file found for board NUCLEO-WL3RKB2
2026-06-15 22:14:54,425 [INFO] DbBoards:161 - Board is not supported: NUCLEO-WL3RKB2
2026-06-15 22:14:54,457 [INFO] BoardInfo:889 - No configuration file found for board P-NUCLEO-WB55
2026-06-15 22:14:54,462 [INFO] DbBoards:161 - Kit is not supported: P-NUCLEO-WB55
2026-06-15 22:14:54,491 [INFO] BoardInfo:889 - No configuration file found for board STEVAL-BFA001V1B
2026-06-15 22:14:54,494 [INFO] DbBoards:161 - Kit is not supported: STEVAL-BFA001V1B
2026-06-15 22:14:54,497 [INFO] BoardInfo:889 - No configuration file found for board STEVAL-BFA001V2B
2026-06-15 22:14:54,501 [INFO] DbBoards:161 - Kit is not supported: STEVAL-BFA001V2B
2026-06-15 22:14:54,907 [INFO] BoardInfo:889 - No configuration file found for board STM32H5F5J-DK
2026-06-15 22:14:54,910 [INFO] DbBoards:161 - Board is not supported: STM32H5F5J-DK
2026-06-15 22:14:55,197 [INFO] DbBoards:168 - Found 218 boards, 209 are supported
2026-06-15 22:14:55,198 [INFO] DbBoards:169 - Found 218 boards, 43 of them is supported for  Bsp
2026-06-15 22:14:55,206 [INFO] ApiDb:423 - Load user favorites file C:\Users\Usuario/.stm32cubeide/favorites.boards.txt: 0 item(s)
2026-06-15 22:14:55,207 [INFO] ApiDb:427 - User favorites Boards=[]
2026-06-15 22:14:55,207 [INFO] DbBoards:198 - Set 0 / 0 favorites Boards
2026-06-15 22:14:55,470 [INFO] UtilMem:75 - End LoadConfig() Used Memory: 272169208 Bytes (321912832)
2026-06-15 22:14:55,932 [WARN] ThirdParty:833 - waiting for thirdparty lock release [change project]
2026-06-15 22:14:55,933 [INFO] ThirdParty:835 - entering critical section [change project]
2026-06-15 22:14:55,934 [INFO] ThirdParty:1030 - CMSIS Pack Vendor :STMicroelectronics X-CUBE-AZRTOS-H7 3.5.0
2026-06-15 22:14:55,934 [INFO] ThirdParty:1030 - CMSIS Pack Vendor :STMicroelectronics X-CUBE-PM33A1 1.0.0
2026-06-15 22:14:55,935 [INFO] ThirdParty:1030 - CMSIS Pack Vendor :STMicroelectronics USBPD 4.1
2026-06-15 22:14:55,935 [INFO] ThirdParty:1030 - CMSIS Pack Vendor :STMicroelectronics X-CUBE-NFC9 1.0.0
2026-06-15 22:14:55,935 [INFO] ThirdParty:1030 - CMSIS Pack Vendor :STMicroelectronics USB_HOST 2.0.0
2026-06-15 22:14:55,935 [INFO] ThirdParty:1030 - CMSIS Pack Vendor :STMicroelectronics FP-SNS-MOTENVWB1 1.4.0
2026-06-15 22:14:55,936 [INFO] ThirdParty:1030 - CMSIS Pack Vendor :STMicroelectronics X-CUBE-AZRTOS-F4 1.1.0
2026-06-15 22:14:55,936 [INFO] ThirdParty:1030 - CMSIS Pack Vendor :STMicroelectronics LIBJPEG 8.0.0
2026-06-15 22:14:55,936 [INFO] ThirdParty:1030 - CMSIS Pack Vendor :STMicroelectronics FP-ATR-ASTRA1 2.0.2
2026-06-15 22:14:55,936 [INFO] ThirdParty:1030 - CMSIS Pack Vendor :STMicroelectronics X-CUBE-BLE1 7.1.0
2026-06-15 22:14:55,936 [INFO] ThirdParty:1030 - CMSIS Pack Vendor :STMicroelectronics X-CUBE-SMBUS 2.1.0
2026-06-15 22:14:55,937 [INFO] ThirdParty:1030 - CMSIS Pack Vendor :STMicroelectronics USB_DEVICE 3.0.0
2026-06-15 22:14:55,937 [INFO] ThirdParty:1030 - CMSIS Pack Vendor :STMicroelectronics X-CUBE-ISPU 2.1.0
2026-06-15 22:14:55,937 [INFO] ThirdParty:1030 - CMSIS Pack Vendor :STMicroelectronics X-CUBE-IPS 3.2.0
2026-06-15 22:14:55,937 [INFO] ThirdParty:1030 - CMSIS Pack Vendor :STMicroelectronics eDS-WB_DPC_TT-BIDIR 2.1.1
2026-06-15 22:14:55,937 [INFO] ThirdParty:1030 - CMSIS Pack Vendor :STMicroelectronics X-CUBE-AZRTOS-WB 2.0.0
2026-06-15 22:14:55,937 [INFO] ThirdParty:1030 - CMSIS Pack Vendor :STMicroelectronics X-CUBE-ST60 1.0.0
2026-06-15 22:14:55,937 [INFO] ThirdParty:1030 - CMSIS Pack Vendor :STMicroelectronics X-CUBE-GNSS1 7.0.1
2026-06-15 22:14:55,938 [INFO] ThirdParty:1030 - CMSIS Pack Vendor :STMicroelectronics X-CUBE-AZRTOS-F7 1.1.0
2026-06-15 22:14:55,938 [INFO] ThirdParty:1030 - CMSIS Pack Vendor :STMicroelectronics X-CUBE-AZRTOS-L5 2.0.0
2026-06-15 22:14:55,938 [INFO] ThirdParty:1030 - CMSIS Pack Vendor :STMicroelectronics X-CUBE-TOUCHGFX 4.25.0
2026-06-15 22:14:55,938 [INFO] ThirdParty:1030 - CMSIS Pack Vendor :STMicroelectronics USB_DEVICE 2.0.0
2026-06-15 22:14:55,938 [INFO] ThirdParty:1030 - CMSIS Pack Vendor :STMicroelectronics X-CUBE-NFC6 3.1.0
2026-06-15 22:14:55,938 [INFO] ThirdParty:1030 - CMSIS Pack Vendor :STMicroelectronics FP-SNS-STAIOTCFT 1.1.0
2026-06-15 22:14:55,939 [INFO] ThirdParty:1030 - CMSIS Pack Vendor :quantropi X-CUBE-qispace-sdk-base 2.1.0
2026-06-15 22:14:55,939 [INFO] ThirdParty:1030 - CMSIS Pack Vendor :STMicroelectronics X-CUBE-MEMS1 12.0.0
2026-06-15 22:14:55,939 [INFO] ThirdParty:1030 - CMSIS Pack Vendor :STMicroelectronics X-CUBE-STSE01 2.0.0
2026-06-15 22:14:55,939 [INFO] ThirdParty:1030 - CMSIS Pack Vendor :STMicroelectronics X-CUBE-ALGOBUILD 1.5.0
2026-06-15 22:14:55,939 [INFO] ThirdParty:1030 - CMSIS Pack Vendor :STMicroelectronics FP-SNS-MOTENV1 5.1.0
2026-06-15 22:14:55,939 [INFO] ThirdParty:1030 - CMSIS Pack Vendor :STMicroelectronics FreeRTOS 0.0.1
2026-06-15 22:14:55,939 [INFO] ThirdParty:1030 - CMSIS Pack Vendor :STMicroelectronics X-CUBE-AZRTOS-G0 1.1.0
2026-06-15 22:14:55,940 [INFO] ThirdParty:1030 - CMSIS Pack Vendor :STMicroelectronics X-CUBE-SAFEA1 1.2.2
2026-06-15 22:14:55,940 [INFO] ThirdParty:1030 - CMSIS Pack Vendor :STMicroelectronics X-CUBE-NFC4 3.0.0
2026-06-15 22:14:55,940 [INFO] ThirdParty:1030 - CMSIS Pack Vendor :STMicroelectronics X-CUBE-SUBG2 5.0.0
2026-06-15 22:14:55,940 [INFO] ThirdParty:1030 - CMSIS Pack Vendor :STMicroelectronics X-CUBE-AZRTOS-H7RS 1.1.0
2026-06-15 22:14:55,940 [INFO] ThirdParty:1030 - CMSIS Pack Vendor :STMicroelectronics STM32_WPAN 1.0.0
2026-06-15 22:14:55,940 [INFO] ThirdParty:1030 - CMSIS Pack Vendor :STMicroelectronics eDS-WB_DPC_VIENNA 1.2.0
2026-06-15 22:14:55,940 [INFO] ThirdParty:1030 - CMSIS Pack Vendor :EmbeddedOffice I-CUBE-FS-RTOS 1.0.1
2026-06-15 22:14:55,941 [INFO] ThirdParty:1030 - CMSIS Pack Vendor :STMicroelectronics lwIP 2.0.3
2026-06-15 22:14:55,941 [INFO] ThirdParty:1030 - CMSIS Pack Vendor :Cesanta I-CUBE-Mongoose 7.13.0
2026-06-15 22:14:55,941 [INFO] ThirdParty:1030 - CMSIS Pack Vendor :STMicroelectronics eDS-WB_DPC_3PH2L-BIDIR 1.1.1
2026-06-15 22:14:55,941 [INFO] ThirdParty:1030 - CMSIS Pack Vendor :STMicroelectronics USB_HOST 1.0.0
2026-06-15 22:14:55,941 [INFO] ThirdParty:1030 - CMSIS Pack Vendor :STMicroelectronics X-CUBE-AZRTOS-G4 2.0.0
2026-06-15 22:14:55,941 [INFO] ThirdParty:1030 - CMSIS Pack Vendor :STMicroelectronics X-CUBE-WB05N 2.0.0
2026-06-15 22:14:55,941 [INFO] ThirdParty:1030 - CMSIS Pack Vendor :STMicroelectronics PDM2PCM 3.1.0
2026-06-15 22:14:55,942 [INFO] ThirdParty:1030 - CMSIS Pack Vendor :STMicroelectronics PDM2PCM 3.3.0
2026-06-15 22:14:55,942 [INFO] ThirdParty:1030 - CMSIS Pack Vendor :STMicroelectronics X-CUBE-AZRTOS-H7 3.4.0
2026-06-15 22:14:55,942 [INFO] ThirdParty:1030 - CMSIS Pack Vendor :STMicroelectronics X-CUBE-DISPLAY 3.0.0
2026-06-15 22:14:55,942 [INFO] ThirdParty:1030 - CMSIS Pack Vendor :STMicroelectronics X-CUBE-NFC7 2.0.0
2026-06-15 22:14:55,942 [INFO] ThirdParty:1030 - CMSIS Pack Vendor :STMicroelectronics X-CUBE-GNSS1 7.1.1
2026-06-15 22:14:55,942 [INFO] ThirdParty:1030 - CMSIS Pack Vendor :STMicroelectronics FP-SNS-MOTENVWB1 1.5.0
2026-06-15 22:14:55,942 [INFO] ThirdParty:1030 - CMSIS Pack Vendor :STMicroelectronics X-CUBE-TCPP 4.2.0
2026-06-15 22:14:55,943 [INFO] ThirdParty:1030 - CMSIS Pack Vendor :RealThread X-CUBE-RT-Thread_Nano 4.1.1
2026-06-15 22:14:55,943 [INFO] ThirdParty:1030 - CMSIS Pack Vendor :STMicroelectronics FP-ATR-SIGFOX1 3.2.0
2026-06-15 22:14:55,943 [INFO] ThirdParty:1030 - CMSIS Pack Vendor :STMicroelectronics X-CUBE-NFC10 1.0.0
2026-06-15 22:14:55,943 [INFO] ThirdParty:1030 - CMSIS Pack Vendor :STMicroelectronics X-CUBE-FREERTOS 1.3.1
2026-06-15 22:14:55,943 [INFO] ThirdParty:1030 - CMSIS Pack Vendor :STMicroelectronics HAL Drivers 0.0.0
2026-06-15 22:14:55,943 [INFO] ThirdParty:1030 - CMSIS Pack Vendor :STMicroelectronics X-CUBE-FREERTOS 1.5.0
2026-06-15 22:14:55,943 [INFO] ThirdParty:1030 - CMSIS Pack Vendor :STMicroelectronics MBEDTLS 2.16.2
2026-06-15 22:14:55,944 [INFO] ThirdParty:1030 - CMSIS Pack Vendor :STMicroelectronics X-CUBE-ST60 1.1.0
2026-06-15 22:14:55,944 [INFO] ThirdParty:1030 - CMSIS Pack Vendor :STMicroelectronics X-CUBE-IPS 3.1.0
2026-06-15 22:14:55,944 [INFO] ThirdParty:1030 - CMSIS Pack Vendor :STMicroelectronics X-CUBE-ALS 1.0.2
2026-06-15 22:14:55,944 [INFO] ThirdParty:1030 - CMSIS Pack Vendor :STMicroelectronics MBEDTLS 2.14.1
2026-06-15 22:14:55,944 [INFO] ThirdParty:1030 - CMSIS Pack Vendor :STMicroelectronics X-CUBE-GNSS1 7.1.0
2026-06-15 22:14:55,944 [INFO] ThirdParty:1030 - CMSIS Pack Vendor :STMicroelectronics X-CUBE-TOUCHGFX 4.26.1
2026-06-15 22:14:55,944 [INFO] ThirdParty:1030 - CMSIS Pack Vendor :portGmbH I-Cube-SoM-uGOAL 1.1.0
2026-06-15 22:14:55,945 [INFO] ThirdParty:1030 - CMSIS Pack Vendor :STMicroelectronics X-CUBE-NFC6 3.2.0
2026-06-15 22:14:55,945 [INFO] ThirdParty:1030 - CMSIS Pack Vendor :STMicroelectronics X-CUBE-ST67W61 1.0.0
2026-06-15 22:14:55,945 [INFO] ThirdParty:1030 - CMSIS Pack Vendor :STMicroelectronics FP-SNS-STAIOTCFT 1.0.0
2026-06-15 22:14:55,945 [INFO] ThirdParty:1030 - CMSIS Pack Vendor :STMicroelectronics ThreadX 1.0.0
2026-06-15 22:14:55,945 [INFO] ThirdParty:1030 - CMSIS Pack Vendor :STMicroelectronics FP-SNS-SMARTAG2 1.2.0
2026-06-15 22:14:55,945 [INFO] ThirdParty:1030 - CMSIS Pack Vendor :STMicroelectronics X-CUBE-MEMS1 12.1.0
2026-06-15 22:14:55,945 [INFO] ThirdParty:1030 - CMSIS Pack Vendor :STMicroelectronics FP-SNS-FLIGHT1 5.1.0
2026-06-15 22:14:55,945 [INFO] ThirdParty:1030 - CMSIS Pack Vendor :STMicroelectronics X-CUBE-AZRTOS-WL 2.0.0
2026-06-15 22:14:55,946 [INFO] ThirdParty:1030 - CMSIS Pack Vendor :SEGGER I-CUBE-embOS 1.3.1
2026-06-15 22:14:55,946 [INFO] ThirdParty:1030 - CMSIS Pack Vendor :STMicroelectronics X-CUBE-ALGOBUILD 1.4.0
2026-06-15 22:14:55,946 [INFO] ThirdParty:1030 - CMSIS Pack Vendor :STMicroelectronics X-CUBE-DPower 1.3.0
2026-06-15 22:14:55,946 [INFO] ThirdParty:1030 - CMSIS Pack Vendor :STMicroelectronics X-CUBE-MEMS1 11.3.0
2026-06-15 22:14:55,946 [INFO] ThirdParty:1030 - CMSIS Pack Vendor :STMicroelectronics FP-SNS-MOTENV1 5.0.0
2026-06-15 22:14:55,946 [INFO] ThirdParty:1030 - CMSIS Pack Vendor :STMicroelectronics USB_DEVICE 1.0.0
2026-06-15 22:14:55,947 [INFO] ThirdParty:1030 - CMSIS Pack Vendor :STMicroelectronics X-CUBE-AZRTOS-H7RS 1.2.0
2026-06-15 22:14:55,947 [INFO] ThirdParty:1030 - CMSIS Pack Vendor :STMicroelectronics X-CUBE-AZRTOS-L4 2.0.0
2026-06-15 22:14:55,947 [INFO] ThirdParty:1030 - CMSIS Pack Vendor :STMicroelectronics ThreadX 0.0.2
2026-06-15 22:14:55,947 [INFO] ThirdParty:1030 - CMSIS Pack Vendor :WES I-CUBE-Cesium 1.3.0
2026-06-15 22:14:55,947 [INFO] ThirdParty:1030 - CMSIS Pack Vendor :STMicroelectronics lwIP 2.1.2
2026-06-15 22:14:55,947 [INFO] ThirdParty:1030 - CMSIS Pack Vendor :STMicroelectronics X-CUBE-SFXS2LP1 4.0.0
2026-06-15 22:14:55,948 [INFO] ThirdParty:1030 - CMSIS Pack Vendor :STMicroelectronics X-CUBE-BLE2 3.3.0
2026-06-15 22:14:55,948 [INFO] ThirdParty:1030 - CMSIS Pack Vendor :Avnet-IOTCONNECT X-CUBE-iotc-st67-sdk 1.0.0
2026-06-15 22:14:55,948 [INFO] ThirdParty:1030 - CMSIS Pack Vendor :STMicroelectronics X-CUBE-TOF1 3.4.3
2026-06-15 22:14:55,948 [INFO] ThirdParty:1030 - CMSIS Pack Vendor :STMicroelectronics X-CUBE-NFC13 1.0.0
2026-06-15 22:14:55,948 [INFO] ThirdParty:1030 - CMSIS Pack Vendor :STMicroelectronics PDM2PCM 3.2.0
2026-06-15 22:14:55,949 [INFO] ThirdParty:1030 - CMSIS Pack Vendor :STMicroelectronics X-CUBE-WB05N 2.1.0
2026-06-15 22:14:55,951 [INFO] ThirdParty:1030 - CMSIS Pack Vendor :STMicroelectronics X-CUBE-ST67W61 1.2.0
2026-06-15 22:14:55,951 [INFO] ThirdParty:841 - exiting critical section [change project]
2026-06-15 22:14:56,945 [INFO] PinOutPanel:1589 - setPackage(No Configuration,No Configuration)
2026-06-15 22:14:56,949 [INFO] PinOutPanel:1589 - setPackage(STM32F103C8Tx,LQFP48)
2026-06-15 22:14:58,347 [INFO] UtilMem:75 - Before build in PCC Used Memory: 181727408 Bytes (321912832)
2026-06-15 22:15:00,978 [INFO] UtilMem:75 - After build in PCC Used Memory: 281928768 Bytes (321912832)
2026-06-15 22:15:01,073 [INFO] IPUIPlugin:80 - create IPUIPlugin
2026-06-15 22:15:01,074 [INFO] IPUIPlugin:80 - create IPUIPlugin
2026-06-15 22:15:01,075 [INFO] IPUIPlugin:80 - create IPUIPlugin
2026-06-15 22:15:01,075 [INFO] IPUIPlugin:80 - create IPUIPlugin
2026-06-15 22:15:01,076 [INFO] IPUIPlugin:80 - create IPUIPlugin
2026-06-15 22:15:01,076 [INFO] IPUIPlugin:80 - create IPUIPlugin
2026-06-15 22:15:01,076 [INFO] IPUIPlugin:80 - create IPUIPlugin
2026-06-15 22:15:01,076 [INFO] IPUIPlugin:80 - create IPUIPlugin
2026-06-15 22:15:01,077 [INFO] IPUIPlugin:80 - create IPUIPlugin
2026-06-15 22:15:01,077 [INFO] IPUIPlugin:80 - create IPUIPlugin
2026-06-15 22:15:01,078 [INFO] IPUIPlugin:80 - create IPUIPlugin
2026-06-15 22:15:01,078 [INFO] IPUIPlugin:80 - create IPUIPlugin
2026-06-15 22:15:01,079 [INFO] IPUIPlugin:80 - create IPUIPlugin
2026-06-15 22:15:01,079 [INFO] IPUIPlugin:80 - create IPUIPlugin
2026-06-15 22:15:01,079 [INFO] IPUIPlugin:80 - create IPUIPlugin
2026-06-15 22:15:01,080 [INFO] IPUIPlugin:80 - create IPUIPlugin
2026-06-15 22:15:01,080 [INFO] IPUIPlugin:80 - create IPUIPlugin
2026-06-15 22:15:01,080 [INFO] IPUIPlugin:80 - create IPUIPlugin
2026-06-15 22:15:01,081 [INFO] IPUIPlugin:80 - create IPUIPlugin
2026-06-15 22:15:01,081 [INFO] IPUIPlugin:80 - create IPUIPlugin
2026-06-15 22:15:01,082 [INFO] IPUIPlugin:80 - create IPUIPlugin
2026-06-15 22:15:01,083 [INFO] IPUIPlugin:80 - create IPUIPlugin
2026-06-15 22:15:01,085 [INFO] IPUIPlugin:80 - create IPUIPlugin
2026-06-15 22:15:01,086 [INFO] IPUIPlugin:80 - create IPUIPlugin
2026-06-15 22:15:01,086 [INFO] IPUIPlugin:80 - create IPUIPlugin
2026-06-15 22:15:01,087 [INFO] IPUIPlugin:80 - create IPUIPlugin
2026-06-15 22:15:01,088 [INFO] IPUIPlugin:80 - create IPUIPlugin
2026-06-15 22:15:01,685 [INFO] CADModel:165 - CPN selected for project levelSTM32F103C8T6
2026-06-15 22:15:01,685 [INFO] CADModel:114 - Register for checkConnection events
2026-06-15 22:15:01,783 [INFO] OpenFileManager:386 - Restore cursor
2026-06-15 22:19:29,139 [WARN] IP:2250 - I2C_Coeff_DF not found: check if there is a RefParameter without a condition.
2026-06-15 22:19:29,139 [WARN] IP:2250 - Analog_Filter not found: check if there is a RefParameter without a condition.
2026-06-15 22:19:29,143 [WARN] IP:2250 - I2C_Coeff_DF not found: check if there is a RefParameter without a condition.
2026-06-15 22:19:29,144 [WARN] IP:2250 - Analog_Filter not found: check if there is a RefParameter without a condition.
2026-06-15 22:19:29,145 [WARN] IP:2250 - I2C_Coeff_DF not found: check if there is a RefParameter without a condition.
2026-06-15 22:19:29,146 [WARN] IP:2250 - Analog_Filter not found: check if there is a RefParameter without a condition.
2026-06-15 22:19:29,580 [WARN] IP:2250 - I2C_Coeff_DF not found: check if there is a RefParameter without a condition.
2026-06-15 22:19:29,581 [WARN] IP:2250 - Analog_Filter not found: check if there is a RefParameter without a condition.
2026-06-15 22:19:29,595 [WARN] IP:2250 - I2C_Coeff_DF not found: check if there is a RefParameter without a condition.
2026-06-15 22:19:29,595 [WARN] IP:2250 - Analog_Filter not found: check if there is a RefParameter without a condition.
2026-06-15 22:19:29,970 [WARN] IP:2250 - I2C_Coeff_DF not found: check if there is a RefParameter without a condition.
2026-06-15 22:19:29,971 [WARN] IP:2250 - Analog_Filter not found: check if there is a RefParameter without a condition.
2026-06-15 22:19:30,266 [WARN] IP:2250 - I2C_Coeff_DF not found: check if there is a RefParameter without a condition.
2026-06-15 22:19:30,266 [WARN] IP:2250 - Analog_Filter not found: check if there is a RefParameter without a condition.
2026-06-15 22:19:30,267 [WARN] IP:2250 - I2C_Coeff_DF not found: check if there is a RefParameter without a condition.
2026-06-15 22:19:30,267 [WARN] IP:2250 - Analog_Filter not found: check if there is a RefParameter without a condition.
2026-06-15 22:19:30,438 [WARN] IP:2250 - I2C_Coeff_DF not found: check if there is a RefParameter without a condition.
2026-06-15 22:19:30,440 [WARN] IP:2250 - Analog_Filter not found: check if there is a RefParameter without a condition.
2026-06-15 22:21:07,493 [INFO] UtilMem:75 - End SaveConfig() Used Memory: 700964360 Bytes (1073741824)
2026-06-15 22:21:09,856 [INFO] UtilMem:75 - End SaveConfig() Used Memory: 722971944 Bytes (1073741824)
2026-06-15 22:21:26,358 [INFO] UtilMem:75 - End SaveConfig() Used Memory: 857052720 Bytes (1073741824)
2026-06-15 22:21:32,048 [INFO] BlockDiagram:2775 - set Specific Code input for plugin: NVIC
2026-06-15 22:21:32,049 [INFO] BlockDiagram:2775 - set Specific Code input for plugin: SYS
2026-06-15 22:21:32,052 [INFO] BlockDiagram:2775 - set Specific Code input for plugin: GPIO
2026-06-15 22:21:32,054 [INFO] BlockDiagram:2775 - set Specific Code input for plugin: RCC
2026-06-15 22:21:32,056 [INFO] BlockDiagram:2775 - set Specific Code input for plugin: I2C
2026-06-15 22:21:32,069 [INFO] CodeGenerator:892 - code generatio: config db path: C:\ST\STM32CubeIDE_1.19.0\STM32CubeIDE\plugins\com.st.stm32cube.common.mx_6.15.0.202507011659\\db\
2026-06-15 22:21:32,105 [WARN] IP:2250 - I2C_Coeff_DF not found: check if there is a RefParameter without a condition.
2026-06-15 22:21:32,106 [WARN] IP:2250 - Analog_Filter not found: check if there is a RefParameter without a condition.
2026-06-15 22:21:33,022 [INFO] CodeEngine:265 - oldGeneratedFile, C:\Users\Usuario\Desktop\UNAL\2026-1\Control\proyectoControl\pruebaMPU\MXTmpFiles\license.tmp_save
2026-06-15 22:21:35,907 [INFO] CodeEngine:289 - Generated code: C:\Users\Usuario\Desktop\UNAL\2026-1\Control\proyectoControl\pruebaMPU\MXTmpFiles\license.tmp
2026-06-15 22:21:36,692 [INFO] CodeEngine:265 - oldGeneratedFile, C:\Users\Usuario\Desktop\UNAL\2026-1\Control\proyectoControl\pruebaMPU\MXTmpFiles\gpio.tmp_save
2026-06-15 22:21:37,380 [INFO] CodeEngine:289 - Generated code: C:\Users\Usuario\Desktop\UNAL\2026-1\Control\proyectoControl\pruebaMPU\MXTmpFiles\gpio.tmp
2026-06-15 22:21:38,088 [INFO] CodeEngine:265 - oldGeneratedFile, C:\Users\Usuario\Desktop\UNAL\2026-1\Control\proyectoControl\pruebaMPU\Core\Src\stm32f1xx_it.c_save
2026-06-15 22:21:38,703 [INFO] CodeEngine:289 - Generated code: C:\Users\Usuario\Desktop\UNAL\2026-1\Control\proyectoControl\pruebaMPU\Core\Src\stm32f1xx_it.c
2026-06-15 22:21:38,755 [INFO] CodeEngine:265 - oldGeneratedFile, C:\Users\Usuario\Desktop\UNAL\2026-1\Control\proyectoControl\pruebaMPU\Core\Inc\stm32f1xx_it.h_save
2026-06-15 22:21:39,177 [INFO] CodeEngine:289 - Generated code: C:\Users\Usuario\Desktop\UNAL\2026-1\Control\proyectoControl\pruebaMPU\Core\Inc\stm32f1xx_it.h
2026-06-15 22:21:39,280 [INFO] CodeEngine:265 - oldGeneratedFile, C:\Users\Usuario\Desktop\UNAL\2026-1\Control\proyectoControl\pruebaMPU\Core\Src\stm32f1xx_hal_msp.c_save
2026-06-15 22:21:40,083 [INFO] CodeEngine:289 - Generated code: C:\Users\Usuario\Desktop\UNAL\2026-1\Control\proyectoControl\pruebaMPU\Core\Src\stm32f1xx_hal_msp.c
2026-06-15 22:21:40,117 [INFO] CodeEngine:265 - oldGeneratedFile, C:\Users\Usuario\Desktop\UNAL\2026-1\Control\proyectoControl\pruebaMPU\MXTmpFiles\system.tmp_save
2026-06-15 22:21:40,422 [INFO] CodeEngine:289 - Generated code: C:\Users\Usuario\Desktop\UNAL\2026-1\Control\proyectoControl\pruebaMPU\MXTmpFiles\system.tmp
2026-06-15 22:21:40,501 [INFO] CodeEngine:321 - oldGeneratedFile, C:\Users\Usuario\Desktop\UNAL\2026-1\Control\proyectoControl\pruebaMPU\Core\Inc\stm32f1xx_hal_conf.h_save
2026-06-15 22:21:41,143 [INFO] CodeEngine:345 - Generated code: C:\Users\Usuario\Desktop\UNAL\2026-1\Control\proyectoControl\pruebaMPU\Core\Inc\stm32f1xx_hal_conf.h
2026-06-15 22:21:41,568 [INFO] ApiDbMcu:532 - Load IP Config File for I2C1
2026-06-15 22:21:41,621 [INFO] ApiDbMcu:532 - Load IP Config File for RCC
2026-06-15 22:21:41,927 [INFO] CodeEngine:265 - oldGeneratedFile, C:\Users\Usuario\Desktop\UNAL\2026-1\Control\proyectoControl\pruebaMPU\Core\Inc\main.h_save
2026-06-15 22:21:43,383 [INFO] CodeEngine:289 - Generated code: C:\Users\Usuario\Desktop\UNAL\2026-1\Control\proyectoControl\pruebaMPU\Core\Inc\main.h
2026-06-15 22:21:43,538 [INFO] CodeEngine:265 - oldGeneratedFile, C:\Users\Usuario\Desktop\UNAL\2026-1\Control\proyectoControl\pruebaMPU\Core\Src\main.c_save
2026-06-15 22:21:45,110 [INFO] CodeEngine:289 - Generated code: C:\Users\Usuario\Desktop\UNAL\2026-1\Control\proyectoControl\pruebaMPU\Core\Src\main.c
2026-06-15 22:21:50,907 [INFO] ProjectBuilder:3606 - Time for Copy HAL[1] : 1530mS.
2026-06-15 22:21:50,952 [INFO] ProjectBuilder:5216 - Project Generator version: 4.7.0-B52
2026-06-15 22:21:51,491 [INFO] ConfigFileManager:1595 - The Die is : DIE410
2026-06-15 22:21:51,535 [INFO] ApiDbMcu:532 - Load IP Config File for FATFS
2026-06-15 22:21:51,565 [INFO] ApiDbMcu:532 - Load IP Config File for FREERTOS
2026-06-15 22:21:51,600 [INFO] ApiDbMcu:532 - Load IP Config File for USB_DEVICE
2026-06-15 22:21:53,519 [INFO] LogOutputStream:77 - [STDOUT_REDIRECT] 
2026-06-15 22:22:01,067 [INFO] ProjectBuilder:5496 - Time for Generating toolchain IDE Files: 10115mS.
2026-06-15 22:22:01,078 [INFO] ProjectBuilder:3463 - Time for Copy CMSIS : 5mS.
2026-06-15 22:22:01,121 [INFO] ProjectBuilder:3463 - Time for Copy CMSIS : 1mS.
2026-06-15 22:25:45,913 [WARN] IP:2250 - I2C_Coeff_DF not found: check if there is a RefParameter without a condition.
2026-06-15 22:25:45,914 [WARN] IP:2250 - Analog_Filter not found: check if there is a RefParameter without a condition.
2026-06-15 22:26:34,088 [INFO] UtilMem:75 - End SaveConfig() Used Memory: 822383064 Bytes (1073741824)
2026-06-15 22:26:35,105 [INFO] UtilMem:75 - End SaveConfig() Used Memory: 842460832 Bytes (1073741824)
2026-06-15 22:26:36,283 [INFO] UtilMem:75 - End SaveConfig() Used Memory: 899446056 Bytes (1073741824)
2026-06-15 22:26:36,491 [INFO] BlockDiagram:2775 - set Specific Code input for plugin: NVIC
2026-06-15 22:26:36,491 [INFO] BlockDiagram:2775 - set Specific Code input for plugin: SYS
2026-06-15 22:26:36,491 [INFO] BlockDiagram:2775 - set Specific Code input for plugin: RCC
2026-06-15 22:26:36,494 [INFO] CodeGenerator:892 - code generatio: config db path: C:\ST\STM32CubeIDE_1.19.0\STM32CubeIDE\plugins\com.st.stm32cube.common.mx_6.15.0.202507011659\\db\
2026-06-15 22:26:36,620 [INFO] CodeEngine:265 - oldGeneratedFile, C:\Users\Usuario\Desktop\UNAL\2026-1\Control\proyectoControl\pruebaMPU\MXTmpFiles\license.tmp_save
2026-06-15 22:26:36,734 [INFO] CodeEngine:289 - Generated code: C:\Users\Usuario\Desktop\UNAL\2026-1\Control\proyectoControl\pruebaMPU\MXTmpFiles\license.tmp
2026-06-15 22:26:36,777 [INFO] CodeEngine:265 - oldGeneratedFile, C:\Users\Usuario\Desktop\UNAL\2026-1\Control\proyectoControl\pruebaMPU\Core\Src\stm32f1xx_it.c_save
2026-06-15 22:26:36,909 [INFO] CodeEngine:289 - Generated code: C:\Users\Usuario\Desktop\UNAL\2026-1\Control\proyectoControl\pruebaMPU\Core\Src\stm32f1xx_it.c
2026-06-15 22:26:36,925 [INFO] CodeEngine:265 - oldGeneratedFile, C:\Users\Usuario\Desktop\UNAL\2026-1\Control\proyectoControl\pruebaMPU\Core\Inc\stm32f1xx_it.h_save
2026-06-15 22:26:37,059 [INFO] CodeEngine:289 - Generated code: C:\Users\Usuario\Desktop\UNAL\2026-1\Control\proyectoControl\pruebaMPU\Core\Inc\stm32f1xx_it.h
2026-06-15 22:26:37,086 [INFO] CodeEngine:265 - oldGeneratedFile, C:\Users\Usuario\Desktop\UNAL\2026-1\Control\proyectoControl\pruebaMPU\Core\Src\stm32f1xx_hal_msp.c_save
2026-06-15 22:26:37,203 [INFO] CodeEngine:289 - Generated code: C:\Users\Usuario\Desktop\UNAL\2026-1\Control\proyectoControl\pruebaMPU\Core\Src\stm32f1xx_hal_msp.c
2026-06-15 22:26:37,212 [INFO] CodeEngine:265 - oldGeneratedFile, C:\Users\Usuario\Desktop\UNAL\2026-1\Control\proyectoControl\pruebaMPU\MXTmpFiles\system.tmp_save
2026-06-15 22:26:37,284 [INFO] CodeEngine:289 - Generated code: C:\Users\Usuario\Desktop\UNAL\2026-1\Control\proyectoControl\pruebaMPU\MXTmpFiles\system.tmp
2026-06-15 22:26:37,307 [INFO] CodeEngine:321 - oldGeneratedFile, C:\Users\Usuario\Desktop\UNAL\2026-1\Control\proyectoControl\pruebaMPU\Core\Inc\stm32f1xx_hal_conf.h_save
2026-06-15 22:26:37,402 [INFO] CodeEngine:345 - Generated code: C:\Users\Usuario\Desktop\UNAL\2026-1\Control\proyectoControl\pruebaMPU\Core\Inc\stm32f1xx_hal_conf.h
2026-06-15 22:26:37,442 [INFO] CodeEngine:265 - oldGeneratedFile, C:\Users\Usuario\Desktop\UNAL\2026-1\Control\proyectoControl\pruebaMPU\Core\Inc\main.h_save
2026-06-15 22:26:37,529 [INFO] CodeEngine:289 - Generated code: C:\Users\Usuario\Desktop\UNAL\2026-1\Control\proyectoControl\pruebaMPU\Core\Inc\main.h
2026-06-15 22:26:37,542 [INFO] CodeEngine:265 - oldGeneratedFile, C:\Users\Usuario\Desktop\UNAL\2026-1\Control\proyectoControl\pruebaMPU\Core\Src\main.c_save
2026-06-15 22:26:37,639 [INFO] CodeEngine:289 - Generated code: C:\Users\Usuario\Desktop\UNAL\2026-1\Control\proyectoControl\pruebaMPU\Core\Src\main.c
2026-06-15 22:26:38,059 [INFO] ProjectBuilder:3606 - Time for Copy HAL[1] : 216mS.
2026-06-15 22:26:38,065 [INFO] ProjectBuilder:5216 - Project Generator version: 4.7.0-B52
2026-06-15 22:26:38,147 [INFO] ConfigFileManager:1595 - The Die is : DIE410
2026-06-15 22:26:39,192 [INFO] ProjectBuilder:5496 - Time for Generating toolchain IDE Files: 1128mS.
2026-06-15 22:26:39,194 [INFO] ProjectBuilder:3463 - Time for Copy CMSIS : 0mS.
2026-06-15 22:26:39,197 [INFO] ProjectBuilder:3463 - Time for Copy CMSIS : 0mS.
2026-06-15 22:26:45,066 [WARN] IP:2250 - I2C_Coeff_DF not found: check if there is a RefParameter without a condition.
2026-06-15 22:26:45,067 [WARN] IP:2250 - Analog_Filter not found: check if there is a RefParameter without a condition.
2026-06-15 22:26:45,068 [WARN] IP:2250 - I2C_Coeff_DF not found: check if there is a RefParameter without a condition.
2026-06-15 22:26:45,068 [WARN] IP:2250 - Analog_Filter not found: check if there is a RefParameter without a condition.
2026-06-15 22:26:45,159 [WARN] IP:2250 - I2C_Coeff_DF not found: check if there is a RefParameter without a condition.
2026-06-15 22:26:45,159 [WARN] IP:2250 - Analog_Filter not found: check if there is a RefParameter without a condition.
2026-06-15 22:26:46,454 [INFO] UtilMem:75 - End SaveConfig() Used Memory: 914007392 Bytes (1073741824)
2026-06-15 22:26:47,516 [INFO] UtilMem:75 - End SaveConfig() Used Memory: 933287952 Bytes (1073741824)
2026-06-15 22:26:49,845 [INFO] UtilMem:75 - End SaveConfig() Used Memory: 960277760 Bytes (1073741824)
2026-06-15 22:26:49,994 [INFO] BlockDiagram:2775 - set Specific Code input for plugin: NVIC
2026-06-15 22:26:49,994 [INFO] BlockDiagram:2775 - set Specific Code input for plugin: SYS
2026-06-15 22:26:49,995 [INFO] BlockDiagram:2775 - set Specific Code input for plugin: GPIO
2026-06-15 22:26:49,995 [INFO] BlockDiagram:2775 - set Specific Code input for plugin: RCC
2026-06-15 22:26:49,995 [INFO] BlockDiagram:2775 - set Specific Code input for plugin: I2C
2026-06-15 22:26:50,000 [INFO] CodeGenerator:892 - code generatio: config db path: C:\ST\STM32CubeIDE_1.19.0\STM32CubeIDE\plugins\com.st.stm32cube.common.mx_6.15.0.202507011659\\db\
2026-06-15 22:26:50,002 [WARN] IP:2250 - I2C_Coeff_DF not found: check if there is a RefParameter without a condition.
2026-06-15 22:26:50,003 [WARN] IP:2250 - Analog_Filter not found: check if there is a RefParameter without a condition.
2026-06-15 22:26:50,079 [INFO] CodeEngine:265 - oldGeneratedFile, C:\Users\Usuario\Desktop\UNAL\2026-1\Control\proyectoControl\pruebaMPU\MXTmpFiles\license.tmp_save
2026-06-15 22:26:50,151 [INFO] CodeEngine:289 - Generated code: C:\Users\Usuario\Desktop\UNAL\2026-1\Control\proyectoControl\pruebaMPU\MXTmpFiles\license.tmp
2026-06-15 22:26:50,175 [INFO] CodeEngine:265 - oldGeneratedFile, C:\Users\Usuario\Desktop\UNAL\2026-1\Control\proyectoControl\pruebaMPU\MXTmpFiles\gpio.tmp_save
2026-06-15 22:26:50,233 [INFO] CodeEngine:289 - Generated code: C:\Users\Usuario\Desktop\UNAL\2026-1\Control\proyectoControl\pruebaMPU\MXTmpFiles\gpio.tmp
2026-06-15 22:26:50,275 [INFO] CodeEngine:265 - oldGeneratedFile, C:\Users\Usuario\Desktop\UNAL\2026-1\Control\proyectoControl\pruebaMPU\Core\Src\stm32f1xx_it.c_save
2026-06-15 22:26:50,355 [INFO] CodeEngine:289 - Generated code: C:\Users\Usuario\Desktop\UNAL\2026-1\Control\proyectoControl\pruebaMPU\Core\Src\stm32f1xx_it.c
2026-06-15 22:26:50,367 [INFO] CodeEngine:265 - oldGeneratedFile, C:\Users\Usuario\Desktop\UNAL\2026-1\Control\proyectoControl\pruebaMPU\Core\Inc\stm32f1xx_it.h_save
2026-06-15 22:26:50,440 [INFO] CodeEngine:289 - Generated code: C:\Users\Usuario\Desktop\UNAL\2026-1\Control\proyectoControl\pruebaMPU\Core\Inc\stm32f1xx_it.h
2026-06-15 22:26:50,459 [INFO] CodeEngine:265 - oldGeneratedFile, C:\Users\Usuario\Desktop\UNAL\2026-1\Control\proyectoControl\pruebaMPU\Core\Src\stm32f1xx_hal_msp.c_save
2026-06-15 22:26:50,555 [INFO] CodeEngine:289 - Generated code: C:\Users\Usuario\Desktop\UNAL\2026-1\Control\proyectoControl\pruebaMPU\Core\Src\stm32f1xx_hal_msp.c
2026-06-15 22:26:50,563 [INFO] CodeEngine:265 - oldGeneratedFile, C:\Users\Usuario\Desktop\UNAL\2026-1\Control\proyectoControl\pruebaMPU\MXTmpFiles\system.tmp_save
2026-06-15 22:26:50,625 [INFO] CodeEngine:289 - Generated code: C:\Users\Usuario\Desktop\UNAL\2026-1\Control\proyectoControl\pruebaMPU\MXTmpFiles\system.tmp
2026-06-15 22:26:50,644 [INFO] CodeEngine:321 - oldGeneratedFile, C:\Users\Usuario\Desktop\UNAL\2026-1\Control\proyectoControl\pruebaMPU\Core\Inc\stm32f1xx_hal_conf.h_save
2026-06-15 22:26:50,715 [INFO] CodeEngine:345 - Generated code: C:\Users\Usuario\Desktop\UNAL\2026-1\Control\proyectoControl\pruebaMPU\Core\Inc\stm32f1xx_hal_conf.h
2026-06-15 22:26:50,747 [INFO] CodeEngine:265 - oldGeneratedFile, C:\Users\Usuario\Desktop\UNAL\2026-1\Control\proyectoControl\pruebaMPU\Core\Inc\main.h_save
2026-06-15 22:26:50,819 [INFO] CodeEngine:289 - Generated code: C:\Users\Usuario\Desktop\UNAL\2026-1\Control\proyectoControl\pruebaMPU\Core\Inc\main.h
2026-06-15 22:26:50,831 [INFO] CodeEngine:265 - oldGeneratedFile, C:\Users\Usuario\Desktop\UNAL\2026-1\Control\proyectoControl\pruebaMPU\Core\Src\main.c_save
2026-06-15 22:26:50,940 [INFO] CodeEngine:289 - Generated code: C:\Users\Usuario\Desktop\UNAL\2026-1\Control\proyectoControl\pruebaMPU\Core\Src\main.c
2026-06-15 22:26:51,273 [INFO] ProjectBuilder:3606 - Time for Copy HAL[1] : 179mS.
2026-06-15 22:26:51,278 [INFO] ProjectBuilder:5216 - Project Generator version: 4.7.0-B52
2026-06-15 22:26:51,360 [INFO] ConfigFileManager:1595 - The Die is : DIE410
2026-06-15 22:26:52,717 [INFO] ProjectBuilder:5496 - Time for Generating toolchain IDE Files: 1439mS.
2026-06-15 22:26:52,720 [INFO] ProjectBuilder:3463 - Time for Copy CMSIS : 1mS.
2026-06-15 22:26:52,723 [INFO] ProjectBuilder:3463 - Time for Copy CMSIS : 0mS.
2026-06-15 22:28:07,866 [INFO] UtilMem:75 - End SaveConfig() Used Memory: 966858696 Bytes (1073741824)
2026-06-15 22:28:09,009 [INFO] UtilMem:75 - End SaveConfig() Used Memory: 984409728 Bytes (1073741824)
2026-06-15 22:28:10,289 [INFO] UtilMem:75 - End SaveConfig() Used Memory: 722781912 Bytes (1073741824)
2026-06-15 22:28:10,430 [INFO] BlockDiagram:2775 - set Specific Code input for plugin: NVIC
2026-06-15 22:28:10,430 [INFO] BlockDiagram:2775 - set Specific Code input for plugin: USART
2026-06-15 22:28:10,430 [INFO] BlockDiagram:2775 - set Specific Code input for plugin: SYS
2026-06-15 22:28:10,431 [INFO] BlockDiagram:2775 - set Specific Code input for plugin: GPIO
2026-06-15 22:28:10,431 [INFO] BlockDiagram:2775 - set Specific Code input for plugin: RCC
2026-06-15 22:28:10,431 [INFO] BlockDiagram:2775 - set Specific Code input for plugin: I2C
2026-06-15 22:28:10,432 [INFO] CodeGenerator:892 - code generatio: config db path: C:\ST\STM32CubeIDE_1.19.0\STM32CubeIDE\plugins\com.st.stm32cube.common.mx_6.15.0.202507011659\\db\
2026-06-15 22:28:10,433 [WARN] IP:2250 - I2C_Coeff_DF not found: check if there is a RefParameter without a condition.
2026-06-15 22:28:10,433 [WARN] IP:2250 - Analog_Filter not found: check if there is a RefParameter without a condition.
2026-06-15 22:28:10,503 [INFO] CodeEngine:265 - oldGeneratedFile, C:\Users\Usuario\Desktop\UNAL\2026-1\Control\proyectoControl\pruebaMPU\MXTmpFiles\license.tmp_save
2026-06-15 22:28:10,566 [INFO] CodeEngine:289 - Generated code: C:\Users\Usuario\Desktop\UNAL\2026-1\Control\proyectoControl\pruebaMPU\MXTmpFiles\license.tmp
2026-06-15 22:28:10,592 [INFO] CodeEngine:265 - oldGeneratedFile, C:\Users\Usuario\Desktop\UNAL\2026-1\Control\proyectoControl\pruebaMPU\MXTmpFiles\gpio.tmp_save
2026-06-15 22:28:10,662 [INFO] CodeEngine:289 - Generated code: C:\Users\Usuario\Desktop\UNAL\2026-1\Control\proyectoControl\pruebaMPU\MXTmpFiles\gpio.tmp
2026-06-15 22:28:10,725 [INFO] CodeEngine:265 - oldGeneratedFile, C:\Users\Usuario\Desktop\UNAL\2026-1\Control\proyectoControl\pruebaMPU\Core\Src\stm32f1xx_it.c_save
2026-06-15 22:28:10,797 [INFO] CodeEngine:289 - Generated code: C:\Users\Usuario\Desktop\UNAL\2026-1\Control\proyectoControl\pruebaMPU\Core\Src\stm32f1xx_it.c
2026-06-15 22:28:10,807 [INFO] CodeEngine:265 - oldGeneratedFile, C:\Users\Usuario\Desktop\UNAL\2026-1\Control\proyectoControl\pruebaMPU\Core\Inc\stm32f1xx_it.h_save
2026-06-15 22:28:10,879 [INFO] CodeEngine:289 - Generated code: C:\Users\Usuario\Desktop\UNAL\2026-1\Control\proyectoControl\pruebaMPU\Core\Inc\stm32f1xx_it.h
2026-06-15 22:28:10,900 [INFO] CodeEngine:265 - oldGeneratedFile, C:\Users\Usuario\Desktop\UNAL\2026-1\Control\proyectoControl\pruebaMPU\Core\Src\stm32f1xx_hal_msp.c_save
2026-06-15 22:28:11,000 [INFO] CodeEngine:289 - Generated code: C:\Users\Usuario\Desktop\UNAL\2026-1\Control\proyectoControl\pruebaMPU\Core\Src\stm32f1xx_hal_msp.c
2026-06-15 22:28:11,009 [INFO] CodeEngine:265 - oldGeneratedFile, C:\Users\Usuario\Desktop\UNAL\2026-1\Control\proyectoControl\pruebaMPU\MXTmpFiles\system.tmp_save
2026-06-15 22:28:11,075 [INFO] CodeEngine:289 - Generated code: C:\Users\Usuario\Desktop\UNAL\2026-1\Control\proyectoControl\pruebaMPU\MXTmpFiles\system.tmp
2026-06-15 22:28:11,096 [INFO] CodeEngine:321 - oldGeneratedFile, C:\Users\Usuario\Desktop\UNAL\2026-1\Control\proyectoControl\pruebaMPU\Core\Inc\stm32f1xx_hal_conf.h_save
2026-06-15 22:28:11,164 [INFO] CodeEngine:345 - Generated code: C:\Users\Usuario\Desktop\UNAL\2026-1\Control\proyectoControl\pruebaMPU\Core\Inc\stm32f1xx_hal_conf.h
2026-06-15 22:28:11,186 [INFO] ApiDbMcu:532 - Load IP Config File for USART1
2026-06-15 22:28:11,200 [INFO] CodeEngine:265 - oldGeneratedFile, C:\Users\Usuario\Desktop\UNAL\2026-1\Control\proyectoControl\pruebaMPU\Core\Inc\main.h_save
2026-06-15 22:28:11,270 [INFO] CodeEngine:289 - Generated code: C:\Users\Usuario\Desktop\UNAL\2026-1\Control\proyectoControl\pruebaMPU\Core\Inc\main.h
2026-06-15 22:28:11,283 [INFO] CodeEngine:265 - oldGeneratedFile, C:\Users\Usuario\Desktop\UNAL\2026-1\Control\proyectoControl\pruebaMPU\Core\Src\main.c_save
2026-06-15 22:28:11,387 [INFO] CodeEngine:289 - Generated code: C:\Users\Usuario\Desktop\UNAL\2026-1\Control\proyectoControl\pruebaMPU\Core\Src\main.c
2026-06-15 22:28:11,783 [INFO] ProjectBuilder:3606 - Time for Copy HAL[1] : 228mS.
2026-06-15 22:28:11,790 [INFO] ProjectBuilder:5216 - Project Generator version: 4.7.0-B52
2026-06-15 22:28:11,956 [INFO] ConfigFileManager:1595 - The Die is : DIE410
2026-06-15 22:28:13,490 [INFO] ProjectBuilder:5496 - Time for Generating toolchain IDE Files: 1700mS.
2026-06-15 22:28:13,494 [INFO] ProjectBuilder:3463 - Time for Copy CMSIS : 3mS.
2026-06-15 22:28:13,498 [INFO] ProjectBuilder:3463 - Time for Copy CMSIS : 0mS.
2026-06-15 23:27:06,793 [ERROR] LogOutputStream:75 - [STDERR_REDIRECT] 
2026-06-15 23:27:06,794 [ERROR] LogOutputStream:75 - [STDERR_REDIRECT] 
