:020000040800F2
:1000000000C00020E91300080112000809120008CE
:100010001112000819120008211200080000000047
:10002000000000000000000000000000291200088D
:100030003512000800000000411200084D120008AF
:10004000311400083114000831140008311400087C
:10005000311400083114000831140008311400086C
:10006000311400083114000831140008311400085C
:10007000311400083114000831140008311400084C
:10008000311400083114000831140008311400083C
:10009000311400083114000831140008311400082C
:1000A000311400083114000831140008311400081C
:1000B000311400083114000831140008311400080C
:1000C00031140008311400083114000831140008FC
:1000D00031140008311400083114000831140008EC
:1000E00031140008311400083114000831140008DC
:1000F00031140008311400083114000831140008CC
:1001000031140008311400083114000831140008BB
:1001100031140008311400083114000831140008AB
:10012000311400083114000831140008311400089B
:1001300000000000000000000000000000000000BF
:1001400000000000000000000000000000000000AF
:10015000000000000000000000000000000000009F
:10016000000000000000000000000000000000008F
:10017000000000000000000000000000000000007F
:10018000000000000000000000000000000000006F
:10019000000000000000000000000000000000005F
:1001A000000000000000000000000000000000004F
:1001B000000000000000000000000000000000003F
:1001C000000000000000000000000000000000002F
:1001D000000000000000000000000000000000001F
:0401E0005FF8E0F1F3
<<<<<<< HEAD
:1001E40010B5054C237833B9044B13B10448AFF36D
:1001F40000800123237010BD5C000020000000007B
:10020400B845000808B5034B1BB103490348AFF3D5
:10021400008008BD0000000060000020B845000810
:1002240080B400AF0B4B5B6A1BB21A460A4B1A60D0
:100234004FF080435B6A1BB21A46084B1A60054BA9
:1002440000225A624FF0804300225A6200BFBD462A
:1002540080BC7047002C01408002002084020020F2
:1002640080B586B004AF0023FB714FF0FF330293D7
:1002740001230193FB1D009301236B22D02103482A
:1002840001F0C2F900BF0837BD4680BD78000020E8
:1002940080B588B004AF4FF0FF3302930E2301936F
:1002A4003B46009301233B22D021214801F0A6FACA
:1002B4003B781BB21B021AB27B781BB213431AB2EF
:1002C4001C4B1A80BB781BB21B021AB2FB781BB200
:1002D40013431AB2184B1A803B791BB21B021AB291
:1002E4007B791BB213431AB2144B1A803B7A1BB2AC
:1002F4001B021AB27B7A1BB213431AB2104B1A8038
:10030400BB7A1BB21B021AB2FB7A1BB213431AB29A
:100314000C4B1A803B7B1BB21B021AB27B7B1BB2B9
:1003240013431AB2084B1A8000BF1037BD4680BD74
:100334007800002034020020360200203802002019
:100344003A0200203C0200203E020020F0B58BB0AF
:1003540008AF00F0FFFC00F073F800F04BFA00F077
:10036400ABF800F0D7F800F02DF900F07FF900F0B9
:10037400E1F900F015FA3C21234802F018FE3C2173
:10038400224802F014FEFFF76BFF214802F0BEFC86
:10039400FFF77EFFFFF744FF322000F03DFD1D4BC9
:1003A400B3F900309C461C4BB3F9003019461B4B83
:1003B400B3F9003018461A4BB3F900301C46194BF8
:1003C400B3F900301D46184BB3F900301E46174BE5
:1003D4001B68174A126806920593049603950294C3
:1003E400019000916346134A4021134803F016FC20
:1003F40078607B689AB24FF0FF330F490F4803F0DF
:1004040039FA00BFC4E700BFCC000020140100206B
:10041400A40100203402002036020020380200200B
:100424003A0200203C0200203E020020800200200C
:1004340084020020D045000840020020EC01002086
:1004440080B590B000AF07F11803282200211846A8
:1004540003F01AFC3B1D00221A605A609A60DA60AD
:100464001A610223BB610123BB621023FB620023D8
:100474007B6307F11803184601F0E8FF0346002BDD
:1004840001D000F02DFA0F237B600023BB60002312
:10049400FB6000233B6100237B613B1D0021184668
:1004A40002F056FA0346002B01D000F019FA00BFFF
:1004B4004037BD4680BD000080B500AF124B134AE3
:1004C4001A60114B124A5A600F4B00229A600E4B6D
:1004D4000022DA600C4B4FF480421A610A4B00226E
:1004E4005A61094B00229A61074B0022DA61064BDC
:1004F40000221A62044800F043FF0346002B01D097
:1005040000F0EEF900BF80BD7800002000540040E8
:10051400801A060080B58CB000AF07F10C032422CA
:100524000021184603F0B0FB3B1D00221A605A60FC
:10053400224B234A1A60214B00225A601F4B00228F
:100544009A601E4B4FF6FF72DA601C4B00221A6150
:100554001A4B00225A61194B00229A610123FB6055
:1005640000233B6101237B610023BB610023FB610A
:1005740000233B6201237B620023BB620023FB62F6
:1005840007F10C0319460D4802F06FFC0346002BDB
:1005940001D000F0A5F900237B600023BB603B1D64
:1005A4001946064803F0AAF80346002B01D000F0D0
:1005B40097F900BF3037BD4680BD00BFCC00002096
:1005C400002C014080B58CB000AF07F10C0324224D
:1005D4000021184603F058FB3B1D00221A605A60A4
:1005E400214B4FF080421A601F4B00225A601E4B71
:1005F40000229A601C4B4FF6FF72DA601A4B0022FD
:100604001A61194B00229A610123FB6000233B61AC
:1006140001237B610023BB610023FB6100233B6258
:1006240001237B620023BB620023FB6207F10C03FE
:1006340019460D4802F019FC0346002B01D000F0C6
:100644004FF900237B600023BB603B1D194606481D
:1006540003F054F80346002B01D000F041F900BF29
:100664003037BD4680BD00BF1401002080B58AB07C
:1006740000AF07F1200300221A605A603B1D0022DC
:100684001A605A609A60DA601A615A619A61274B5B
:10069400274A1A60254B00225A60244B00229A6094
:1006A400224B40F28F12DA60204B00221A611F4B5A
:1006B40000229A611D4802F089FB0346002B01D0F9
:1006C40000F00EF900233B6200237B6207F1200354
:1006D4001946164803F012F80346002B01D000F027
:1006E400FFF860237B600023BB600023FB600023D2
:1006F4007B613B1D002219460C4802F0E7FC0346CF
:10070400002B01D000F0ECF83B1D042219460748E9
:1007140002F0DCFC0346002B01D000F0E1F80348B2
:1007240000F00CFA00BF2837BD4680BD5C010020F4
:100734000008004080B582B000AF3B4600221A603A
:100744005A60154B154A1A60134B4F225A60124BCC
:1007540000229A60104B40F2F312DA600E4B002232
:100764009A610D4802F082FA0346002B01D000F092
:10077400B7F800233B6000237B603B4619460648DC
:1007840002F0BCFF0346002B01D000F0A9F800BF23
:100794000837BD4680BD00BFA40100200010004002
:1007A40080B500AF114B124A1A60104B4FF4E1327E
:1007B4005A600E4B00229A600C4B0022DA600B4BFD
:1007C40000221A61094B0C225A61084B00229A61DB
:1007D400064B0022DA61054802F0FCFF0346002BB9
:1007E40001D000F07DF800BF80BD00BFEC01002007
:1007F4000048004080B58AB000AF07F1140300221E
:100804001A605A609A60DA60314B9B69304A43F04F
:10081400010393612E4B9B6903F001033B613B6928
:100824002C4B5B687B627B6A23F0E0637B62294A22
:100834007B6A5360264B9B69254A43F0040393610A
:10084400234B9B6903F00403FB60FB68204B9B690B
:100854001F4A43F0100393611D4B9B6903F010037F
:10086400BB60BB681A4B9B69194A43F00803936148
:10087400174B9B6903F008037B607B6800223021DF
:10088400154800F065FD00220321144800F060FDC6
:1008940030237B610123BB610023FB6102233B62A4
:1008A40007F1140319460C4800F0BEFB03237B61D7
:1008B4000123BB610023FB6102233B6207F11403A4
:1008C4001946064800F0B0FB00BF2837BD4680BD7E
:1008D400001002400000014000100140000C0140E3
:1008E40080B400AF72B600BF00BFFDE780B485B02E
:1008F40000AF154B9B69144A43F001039361124BFB
:100904009B6903F00103BB60BB680F4BDB690E4AB4
:1009140043F08053D3610C4BDB6903F080537B605D
:100924007B680A4B5B68FB60FB6823F0E063FB6059
:10093400FB6843F08063FB60044AFB68536000BFBC
:100944001437BD4680BC70470010024000000140CF
:1009540080B58AB000AF786007F1140300221A60F2
:100964005A609A60DA607B681B681D4A934232D1F0
:100974001C4B9B691B4A43F008039361194B9B6909
:1009840003F008033B613B694FF440737B6112231E
:10099400BB6103233B6207F114031946124800F0BC
:1009A40043FB124B5B687B627B6A43F0E0637B62D0
:1009B4007B6A43F002037B620C4A7B6A5360094BF7
:1009C400DB69084A43F40013D361064BDB6903F483
:1009D4000013FB60FB6800BF2837BD4680BD00BF25
:1009E4000054004000100240000C0140000001408F
:1009F40080B58AB000AF786007F1180300221A604E
:100A04005A609A60DA607B681B682B4A934225D14E
:100A14002A4B9B69294A43F400639361274B9B69E2
:100A240003F400637B617B69244B9B69234A43F095
:100A340004039361214B9B6903F004033B613B690D
:100A44004FF44073BB610023FB6100233B6207F159
:100A5400180319461A4800F0E7FA28E07B681B6877
:100A6400B3F1804F23D1154BDB69144A43F00103E2
:100A7400D361124BDB6903F00103FB60FB680F4B8E
:100A84009B690E4A43F0040393610C4B9B6903F08A
:100A94000403BB60BB680323BB610023FB61002329
:100AA4003B6207F118031946054800F0BDFA00BF80
:100AB4002837BD4680BD00BF002C01400010024015
:100AC4000008014080B485B000AF78607B681B6883
:100AD400094A93420BD1094BDB69084A43F00403EA
:100AE400D361064BDB6903F00403FB60FB6800BFC2
:100AF4001437BD4680BC7047000800400010024017
:100B040080B485B000AF78607B681B68094A934263
:100B14000BD1094BDB69084A43F01003D361064B40
:100B2400DB6903F01003FB60FB6800BF1437BD46AC
:100B340080BC7047001000400010024080B588B0AF
:100B440000AF786007F1100300221A605A609A60BF
:100B5400DA607B681B680F4A934217D10E4B9B697E
:100B64000D4A43F0080393610B4B9B6903F00803A0
:100B7400FB60FB68C0233B6102237B610223FB61B2
:100B840007F110031946054800F04EFA00BF20375C
:100B9400BD4680BD0008004000100240000C01402A
:100BA40080B588B000AF786007F1100300221A60A6
:100BB4005A609A60DA607B681B681C4A934231D1A0
:100BC4001B4BDB691A4A43F48023D361184BDB695E
:100BD40003F48023FB60FB68154B9B69144A43F0C4
:100BE40008039361124B9B6903F00803BB60BB6865
:100BF4004FF480633B6102237B610323FB6107F1B4
:100C0400100319460B4800F00FFA4FF400633B61E0
:100C140000237B610023BB6107F1100319460548DB
:100C240000F002FA00BF2037BD4680BD00480040F6
:100C340000100240000C014080B400AF00BFFDE78B
:100C440080B400AF00BFFDE780B400AF00BFFDE794
:100C540080B400AF00BFFDE780B400AF00BFFDE784
:100C640080B400AF00BFBD4680BC704780B400AF05
:100C740000BFBD4680BC704780B400AF00BFBD4616
:100C840080BC704780B500AF00F0AAF800BF80BDFB
:100C940080B586B000AF7860144A154BD31A7B61D7
:100CA4007B693B61134B1B68002B02D1114B124A29
:100CB4001A60104B1A687B6813443A699A4207D247
:100CC40002F0EAFF03460C221A604FF0FF3309E0FA
:100CD400084B1B68FB60074B1A687B681344054A82
:100CE4001360FB6818461837BD4680BD00C000205D
:100CF4000004000088020020D803002080B400AF64
:100D040000BFBD4680BC7047FFF7F8FF0B480C4995
:100D14000C4A002302E0D458C4500433C4188C4253
:100D2400F9D3094A094C002301E013600432A242BA
:100D3400FBD302F0B7FFFFF709FB70470000002068
:100D44005C000020704600085C000020D8030020EE
:100D5400FEE7000080B500AF084B1B68074A43F06C
:100D640010031360032000F02BF90F2000F008F8A3
:100D7400FFF7BCFD0023184680BD00BF00200240E1
:100D840080B582B000AF7860124B1A68124B1B78A2
:100D940019464FF47A73B3FBF1F3B2FBF3F318463D
:100DA40000F035F90346002B01D001230EE07B68E7
:100DB4000F2B0AD8002279684FF0FF3000F00BF9AE
:100DC400064A7B681360002300E0012318460837B5
:100DD400BD4680BD00000020080000200400002063
:100DE40080B400AF054B1B781A46054B1B681344AF
:100DF400034A136000BFBD4680BC70470800002052
:100E04008C02002080B400AF024B1B681846BD461C
:100E140080BC70478C02002080B584B000AF78603D
:100E2400FFF7F0FFB8607B68FB60FB68B3F1FF3F3E
:100E340005D00A4B1B781A46FB681344FB6000BFBD
:100E4400FFF7E0FF0246BB68D31AFA689A42F7D864
:100E540000BF00BF1037BD4680BD00BF08000020A2
:100E640080B485B000AF78607B6803F00703FB6053
:100E74000C4BDB68BB60BA684FF6FF031340BB60E2
:100E8400FB681A02BB68134343F0BF6343F40033A7
:100E9400BB60044ABB68D36000BF1437BD4680BC46
:100EA400704700BF00ED00E080B400AF044BDB6886
:100EB4001B0A03F007031846BD4680BC704700BFF9
:100EC40000ED00E080B483B000AF03463960FB71ED
:100ED40097F90730002B0ADB3B68DAB20C4997F923
:100EE40007301201D2B20B4483F800230AE03B68B6
:100EF400DAB20849FB7903F00F03043B1201D2B2C2
:100F04000B441A7600BF0C37BD4680BC704700BF47
:100F140000E100E000ED00E080B489B000AFF860CB
:100F2400B9607A60FB6803F00703FB61FB69C3F1F6
:100F34000703042B28BF0423BB61FB690433062B7E
:100F440002D9FB69033B00E000237B614FF0FF32D1
:100F5400BB6902FA03F3DA43BB681A407B699A401F
:100F64004FF0FF317B6901FA03F3D9437B680B40EF
:100F7400134318462437BD4680BC704780B582B001
:100F840000AF78607B68013BB3F1807F01D301231C
:100F94000FE00A4A7B68013B53600F214FF0FF309A
:100FA400FFF790FF054B00229A60044B07221A605A
:100FB400002318460837BD4680BD00BF10E000E09E
:100FC40080B582B000AF78607868FFF749FF00BF52
:100FD4000837BD4680BD80B586B000AF0346B96012
:100FE4007A60FB7300237B61FFF75EFF78617A68A8
:100FF400B9687869FFF790FF024697F90F301146F8
:101004001846FFF75FFF00BF1837BD4680BD80B5A7
:1010140082B000AF78607868FFF7B0FF03461846E7
:101024000837BD4680BD000080B48BB000AF786047
:10103400396000237B6200233B6279E101227B6AF1
:1010440002FA03F3FB613B681B68FA691340BB6156
:10105400BA69FB699A4240F068813B685B68964ACA
:1010640093425ED0944A934275D8944A934258D09E
:10107400924A93426FD8924A934252D0904A9342F2
:1010840069D8904A93424CD08E4A934263D88E4A90
:10109400934246D08C4A93425DD8122B2AD8122B05
:1010A40059D801A252F823F02711000801110008B1
:1010B40013110008551100085B1100085B110008AA
:1010C4005B1100085B1100085B1100085B1100084C
:1010D4005B1100085B1100085B1100085B1100083C
:1010E4005B1100085B1100085B110008091100087E
:1010F4001D110008754A934213D02CE03B68DB684D
:101104003B6229E03B68DB6804333B6224E03B68D4
:10111400DB6808333B621FE03B68DB680C333B62EF
:101124001AE03B689B68002B02D104233B6213E066
:101134003B689B68012B05D108233B627B68FA69F5
:101144001A6109E008233B627B68FA695A6103E08B
:1011540000233B6200E000BFBB69FF2B01D87B6822
:1011640001E07B6804337B61BB69FF2B02D87B6A97
:101174009B0002E07B6A083B9B003B617B691A6829
:101184000F213B6901FA03F3DB431A40396A3B69D7
:1011940001FA03F31A437B691A603B685B6803F046
:1011A4008053002B00F0C180494B9B69484A43F0AF
:1011B40001039361464B9B6903F00103BB60BB6869
:1011C400444A7B6A9B08023352F82330FB607B6AF3
:1011D40003F003039B000F2202FA03F3DB43FA68D4
:1011E4001340FB607B683C4A93421FD07B683B4AB8
:1011F400934219D07B683A4A934213D07B68394AA8
:1012040093420DD07B68384A934207D07B68374AB3
:10121400934201D105230AE0062308E0042306E0F3
:10122400032304E0022302E0012300E000237A6A9E
:1012340002F0030292009340FA681343FB602549CD
:101244007B6A9B080233FA6841F823203B685B6899
:1012540003F48013002B06D0254B9A682449BB69FC
:1012640013438B6006E0224B9A68BB69DB43204939
:1012740013408B603B685B6803F40013002B06D0BB
:101284001B4BDA681A49BB691343CB6006E0184B61
:10129400DA68BB69DB4316491340CB603B685B6883
:1012A40003F40033002B25D0114B5A681049BB6955
:1012B40013434B6025E000BF0000321000003110E2
:1012C4000000221000002110000012100000111074
:1012D400001002400000014000080140000C0140E1
:1012E400001001400014014000180140001C01409E
:1012F40000040140154B5A68BB69DB431349134092
:101304004B603B685B6803F48033002B06D00F4BC3
:101314001A680E49BB6913430B6006E00B4B1A684D
:10132400BB69DB43094913400B607B6A01337B6271
:101334003B681A687B6A22FA03F3002B7FF47EAEC3
:1013440000BF00BF2C37BD4680BC7047000401407D
:1013540080B483B000AF78600B467B8013467B700B
:101364007B78002B03D07A887B681A6103E07B8842
:101374001A047B681A6100BF0C37BD4680BC7047F5
:1013840080B584B000AF78607B68002B01D1012365
:101394002BE17B6893F83D30DBB2002B06D17B68F0
:1013A400002283F83C207868FFF7D2FA7B68242275
:1013B40083F83D207B681B681A687B681B6822F0F1
:1013C40001021A607B681B681A687B681B6842F418
:1013D40000421A607B681B681A687B681B6822F4E9
:1013E40000421A6001F0FCFBF8607B685B68814A8C
:1013F400934207D8FB68804A934294BF0123002399
:10140400DBB206E0FB687D4A934294BF01230023CC
:10141400DBB2002B01D00123E7E0FB68784AA2FB92
:1014240003239B0CBB607B681B685B6823F03F0154
:101434007B681B68BA680A435A607B681B681B6A2E
:1014440023F03F017B685B686A4A934202D8BB6819
:10145400013309E0BB684FF4967202FB03F3694A57
:10146400A2FB03239B0901337A6812680B431362BE
:101474007B681B68DB6923F44F4222F0FF027B6820
:101484005B685C498B4219D8FB68591E7B685B68B2
:101494005B00B1FBF3F3591C40F6FC730B40002BCB
:1014A4000AD0FB68591E7B685B685B00B1FBF3F3F1
:1014B4000133C3F30B0351E004234FE07B689B68C3
:1014C400002B11D1FB68581E7B6859680B465B00E2
:1014D4000B44B0FBF3F30133C3F30B03002B0CBF3A
:1014E40001230023DBB212E0FB68581E7B685968B5
:1014F4000B469B000B4499000B44B0FBF3F3013300
:10150400C3F30B03002B0CBF01230023DBB2002B1E
:1015140001D0012322E07B689B68002B0ED1FB687D
:10152400581E7B6859680B465B000B44B0FBF3F311
:101534000133C3F30B0343F400430FE0FB68581E6D
:101544007B6859680B469B000B4499000B44B0FB25
:10155400F3F30133C3F30B0343F44043796809689D
:101564001343CB617B681B681B6823F0C0017B6855
:10157400DA697B681B6A1A437B681B680A431A6032
:101584007B681B689B6823F4034323F0FF037A689A
:1015940011697A68D26811437A6812680B439360C0
:1015A4007B681B68DB6823F0FF017B685A697B68F2
:1015B4009B691A437B681B680A43DA607B681B6873
:1015C4001A687B681B6842F001021A607B6800227B
:1015D4001A647B68202283F83D207B6800221A630A
:1015E4007B68002283F83E20002318461037BD464E
:1015F40080BD00BFA08601007F841E00FF083D005F
:1016040083DE1B43D34D621080B588B002AFF8600F
:10161400084611461A4603467B810B463B81134616
:10162400FB80FFF7EFFB7861FB6893F83D30DBB29A
:10163400202B40F0D9807B690093192301226D4946
:10164400F86800F0CDFC0346002B01D00223CCE067
:10165400FB6893F83C30012B01D10223C5E0FB6801
:10166400012283F83C20FB681B681B6803F001031C
:10167400012B07D0FB681B681A68FB681B6842F0E3
:1016840001021A60FB681B681A68FB681B6822F475
:1016940000621A60FB68212283F83D20FB68402227
:1016A40083F83E20FB6800221A64FB683A6A5A6297
:1016B400FB68BA8C5A85FB685B8D9AB2FB681A8505
:1016C400FB684D4ADA62F8883A8979897B69019323
:1016D400BB6A00930346F86800F004FB0346002B42
:1016E40052D0012381E07A69B96AF86800F092FD6A
:1016F4000346002B0DD0FB681B6C042B07D1FB6841
:101704001B681A68FB681B6842F400721A600123A4
:101714006BE0FB685B6A1A78FB681B681A61FB68FC
:101724005B6A5A1CFB685A62FB681B8D013B9AB2C8
:10173400FB681A85FB685B8D9BB2013B9AB2FB6820
:101744005A85FB681B685B6903F00403042B1BD1F7
:10175400FB681B8D002B17D0FB685B6A1A78FB684B
:101764001B681A61FB685B6A5A1CFB685A62FB6857
:101774001B8D013B9AB2FB681A85FB685B8D9BB29B
:10178400013B9AB2FB685A85FB681B8D002BAAD1DA
:101794007A69B96AF86800F085FD0346002B0DD01C
:1017A400FB681B6C042B07D1FB681B681A68FB6879
:1017B4001B6842F400721A60012316E0FB681B6880
:1017C4001A68FB681B6842F400721A60FB682022E6
:1017D40083F83D20FB68002283F83E20FB6800224A
:1017E40083F83C20002300E0022318461837BD4646
:1017F40080BD00BF020010000000FFFF80B58CB068
:1018040002AFF860084611461A4603467B810B4630
:101814003B811346FB8000233B62FFF7F3FA7862B7
:10182400FB6893F83D30DBB2202B40F050827B6A9A
:101834000093192301228249F86800F0D1FB034682
:10184400002B01D0022343E2FB6893F83C30012BC8
:1018540001D102233CE2FB68012283F83C20FB68AF
:101864001B681B6803F00103012B07D0FB681B688E
:101874001A68FB681B6842F001021A60FB681B6867
:101884001A68FB681B6822F400621A60FB68222253
:1018940083F83D20FB68402283F83E20FB68002249
:1018A4001A64FB683A6B5A62FB68BA8E5A85FB6805
:1018B4005B8D9AB2FB681A85FB68624ADA62F88823
:1018C4003A8979897B6A0193BB6B00930346F86874
:1018D40000F09EFA0346002B01D00123F8E1FB68D7
:1018E4001B8D002B13D10023FB61FB681B685B6914
:1018F400FB61FB681B689B69FB61FB69FB681B68F8
:101904001A68FB681B6842F400721A60CCE1FB6839
:101914001B8D012B1ED1FB681B681A68FB681B68B2
:1019240022F480621A6072B600BF0023BB61FB68B8
:101934001B685B69BB61FB681B689B69BB61BB6916
:10194400FB681B681A68FB681B6842F400721A6023
:1019540062B635E0FB681B8D022B1ED1FB681B6849
:101964001A68FB681B6842F400621A6072B600BF12
:1019740000237B61FB681B685B697B61FB681B68F8
:101984009B697B617B69FB681B681A68FB681B6841
:1019940022F480621A6062B612E0FB681B681A685F
:1019A400FB681B6842F480621A6000233B61FB6899
:1019B4001B685B693B61FB681B689B693B613B6916
:1019C40072E1FB681B8D032B00F21F81FB681B8DEA
:1019D400012B23D17A6AB96BF86800F0ABFC03469B
:1019E400002B01D0012373E1FB681B681A69FB68B3
:1019F4005B6AD2B21A70FB685B6A5A1CFB685A6253
:101A0400FB681B8D013B9AB2FB681A85FB685B8DF2
:101A14009BB2013B9AB2FB685A8545E1FB681B8D7A
:101A2400022B52D17B6A0093BB6B00220649F868F3
:101A340000F0D6FA0346002B08D0012348E100BF8A
:101A4400020010000000FFFF0400010072B600BF96
:101A5400FB681B681A68FB681B6842F400721A6012
:101A6400FB681B681A69FB685B6AD2B21A70FB6870
:101A74005B6A5A1CFB685A62FB681B8D013B9AB275
:101A8400FB681A85FB685B8D9BB2013B9AB2FB68CD
:101A94005A8562B600BFFB681B681A69FB685B6AFB
:101AA400D2B21A70FB685B6A5A1CFB685A62FB6804
:101AB4001B8D013B9AB2FB681A85FB685B8D9BB258
:101AC400013B9AB2FB685A85EEE07B6A0093BB6BDC
:101AD40000228149F86800F083FA0346002B01D004
:101AE4000123F5E0FB681B681A68FB681B6822F495
:101AF40080621A6072B600BFFB681B681A69FB68D3
:101B04005B6AD2B21A70FB685B6A5A1CFB685A6241
:101B1400FB681B8D013B9AB2FB681A85FB685B8DE1
:101B24009BB2013B9AB2FB685A856C4B1B68DB087D
:101B34006B4AA2FB03231A0A13469B001344DA00E0
:101B4400D31A3B623B6A013B3B623B6A002B18D1D0
:101B5400FB6800221A63FB68202283F83D20FB689F
:101B6400002283F83E20FB681B6C43F02002FB68D4
:101B74001A6462B600BFFB68002283F83C2001238C
:101B8400A6E0FB681B685B6903F00403042BD9D14E
:101B9400FB681B681A68FB681B6842F400721A60D1
:101BA400FB681B681A69FB685B6AD2B21A70FB682F
:101BB4005B6A5A1CFB685A62FB681B8D013B9AB234
:101BC400FB681A85FB685B8D9BB2013B9AB2FB688C
:101BD4005A8562B600BFFB681B681A69FB685B6ABA
:101BE400D2B21A70FB685B6A5A1CFB685A62FB68C3
:101BF4001B8D013B9AB2FB681A85FB685B8D9BB217
:101C0400013B9AB2FB685A854EE07A6AB96BF86870
:101C140000F090FB0346002B01D0012358E0FB6841
:101C24001B681A69FB685B6AD2B21A70FB685B6A4C
:101C34005A1CFB685A62FB681B8D013B9AB2FB6815
:101C44001A85FB685B8D9BB2013B9AB2FB685A858F
:101C5400FB681B685B6903F00403042B24D1FB6855
:101C64001B8D032B07D1FB681B681A68FB681B6874
:101C740022F480621A60FB681B681A69FB685B6A5D
:101C8400D2B21A70FB685B6A5A1CFB685A62FB6822
:101C94001B8D013B9AB2FB681A85FB685B8D9BB276
:101CA400013B9AB2FB685A85FB681B8D002B7FF4BD
:101CB40088AEFB68202283F83D20FB68002283F86D
:101CC4003E20FB68002283F83C20002300E002232E
:101CD40018462837BD4680BD0400010000000020DE
:101CE40089B5F81480B588B002AFF860084611468B
:101CF4001A4603467B810B463B811346FB80FB68F7
:101D04001B681A68FB681B6842F480721A607B6A5D
:101D140000933B6A00224FF00111F86800F060F96B
:101D24000346002B0DD0FB681B681B6803F480730B
:101D3400B3F5807F03D1FB684FF400721A64032368
:101D44005FE07B89DBB21A46FB681B6802F0FE0287
:101D54001A617B6A3A6A2D49F86800F0BBF90346B8
:101D6400002B01D001234CE000237B61FB681B683E
:101D74005B697B61FB681B689B697B617B697A6A31
:101D8400396AF86800F046FA0346002B0DD0FB6868
:101D94001B6C042B07D1FB681B681A68FB681B6863
:101DA40042F400721A6001232BE0FB88012B05D159
:101DB4003B89DAB2FB681B681A6121E03B891B0A84
:101DC4009BB2DAB2FB681B681A617A6A396AF868EE
:101DD40000F020FA0346002B0DD0FB681B6C042B8B
:101DE40007D1FB681B681A68FB681B6842F4007221
:101DF4001A60012305E03B89DAB2FB681B681A61AB
:101E0400002318461837BD4680BD00BF02000100FC
:101E140080B588B002AFF860084611461A460346FA
:101E24007B810B463B811346FB80FB681B681A6869
:101E3400FB681B6842F480621A60FB681B681A68BE
:101E4400FB681B6842F480721A607B6A00933B6AE9
:101E540000224FF00111F86800F0C2F80346002B8D
:101E64000DD0FB681B681B6803F48073B3F5807F97
:101E740003D1FB684FF400721A640323AAE07B8940
:101E8400DBB21A46FB681B6802F0FE021A617B6A29
:101E94003A6A5249F86800F01DF90346002B01D054
:101EA400012397E000237B61FB681B685B697B610E
:101EB400FB681B689B697B617B697A6A396AF8688D
:101EC40000F0A8F90346002B0DD0FB681B6C042B13
:101ED40007D1FB681B681A68FB681B6842F4007230
:101EE4001A60012376E0FB88012B05D13B89DAB225
:101EF400FB681B681A6121E03B891B0A9BB2DAB2BA
:101F0400FB681B681A617A6A396AF86800F082F91A
:101F14000346002B0DD0FB681B6C042B07D1FB6818
:101F24001B681A68FB681B6842F400721A6001237C
:101F340050E03B89DAB2FB681B681A617A6A396A35
:101F4400F86800F067F90346002B0DD0FB681B6CA2
:101F5400042B07D1FB681B681A68FB681B6842F4F2
:101F640000721A60012335E0FB681B681A68FB687D
:101F74001B6842F480721A607B6A00933B6A0022F9
:101F84004FF00111F86800F02BF80346002B0DD038
:101F9400FB681B681B6803F48073B3F5807F03D16F
:101FA400FB684FF400721A64032313E07B89DBB2ED
:101FB40043F00103DAB2FB681B681A617B6A3A6A70
:101FC4000649F86800F086F80346002B01D0012387
:101FD40000E0002318461837BD4680BD020001000A
:101FE40080B584B000AFF860B9603B601346FB7104
:101FF40048E03B68B3F1FF3F44D0FEF703FF0246DD
:10200400BB69D31A3A689A4202D33B68002B39D190
:10201400BB681B0CDBB2012B0DD1FB681B685B6931
:10202400DA43BB6813409BB2002B0CBF012300238F
:10203400DBB21A460CE0FB681B689B69DA43BB6899
:1020440013409BB2002B0CBF01230023DBB21A46C2
:10205400FB799A4216D1FB6800221A63FB6820229E
:1020640083F83D20FB68002283F83E20FB681B6C4C
:1020740043F02002FB681A64FB68002283F83C20CA
:10208400012323E0BB681B0CDBB2012B0DD1FB68E1
:102094001B685B69DA43BB6813409BB2002B0CBF1F
:1020A40001230023DBB21A460CE0FB681B689B6922
:1020B400DA43BB6813409BB2002B0CBF01230023FF
:1020C400DBB21A46FB799A4293D0002318461037A4
:1020D400BD4680BD80B584B000AFF860B9607A6059
:1020E4003B6071E0FB681B685B6903F48063B3F5D4
:1020F400806F23D1FB681B681A68FB681B6842F475
:1021040000721A60FB681B686FF480625A61FB6896
:1021140000221A63FB68202283F83D20FB6800221A
:1021240083F83E20FB681B6C43F00402FB681A64CE
:10213400FB68002283F83C20012367E07B68B3F14D
:10214400FF3F41D0FEF75EFE02463B68D31A7A6831
:102154009A4202D37B68002B36D1BB681B0CDBB2DE
:10216400012B0CD1FB681B685B69DA43BB68134025
:102174009BB2002B14BF01230023DBB20BE0FB68EE
:102184001B689B69DA43BB6813409BB2002B14BFE6
:1021940001230023DBB2002B16D0FB6800221A6354
:1021A400FB68202283F83D20FB68002283F83E2050
:1021B400FB681B6C43F02002FB681A64FB68002276
:1021C40083F83C20012321E0BB681B0CDBB2012B0C
:1021D4000CD1FB681B685B69DA43BB6813409BB294
:1021E400002B14BF01230023DBB20BE0FB681B6848
:1021F4009B69DA43BB6813409BB2002B14BF0123D5
:102204000023DBB2002B7FF46DAF00231846103798
:10221400BD4680BD80B584B000AFF860B9607A6017
:1022240034E0F86800F0E3F80346002B01D0012302
:1022340034E0BB68B3F1FF3F28D0FEF7E3FD02466C
:102244007B68D31ABA689A4202D3BB68002B1DD1AB
:10225400FB681B685B6903F08003802B16D0FB6866
:1022640000221A63FB68202283F83D20FB680022C9
:1022740083F83E20FB681B6C43F02002FB681A6461
:10228400FB68002283F83C20012307E0FB681B68FD
:102294005B6903F08003802BC3D1002318461037F9
:1022A400BD4680BD80B584B000AFF860B9607A6087
:1022B40034E0F86800F09BF80346002B01D00123BA
:1022C40034E0BB68B3F1FF3F28D0FEF79BFD024624
:1022D4007B68D31ABA689A4202D3BB68002B1DD11B
:1022E400FB681B685B6903F00403042B16D0FB68CE
:1022F40000221A63FB68202283F83D20FB68002239
:1023040083F83E20FB681B6C43F02002FB681A64D0
:10231400FB68002283F83C20012307E0FB681B686C
:102324005B6903F00403042BC3D100231846103760
:10233400BD4680BD80B584B000AFF860B9607A60F6
:1023440049E0FB681B685B6903F01003102B19D18B
:10235400FB681B686FF010025A61FB6800221A6365
:10236400FB68202283F83D20FB68002283F83E208E
:10237400FB681A6CFB681A64FB68002283F83C2033
:10238400012330E0FEF73EFD02467B68D31ABA68AB
:102394009A4202D3BB68002B1DD1FB681B685B69A2
:1023A40003F04003402B16D0FB6800221A63FB683D
:1023B400202283F83D20FB68002283F83E20FB683E
:1023C4001B6C43F02002FB681A64FB68002283F84C
:1023D4003C20012307E0FB681B685B6903F04003B2
:1023E400402BAED1002318461037BD4680BD80B4C3
:1023F40083B000AF78607B681B685B6903F480631B
:10240400B3F5806F1BD17B681B686FF480625A61DF
:102414007B6800221A637B68202283F83D207B6856
:10242400002283F83E207B681B6C43F004027B6827
:102434001A647B68002283F83C20012300E0002317
:1024440018460C37BD4680BC7047000080B586B086
:1024540000AF78607B68002B01D1012372E27B68B6
:102464001B6803F00103002B00F08780924B5B682C
:1024740003F00C03042B0CD08F4B5B6803F00C03AC
:10248400082B12D18C4B5B6803F48033B3F5803F87
:102494000BD1894B1B6803F40033002B6CD07B6891
:1024A4005B68002B68D101234CE27B685B68B3F561
:1024B400803F06D1804B1B687F4A43F4803313600E
:1024C4002EE07B685B68002B0CD17B4B1B687A4A3F
:1024D40023F480331360784B1B68774A23F48023FA
:1024E40013601DE07B685B68B3F5A02F0CD1724BC1
:1024F4001B68714A43F4802313606F4B1B686E4A58
:1025040043F4803313600BE06B4B1B686A4A23F47B
:1025140080331360684B1B68674A23F4802313607D
:102524007B685B68002B13D0FEF76CFC386108E015
:10253400FEF768FC02463B69D31A642B01D90323D6
:1025440000E25D4B1B6803F40033002BF0D014E071
:10255400FEF758FC386108E0FEF754FC02463B697C
:10256400D31A642B01D90323ECE1534B1B6803F406
:102574000033002BF0D100E000BF7B681B6803F040
:102584000203002B63D04C4B5B6803F00C03002B5D
:102594000BD0494B5B6803F00C03082B1CD1464B52
:1025A4005B6803F48033002B16D1434B1B6803F0A4
:1025B4000203002B05D07B681B69012B01D001238A
:1025C400C0E13D4B1B6823F0F8027B685B69DB00CC
:1025D400394913430B603AE07B681B69002B20D018
:1025E400364B01221A60FEF70DFC386108E0FEF755
:1025F40009FC02463B69D31A022B01D90323A1E14A
:102604002D4B1B6803F00203002BF0D02A4B1B68F0
:1026140023F0F8027B685B69DB00274913430B60F6
:1026240015E0264B00221A60FEF7ECFB386108E047
:10263400FEF7E8FB02463B69D31A022B01D90323B8
:1026440080E11D4B1B6803F00203002BF0D17B6873
:102654001B6803F00803002B3AD07B689B69002BAE
:1026640019D0174B01221A60FEF7CCFB386108E041
:10267400FEF7C8FB02463B69D31A022B01D9032398
:1026840060E10D4B5B6A03F00203002BF0D00120E4
:1026940000F0CEFA1CE00A4B00221A60FEF7B2FBEF
:1026A40038610FE0FEF7AEFB02463B69D31A022BFA
:1026B40008D9032346E100BF001002400000424253
:1026C40080044242924B5B6A03F00203002BE9D17F
:1026D4007B681B6803F00403002B00F0A680002332
:1026E400FB758B4BDB6903F08053002B0DD1884BBA
:1026F400DB69874A43F08053D361854BDB6903F080
:102704008053BB60BB680123FB75824B1B6803F4D9
:102714008073002B18D17F4B1B687E4A43F480736F
:102724001360FEF76FFB386108E0FEF76BFB0246AF
:102734003B69D31A642B01D9032303E1754B1B684E
:1027440003F48073002BF0D07B68DB68012B06D187
:102754006F4B1B6A6E4A43F0010313622DE07B68E2
:10276400DB68002B0CD16A4B1B6A694A23F0010316
:102774001362674B1B6A664A23F0040313621CE06E
:102784007B68DB68052B0CD1614B1B6A604A43F004
:10279400040313625E4B1B6A5D4A43F00103136238
:1027A4000BE05B4B1B6A5A4A23F001031362584B3C
:1027B4001B6A574A23F0040313627B68DB68002B0F
:1027C40015D0FEF71FFB38610AE0FEF71BFB02463B
:1027D4003B69D31A41F28832934201D90323B1E011
:1027E4004B4B1B6A03F00203002BEED014E0FEF700
:1027F40009FB38610AE0FEF705FB02463B69D31A80
:1028040041F28832934201D903239BE0404B1B6A77
:1028140003F00203002BEED1FB7D012B05D13C4BD1
:10282400DB693B4A23F08053D3617B68DB69002B6F
:1028340000F08780364B5B6803F00C03082B61D0F3
:102844007B68DB69022B46D1334B00221A60FEF70A
:10285400D9FA386108E0FEF7D5FA02463B69D31A83
:10286400022B01D903236DE0294B1B6803F000738D
:10287400002BF0D17B681B6AB3F5803F08D1244B51
:102884005B6823F400327B689B68214913434B60E7
:102894001F4B5B6823F474127B68196A7B685B6A5C
:1028A4000B431B4913434B601B4B01221A60FEF779
:1028B400A9FA386108E0FEF7A5FA02463B69D31A83
:1028C400022B01D903233DE0114B1B6803F0007375
:1028D400002BF0D035E0104B00221A60FEF792FA7C
:1028E400386108E0FEF78EFA02463B69D31A022BE0
:1028F40001D9032326E0064B1B6803F00073002B69
:10290400F0D11EE07B68DB69012B07D1012319E0BC
:102914000010024000700040600042420B4B5B68B4
:10292400FB60FB6803F480327B681B6A9A4206D121
:10293400FB6803F470127B685B6A9A4201D001233E
:1029440000E0002318461837BD4680BD0010024041
:1029540080B584B000AF786039607B68002B01D10A
:102964000123D0E06A4B1B6803F007033A689A42DC
:1029740010D9674B1B6823F0070265493B68134372
:102984000B60634B1B6803F007033A689A4201D05B
:102994000123B8E07B681B6803F00203002B20D0FE
:1029A4007B681B6803F00403002B05D0594B5B685C
:1029B400584A43F4E06353607B681B6803F00803E0
:1029C400002B05D0534B5B68524A43F46053536069
:1029D400504B5B6823F0F0027B689B684D491343BE
:1029E4004B607B681B6803F00103002B40D07B68BD
:1029F4005B68012B07D1474B1B6803F40033002BA2
:102A040015D101237FE07B685B68022B07D1414B22
:102A14001B6803F00073002B09D1012373E03D4BC5
:102A24001B6803F00203002B01D101236BE0394B37
:102A34005B6823F003027B685B68364913434B6091
:102A4400FEF7E0F9F8600AE0FEF7DCF90246FB68FD
:102A5400D31A41F28832934201D9032353E02D4B18
:102A64005B6803F00C027B685B689B009A42EBD1C5
:102A7400274B1B6803F007033A689A4210D2244B91
:102A84001B6823F0070222493B6813430B60204B69
:102A94001B6803F007033A689A4201D0012332E02D
:102AA4007B681B6803F00403002B08D0194B5B6898
:102AB40023F4E0627B68DB68164913434B607B6850
:102AC4001B6803F00803002B09D0124B5B6823F446
:102AD40060527B681B69DB000E4913434B6000F0B6
:102AE40021F802460B4B5B681B0903F00F030A49EC
:102AF400CB5C22FA03F3094A1360094B1B6818469E
:102B0400FEF73EF9002318461037BD4680BD00BFCE
:102B14000020024000100240084600080000002087
:102B24000400002080B487B000AF0023FB600023C2
:102B3400BB6000237B6100237B6000233B611E4B51
:102B44005B68FB60FB6803F00C03042B02D0082BCA
:102B540003D027E0194B3B6127E0FB689B0C03F093
:102B64000F03174AD35C7B60FB6803F48033002BAC
:102B740010D0114B5B685B0C03F00103114AD35C6A
:102B8400BB607B680D4A03FB02F2BB68B2FBF3F344
:102B94007B6104E07B680C4A02FB03F37B617B6985
:102BA4003B6102E0054B3B6100BF3B6918461C37A3
:102BB400BD4680BC704700BF0010024000127A007E
:102BC400204600083046000800093D0080B400AFEC
:102BD400024B1B681846BD4680BC704700000020AD
:102BE40080B500AFFFF7F2FF0246054B5B681B0A96
:102BF40003F007030349CB5C22FA03F3184680BDB4
:102C0400001002401846000880B500AFFFF7DEFF51
:102C14000246054B5B68DB0A03F007030349CB5C00
:102C240022FA03F3184680BD00100240184600083B
:102C340080B485B000AF78600A4B1B680A4AA2FBD7
:102C440003235B0A7A6802FB03F3FB6000BFFB68A3
:102C54005A1EFA60002BF9D100BF00BF1437BD46DD
:102C640080BC704700000020D34D621080B582B054
:102C740000AF78607B68002B01D1012341E07B68C1
:102C840093F83D30DBB2002B06D17B68002283F839
:102C94003C207868FDF734FF7B68022283F83D20EE
:102CA4007B681A687B6804331946104600F0D0FA32
:102CB4007B68012283F846207B68012283F83E204A
:102CC4007B68012283F83F207B68012283F840203F
:102CD4007B68012283F841207B68012283F842202B
:102CE4007B68012283F843207B68012283F8442017
:102CF4007B68012283F845207B68012283F83D200C
:102D0400002318460837BD4680BD000080B485B056
:102D140000AF78607B6893F83D30DBB2012B01D0C3
:102D2400012344E07B68022283F83D207B681B6812
:102D3400DA687B681B6842F00102DA607B681B6812
:102D44001D4A934218D07B681B681C4A934213D0D7
:102D54007B681B68B3F1804F0ED07B681B68184AF0
:102D6400934209D07B681B68164A934204D07B685F
:102D74001B68154A934211D17B681B689B6803F05A
:102D84000703FB60FB68062B10D07B681B681A687E
:102D94007B681B6842F001021A6007E07B681B68CD
:102DA4001A687B681B6842F001021A600023184607
:102DB4001437BD4680BC7047002C014000340140EC
:102DC4000004004000080040000C004080B582B0C0
:102DD40000AF78607B68002B01D1012341E07B6860
:102DE40093F83D30DBB2002B06D17B68002283F8D8
:102DF4003C207868FDF766FE7B68022283F83D205C
:102E04007B681A687B6804331946104600F020FA80
:102E14007B68012283F846207B68012283F83E20E8
:102E24007B68012283F83F207B68012283F84020DD
:102E34007B68012283F841207B68012283F84220C9
:102E44007B68012283F843207B68012283F84420B5
:102E54007B68012283F845207B68012283F83D20AA
:102E6400002318460837BD4680BD80B586B000AF44
:102E7400786039607B68002B01D1012393E07B6883
:102E840093F83D30DBB2002B06D17B68002283F837
:102E94003C207868FDF7ACFD7B68022283F83D2076
:102EA4007B681B689B687A68126823F4804323F06C
:102EB400070393607B681A687B68043319461046DD
:102EC40000F0C6F97B681B689B687B617B681B68A4
:102ED4009B693B617B681B681B6AFB603B681B68E2
:102EE4007A6913437B613B6923F4407323F0030342
:102EF4003B613B689A683B689B691B0213433A69D0
:102F040013433B613B6923F4406323F00C033B61AF
:102F14003B6923F4704323F0F0033B613B68DA68B8
:102F24003B68DB691B0213433A6913433B613B680B
:102F34001B691A013B681B6A1B0313433A69134359
:102F44003B61FB6823F02203FB603B685A683B68E3
:102F54005B691B011343FA681343FB607B681B68BE
:102F64007A699A607B681B683A699A617B681B6816
:102F7400FA681A627B68012283F846207B68012282
:102F840083F83E207B68012283F83F207B6801227E
:102F940083F842207B68012283F843207B68012266
:102FA40083F83D20002318461837BD4680BD80B500
:102FB40084B000AF786039607B6893F83E30FB736F
:102FC4007B6893F83F30BB737B6893F842307B7324
:102FD4007B6893F843303B733B68002B10D1FB7B39
:102FE400012B02D17B7B012B01D0012369E07B689B
:102FF400022283F83E207B68022283F8422031E0DB
:103004003B68042B10D1BB7B012B02D13B7B012BF2
:1030140001D0012355E07B68022283F83F207B68BE
:10302400022283F843201DE0FB7B012B08D1BB7BEC
:10303400012B05D17B7B012B02D13B7B012B01D0E2
:1030440001233EE07B68022283F83E207B68022253
:1030540083F83F207B68022283F842207B680222A7
:1030640083F843203B68002B03D03B68042B08D033
:103074000FE07B681B6801220021184600F01AFB50
:1030840016E07B681B6801220421184600F012FB3D
:103094000EE07B681B6801220021184600F00AFB41
:1030A4007B681B6801220421184600F003FB00BF63
:1030B4007B681B681A687B681B6842F001021A600F
:1030C400002318461037BD4680BD000080B586B089
:1030D40000AFF860B9607A600023FB75FB6893F871
:1030E4003C30012B01D10223AEE0FB68012283F8BE
:1030F4003C207B680C2B00F29F8001A252F823F045
:10310400393100083D3200083D3200083D320008E4
:10311400793100083D3200083D3200083D32000894
:10312400BB3100083D3200083D3200083D32000842
:10313400FB310008FB681B68B968184600F00EF9FB
:10314400FB681B689A69FB681B6842F008029A6175
:10315400FB681B689A69FB681B6822F004029A6189
:10316400FB681B689969BB681A69FB681B680A439A
:103174009A6164E0FB681B68B968184600F05EF960
:10318400FB681B689A69FB681B6842F400629A61D9
:10319400FB681B689A69FB681B6822F480629A6169
:1031A400FB681B689969BB681B691A02FB681B688A
:1031B4000A439A6143E0FB681B68B968184600F04B
:1031C400B1F9FB681B68DA69FB681B6842F0080206
:1031D400DA61FB681B68DA69FB681B6822F0040289
:1031E400DA61FB681B68D969BB681A69FB681B68EC
:1031F4000A43DA6123E0FB681B68B968184600F0EB
:1032040005FAFB681B68DA69FB681B6842F4006214
:10321400DA61FB681B68DA69FB681B6822F4806268
:10322400DA61FB681B68D969BB681B691A02FB6811
:103234001B680A43DA6102E00123FB7500BFFB68E7
:10324400002283F83C20FB7D18461837BD4680BD1C
:1032540080B485B000AF786039607B681B68FB6020
:103264007B68394A934213D07B68384A93420FD023
:103274007B68B3F1804F0BD07B68354A934207D00B
:103284007B68344A934203D07B68334A934208D123
:10329400FB6823F07003FB603B685B68FA681343C8
:1032A400FB607B68284A934213D07B68274A934289
:1032B4000FD07B68B3F1804F0BD07B68244A9342D4
:1032C40007D07B68234A934203D07B68224A934207
:1032D40008D1FB6823F44073FB603B68DB68FA6841
:1032E4001343FB60FB6823F080023B685B69134374
:1032F400FB607B68FA681A603B689A687B68DA62EC
:103304003B681A687B689A627B680F4A934203D0D1
:103314007B680E4A934203D13B681A697B681A633F
:103324007B6801225A617B681B6903F00103002B4F
:1033340005D07B681B6923F001027B681A6100BF1A
:103344001437BD4680BC7047002C01400034014056
:103354000004004000080040000C004080B487B026
:1033640000AF786039607B681B6A7B617B681B6A8D
:1033740023F001027B681A627B685B683B617B68AF
:103384009B69FB60FB6823F07003FB60FB6823F020
:103394000303FB603B681B68FA681343FB607B69AB
:1033A40023F002037B613B689B687A6913437B616A
:1033B4007B68204A934203D07B681F4A93420CD116
:1033C4007B6923F008037B613B68DB687A691343FC
:1033D4007B617B6923F004037B617B68154A93421C
:1033E40003D07B68144A934211D13B6923F4807360
:1033F4003B613B6923F400733B613B685B693A6959
:1034040013433B613B689B693A6913433B617B68A7
:103414003A695A607B68FA689A613B685A687B68C3
:103424005A637B687A691A6200BF1C37BD4680BC48
:10343400704700BF002C01400034014080B487B0C5
:1034440000AF786039607B681B6A7B617B681B6AAC
:1034540023F010027B681A627B685B683B617B68BF
:103464009B69FB60FB6823F4E043FB60FB6823F487
:103474004073FB603B681B681B02FA681343FB60E4
:103484007B6923F020037B613B689B681B017A699D
:1034940013437B617B68214A934203D07B68204AB3
:1034A40093420DD17B6923F080037B613B68DB6829
:1034B4001B017A6913437B617B6923F040037B61C1
:1034C4007B68164A934203D07B68154A934213D112
:1034D4003B6923F480633B613B6923F400633B61F4
:1034E4003B685B699B003A6913433B613B689B699A
:1034F4009B003A6913433B617B683A695A607B6875
:10350400FA689A613B685A687B689A637B687A694F
:103514001A6200BF1C37BD4680BC7047002C0140B6
:103524000034014080B487B000AF786039607B68B4
:103534001B6A7B617B681B6A23F480727B681A6256
:103544007B685B683B617B68DB69FB60FB6823F03D
:103554007003FB60FB6823F00303FB603B681B689C
:10356400FA681343FB607B6923F400737B613B6857
:103574009B681B027A6913437B617B68214A9342EF
:1035840003D07B68204A93420DD17B6923F4006306
:103594007B613B68DB681B027A6913437B617B694F
:1035A40023F480637B617B68164A934203D07B6873
:1035B400154A934213D13B6923F480533B613B6921
:1035C40023F400533B613B685B691B013A69134375
:1035D4003B613B689B691B013A6913433B617B6810
:1035E4003A695A607B68FA68DA613B685A687B68B2
:1035F400DA637B687A691A6200BF1C37BD4680BCF7
:10360400704700BF002C01400034014080B487B0F3
:1036140000AF786039607B681B6A3B617B681B6A1A
:1036240023F480527B681A627B685B687B617B68E9
:10363400DB69FB60FB6823F4E043FB60FB6823F475
:103644004073FB603B681B681B02FA681343FB6012
:103654003B6923F400533B613B689B681B033A6955
:1036640013433B617B68114A934203D07B68104A41
:10367400934209D17B6923F480437B613B685B6996
:103684009B017A6913437B617B687A695A607B6822
:10369400FA68DA613B685A687B681A647B683A693D
:1036A4001A6200BF1C37BD4680BC7047002C014025
:1036B4000034014080B487B000AFF860B9607A602C
:1036C400BB6803F01F03012202FA03F37B61FB686A
:1036D4001A6A7B69DB431A40FB681A62FB681A6A40
:1036E400BB6803F01F03796801FA03F31A43FB680C
:1036F4001A6200BF1C37BD4680BC704780B485B0D9
:1037040000AF786039607B6893F83C30012B01D1BD
:10371400022350E07B68012283F83C207B6802226C
:1037240083F83D207B681B685B68FB607B681B68D3
:103734009B68BB60FB6823F07003FB603B681B68FD
:10374400FA681343FB607B681B68FA685A607B68FD
:103754001B681B4A934218D07B681B68194A934222
:1037640013D07B681B68B3F1804F0ED07B681B6855
:10377400154A934209D07B681B68144A934204D0CB
:103784007B681B68124A93420CD1BB6823F0800308
:10379400BB603B685B68BA681343BB607B681B68AB
:1037A400BA689A607B68012283F83D207B68002216
:1037B40083F83C20002318461437BD4680BC70476C
:1037C400002C014000340140000400400008004087
:1037D400000C004080B582B000AF78607B68002B9D
:1037E40001D1012342E07B6893F84130DBB2002B26
:1037F40006D17B68002283F840207868FDF7D0F971
:103804007B68242283F841207B681B68DA687B6824
:103814001B6822F40052DA60786800F071F97B6862
:103824001B681A697B681B6822F490421A617B68E2
:103834001B685A697B681B6822F02A025A617B68FC
:103844001B68DA687B681B6842F40052DA607B68A4
:1038540000225A647B68202283F841207B6820225E
:1038640083F842207B6800225A63002318460837F5
:10387400BD4680BD80B58AB002AFF860B9603B60D8
:103884001346FB8000237B61FB6893F84130DBB275
:10389400202B75D1BB68002B02D0FB88002B01D1F3
:1038A40001236EE0FB6800225A64FB68212283F83E
:1038B4004120FDF7A7FA7861FB68FA889A84FB68CF
:1038C400FA88DA84FB689B68B3F5805F08D1FB68EB
:1038D4001B69002B04D10023FB61BB68BB6103E0BF
:1038E400BB68FB610023BB612EE03B6800937B69EE
:1038F40000228021F86800F048F80346002B05D028
:10390400FB68202283F8412003233AE0FB69002B63
:103914000BD1BB691B881A46FB681B68C2F30802FB
:103924005A60BB690233BB6107E0FB691A78FB6824
:103934001B685A60FB690133FB61FB68DB8C9BB23B
:10394400013B9AB2FB68DA84FB68DB8C9BB2002BE8
:10395400CBD13B6800937B6900224021F86800F0DA
:1039640014F80346002B05D0FB68202283F841207D
:10397400032306E0FB68202283F84120002300E0B3
:10398400022318462037BD4680BD80B586B000AFFF
:10399400F860B9603B601346FB713BE03B6AB3F1EE
:1039A400FF3F37D0FDF72EFA02463B68D31A3A6A36
:1039B4009A4202D33B6A002B01D103233AE0FB680D
:1039C4001B68DB6803F00403002B23D0BB68802B47
:1039D40020D0BB68402B1DD0FB681B681B6803F01C
:1039E4000803082B16D100237B61FB681B681B6846
:1039F4007B61FB681B685B687B617B69F86800F02E
:103A04001DF8FB6808225A64FB68002283F84020F2
:103A140001230FE0FB681B681A68BB681340BA688F
:103A24009A420CBF01230023DBB21A46FB799A4267
:103A3400B4D0002318461837BD4680BD80B495B075
:103A440000AF78607B681B680C337B637B6B53E847
:103A5400003F3B633B6B23F49073FB647B681B6800
:103A64000C33FA6C3A64FB63F96B3A6C41E800235B
:103A7400BB63BB6B002BE5D17B681B6814333B62D3
:103A84003B6A53E8003FFB61FB6923F00103BB641D
:103A94007B681B681433BA6CFA62BB62B96AFA6A4F
:103AA40041E800237B627B6A002BE5D17B681B6BBA
:103AB400012B19D17B681B680C33FB60FB6853E84E
:103AC400003FBB60BB6823F010037B647B681B680A
:103AD4000C337A6CBA617B617969BA6941E8002375
:103AE4003B613B69002BE5D17B68202283F84220AF
:103AF4007B6800221A6300BF5437BD4680BC704700
:103B040080B584B000AF78607B681B681B6923F4C0
:103B140040517B68DA687B681B680A431A617B68DA
:103B24009A687B681B691A437B685B691343BB60B3
:103B34007B681B68DB6823F4B05323F00C037A68BA
:103B44001268B9680B43D3607B681B685B6923F414
:103B540040717B689A697B681B680A435A617B6879
:103B64001B682C4A934203D1FFF74EF8F86002E039
:103B7400FFF736F8F860FA6813469B0013449A007E
:103B84001A447B685B689B00B2FBF3F3224AA2FBF6
:103B940003235B091901FA6813469B0013449A0036
:103BA4001A447B685B689B00B2FBF3F21A4BA3FBDD
:103BB40002035B09642000FB03F3D31A1B013233B5
:103BC400154AA2FB03235B0903F0F0031944FA68C6
:103BD40013469B0013449A001A447B685B689B005D
:103BE400B2FBF3F20C4BA3FB02035B09642000FB62
:103BF40003F3D31A1B013233074AA2FB03235B09E5
:103C040003F00F027B681B680A449A6000BF1037F8
:103C1400BD4680BD003801401F85EB510CB430B562
:103C2400184B0C1E1D689DB008DA8B234FF0FF3033
:103C34002B601DB0BDE8304002B070474FF40273F2
:103C4400ADF814304FF000031B930CBF234604F16E
:103C5400FF33049307934FF6FF7302900690ADF879
:103C64001630284621AB209A02A9019300F096F958
:103C7400431CBCBF8B232B60002CDAD00022029B98
:103C84001A70D6E70C00002003460244934200D188
:103C9400704703F8011BF9E7014B1868704700BF30
:103CA4000C00002070B500260C4D0D4B5B1B9C10C6
:103CB400A64209D1002600F07DFC0A4D0A4B5B1B8D
:103CC4009C10A64205D170BD55F8043B98470136B7
:103CD400EEE755F8043B98470136F2E768460008DA
:103CE40068460008684600086C460008704770473C
:103CF40038B50546002940D051F8043C0C1F002B70
:103D0400B8BFE41800F0DEF81C4A136833B96360E6
:103D140014602846BDE8384000F0DAB8A34208D958
:103D2400206821188B4201BF19685B68091821605B
:103D3400EDE71A465B680BB1A342FAD91168501833
:103D4400A0420BD120680144501883421160E0D195
:103D540018685B68084410605360DAE702D90C23E2
:103D64002B60D6E7206821188B4201BF19685B6875
:103D74000918216063605460CBE738BDD403002088
:103D840070B50F4E0C463168054611B900F0B0FB12
:103D940030602146284600F0ABFB431C03D14FF0B2
:103DA400FF34204670BDC41C24F00304A042F8D0A4
:103DB400211A284600F09CFB0130F2D1EFE700BF46
:103DC400D00300202DE9F843CD1C25F00305083568
:103DD4000C2D38BF0C25002D064601DBA94204D961
:103DE4000C2333600020BDE8F883DFF8D48000F0B2
:103DF40069F8D8F800301C4644BB29463046FFF722
:103E0400BFFF431C044658D1D8F800402746002F72
:103E140043D1002C4BD023683946304604EB0309C8
:103E240000F066FB814542D1216830466D1A29466F
:103E3400FFF7A6FF01303AD023682B442360D8F85B
:103E440000305A6862BBC8F800700FE02268521B49
:103E540020D40B2A17D96119A342256018BF5960D1
:103E6400636808BFC8F8001062514B60304600F028
:103E74002FF804F10B00231D20F00700C21A1CBF09
:103E84001B1AA350AFE76268A3420CBFC8F8002016
:103E94005A60EBE723466468AEE73C467F68B6E7C2
:103EA4001A465B68A342FBD100235360DEE70C2370
:103EB4003046336000F00CF894E70560D6E700BFA5
:103EC400D40300200148FFF711BF00BFCC0300203A
:103ED4000148FFF70CBF00BFCC0300202DE9F047D9
:103EE4001F468E688246BE420C469046334653D8DF
:103EF400B1F90C0010F4906F2BD06569236809693F
:103F040005EB4505A3EB010905EBD5757B1C6D108D
:103F14004B44AB422A4684BF1D462A46430527D557
:103F240011465046FFF74EFF064658B34A462169EC
:103F340000F0FCFAA38923F4906343F08003A38187
:103F440026614E4426603B463E466561A5EB090565
:103F5400A5601F463A464146206800F0AFFA0020AB
:103F6400A3689B1BA36023683B442360BDE8F087E0
:103F7400504600F0E9FA06460028E1D1504621698E
:103F8400FFF7B6FE0C23CAF80030A3894FF0FF30C8
:103F940043F04003A381E9E73E46DBE72DE9F04720
:103FA4001F468B8906461B060D4614469CB010D549
:103FB4000B6973B94021FFF705FF2860286130B908
:103FC4000C2333604FF0FF301CB0BDE8F087402372
:103FD4006B610023099320238DF8293030234FF09F
:103FE40001080397644F8DF82A302346994613F845
:103FF400012B0AB1252AF9D1B9EB040A0BD0534697
:10400400224629463046FFF769FF013000F0A480BC
:10401400099A5244099299F80030002B00F09C80D0
:1040240000234FF0FF32CDE9052309F10109049380
:1040340007938DF853301A934C46052214F8011B4C
:104044004D4800F065FA049BD0B9D80644BF20223D
:104054008DF85320190744BF2B228DF8532099F86B
:1040640000202A2A13D04C4600204FF00A0C079A4D
:10407400214611F8013B303B092B49D968B913E0BB
:10408400C01B08FA00F01843A1460490D4E7039A31
:10409400111D12680391002A01DB079204E05242C9
:1040A40043F002030792049323782E2B0AD16378FA
:1040B4002A2B32D1039B02341A1D1B68039243EA54
:1040C400E3730593DFF8B49003224846217800F0A7
:1040D4001FFA38B14022049BA0EB0900824013432D
:1040E4000134049314F8011B062225488DF8281086
:1040F40000F00EFA002835D0224818BB039B073382
:1041040023F0070308330393099B034409936CE7E3
:104114000C4601200CFB0232AAE700234FF00A0CE4
:10412400194601340593204610F8012B303A092A28
:1041340003D9002BC6D00591C4E7044601230CFB28
:104144000121F0E703AB00932A4630460E4B04A945
:10415400AFF30080421CD7D1AB895B063FF532AF89
:10416400099831E703AB00932A463046064B04A96D
:1041740000F07EF8EEE700BF32460008384600083B
:104184003C46000800000000E13E00082DE9F0472D
:10419400164698468A680B6907469342B8BF134689
:1041A400336091F843200C46DDF820900AB10133C6
:1041B40033602368990642BF33680233336025684D
:1041C40015F0060506D104F1190AE36832689B1A52
:1041D400AB422BDC94F843302268003B18BF012328
:1041E400920630D44146384604F14302C8470130B0
:1041F40023D02368226903F00603042B14BF00258F
:1042040033684FF0000608BFE56804F11A0408BFDC
:10421400ED1A54F8123C08BF25EAE5759342C4BF71
:104224009B1AED18B5421AD1002008E0012352462A
:1042340041463846C847013003D14FF0FF30BDE84E
:10424400F0870135C1E73020E11881F843005A1C9A
:1042540094F845102244023382F84310C2E7012344
:10426400224641463846C8470130E6D00136D9E7F0
:104274002DE9F0430D7E85B0782D904607460C4617
:1042840099460C9E01F1430207D8622D0AD8002DED
:1042940000F0D780582D00F0BC8004F1420684F869
:1042A40042503BE0A5F16303152BF6D801A151F868
:1042B40023F000BF11430008254300089F42000873
:1042C4009F4200089F4200089F42000825430008BF
:1042D4009F4200089F4200089F4200089F42000836
:1042E4002D4400084F430008DF4300089F420008A4
:1042F4009F4200084F4400089F4200084F430008B3
:104304009F4200089F420008E743000833681A1DD3
:104314001B68326004F1420684F842300123A1E0B4
:1043240033682068191D3160060601D51D6803E055
:104334004506FBD5B3F90050002D03DA2D236D4259
:1043440084F843300A235B4811E021683368080687
:1043540053F8045B02D4490648BFADB23360237EF0
:1043640054486F2B5CD10823002184F843106668FD
:10437400002EA66005DB21682E4321F00401216094
:1043840050D01646B5FBF3F103FB115C10F80CC0DA
:1043940006F801CDAC4663450D46F3D9082B0BD185
:1043A4002368DB0708D5236961689942DEBF30239F
:1043B40006F8013C06F1FF36921B22614346214672
:1043C4003846CDF8009003AAFFF7E0FE01304ED145
:1043D4004FF0FF3005B0BDE8F083236843F02003BD
:1043E40023607825344884F845502368316813F0F5
:1043F400800F51F8045B03D113F0400F18BFADB226
:104404003160D90744BF43F0200323601DB110235A
:10441400AAE72848E7E7236823F020032360F6E7A8
:104424000A23A1E71646B9E733682568181D6169B0
:1044340030602E061B6801D5196002E06806FBD5C2
:104444001980002316462361B8E7336800211A1D3A
:1044540032601E686268304600F05AF808B1801B6A
:10446400606063682361002384F84330A6E7324622
:10447400414638462369C8470130A9D023689B07C1
:1044840013D4E068039B9842B8BF1846A2E70123FF
:10449400324641463846C847013099D00135E36871
:1044A40003995B1AAB42F2DCEBE7002504F1190631
:1044B400F5E700BF4346000854460008884210B59B
:1044C40001EB020402D98442234607D8431EA142C9
:1044D40007D011F8012B03F8012FF8E702448242B8
:1044E40000D110BD13F8011D02F8011DF7E700000B
:1044F40038B50023054D044608462B60FCF7C8FB7D
:10450400431C02D12B6803B1236038BDC8030020CB
:10451400034610B5C9B202449342184601D10020A3
:1045240003E0047801338C42F6D110BD0A44914271
:1045340000F1FF3300D1704710B511F8014B9142DF
:1045440003F8014FF9D110BD2DE9F0410746144697
:104554000D4621B91146BDE8F041FFF733BC2AB935
:10456400FFF7C6FB25462846BDE8F08100F01AF89F
:104574008442064602D8B4EB500FF4D8214638469C
:10458400FFF720FC804608B94546ECE7B4422246D2
:10459400294628BF3246FFF7C9FF29463846FFF7A8
:1045A400A7FBF1E751F8043C181F002BBCBF0B58C4
:1045B400C0187047F8B500BFF8BC08BC9E467047E9
:0C45C400F8B500BFF8BC08BC9E4670476C
:1045D00061783A25642061793A256420617A3A2528
:1045E000642067783A25642067793A256420677AE1
:1045F0003A256420656E63313A256C6420656E63EC
:10460000323A256C640D0A00000000000000000032
:104610000102030406070809000000000102030468
:1046200002030405060708090A0B0C0D0E0F1010F3
:104630000102232D302B2000686C4C006566674515
:10464000464700303132333435363738394142430A
:1046500044454600303132333435363738396162BB
:084660006364656600000000C0
:04466800090200083B
:04466C00E50100085C
:1046700000127A001000000001000000100000206D
:104680000000000090020020F802002060030020DB
:10469000000000000000000000000000000000001A
:1046A000000000000000000000000000000000000A
:1046B00000000000000000000000000000000000FA
:0C46C000000000000000000000000000EE
:0400000508000D0DD5
=======
:1001E80010B5054C237833B9044B13B10448AFF369
:1001F80000800123237010BDD401002000000000FE
:10020800DC61000808B5034B1BB103490348AFF391
:10021800008008BD00000000D8010020DC61000853
:10022800034613F8012B002AFBD1181A013870472E
:1002380081F0004102E000BF83F0004330B54FEA8F
:1002480041044FEA430594EA050F08BF90EA020FFC
:100258001FBF54EA000C55EA020C7FEA645C7FEA8F
:10026800655C00F0E2804FEA5454D4EB5555B8BFB2
:100278006D420CDD2C4480EA020281EA030382EA23
:10028800000083EA010180EA020281EA0303362DB5
:1002980088BF30BD11F0004F4FEA01314FF4801C88
:1002A8004CEA113102D0404261EB410113F0004F9A
:1002B8004FEA03334CEA133302D0524263EB430351
:1002C80094EA050F00F0A780A4F10104D5F1200EEF
:1002D8000DDB02FA0EFC22FA05F2801841F100014A
:1002E80003FA0EF2801843FA05F359410EE0A5F11E
:1002F80020050EF1200E012A03FA0EFC28BF4CF04F
:10030800020C43FA05F3C01851EBE37101F0004504
:1003180007D54FF0000EDCF1000C7EEB00006EEB11
:100328000101B1F5801F1BD3B1F5001F0CD349089B
:100338005FEA30004FEA3C0C04F101044FEA4452F2
:1003480012F5800F80F09A80BCF1004F08BF5FEA79
:10035800500C50F1000041EB045141EA050130BD59
:100368005FEA4C0C404141EB0101013C28BFB1F56B
:10037800801FE9D291F0000F04BF01460020B1FAB6
:1003880081F308BF2033A3F10B03B3F120020CDA89
:100398000C3208DD02F1140CC2F10C0201FA0CF067
:1003A80021FA02F10CE002F11402D8BFC2F1200CCC
:1003B80001FA02F120FA0CFCDCBF41EA0C01904082
:1003C800E41AA2BF01EB0451294330BD6FEA0404CB
:1003D8001F3C1CDA0C340EDC04F11404C4F12002B6
:1003E80020FA04F001FA02F340EA030021FA04F3C8
:1003F80045EA030130BDC4F10C04C4F1200220FA1F
:1004080002F001FA04F340EA0300294630BD21FA5C
:1004180004F0294630BD94F0000F83F4801306BF22
:1004280081F480110134013D4EE77FEA645C18BF16
:100438007FEA655C29D094EA050F08BF90EA020FAD
:1004480005D054EA000C04BF1946104630BD91EAA5
:10045800030F1EBF0021002030BD5FEA545C05D1A8
:100468004000494128BF41F0004130BD14F58004E7
:100478003CBF01F5801130BD01F0004545F0FE415B
:1004880041F470014FF0000030BD7FEA645C1ABF90
:10049800194610467FEA655C1CBF0B46024650EAC7
:1004A800013406BF52EA033591EA030F41F40021F3
:1004B80030BD00BF90F0000F04BF0021704730B579
:1004C8004FF4806404F132044FF000054FF000014E
:1004D80050E700BF90F0000F04BF0021704730B50F
:1004E8004FF4806404F1320410F0004548BF4042E4
:1004F8004FF000013EE700BF42004FEAE2014FEA39
:1005080031014FEA02701FBF12F07F4393F07F4F13
:1005180081F06051704732F07F4208BF704793F016
:100528007F4F04BF41F40021704730B54FF4607429
:1005380001F0004521F000411CE700BF50EA01022C
:1005480008BF704730B54FF000050AE050EA0102D5
:1005580008BF704730B511F0004502D5404261EB45
:1005680041014FF4806404F132045FEA915C3FF486
:10057800D8AE4FF003025FEADC0C18BF03325FEA23
:10058800DC0C18BF033202EBDC02C2F1200300FAD4
:1005980003FC20FA02F001FA03FE40EA0E0021FAF9
:1005A80002F11444BDE600BF70B54FF0FF0C4CF4E7
:1005B800E06C1CEA11541DBF1CEA135594EA0C0F99
:1005C80095EA0C0F00F0DEF82C4481EA030621EAD4
:1005D8004C5123EA4C5350EA013518BF52EA03350F
:1005E80041F4801143F4801338D0A0FB02CE4FF0C1
:1005F8000005E1FB02E506F00042E0FB03E54FF0F1
:100608000006E1FB03569CF0000F18BF4EF0010EE8
:10061800A4F1FF04B6F5007F64F5407404D25FEAE4
:100628004E0E6D4146EB060642EAC62141EA555197
:100638004FEAC52040EA5E504FEACE2EB4F1FD0CD9
:1006480088BFBCF5E06F1ED8BEF1004F08BF5FEA57
:10065800500E50F1000041EB045170BD06F0004609
:1006680046EA010140EA020081EA0301B4EB5C04B6
:10067800C2BFD4EB0C0541EA045170BD41F48011AE
:100688004FF0000E013C00F3AB8014F1360FDEBFD3
:10069800002001F0004170BDC4F10004203C35DAAF
:1006A8000C341BDC04F11404C4F1200500FA05F332
:1006B80020FA04F001FA05F240EA020001F00042D3
:1006C80021F0004110EBD37021FA04F642EB060149
:1006D8005EEA430E08BF20EAD37070BDC4F10C0473
:1006E800C4F1200500FA04F320FA05F001FA04F237
:1006F80040EA020001F0004110EBD37041F1000123
:100708005EEA430E08BF20EAD37070BDC4F120052D
:1007180000FA05F24EEA020E20FA04F301FA05F295
:1007280043EA020321FA04F001F0004121FA04F23D
:1007380020EA020000EBD3705EEA430E08BF20EA0D
:10074800D37070BD94F0000F0FD101F00046400047
:1007580041EB010111F4801F08BF013CF7D041EAC9
:10076800060195F0000F18BF704703F000465200CD
:1007780043EB030313F4801F08BF013DF7D043EA9E
:100788000603704794EA0C0F0CEA135518BF95EA54
:100798000C0F0CD050EA410618BF52EA4306D1D1DB
:1007A80081EA030101F000414FF0000070BD50EAFA
:1007B800410606BF1046194652EA430619D094EA84
:1007C8000C0F02D150EA013613D195EA0C0F05D16E
:1007D80052EA03361CBF104619460AD181EA0301C2
:1007E80001F0004141F0FE4141F470014FF000007A
:1007F80070BD41F0FE4141F4780170BD70B54FF015
:10080800FF0C4CF4E06C1CEA11541DBF1CEA135594
:1008180094EA0C0F95EA0C0F00F0A7F8A4EB050476
:1008280081EA030E52EA03354FEA013100F088806D
:100838004FEA03334FF0805545EA131343EA126336
:100848004FEA022245EA111545EA10654FEA0026EB
:100858000EF000419D4208BF964244F1FD0404F5A4
:10086800407402D25B084FEA3202B61A65EB030500
:100878005B084FEA32024FF480104FF4002CB6EBBD
:10088800020E75EB030E22BFB61A754640EA0C003D
:100898005B084FEA3202B6EB020E75EB030E22BF7D
:1008A800B61A754640EA5C005B084FEA3202B6EBBE
:1008B800020E75EB030E22BFB61A754640EA9C007D
:1008C8005B084FEA3202B6EB020E75EB030E22BF4D
:1008D800B61A754640EADC0055EA060E18D04FEA0B
:1008E800051545EA16754FEA06164FEAC30343EAAB
:1008F80052734FEAC2025FEA1C1CC0D111F4801F78
:100908000BD141EA00014FF000004FF0004CB6E770
:1009180011F4801F04BF01430020B4F1FD0C88BF0F
:10092800BCF5E06F3FF6AFAEB5EB030C04BFB6EB1A
:10093800020C5FEA500C50F1000041EB045170BD0D
:100948000EF0004E4EEA113114EB5C04C2BFD4EB3A
:100958000C0541EA045170BD41F480114FF0000EBE
:10096800013C90E645EA060E8DE60CEA135594EA3A
:100978000C0F08BF95EA0C0F3FF43BAF94EA0C0F3D
:100988000AD150EA01347FF434AF95EA0C0F7FF4B2
:1009980025AF104619462CE795EA0C0F06D152EA06
:1009A80003353FF4FDAE1046194622E750EA4106EA
:1009B80018BF52EA43067FF4C5AE50EA41047FF4FB
:1009C8000DAF52EA43057FF4EBAE12E74FF0FF3C60
:1009D80006E000BF4FF0010C02E000BF4FF0010C31
:1009E8004DF804CD4FEA410C7FEA6C5C4FEA430CAA
:1009F80018BF7FEA6C5C1BD001B050EA410C0CBFF9
:100A080052EA430C91EA030F02BF90EA020F00205A
:100A1800704710F1000F91EA030F58BF994208BFC1
:100A280090422CBFD8176FEAE37040F0010070477E
:100A38004FEA410C7FEA6C5C02D150EA013C07D1D5
:100A48004FEA430C7FEA6C5CD6D152EA033CD3D020
:100A58005DF8040B704700BF8446104662468C461A
:100A68001946634600E000BF01B5FFF7B7FF00284D
:100A780048BF10F1000F01BD4DF808EDFFF7F4FF76
:100A88000CBF012000205DF808FB00BF4DF808ED01
:100A9800FFF7EAFF34BF012000205DF808FB00BF24
:100AA8004DF808EDFFF7E0FF94BF012000205DF846
:100AB80008FB00BF4DF808EDFFF7CEFF94BF0120FB
:100AC80000205DF808FB00BF4DF808EDFFF7C4FFF4
:100AD80034BF012000205DF808FB00BF4FEA410C3D
:100AE8007FEA6C5C02D150EA013C0AD14FEA430C20
:100AF8007FEA6C5C02D152EA033C02D14FF000005D
:100B080070474FF0010070474FEA410212F500129A
:100B180015D211D56FF47873B3EB625212D94FEA3C
:100B2800C12343F0004343EA505311F0004F23FA26
:100B380002F018BF404270474FF00000704750EA7B
:100B4800013005D111F0004008BF6FF00040704738
:100B58004FF00000704700BF4FEA4102B2F1E04396
:100B680024BFB3F5001CDCF1FE5C0DD901F0004C8C
:100B78004FEAC0024CEA5070B2F1004F40EB8300DC
:100B880008BF20F00100704711F0804F21D113F108
:100B98003872BCBF01F00040704741F480114FEA41
:100BA8005252C2F11802C2F1200C10FA0CF320FACA
:100BB80002F018BF40F001004FEAC1234FEAD323E7
:100BC80003FA0CFC40EA0C0023FA02F34FEA430351
:100BD800CCE77FEA625307D150EA01331EBF4FF0DA
:100BE800FE4040F44000704701F0004040F0FE40F5
:100BF80040F40000704700BF80B588B000AF78604F
:100C080007F1100300221A605A609A60DA607B6864
:100C18001B681D4A934233D11C4B9B691B4A43F006
:100C280008039361194B9B6903F00803FB60FB6899
:100C3800C0233B6112237B610323FB6107F110038F
:100C48001946134800F08CFD104BDB690F4A43F43A
:100C58000013D3610D4BDB6903F40013BB60BB6861
:100C6800002205211F2000F044FD1F2000F05DFD3B
:100C780000220521202000F03CFD202000F055FD39
:100C880000BF2037BD4680BD005400400010024020
:100C9800000C014080B586B004AF4FF47A7302931C
:100CA80001230193FB1D009301237522D0212348C2
:100CB80001F028F9FB79682B3BD10023BB714FF475
:100CC8007A73029301230193BB1D009301236B22C6
:100CD800D0211A4801F01CF80723BB714FF47A732E
:100CE800029301230193BB1D009301231922D021F4
:100CF800124801F00DF80023BB714FF47A73029388
:100D080001230193BB1D009301231C22D0210B4812
:100D180000F0FEFF0023BB714FF47A7302930123A6
:100D28000193BB1D009301231B22D021034800F02F
:100D3800EFFF00BF0837BD4680BD00BFF0010020AF
:100D480080B588B004AF4FF47A7302930E230193F1
:100D58003B46009301233B22D0215F4801F0D2F8A3
:100D68003B781BB21B021AB27B781BB213431AB230
:100D78005A4B1A80BB781BB21B021AB2FB781BB203
:100D880013431AB2564B1A803B791BB21B021AB294
:100D98007B791BB213431AB2524B1A803B7A1BB2AF
:100DA8001B021AB27B7A1BB213431AB24E4B1A803B
:100DB800BB7A1BB21B021AB2FB7A1BB213431AB2DC
:100DC8004A4B1A803B7B1BB21B021AB27B7B1BB2BD
:100DD80013431AB2464B1A80404BB3F900301846F9
:100DE800FFF778FB4FF00002424BFFF707FD024682
:100DF8000B4610461946FFF7AFFE03463E4A1360FE
:100E0800374BB3F900301846FFF764FB4FF0000288
:100E1800384BFFF7F3FC02460B4610461946FFF71E
:100E28009BFE0346354A13602E4BB3F90030184633
:100E3800FFF750FB4FF000022E4BFFF7DFFC024696
:100E48000B4610461946FFF787FE03462C4A1360E7
:100E5800254BB3F900301846FFF73CFB1CA3D3E938
:100E68000023FFF7CBFC02460B4610461946FFF756
:100E780073FE0346234A13601C4BB3F9003018462F
:100E8800FFF728FB12A3D3E90023FFF7B7FC0246BC
:100E98000B4610461946FFF75FFE03461A4A1360D1
:100EA800134BB3F900301846FFF714FB08A3D3E936
:100EB8000023FFF7A3FC02460B4610461946FFF72E
:100EC8004BFE0346114A136000BF1037BD4680BD74
:100ED8000000000000606040F00100208C0200204B
:100EE8008E0200209002002092020020940200202E
:100EF800960200200000D040980200209C020020AA
:100F0800A0020020A4020020A8020020AC020020B9
:100F18002DE9B04384B004AF00F088FA00F066F819
:100F280000F002F900F0A8F800F0D4F8FFF7B2FEDC
:100F3800244803F0D1F9FFF703FF234B1B68184639
:100F4800FFF7DAFA80468946204B1B681846FFF7F8
:100F5800D3FA04460D461E4B1B681846FFF7CCFA19
:100F680002460B46CDE90223CDE9004542464B46F1
:100F7800184803F049F9184B1B681846FFF7BCFAE4
:100F880080468946154B1B681846FFF7B5FA044694
:100F98000D46134B1B681846FFF7AEFA02460B4680
:100FA800CDE90223CDE9004542464B460D4803F002
:100FB8002BF90D4803F090F9C82000F09FFA00BF04
:100FC800B9E700BFF8610008980200209C020020E1
:100FD800A002002020620008A4020020A80200202D
:100FE800AC020020546200088462000880B590B00A
:100FF80000AF07F1180328220021184603F04CFA25
:101008003B1D00221A605A609A60DA601A61012357
:10101800BB614FF48033FB6100233B620123BB6259
:1010280002237B634FF48033BB634FF4E013FB630D
:1010380007F11803184601F08DFD0346002B01D077
:1010480000F0D4F80F237B600223BB600023FB6011
:101058004FF480633B6100237B613B1D02211846EE
:1010680001F0FAFF0346002B01D000F0BFF800BFE3
:101078004037BD4680BD000080B500AF124B134A13
:101088001A60114B124A5A600F4B00229A600E4B9D
:101098000022DA600C4B4FF480421A610A4B00229E
:1010A8005A61094B00229A61074B0022DA61064B0C
:1010B80000221A62044800F0E7FC0346002B01D026
:1010C80000F094F800BF80BDF001002000580040F7
:1010D800A086010080B500AF114B124A1A60104B70
:1010E8004FF4E1325A600E4B00229A600C4B0022FA
:1010F800DA600B4B00221A61094B0C225A61084B2B
:1011080000229A61064B0022DA61054802F032F9A2
:101118000346002B01D000F069F800BF80BD00BF76
:10112800440200200038014080B588B000AF07F1C4
:10113800100300221A605A609A60DA60204B9B699B
:101148001F4A43F0200393611D4B9B6903F0200362
:10115800FB60FB681A4B9B69194A43F004039361CF
:10116800174B9B6903F00403BB60BB68144B9B6976
:10117800134A43F008039361114B9B6903F008037A
:101188007B607B684FF400733B6102237B61032320
:10119800FB6107F1100319460A4800F0E1FA4FF421
:1011A80080633B6100237B610023BB6107F110036F
:1011B8001946044800F0D4FA00BF2037BD4680BD68
:1011C800001002400008014080B582B000AF78608E
:1011D800391D4FF0FF330122034802F024F97B68E0
:1011E80018460837BD4680BD4402002080B400AFD1
:1011F80072B600BF00BFFDE780B400AF00BFFDE7D7
:1012080080B400AF00BFFDE780B400AF00BFFDE7CA
:1012180080B400AF00BFFDE780B400AF00BFFDE7BA
:1012280080B400AF00BFBD4680BC704780B400AF3B
:1012380000BFBD4680BC704780B400AF00BFBD464C
:1012480080BC704780B500AF00F03CF900BF80BD9E
:1012580080B400AF01231846BD4680BC704780B5F6
:1012680082B000AF7860396003F068F9034616224F
:101278001A604FF0FF3318460837BD4680BD80B569
:1012880082B000AF78604FF0FF317868FFF7E7FF72
:1012980000BFFDE780B586B000AFF860B9607A603E
:1012A80000237B610AE0AFF300800146BB685A1C4B
:1012B800BA60CAB21A707B6901337B617A697B684C
:1012C8009A42F0DB7B6818461837BD4680BD80B56A
:1012D80086B000AFF860B9607A6000237B6109E0EE
:1012E800BB685A1CBA601B781846FFF76DFF7B690C
:1012F80001337B617A697B689A42F1DB7B68184627
:101308001837BD4680BD80B483B000AF78604FF019
:10131800FF3318460C37BD4680BC704780B483B095
:1013280000AF786039603B684FF400525A60002380
:1013380018460C37BD4680BC704780B483B000AFF8
:101348007860012318460C37BD4680BC704780B4CE
:1013580085B000AFF860B9607A600023184614378A
:10136800BD4680BC7047000080B586B000AF78608D
:10137800144A154BD31A7B617B693B61134B1B687D
:10138800002B02D1114B124A1A60104B1A687B6865
:1013980013443A699A4207D203F0D0F803460C2264
:1013A8001A604FF0FF3309E0084B1B68FB60074BDE
:1013B8001A687B681344054A1360FB681846183797
:1013C800BD4680BD00C0002000040000B00200201F
:1013D8000804002080B400AF00BFBD4680BC704741
:1013E800FFF7F8FF0B480C490C4A002302E0D458D9
:1013F800C4500433C4188C42F9D3094A094C002359
:1014080001E013600432A242FBD303F09DF8FFF71A
:101418007FFD704700000020D401002064660008AA
:10142800D401002004040020FEE7000080B500AFCE
:10143800084B1B68074A43F010031360032000F0B1
:101448004DF90F2000F00EF800F006F800231846BA
:1014580080BD00BF0020024080B400AF00BFBD4681
:1014680080BC704780B582B000AF7860124B1A68B4
:10147800124B1B7819464FF47A73B3FBF1F3B2FBA6
:10148800F3F3184600F05FF90346002B01D001235F
:101498000EE07B680F2B0AD8002279684FF0FF30E6
:1014A80000F027F9064A7B681360002300E0012357
:1014B80018460837BD4680BD0000002008000020FF
:1014C8000400002080B400AF054B1B781A46054B7A
:1014D8001B681344034A136000BFBD4680BC7047B5
:1014E80008000020B402002080B400AF024B1B6843
:1014F8001846BD4680BC7047B402002080B584B051
:1015080000AF7860FFF7F0FFB8607B68FB60FB68AE
:10151800B3F1FF3F05D00A4B1B781A46FB6813440A
:10152800FB6000BFFFF7E0FF0246BB68D31AFA680A
:101538009A42F7D800BF00BF1037BD4680BD00BF34
:101548000800002080B485B000AF78607B6803F0A5
:101558000703FB600C4BDB68BB60BA684FF6FF0300
:101568001340BB60FB681A02BB68134343F0BF63B8
:1015780043F40033BB60044ABB68D36000BF143730
:10158800BD4680BC704700BF00ED00E080B400AFEE
:10159800044BDB681B0A03F007031846BD4680BCF2
:1015A800704700BF00ED00E080B483B000AF034691
:1015B800FB7197F90730002B0BDBFB7903F01F0257
:1015C800064997F907305B09012000FA02F241F851
:1015D800232000BF0C37BD4680BC704700E100E007
:1015E80080B483B000AF03463960FB7197F90730C8
:1015F800002B0ADB3B68DAB20C4997F90730120175
:10160800D2B20B4483F800230AE03B68DAB20849F7
:10161800FB7903F00F03043B1201D2B20B441A7694
:1016280000BF0C37BD4680BC704700BF00E100E03A
:1016380000ED00E080B489B000AFF860B9607A606E
:10164800FB6803F00703FB61FB69C3F10703042B85
:1016580028BF0423BB61FB690433062B02D9FB694D
:10166800033B00E000237B614FF0FF32BB6902FAC5
:1016780003F3DA43BB681A407B699A404FF0FF31A5
:101688007B6901FA03F3D9437B680B40134318467F
:101698002437BD4680BC704780B582B000AF786003
:1016A8007B68013BB3F1807F01D301230FE00A4A35
:1016B8007B68013B53600F214FF0FF30FFF790FF2D
:1016C800054B00229A60044B07221A600023184633
:1016D8000837BD4680BD00BF10E000E080B582B08D
:1016E80000AF78607868FFF72DFF00BF0837BD4668
:1016F80080BD80B586B000AF0346B9607A60FB73E1
:1017080000237B61FFF742FF78617A68B9687869DE
:10171800FFF790FF024697F90F3011461846FFF77A
:101728005FFF00BF1837BD4680BD80B582B000AFEF
:101738000346FB7197F907301846FFF735FF00BFDE
:101748000837BD4680BD80B582B000AF7860786844
:10175800FFF7A2FF034618460837BD4680BD0000C4
:1017680080B48BB000AF7860396000237B620023BF
:101778003B6279E101227B6A02FA03F3FB613B6871
:101788001B68FA691340BB61BA69FB699A4240F069
:1017980068813B685B68964A93425ED0944A93425C
:1017A80075D8944A934258D0924A93426FD8924A35
:1017B800934252D0904A934269D8904A93424CD06F
:1017C8008E4A934263D88E4A934246D08C4A9342BB
:1017D8005DD8122B2AD8122B59D801A252F823F01F
:1017E800631800083D1800084F18000891180008F1
:1017F8009718000897180008971800089718000805
:1018080097180008971800089718000897180008F4
:1018180097180008971800089718000897180008E4
:10182800971800084518000859180008754A934287
:1018380013D02CE03B68DB683B6229E03B68DB683F
:1018480004333B6224E03B68DB6808333B621FE0FB
:101858003B68DB680C333B621AE03B689B68002BF3
:1018680002D104233B6213E03B689B68012B05D13E
:1018780008233B627B68FA691A6109E008233B6226
:101888007B68FA695A6103E000233B6200E000BF0D
:10189800BB69FF2B01D87B6801E07B6804337B615F
:1018A800BB69FF2B02D87B6A9B0002E07B6A083B7E
:1018B8009B003B617B691A680F213B6901FA03F3BE
:1018C800DB431A40396A3B6901FA03F31A437B691F
:1018D8001A603B685B6803F08053002B00F0C180FE
:1018E800494B9B69484A43F001039361464B9B6906
:1018F80003F00103BB60BB68444A7B6A9B08023360
:1019080052F82330FB607B6A03F003039B000F222D
:1019180002FA03F3DB43FA681340FB607B683C4A36
:1019280093421FD07B683B4A934219D07B683A4A5E
:10193800934213D07B68394A93420DD07B68384A6A
:10194800934207D07B68374A934201D105230AE0C6
:10195800062308E0042306E0032304E0022302E050
:10196800012300E000237A6A02F003029200934008
:10197800FA681343FB6025497B6A9B080233FA68BF
:1019880041F823203B685B6803F48013002B06D0E2
:10199800254B9A682449BB6913438B6006E0224BA8
:1019A8009A68BB69DB43204913408B603B685B68DE
:1019B80003F40013002B06D01B4BDA681A49BB69E5
:1019C8001343CB6006E0184BDA68BB69DB43164962
:1019D8001340CB603B685B6803F40033002B25D0D1
:1019E800114B5A681049BB6913434B6025E000BF8F
:1019F80000003210000031100000221000002110F9
:101A080000001210000011100010024000000140F8
:101A180000080140000C0140001001400014014082
:101A280000180140001C014000040140154B5A6891
:101A3800BB69DB43134913404B603B685B6803F4A5
:101A48008033002B06D00F4B1A680E49BB6913432D
:101A58000B6006E00B4B1A68BB69DB43094913406E
:101A68000B607B6A01337B623B681A687B6A22FAE7
:101A780003F3002B7FF47EAE00BF00BF2C37BD46BA
:101A880080BC70470004014080B584B000AF786026
:101A98007B68002B01D101232BE17B6893F83D3053
:101AA800DBB2002B06D17B68002283F83C207868E3
:101AB800FFF7A2F87B68242283F83D207B681B6827
:101AC8001A687B681B6822F001021A607B681B6831
:101AD8001A687B681B6842F400421A607B681B68BE
:101AE8001A687B681B6822F400421A6001F0FCFB4C
:101AF800F8607B685B68814A934207D8FB68804A34
:101B0800934294BF01230023DBB206E0FB687D4AC1
:101B1800934294BF01230023DBB2002B01D00123A1
:101B2800E7E0FB68784AA2FB03239B0CBB607B6859
:101B38001B685B6823F03F017B681B68BA680A432F
:101B48005A607B681B681B6A23F03F017B685B68EF
:101B58006A4A934202D8BB68013309E0BB684FF474
:101B6800967202FB03F3694AA2FB03239B09013324
:101B78007A6812680B4313627B681B68DB6923F47D
:101B88004F4222F0FF027B685B685C498B4219D8A0
:101B9800FB68591E7B685B685B00B1FBF3F3591C5B
:101BA80040F6FC730B40002B0AD0FB68591E7B687B
:101BB8005B685B00B1FBF3F30133C3F30B0351E044
:101BC80004234FE07B689B68002B11D1FB68581EEB
:101BD8007B6859680B465B000B44B0FBF3F3013399
:101BE800C3F30B03002B0CBF01230023DBB212E06D
:101BF800FB68581E7B6859680B469B000B4499008C
:101C08000B44B0FBF3F30133C3F30B03002B0CBFFE
:101C180001230023DBB2002B01D0012322E07B68E3
:101C28009B68002B0ED1FB68581E7B6859680B46D1
:101C38005B000B44B0FBF3F30133C3F30B0343F432
:101C480000430FE0FB68581E7B6859680B469B00F1
:101C58000B4499000B44B0FBF3F30133C3F30B03BC
:101C680043F44043796809681343CB617B681B6878
:101C78001B6823F0C0017B68DA697B681B6A1A431A
:101C88007B681B680A431A607B681B689B6823F49F
:101C9800034323F0FF037A6811697A68D268114315
:101CA8007A6812680B4393607B681B68DB6823F0D3
:101CB800FF017B685A697B689B691A437B681B68CC
:101CC8000A43DA607B681B681A687B681B6842F005
:101CD80001021A607B6800221A647B68202283F85C
:101CE8003D207B6800221A637B68002283F83E202F
:101CF800002318461037BD4680BD00BFA0860100EE
:101D08007F841E00FF083D0083DE1B43D34D621015
:101D180080B588B002AFF860084611461A460346F7
:101D28007B810B463B811346FB80FFF7DDFB786127
:101D3800FB6893F83D30DBB2202B40F0D9807B69FB
:101D48000093192301226D49F86800F0CDFC034681
:101D5800002B01D00223CCE0FB6893F83C30012B28
:101D680001D10223C5E0FB68012283F83C20FB680F
:101D78001B681B6803F00103012B07D0FB681B6875
:101D88001A68FB681B6842F001021A60FB681B684E
:101D98001A68FB681B6822F400621A60FB6821223B
:101DA80083F83D20FB68402283F83E20FB68002230
:101DB8001A64FB683A6A5A62FB68BA8C5A85FB68EF
:101DC8005B8D9AB2FB681A85FB684D4ADA62F8881F
:101DD8003A8979897B690193BB6A00930346F8685D
:101DE80000F004FB0346002B52D0012381E07A69FE
:101DF800B96AF86800F092FD0346002B0DD0FB6825
:101E08001B6C042B07D1FB681B681A68FB681B68EE
:101E180042F400721A6001236BE0FB685B6A1A786F
:101E2800FB681B681A61FB685B6A5A1CFB685A628C
:101E3800FB681B8D013B9AB2FB681A85FB685B8DBA
:101E48009BB2013B9AB2FB685A85FB681B685B69C9
:101E580003F00403042B1BD1FB681B8D002B17D048
:101E6800FB685B6A1A78FB681B681A61FB685B6A27
:101E78005A1CFB685A62FB681B8D013B9AB2FB68CF
:101E88001A85FB685B8D9BB2013B9AB2FB685A8549
:101E9800FB681B8D002BAAD17A69B96AF86800F033
:101EA80085FD0346002B0DD0FB681B6C042B07D166
:101EB800FB681B681A68FB681B6842F400721A60AA
:101EC800012316E0FB681B681A68FB681B6842F46C
:101ED80000721A60FB68202283F83D20FB6800220C
:101EE80083F83E20FB68002283F83C20002300E0B2
:101EF800022318461837BD4680BD00BF02001000F7
:101F08000000FFFF80B58CB002AFF86008461146AC
:101F18001A4603467B810B463B811346FB80002310
:101F28003B62FFF7E1FA7862FB6893F83D30DBB279
:101F3800202B40F050827B6A0093192301228249AA
:101F4800F86800F0D1FB0346002B01D0022343E2DE
:101F5800FB6893F83C30012B01D102233CE2FB687B
:101F6800012283F83C20FB681B681B6803F001030F
:101F7800012B07D0FB681B681A68FB681B6842F0D6
:101F880001021A60FB681B681A68FB681B6822F468
:101F980000621A60FB68222283F83D20FB68402219
:101FA80083F83E20FB6800221A64FB683A6B5A6289
:101FB800FB68BA8E5A85FB685B8D9AB2FB681A85F6
:101FC800FB68624ADA62F8883A8979897B6A019300
:101FD800BB6B00930346F86800F09EFA0346002B9B
:101FE80001D00123F8E1FB681B8D002B13D10023DE
:101FF800FB61FB681B685B69FB61FB681B689B698D
:10200800FB61FB69FB681B681A68FB681B6842F484
:1020180000721A60CCE1FB681B8D012B1ED1FB6896
:102028001B681A68FB681B6822F480621A6072B623
:1020380000BF0023BB61FB681B685B69BB61FB6871
:102048001B689B69BB61BB69FB681B681A68FB68F6
:102058001B6842F400721A6062B635E0FB681B8D9B
:10206800022B1ED1FB681B681A68FB681B6842F4C8
:1020780000621A6072B600BF00237B61FB681B68B0
:102088005B697B61FB681B689B697B617B69FB689B
:102098001B681A68FB681B6822F480621A6062B6C3
:1020A80012E0FB681B681A68FB681B6842F48062D0
:1020B8001A6000233B61FB681B685B693B61FB6836
:1020C8001B689B693B613B6972E1FB681B8D032BB5
:1020D80000F21F81FB681B8D012B23D17A6AB96B33
:1020E800F86800F0ABFC0346002B01D0012373E134
:1020F800FB681B681A69FB685B6AD2B21A70FB68D6
:102108005B6A5A1CFB685A62FB681B8D013B9AB2DA
:10211800FB681A85FB685B8D9BB2013B9AB2FB6832
:102128005A8545E1FB681B8D022B52D17B6A0093CF
:10213800BB6B00220649F86800F0D6FA0346002B6C
:1021480008D0012348E100BF020010000000FFFF93
:102158000400010072B600BFFB681B681A68FB68C0
:102168001B6842F400721A60FB681B681A69FB68F6
:102178005B6AD2B21A70FB685B6A5A1CFB685A62C7
:10218800FB681B8D013B9AB2FB681A85FB685B8D67
:102198009BB2013B9AB2FB685A8562B600BFFB68E6
:1021A8001B681A69FB685B6AD2B21A70FB685B6AC3
:1021B8005A1CFB685A62FB681B8D013B9AB2FB688C
:1021C8001A85FB685B8D9BB2013B9AB2FB685A8506
:1021D800EEE07B6A0093BB6B00228149F86800F04F
:1021E80083FA0346002B01D00123F5E0FB681B6846
:1021F8001A68FB681B6822F480621A6072B600BF16
:10220800FB681B681A69FB685B6AD2B21A70FB68C4
:102218005B6A5A1CFB685A62FB681B8D013B9AB2C9
:10222800FB681A85FB685B8D9BB2013B9AB2FB6821
:102238005A856C4B1B68DB086B4AA2FB03231A0AFE
:1022480013469B001344DA00D31A3B623B6A013BF6
:102258003B623B6A002B18D1FB6800221A63FB68BB
:10226800202283F83D20FB68002283F83E20FB688B
:102278001B6C43F02002FB681A6462B600BFFB685F
:10228800002283F83C200123A6E0FB681B685B69F9
:1022980003F00403042BD9D1FB681B681A68FB6898
:1022A8001B6842F400721A60FB681B681A69FB68B5
:1022B8005B6AD2B21A70FB685B6A5A1CFB685A6286
:1022C800FB681B8D013B9AB2FB681A85FB685B8D26
:1022D8009BB2013B9AB2FB685A8562B600BFFB68A5
:1022E8001B681A69FB685B6AD2B21A70FB685B6A82
:1022F8005A1CFB685A62FB681B8D013B9AB2FB684B
:102308001A85FB685B8D9BB2013B9AB2FB685A85C4
:102318004EE07A6AB96BF86800F090FB0346002B30
:1023280001D0012358E0FB681B681A69FB685B6AE7
:10233800D2B21A70FB685B6A5A1CFB685A62FB6867
:102348001B8D013B9AB2FB681A85FB685B8D9BB2BB
:10235800013B9AB2FB685A85FB681B685B6903F00E
:102368000403042B24D1FB681B8D032B07D1FB68C6
:102378001B681A68FB681B6822F480621A60FB6895
:102388001B681A69FB685B6AD2B21A70FB685B6AE1
:102398005A1CFB685A62FB681B8D013B9AB2FB68AA
:1023A8001A85FB685B8D9BB2013B9AB2FB685A8524
:1023B800FB681B8D002B7FF488AEFB68202283F816
:1023C8003D20FB68002283F83E20FB68002283F84A
:1023D8003C20002300E0022318462837BD4680BD74
:1023E800040001000000002089B5F81480B588B009
:1023F80002AFF860084611461A4603467B810B4631
:102408003B811346FB80FB681B681A68FB681B68E6
:1024180042F480721A607B6A00933B6A00224FF094
:102428000111F86800F060F90346002B0DD0FB6835
:102438001B681B6803F48073B3F5807F03D1FB68C6
:102448004FF400721A6403235FE07B89DBB21A46FB
:10245800FB681B6802F0FE021A617B6A3A6A2D4922
:10246800F86800F0BBF90346002B01D001234CE0CB
:1024780000237B61FB681B685B697B61FB681B68E9
:102488009B697B617B697A6A396AF86800F046FA69
:102498000346002B0DD0FB681B6C042B07D1FB688F
:1024A8001B681A68FB681B6842F400721A600123F3
:1024B8002BE0FB88012B05D13B89DAB2FB681B684E
:1024C8001A6121E03B891B0A9BB2DAB2FB681B68E0
:1024D8001A617A6A396AF86800F020FA0346002B14
:1024E8000DD0FB681B6C042B07D1FB681B681A68AE
:1024F800FB681B6842F400721A60012305E03B89FF
:10250800DAB2FB681B681A61002318461837BD4603
:1025180080BD00BF0200010080B588B002AFF8603E
:10252800084611461A4603467B810B463B811346F3
:10253800FB80FB681B681A68FB681B6842F48062B2
:102548001A60FB681B681A68FB681B6842F4807293
:102558001A607B6A00933B6A00224FF00111F86809
:1025680000F0C2F80346002B0DD0FB681B681B68FF
:1025780003F48073B3F5807F03D1FB684FF40072D6
:102588001A640323AAE07B89DBB21A46FB681B683E
:1025980002F0FE021A617B6A3A6A5249F86800F052
:1025A8001DF90346002B01D0012397E000237B612E
:1025B800FB681B685B697B61FB681B689B697B61C7
:1025C8007B697A6A396AF86800F0A8F90346002B33
:1025D8000DD0FB681B6C042B07D1FB681B681A68BD
:1025E800FB681B6842F400721A60012376E0FB88DE
:1025F800012B05D13B89DAB2FB681B681A6121E01F
:102608003B891B0A9BB2DAB2FB681B681A617A6ABB
:10261800396AF86800F082F90346002B0DD0FB6890
:102628001B6C042B07D1FB681B681A68FB681B68C6
:1026380042F400721A60012350E03B89DAB2FB6869
:102648001B681A617A6A396AF86800F067F9034604
:10265800002B0DD0FB681B6C042B07D1FB681B6893
:102668001A68FB681B6842F400721A60012335E09F
:10267800FB681B681A68FB681B6842F480721A6062
:102688007B6A00933B6A00224FF00111F86800F062
:102698002BF80346002B0DD0FB681B681B6803F45E
:1026A8008073B3F5807F03D1FB684FF400721A641E
:1026B800032313E07B89DBB243F00103DAB2FB6842
:1026C8001B681A617B6A3A6A0649F86800F086F85E
:1026D8000346002B01D0012300E0002318461837D9
:1026E800BD4680BD0200010080B584B000AFF8602F
:1026F800B9603B601346FB7148E03B68B3F1FF3FAC
:1027080044D0FEF7F1FE0246BB69D31A3A689A42F2
:1027180002D33B68002B39D1BB681B0CDBB2012B01
:102728000DD1FB681B685B69DA43BB6813409BB239
:10273800002B0CBF01230023DBB21A460CE0FB6818
:102748001B689B69DA43BB6813409BB2002B0CBF24
:1027580001230023DBB21A46FB799A4216D1FB68A3
:1027680000221A63FB68202283F83D20FB680022C0
:1027780083F83E20FB681B6C43F02002FB681A6458
:10278800FB68002283F83C20012323E0BB681B0C74
:10279800DBB2012B0DD1FB681B685B69DA43BB68B0
:1027A80013409BB2002B0CBF01230023DBB21A4657
:1027B8000CE0FB681B689B69DA43BB6813409BB25B
:1027C800002B0CBF01230023DBB21A46FB799A4287
:1027D80093D0002318461037BD4680BD80B584B01D
:1027E80000AFF860B9607A603B6071E0FB681B6815
:1027F8005B6903F48063B3F5806F23D1FB681B68C2
:102808001A68FB681B6842F400721A60FB681B6850
:102818006FF480625A61FB6800221A63FB68202209
:1028280083F83D20FB68002283F83E20FB681B6C80
:1028380043F00402FB681A64FB68002283F83C201A
:10284800012367E07B68B3F1FF3F41D0FEF74CFE00
:1028580002463B68D31A7A689A4202D37B68002BF7
:1028680036D1BB681B0CDBB2012B0CD1FB681B6893
:102878005B69DA43BB6813409BB2002B14BF01238A
:102888000023DBB20BE0FB681B689B69DA43BB687B
:1028980013409BB2002B14BF01230023DBB2002B93
:1028A80016D0FB6800221A63FB68202283F83D20BB
:1028B800FB68002283F83E20FB681B6C43F0200273
:1028C800FB681A64FB68002283F83C20012321E09E
:1028D800BB681B0CDBB2012B0CD1FB681B685B6966
:1028E800DA43BB6813409BB2002B14BF01230023BB
:1028F800DBB20BE0FB681B689B69DA43BB681340DB
:102908009BB2002B14BF01230023DBB2002B7FF402
:102918006DAF002318461037BD4680BD80B584B022
:1029280000AFF860B9607A6034E0F86800F0E3F866
:102938000346002B01D0012334E0BB68B3F1FF3F0D
:1029480028D0FEF7D1FD02467B68D31ABA689A42AE
:1029580002D3BB68002B1DD1FB681B685B6903F0C1
:102968008003802B16D0FB6800221A63FB682022A4
:1029780083F83D20FB68002283F83E20FB681B6C2F
:1029880043F02002FB681A64FB68002283F83C20AD
:10299800012307E0FB681B685B6903F08003802B59
:1029A800C3D1002318461037BD4680BD80B584B01A
:1029B80000AFF860B9607A6034E0F86800F09BF81E
:1029C8000346002B01D0012334E0BB68B3F1FF3F7D
:1029D80028D0FEF789FD02467B68D31ABA689A4266
:1029E80002D3BB68002B1DD1FB681B685B6903F031
:1029F8000403042B16D0FB6800221A63FB6820220C
:102A080083F83D20FB68002283F83E20FB681B6C9E
:102A180043F02002FB681A64FB68002283F83C201C
:102A2800012307E0FB681B685B6903F00403042BC0
:102A3800C3D1002318461037BD4680BD80B584B089
:102A480000AFF860B9607A6049E0FB681B685B69B1
:102A580003F01003102B19D1FB681B686FF01002EC
:102A68005A61FB6800221A63FB68202283F83D2024
:102A7800FB68002283F83E20FB681A6CFB681A6426
:102A8800FB68002283F83C20012330E0FEF72CFD90
:102A980002467B68D31ABA689A4202D3BB68002BF5
:102AA8001DD1FB681B685B6903F04003402B16D0FF
:102AB800FB6800221A63FB68202283F83D20FB682C
:102AC800002283F83E20FB681B6C43F02002FB6861
:102AD8001A64FB68002283F83C20012307E0FB68A6
:102AE8001B685B6903F04003402BAED100231846F6
:102AF8001037BD4680BD80B483B000AF78607B6876
:102B08001B685B6903F48063B3F5806F1BD17B6836
:102B18001B686FF480625A617B6800221A637B68C5
:102B2800202283F83D207B68002283F83E207B68C2
:102B38001B6C43F004027B681A647B68002283F8EC
:102B48003C20012300E0002318460C37BD4680BC1A
:102B58007047000080B586B000AF78607B68002BB6
:102B680001D1012372E27B681B6803F00103002B8B
:102B780000F08780924B5B6803F00C03042B0CD0A9
:102B88008F4B5B6803F00C03082B12D18C4B5B68EE
:102B980003F48033B3F5803F0BD1894B1B6803F4F2
:102BA8000033002B6CD07B685B68002B68D1012355
:102BB8004CE27B685B68B3F5803F06D1804B1B68AD
:102BC8007F4A43F4803313602EE07B685B68002BF8
:102BD8000CD17B4B1B687A4A23F480331360784B03
:102BE8001B68774A23F4802313601DE07B685B68C9
:102BF800B3F5A02F0CD1724B1B68714A43F48023A4
:102C080013606F4B1B686E4A43F4803313600BE00C
:102C18006B4B1B686A4A23F480331360684B1B684C
:102C2800674A23F4802313607B685B68002B13D00A
:102C3800FEF75AFC386108E0FEF756FC02463B698D
:102C4800D31A642B01D9032300E25D4B1B6803F4FC
:102C58000033002BF0D014E0FEF746FC386108E0A2
:102C6800FEF742FC02463B69D31A642B01D90323C1
:102C7800ECE1534B1B6803F40033002BF0D100E068
:102C880000BF7B681B6803F00203002B63D04C4B2A
:102C98005B6803F00C03002B0BD0494B5B6803F017
:102CA8000C03082B1CD1464B5B6803F48033002BC4
:102CB80016D1434B1B6803F00203002B05D07B6839
:102CC8001B69012B01D00123C0E13D4B1B6823F098
:102CD800F8027B685B69DB00394913430B603AE013
:102CE8007B681B69002B20D0364B01221A60FEF747
:102CF800FBFB386108E0FEF7F7FB02463B69D31A95
:102D0800022B01D90323A1E12D4B1B6803F0020319
:102D1800002BF0D02A4B1B6823F0F8027B685B6914
:102D2800DB00274913430B6015E0264B00221A608D
:102D3800FEF7DAFB386108E0FEF7D6FB02463B698E
:102D4800D31A022B01D9032380E11D4B1B6803F022
:102D58000203002BF0D17B681B6803F00803002BEB
:102D68003AD07B689B69002B19D0174B01221A6057
:102D7800FEF7BAFB386108E0FEF7B6FB02463B698E
:102D8800D31A022B01D9032360E10D4B5B6A03F0D0
:102D98000203002BF0D0012000F0CEFA1CE00A4B11
:102DA80000221A60FEF7A0FB38610FE0FEF79CFBDB
:102DB80002463B69D31A022B08D9032346E100BF18
:102DC800001002400000424280044242924B5B6A7B
:102DD80003F00203002BE9D17B681B6803F00403AE
:102DE800002B00F0A6800023FB758B4BDB6903F0FA
:102DF8008053002B0DD1884BDB69874A43F0805301
:102E0800D361854BDB6903F08053BB60BB6801234A
:102E1800FB75824B1B6803F48073002B18D17F4B22
:102E28001B687E4A43F480731360FEF75DFB3861CC
:102E380008E0FEF759FB02463B69D31A642B01D917
:102E4800032303E1754B1B6803F48073002BF0D058
:102E58007B68DB68012B06D16F4B1B6A6E4A43F017
:102E6800010313622DE07B68DB68002B0CD16A4BF1
:102E78001B6A694A23F001031362674B1B6A664A9F
:102E880023F0040313621CE07B68DB68052B0CD17C
:102E9800614B1B6A604A43F0040313625E4B1B6A72
:102EA8005D4A43F0010313620BE05B4B1B6A5A4A0D
:102EB80023F001031362584B1B6A574A23F004039B
:102EC80013627B68DB68002B15D0FEF70DFB3861B9
:102ED8000AE0FEF709FB02463B69D31A41F2883241
:102EE800934201D90323B1E04B4B1B6A03F0020361
:102EF800002BEED014E0FEF7F7FA38610AE0FEF78F
:102F0800F3FA02463B69D31A41F28832934201D957
:102F180003239BE0404B1B6A03F00203002BEED116
:102F2800FB7D012B05D13C4BDB693B4A23F08053E9
:102F3800D3617B68DB69002B00F08780364B5B68C8
:102F480003F00C03082B61D07B68DB69022B46D1A8
:102F5800334B00221A60FEF7C7FA386108E0FEF723
:102F6800C3FA02463B69D31A022B01D903236DE049
:102F7800294B1B6803F00073002BF0D17B681B6A98
:102F8800B3F5803F08D1244B5B6823F400327B689B
:102F98009B68214913434B601F4B5B6823F47412F1
:102FA8007B68196A7B685B6A0B431B4913434B6058
:102FB8001B4B01221A60FEF797FA386108E0FEF70A
:102FC80093FA02463B69D31A022B01D903233DE049
:102FD800114B1B6803F00073002BF0D035E0104B49
:102FE80000221A60FEF780FA386108E0FEF77CFAE2
:102FF80002463B69D31A022B01D9032326E0064B6C
:103008001B6803F00073002BF0D11EE07B68DB69BE
:10301800012B07D1012319E0001002400070004085
:10302800600042420B4B5B68FB60FB6803F4803234
:103038007B681B6A9A4206D1FB6803F470127B68AE
:103048005B6A9A4201D0012300E000231846183732
:10305800BD4680BD0010024080B584B000AF7860E6
:1030680039607B68002B01D10123D0E06A4B1B68D3
:1030780003F007033A689A4210D9674B1B6823F09C
:10308800070265493B6813430B60634B1B6803F0F9
:1030980007033A689A4201D00123B8E07B681B68AD
:1030A80003F00203002B20D07B681B6803F00403A5
:1030B800002B05D0594B5B68584A43F4E0635360D2
:1030C8007B681B6803F00803002B05D0534B5B6833
:1030D800524A43F460535360504B5B6823F0F0024C
:1030E8007B689B684D4913434B607B681B6803F002
:1030F8000103002B40D07B685B68012B07D1474B4D
:103108001B6803F40033002B15D101237FE07B6893
:103118005B68022B07D1414B1B6803F00073002B3F
:1031280009D1012373E03D4B1B6803F00203002B18
:1031380001D101236BE0394B5B6823F003027B6804
:103148005B68364913434B60FEF7CEF9F8600AE036
:10315800FEF7CAF90246FB68D31A41F28832934255
:1031680001D9032353E02D4B5B6803F00C027B6805
:103178005B689B009A42EBD1274B1B6803F007035F
:103188003A689A4210D2244B1B6823F0070222495E
:103198003B6813430B60204B1B6803F007033A6836
:1031A8009A4201D0012332E07B681B6803F00403D4
:1031B800002B08D0194B5B6823F4E0627B68DB685E
:1031C800164913434B607B681B6803F00803002B08
:1031D80009D0124B5B6823F460527B681B69DB00E3
:1031E8000E4913434B6000F021F802460B4B5B6815
:1031F8001B0903F00F030A49CB5C22FA03F3094ABF
:103208001360094B1B681846FEF72CF90023184673
:103218001037BD4680BD00BF0020024000100240AC
:10322800B8620008000000200400002080B487B0C5
:1032380000AF0023FB600023BB6000237B610023F9
:103248007B6000233B611E4B5B68FB60FB6803F0FF
:103258000C03042B02D0082B03D027E0194B3B6149
:1032680027E0FB689B0C03F00F03174AD35C7B60D5
:10327800FB6803F48033002B10D0114B5B685B0CA8
:1032880003F00103114AD35CBB607B680D4A03FB62
:1032980002F2BB68B2FBF3F37B6104E07B680C4A83
:1032A80002FB03F37B617B693B6102E0054B3B61F9
:1032B80000BF3B6918461C37BD4680BC704700BF3D
:1032C8000010024000127A00D0620008E062000894
:1032D80000093D0080B400AF024B1B681846BD468C
:1032E80080BC70470000002080B500AFFFF7F2FFF8
:1032F8000246054B5B681B0A03F007030349CB5CD6
:1033080022FA03F3184680BD00100240C862000884
:1033180080B500AFFFF7DEFF0246054B5B68DB0AAE
:1033280003F007030349CB5C22FA03F3184680BD78
:1033380000100240C862000880B485B000AF786011
:103348000A4B1B680A4AA2FB03235B0A7A6802FB42
:1033580003F3FB6000BFFB685A1EFA60002BF9D12B
:1033680000BF00BF1437BD4680BC70470000002076
:10337800D34D621080B582B000AF78607B68002BB7
:1033880001D1012342E07B6893F84130DBB2002B86
:1033980006D17B68002283F84020786800F03AF86C
:1033A8007B68242283F841207B681B68DA687B6885
:1033B8001B6822F40052DA60786800F07BF97B68B9
:1033C8001B681A697B681B6822F490421A617B6843
:1033D8001B685A697B681B6822F02A025A617B685D
:1033E8001B68DA687B681B6842F40052DA607B6805
:1033F80000225A647B68202283F841207B682022BF
:1034080083F842207B6800225A6300231846083755
:10341800BD4680BD80B483B000AF786000BF0C3774
:10342800BD4680BC704780B58AB002AFF860B9600D
:103438003B601346FB8000237B61FB6893F84130B7
:10344800DBB2202B75D1BB68002B02D0FB88002B88
:1034580001D101236EE0FB6800225A64FB68212237
:1034680083F84120FEF740F87861FB68FA889A846F
:10347800FB68FA88DA84FB689B68B3F5805F08D13B
:10348800FB681B69002B04D10023FB61BB68BB618F
:1034980003E0BB68FB610023BB612EE03B6800933F
:1034A8007B6900228021F86800F048F80346002B69
:1034B80005D0FB68202283F8412003233AE0FB690A
:1034C800002B0BD1BB691B881A46FB681B68C2F32B
:1034D80008025A60BB690233BB6107E0FB691A78CE
:1034E800FB681B685A60FB690133FB61FB68DB8C76
:1034F8009BB2013B9AB2FB68DA84FB68DB8C9BB217
:10350800002BCBD13B6800937B6900224021F868EF
:1035180000F014F80346002B05D0FB68202283F83E
:103528004120032306E0FB68202283F84120002382
:1035380000E0022318462037BD4680BD80B586B01E
:1035480000AFF860B9603B601346FB713BE03B6A33
:10355800B3F1FF3F37D0FDF7C7FF02463B68D31AE8
:103568003A6A9A4202D33B6A002B01D103233AE01C
:10357800FB681B68DB6803F00403002B23D0BB68DF
:10358800802B20D0BB68402B1DD0FB681B681B68B4
:1035980003F00803082B16D100237B61FB681B6826
:1035A8001B687B61FB681B685B687B617B69F868EB
:1035B80000F01DF8FB6808225A64FB68002283F8B3
:1035C800402001230FE0FB681B681A68BB681340A2
:1035D800BA689A420CBF01230023DBB21A46FB7972
:1035E8009A42B4D0002318461837BD4680BD80B42F
:1035F80095B000AF78607B681B680C337B637B6B8E
:1036080053E8003F3B633B6B23F49073FB647B6898
:103618001B680C33FA6C3A64FB63F96B3A6C41E84B
:103628000023BB63BB6B002BE5D17B681B6814339D
:103638003B623B6A53E8003FFB61FB6923F00103EF
:10364800BB647B681B681433BA6CFA62BB62B96AE4
:10365800FA6A41E800237B627B6A002BE5D17B682C
:103668001B6B012B19D17B681B680C33FB60FB6853
:1036780053E8003FBB60BB6823F010037B647B68A2
:103688001B680C337A6CBA617B617969BA6941E865
:1036980000233B613B69002BE5D17B68202283F83E
:1036A80042207B6800221A6300BF5437BD4680BCA5
:1036B8007047000080B584B000AF78607B681B68F5
:1036C8001B6923F440517B68DA687B681B680A43EE
:1036D8001A617B689A687B681B691A437B685B6917
:1036E8001343BB607B681B68DB6823F4B05323F08B
:1036F8000C037A681268B9680B43D3607B681B684F
:103708005B6923F440717B689A697B681B680A438C
:103718005A617B681B682C4A934203D1FFF7F8FD76
:10372800F86002E0FFF7E0FDF860FA6813469B00D6
:1037380013449A001A447B685B689B00B2FBF3F35E
:10374800224AA2FB03235B091901FA6813469B006E
:1037580013449A001A447B685B689B00B2FBF3F23F
:103768001A4BA3FB02035B09642000FB03F3D31A83
:103778001B013233154AA2FB03235B0903F0F00354
:103788001944FA6813469B0013449A001A447B684C
:103798005B689B00B2FBF3F20C4BA3FB02035B09D3
:1037A800642000FB03F3D31A1B013233074AA2FB40
:1037B80003235B0903F00F027B681B680A449A60C5
:1037C80000BF1037BD4680BD003801401F85EB5152
:1037D800002B2DE9F0471D46BBBF03F100431D46F2
:1037E80000232D2388B01446B8BF1446129A109EA1
:1037F8001370149BDDF84CA023F02008B8F1460F95
:1038080005D0B8F1450F00D10136022300E00323AB
:1038180007AA049206AACDE902A2CDE900362246FB
:103828002B4600F051FFB8F1470F074619D1119BFD
:10383800DB070ED500EB06090022002320462946A7
:10384800FDF71AF908B1CDF81C903022079B4B45BB
:103858001ED33846079B159ADB1B136008B0BDE8DA
:10386800F087B8F1460F00EB0609E5D10378302B55
:103878000AD10022002320462946FDF7FDF818B991
:10388800C6F10106CAF80060DAF800309944D3E7B7
:10389800591C07911A70D9E7F7B50029B6BF2D232F
:1038A8002B23494209290270437029DD0DF10703D2
:1038B8001D460A27B1FBF7F61A4607FB16143034E3
:1038C80002F8014C0C46632C314603F1FF33F1DC5E
:1038D8003031941E03F8011C2346411CAB420AD325
:1038E8000DF109039B1AAC4288BF0023023303443D
:1038F800181A03B0F0BD13F8016B01F8016FEDE77A
:10390800302330318370C170031DF1E72DE9F04F8A
:1039180091B00C46DDF8688016461F46054600F053
:10392800C3FD036818460893FCF77AFC00230E933E
:10393800D8F800300990073323F0070303F1080291
:1039480094F818A0D4F800B0C8F80020D3E900898A
:1039580029F000430B93CDF828804FF0FF32DDE9C2
:103968000A01C4E912899C4BFDF7B8F870BBDDE980
:103978000A014FF0FF32984BFDF792F830BB002256
:10398800002340464946FDF781F810B12D2384F8FD
:103998004330924A924BBAF1470F8CBF90469846F3
:1039A80003234FF0000923612BF0040323603346FF
:1039B8002146284600970FAA00F0D4F9013040F0BC
:1039C80090804FF0FF3011B0BDE8F08F42464B4673
:1039D80040464946FDF782F848B14B46002BB8BF30
:1039E8002D23804AB8BF84F843307F4BD3E7636800
:1039F8000AF0DF015A1C3FD10623636000224BF412
:103A08008063236006920EAACDE904A20DAA039250
:103A18000DF13302CDE9013263684246009328462E
:103A28004B460A91FFF7D4FE0A99804647290D991B
:103A380028D1C81C02DB6368994240DDAAF1020A5A
:103A48005FFA8AFA5246013904F150000D91FFF7E6
:103A580023FF0E9A81461318012A236102DC22688B
:103A6800D20701D5013323619DF83330002B9ED056
:103A78002D2384F843309AE74729BFD1002BBDD1C5
:103A88000123BAE7BAF1650FDCD9BAF1660F18D18C
:103A9800002963680BDD216113B92268D00702D5BC
:103AA80001330B4423614FF00009A165DCE713B92A
:103AB8002268D20701D50233F4E70123F2E74FF079
:103AC800670A0E9B994205DB23682161D807EAD56E
:103AD8004B1CE7E70029CCBF0122C1F102021344C5
:103AE800E0E723685A0507D4236942463146284649
:103AF800B84701302BD164E7BAF1650F40F2DC809A
:103B0800D4E9120100220023FCF7B6FF002833D0C5
:103B1800012331462846354AB84701303FF451AFB2
:103B2800DDE90D38434502DB2368D8070FD5DDE909
:103B3800082331462846B84701303FF442AF4FF0DA
:103B4800000908F1FF3804F11A0AC84509DC23689E
:103B58009B0700F10281E0680F9B9842B8BF1846A6
:103B680031E70123524631462846B84701303FF431
:103B780028AF09F10109E8E70D9B002B38DC012388
:103B880031462846194AB84701303FF41AAFDDE9F3
:103B98000D3959EA030302D12368D907D7D5DDE9DE
:103BA800082331462846B84701303FF40AAF4FF0A2
:103BB800000A04F11A0B0D9B5B42534501DC4B468E
:103BC80093E701235A4631462846B84701303FF467
:103BD800F8AE0AF1010AEEE7FFFFEF7FE6620008A0
:103BE800E2620008EE620008EA620008F262000879
:103BF800A36DDDF838A05345A8BF5346002B99465E
:103C080036DC4FF0000B29EAE97904F11A02A36DBA
:103C18000A93A3EB09035B4531DC0D9B9A453ADC1B
:103C28002368DA0737D40D9BAAEB03090A9BAAEB92
:103C380003039945A8BF9946B9F1000F33DC4FF04B
:103C4800000829EAE97904F11A0B0D9BAAEB030392
:103C5800A3EB090343457FF77AAF01235A46314660
:103C68002846B84701303FF4ACAE08F10108ECE74C
:103C7800424631462846B8470130C2D1A1E6012361
:103C8800314628460A92B84701303FF49AAE0A9A5C
:103C98000BF1010BBBE73146DDE908232846B8479D
:103CA8000130C0D18DE60A9A4B4631462846424437
:103CB800B8470130C3D184E6DDF838A0BAF1010F66
:103CC80001DCDB0736D50123424631462846B84792
:103CD80001303FF476AEDDE9082331462846B8477F
:103CE80001303FF46EAED4E91201002200230AF13C
:103CF800FF3AFCF7C1FEC0B9534608F1010231464C
:103D08002846B84701300CD15BE601235A463146B4
:103D18002846B84701303FF454AE08F10108D045B1
:103D2800F3DB4B4604F15002E0E64FF0000804F1E3
:103D38001A0BF4E701234246E1E701234A463146DC
:103D48002846B84701303FF43CAE08F10108E36863
:103D58000F995B1A4345F0DCFDE64FF0000804F1CB
:103D68001909F4E72DE9F047164698468A680B6961
:103D780007469342B8BF1346336091F843200C4678
:103D8800DDF820900AB1013333602368990642BFF9
:103D9800336802333360256815F0060506D104F14F
:103DA800190AE36832689B1AAB422BDC94F843305B
:103DB8002268003B18BF0123920630D4414638469A
:103DC80004F14302C847013023D02368226903F075
:103DD8000603042B14BF002533684FF0000608BF04
:103DE800E56804F11A0408BFED1A54F8123C08BF3C
:103DF80025EAE5759342C4BF9B1AED18B5421AD15E
:103E0800002008E00123524641463846C8470130A1
:103E180003D14FF0FF30BDE8F0870135C1E730200E
:103E2800E11881F843005A1C94F8451022440233E3
:103E380082F84310C2E70123224641463846C84764
:103E48000130E6D00136D9E72DE9FF470F7E9146CC
:103E5800782F80460C469A460C9E01F1430207D8FB
:103E6800622F0AD8002F00F0D180582F00F0B880B8
:103E780004F1420684F842703AE0A7F16303152B77
:103E8800F6D801A151F823F0E93E0008FD3E0008EC
:103E9800793E0008793E0008793E0008793E00081E
:103EA800FD3E0008793E0008793E0008793E00088A
:103EB800793E0008FB3F0008273F0008B53F00088F
:103EC800793E0008793E00081D400008793E000848
:103ED800273F0008793E0008793E0008BD3F0008EA
:103EE80033681A1D1B68326004F1420684F84230B8
:103EF80001239CE033682068191D3160060601D54E
:103F08001D6803E04506FBD5B3F90050002D03DA20
:103F18002D236D4284F843300A23584811E0216864
:103F28003368080653F8045B02D4490648BFADB2AB
:103F38006F2F336014BF0A2308235048002184F8E8
:103F480043106668002EA66005DB21682E4321F029
:103F5800040121604BD01646B5FBF3F103FB115762
:103F6800C75D06F8017D2F46BB420D46F4D9082BE4
:103F78000BD12368DF0708D5236961689942DEBF42
:103F8800302306F8013C06F1FF36921B22614B46AE
:103F980021464046CDF800A003AAFFF7E3FE013012
:103FA8004AD14FF0FF3004B0BDE8F087236843F0F2
:103FB800200323607827324884F8457023683168E5
:103FC8001F0651F8045B02D45F0648BFADB23160EA
:103FD800D90744BF43F0200323601DB11023ADE788
:103FE8002648E9E7236823F020032360F6E716460E
:103FF800BDE733682568181D616930602E061B68A7
:1040080001D5196002E06806FBD519800023164621
:104018002361BCE7336800211A1D32601E6862689C
:10402800304600F0B8FA08B1801B6060636823610D
:10403800002384F84330AAE73246494640462369BC
:10404800D0470130ADD023689B0713D4E068039BA9
:104058009842B8BF1846A6E701233246494640466B
:10406800D04701309DD00135E36803995B1AAB4214
:10407800F2DCEBE7002504F11906F5E7F462000825
:1040880005630008002310B50446C0E90033C0E901
:104098000433836081814366C281836119460822A3
:1040A8005C3000F0F9F90D4B246263620C4BA3629B
:1040B8000C4BE3620C4B23630C4B9C4206D003F180
:1040C8006802944202D0D0339C4205D104F15800D2
:1040D800BDE8104000F05CBA10BD00BFF142000816
:1040E800134300084B4300086F430008B802002040
:1040F800024A0349034800F069B800BF0C000020D9
:10410800E95E00081C00002041680C4B10B599427C
:10411800044601D001F0E4FEA168094B994202D09F
:10412800204601F0DDFEE168064B994204D02046A6
:10413800BDE8104001F0D4BE10BD00BFB802002099
:10414800200300208803002010B50B4B0B4C0C4AB1
:1041580020461A6004210022FFF794FF04F168004A
:1041680001220921FFF78EFF04F1D0000222BDE8E9
:1041780010401221FFF786BFF0030020B80200208C
:10418800F9400008014800F004BA00BFF903002014
:10419800014800F0FFB900BFF903002010B504463C
:1041A800FFF7F0FF236A1BB1BDE81040FFF7F0BF2F
:1041B800044B2362044B1B68002BF5D1FFF7C4FFA7
:1041C800F2E700BF11410008F00300202DE9F84391
:1041D8000746884614460026D4E90195B9F1010935
:1041E80005D52468002CF7D13046BDE8F883AB89A3
:1041F800012B07D9B5F90E30013303D029463846CB
:10420800C04706436835E9E70FB407B5064904AB6C
:10421800086853F8042B8168019301F0C9FC03B0C6
:104228005DF804EB04B0704718000020036A70B50D
:1042380005460E4684680BB9FFF7B0FF636EDB07CF
:1042480005D4A389980502D4A06D00F0A2F9A3892A
:10425800190702D52369002B35D12146284600F0DD
:10426800C5F880B34FF0FF35636EDA0705D4A3892C
:104278009B0502D4A06D00F08DF9284670BD002B77
:1042880004DAA2699A4217DC0A2915D023685A1C55
:1042980022601970A36816F8011F013BA36000296A
:1042A800EDD1002B11DA22460A21284600F05FF8EA
:1042B8000130D7D00A25D7E72246284600F057F81C
:1042C8000130E7D1CEE7013EE4E723685A1C2260BB
:1042D8000A221A70EEE70000024B01461868FFF741
:1042E800A5BF00BF1800002010B50C46B1F90E108C
:1042F80000F000F90028ABBF636DA3891B1823F4F5
:104308008053ACBF6365A38110BD2DE9F0411F4602
:104318008B890546DB050C46164605D50223002287
:10432800B1F90E1000F0D4F8A389324623F4805373
:10433800A38128463B46B4F90E10BDE8F04100F0D1
:10434800EBB810B50C46B1F90E1000F0C1F8431CDB
:10435800A38915BF606523F4805343F48053A38178
:1043680018BFA38110BDB1F90E1000F0A1B8F8B5BF
:104378000E461446054618B1036A0BB9FFF70EFF3F
:10438800A369A360A3891A0701D5236943B9214604
:10439800284600F02BF818B14FF0FF373846F8BD23
:1043A80023682269F6B2981A63693746834205DCA6
:1043B8002146284601F094FD0028EDD1A368013B71
:1043C800A36023685A1C22601E706269431C9A42CB
:1043D80004D0A389DB07E1D50A2EDFD12146284680
:1043E80001F07EFD0028D9D0D6E7000038B5294B6A
:1043F800054618680C4618B1036A0BB9FFF7CEFEDC
:10440800B4F90C30190722D4DA0607D409222A6035
:1044180043F040034FF0FF30A38133E0580712D533
:10442800616B41B104F14403994202D0284600F07F
:104438001FFF00236363A38923F02403A3810023C0
:10444800636023692360A38943F00803A381236978
:104458004BB9A38903F42073B3F5007F03D0214639
:10446800284601F08AFDB4F90C3013F001020AD095
:104478000022A26062695242A261226942B913F025
:104488008000C5D138BD990758BF6269A260F4E7BA
:104498000020F7E71800002003460244934200D1A9
:1044A800704703F8011BF9E70048704758010020DE
:1044B80038B50023054D044608462B60FCF723FF5A
:1044C800431C02D12B6803B1236038BDF4030020DC
:1044D80038B50446084611460022054D2A601A469A
:1044E800FCF735FF431C02D12B6803B1236038BDAC
:1044F800F403002038B50446084611460022054D4D
:104508002A601A46FCF7C6FE431C02D12B6803B189
:10451800236038BDF403002038B504460846114628
:104528000022054D2A601A46FCF7D1FE431C02D131
:104538002B6803B1236038BDF4030020014B1868D1
:10454800704700BF1800002070B500260C4D0D4CB8
:10455800641BA410A64209D101F03CFE00260A4DB6
:104568000A4C641BA410A64205D170BD55F8043B43
:1045780098470136EEE755F8043B98470136F2E7CD
:104588005C6600085C6600085C66000860660008F7
:10459800704770477047034610B5C9B2024493424A
:1045A800184601D1002003E0047801338C42F6D18B
:1045B80010BD2DE9F74F03690C690746A3427EDB5E
:1045C800013CA30000F1140501F11408009305EB68
:1045D8008403019358F8243055F8242001339A4273
:1045E800B2FBF3F608EB84092ED34FF0000AC44659
:1045F800AE46D3465CF8043B98B206FB00A01B0C01
:10460800020C06FB0323DEF8002080B292B2121AD5
:104618005A44DEF800004FEA134A9BB2C3EB224328
:1046280003EB104392B242EA0342E1454FEA234BBF
:104638004EF8042BDED2009BEB582BB9019B043BB0
:104648009D421A462FD33C61384601F081F9002873
:1046580025DB2946002058F8042BD1F800C01FFAA2
:1046680082FE1FFA8CF3A3EB0E030344120CC2EB79
:10467800234202EB1C429BB243EA0243C1454FEA84
:10468800224041F8043BE6D255F8242005EB840388
:1046980022B9043B9D421A460BD33C610136304691
:1046A80003B0BDE8F08F1268043B002ACBD1013C6F
:1046B800C6E71268043B002AEFD1013CEAE7002074
:1046C800EEE70000000000002DE9F04F14461D46FB
:1046D800C76997B08146CDE90645239E7FB910206A
:1046E80000F00EFE0246C9F81C0020B9EF21AC4BC1
:1046F800AC4801F0BFFCC0E901770760C760D9F892
:104708001C30196859B15A68012393404A608B607C
:10471800484600F0EBFE0022D9F81C301A602B1E28
:10472800AFBF0023012223F000430793A8BF3360E3
:10473800DDF81C809C4BB8BF326033EA080312D105
:1047480042F20F73229A1360C8F31303234300F055
:104758005E85249BDFF854A2002B00F060850AF1E7
:10476800030300F05ABDDDE90623CDE90C23DDE99A
:104778000C0100220023FCF77FF9074658B10123FA
:10478800229A1360249B13B1894B249A1360DFF893
:1047980024A200F044BD14AB019315AB0093484626
:1047A800DDE90C2301F084F9C8F30A560390002EC2
:1047B80078D0DDE90C010D9BA6F2FF36C3F3130395
:1047C80043F07F5343F440131297194600227A4B63
:1047D800FBF732FD6CA3D3E90023FBF7E5FE6CA3DE
:1047E800D3E90023FBF72AFD044630460D46FBF7C4
:1047F80071FE69A3D3E90023FBF7D6FE02460B46F8
:1048080020462946FBF71AFD04460D46FCF77CF9BD
:1048180000220746002320462946FCF737F940B115
:104828003846FBF757FE22462B46FCF725F900B918
:10483800013F162F54D8DDE90C01604B03EBC70389
:10484800D3E90023FCF722F900284BD00023013FCD
:104858000F93149B9B1B5A1E49BFC3F101030023EE
:1048680004930023099254BF04930993002F3BDB60
:10487800099B0E973B44099300230A93209B092B1D
:1048880065D8052BC4BF043B2093209BC8BF0024D8
:10489800A3F10203D8BF0124032B64D8DFE803F097
:1048A8005355382CDDE914631E4406F23243202B9D
:1048B800C1BFC3F1400308FA03F806F2124324FA11
:1048C80003F3D6BFC3F1200348EA030004FA03F058
:1048D800FBF7F0FD0122A1F1F873013E129274E793
:1048E8000123B5E70F90B4E7049BDB1B04937B42DD
:1048F8000A9300230E93C1E701230B93219B07EB37
:10490800030B0BF10103012B0893B8BF012306E049
:1049180001230B93219B002B28DD9B460893002144
:104928000422D9F81C0002F114059D4226D94160E1
:10493800484600F09BFD8246002843D1024640F2DB
:10494800AF111F4BD4E60023E3E70023D5E701248A
:1049580000230B9420934FF0FF3B00221223CDF845
:1049680020B02192DBE701230B93F4E74FF0010B12
:104978005B46CDF820B0CDF884B0D0E701315200C5
:10498800D1E700BFAFF3008061436F63A787D23FD1
:10499800B3C8608B288AC63FFB799F501344D33F26
:1049A800236300083A6300080000F07F1F630008D3
:1049B800F3620008F26200080000F83F886400080B
:1049C80092630008D9F81C301860089B0E2B00F27F
:1049D800A180002C00F09E80002F33DD9C4B07F057
:1049E8000F0203EBC203F805D3E90034CDE9103414
:1049F8004FEA271416D5DDE90C01964B0326D3E9B7
:104A08000823FBF7FBFECDE9060104F00F04914DE6
:104A180054B9DDE91023DDE90601FBF7EFFECDE926
:104A2800060128E00226F2E7E10708D5DDE91001D2
:104A3800D5E90023FBF7B8FDCDE910010136641074
:104A48000835E5E700F0AF80DDE90C017C42804BDA
:104A580004F00F0203EBC203D3E90023FBF7A4FD24
:104A680002260023CDE906017A4D2411002C40F0DE
:104A78008F80002BD3D1DDE906450F9B002B00F07A
:104A88009480002220462946734BFBF7FFFF00283D
:104A980000F08B80089B002B00F08780BBF1000F93
:104AA80034DD2046002229466C4BFBF77DFD5C4631
:104AB800CDE9060107F1FF3801363046FBF70AFD5C
:104AC800DDE90623FBF770FD0022654BFBF7B6FB1B
:104AD8000546A1F15076002C6AD1DDE906010022D5
:104AE800604BFBF7A9FB02460B46CDE906232A4695
:104AF8003346FBF7E9FF002840F09882DDE906011C
:104B08002A4606F10043FBF7C1FF38BBDDE90C3448
:104B1800CDE90634159B002BC0F257810E2F00F308
:104B280054814B4B03EBC703D3E90034CDE904347C
:104B3800219B002B80F2E580089B002B00F3E1808D
:104B48000CD1DDE904010022464BFBF72DFDDDE920
:104B58000623FBF7AFFF002800F0668200242546F5
:104B6800219B56466FEA030800272146484600F075
:104B7800BDFC002D00F0BD802FB1AF4203D03946F7
:104B8800484600F0B3FC2946484600F0AFFCB0E0C8
:104B9800E20705D5D5E90023FBF706FD0123013619
:104BA8006410083562E7022665E7B846089C84E782
:104BB800274B0B9903EBC40353E902235444002900
:104BC80054D000202849FBF719FE33462A46FBF744
:104BD80033FB5646CDE91001DDE90601FBF794FFEA
:104BE8000546FBF777FC02460B46DDE90601FBF7B5
:104BF80023FB02460B463035CDE90623DDE91023B9
:104C080006F8015BFBF742FF002872D1DDE90623B5
:104C180000201149FBF710FBDDE91023FBF736FFF5
:104C2800002840F0B480A6423FF470AFDDE91001DF
:104C380000220A4BFBF7B8FC0022CDE91001DDE9A0
:104C48000601064BFBF7B0FCCDE90601C4E700BF3F
:104C580088640008606400080000F03F00002440F9
:104C680000001C40000014400000E03F3146284688
:104C7800FBF79AFC5646CDE910011394DDE90601CD
:104C8800FBF742FF0546FBF725FC02460B46DDE92C
:104C98000601FBF7D1FA02460B46303506F8015BF0
:104CA800A642CDE906234FF0000224D1DDE9100128
:104CB800AE4BFBF7C3FA02460B46DDE90601FBF7EC
:104CC80003FF002863D1DDE910230020A749FBF783
:104CD800B3FA02460B46DDE90601FBF7D7FE0028CA
:104CE8003FF414AF139E731E139316F8013C302B38
:104CF800F8D047463BE09E4BFBF756FCCDE9060152
:104D0800BCE75646DDE90645DDE904232046294689
:104D1800FBF774FDFBF7F8FE8046FBF7DBFBDDE9EC
:104D28000423FBF741FC02460B4620462946FBF7C5
:104D380083FA08F13004089D06F8014BA6EB0A0433
:104D4800A54202460B4633D1FBF778FADDE9042386
:104D580004460D46FBF7B8FEC0B9DDE9042320463A
:104D68002946FBF789FE10B118F0010F0ED148460D
:104D7800039900F0BBFB00233370229B01371F60AF
:104D8800249B002B00F04B821E6048E2B846334655
:104D98001E4613F8012D392A06D19A45F8D130223A
:104DA80008F101088AF800201A7801321A70A0E781
:104DB80000226F4BFBF7F8FB0022002304460D4648
:104DC800FBF75AFE00289FD0D1E70B9A002A00F083
:104DD800EA80209A012A00F3CD80129A002A00F076
:104DE800C18003F233430A9C049E049A01211A44A9
:104DF8000492099A48461A44099200F02BFC054689
:104E080066B1099B002B09DDB342A8BF3346049A5B
:104E1800F61AD21A0492099AD31A09930A9B0BB369
:104E28000B9B002B00F0C680002C00F0C0802946A8
:104E38002246484600F0C6FC039A01460546484605
:104E480000F01EFC03998046484600F04FFB0A9B81
:104E58001B1B0A9300F0B18041460A9A484600F0AD
:104E6800B1FC03900121484600F0F4FB0E9B044678
:104E7800002B00F0D8811A460146484600F0A2FCF3
:104E8800209B0446012B00F39F80069B002B40F0DB
:104E98009780079BC3F31303002B40F09380079B75
:104EA80023F000431B0D1B0533B1049B013304930E
:104EB800099B0133099301230A930E9B002B00F0F1
:104EC800B881236904EB8303186900F077FBC0F10C
:104ED8002000099B184410F01F0000F08280C0F1E8
:104EE8002003042B73DD049BC0F11C0003440493CE
:104EF800099B064403440993049B002B05DD1A46CD
:104F08004846039900F0B8FC0390099B002B05DD87
:104F180021461A46484600F0AFFC04460F9B002B7A
:104F280061D02146039800F013FD00285BDA0023C6
:104F38000A224846039900F0FBFA0B9B07F1FF3859
:104F48000390002B00F07781294600230A22484667
:104F580000F0EEFABBF1000F05466FDC209B022B38
:104F680049DC6BE0149BC3F136033CE70000E03FEB
:104F780000002440089B5C1E0A9BA34209DB1C1B03
:104F8800089B002BBFF630AF049B089A9E1A00239B
:104F98002BE70A9B0E9AE31A1A440A94049E0024EB
:104FA800089B0E9221E70A9C049E0B9D28E7DDF8DA
:104FB8000C8051E70A9A039950E7CDF80C8051E725
:104FC800002379E7069B77E700230A9379E793D0D4
:104FD800049A1C331A440492099A1E441A440992EA
:104FE8008AE70346F4E7089BB846002B20DC9B467B
:104FF800209B022B1EDDBBF1000F7FF4B1AD2146D3
:105008005B460522484600F093FA01460446039899
:1050180000F09EFC00287FF7A3AD5646312308F127
:10502800010806F8013B9FE5B846089C2546F4E7C9
:10503800DDF820B00B9B002B00F00181002E05DD70
:1050480029463246484600F017FC05460A9B002BC5
:105058005CD04846696800F009FA064628B9024655
:1050680040F2EF21804BFFF743BB2A6905F10C01A1
:10507800023292000C3000F0EFFF01223146484620
:1050880000F0FAFB2F4605460AF1010304930AEBE8
:105098000B030A93069B03F001030993049B214623
:1050A800039803F1FF3BFFF784FA03463946303390
:1050B800069003980B9300F04BFC2A460890214673
:1050C800484600F061FCC26806460B9B02BB0146DD
:1050D800039800F03DFC02460B9B31464846CDE95B
:1050E8000B3200F003FA209B0C9A049E42EA03015B
:1050F800099B19430B9B0DD1392B27D0089A002AFD
:1051080001DD069B31338BF800302EE52846B9E7E0
:105118000122E2E70899002904DB20980143099855
:10512800014320D1002AEEDD012203994846049369
:1051380000F0A2FB2146039000F00AFC0028049B23
:1051480002DCE0D1DA07DED5392BDAD139238BF846
:10515800003033461E4616F8012C013B392A4ED042
:1051680001321A7001E5002A03DD392BEED0013334
:10517800C9E7049A0A9902F8013C8A4228D0002318
:105188000A220399484600F0D3F9AF4203904FF042
:1051980000034FF00A023946484607D100F0C8F923
:1051A80007460546049B0133049377E700F0C0F9EE
:1051B8002946074600230A22484600F0B9F9054661
:1051C800F0E7BBF1000FCCBF5E460126002756442E
:1051D800012203994846049300F04EFB21460390B0
:1051E80000F0B6FB0028B4DC02D1049BDB07B0D486
:1051F80033461E4613F8012D302AFAD0B5E49A45F5
:10520800A8D1312308F101088AF80030ADE4249BC5
:10521800DFF858A01BB10AF10803249A136050461E
:1052280017B0BDE8F08F209B012B7FF72EAE0E9BA9
:105238000A9301204DE6BBF1000F7FF7D9AE564621
:1052480021460398FFF7B5F900F1300306F8013B52
:10525800A6EB0A029345B4DD00230A2248460399C7
:1052680000F066F90390EBE7926300081663000804
:1052780038B50546002940D051F8043C0C1F002BD6
:10528800B8BFE41800F0E6F81C4A136833B9636045
:1052980014602846BDE8384000F0E2B8A34208D9B7
:1052A800206821188B4201BF19685B6809182160C2
:1052B800EDE71A465B680BB1A342FAD9116850189A
:1052C800A0420BD120680144501883421160E0D1FC
:1052D80018685B68084410605360DAE702D90C2349
:1052E8002B60D6E7206821188B4201BF19685B68DC
:1052F8000918216063605460CBE738BD00040020C2
:10530800024B0146186800F025B800BF18000020BD
:1053180070B50F4E0C463168054611B900F08CFE89
:1053280030602146284600F087FE431C03D14FF029
:10533800FF34204670BDC41C24F00304A042F8D0FA
:10534800211A284600F078FE0130F2D1EFE700BFBD
:10535800FC0300202DE9F843CD1C25F00305083592
:105368000C2D38BF0C25002D064601DBA94204D9B7
:105378000C2333600020BDE8F883DFF8D48000F008
:1053880069F8D8F800301C4644BB29463046FFF778
:10539800BFFF431C044658D1D8F800402746002FC9
:1053A80043D1002C4BD023683946304604EB03091F
:1053B80000F042FE814542D1216830466D1A2946E7
:1053C800FFF7A6FF01303AD023682B442360D8F8B2
:1053D80000305A6862BBC8F800700FE02268521BA0
:1053E80020D40B2A17D96119A342256018BF596028
:1053F800636808BFC8F8001062514B60304600F07F
:105408002FF804F10B00231D20F00700C21A1CBF5F
:105418001B1AA350AFE76268A3420CBFC8F800206C
:105428005A60EBE723466468AEE73C467F68B6E718
:105438001A465B68A342FBD100235360DEE70C23C6
:105448003046336000F00CF894E70560D6E700BFFB
:10545800000400200148FFF79CB800BFF8030020B3
:105468000148FFF797B800BFF803002070B5C66978
:1054780004460D4676B91020FFF742FF0246E06168
:1054880020B96B21174B184800F0F4FDC0E90166FC
:105498000660C660E669F36883B1E369DB6853F8C0
:1054A8002500B8B9012101FA05F6721D20469200BF
:1054B80000F0FEFD60B1C0E901560EE02122042192
:1054C800204600F0F5FDE369F060DB68002BE4D1CD
:1054D800002070BD026843F825200023C0E903338B
:1054E800F7E700BF23630008A363000870B5C66927
:1054F80005460C4676B91020FFF702FF0246E86120
:1055080020B98F21084B094800F0B4FDC0E90166B5
:105518000660C6603CB1EB696268DB6853F822102C
:10552800216043F8224070BD23630008A36300088C
:105538002DE9F04107460C461E4600200D6901F191
:10554800140CDCF80030013099B202FB01611E0C2A
:105558000B0C02FB063389B201EB034185424FEA8B
:1055680013464CF8041BECDC0EB3A368AB4219DC01
:10557800616838460131FFF779FF804628B902464D
:10558800BA210C4B0C4800F075FD226904F10C019E
:10559800023292000C3000F05FFD21463846FFF7DA
:1055A800A5FF444604EB850301355E61256120466D
:1055B800BDE8F08192630008A36300080346B0F5D4
:1055C800803F3ABF030410200020B3F1807F3CBF26
:1055D8001B020830B3F1805F3CBF1B010430B3F1FC
:1055E800804F3CBF9B000230002B05DB13F0804F3F
:1055F80000F1010008BF202070470368024613F03D
:1056080007000BD0D90721D4980749BF5B089B082E
:10561800012013605CBF02201360704799B209B97A
:1056280010201B0CD9B209B908301B0A190704BF8E
:105638001B090430990704BF9B080230D90703D41B
:105648005B0800F1010003D0136070470020704729
:105658002020704710B50C460121FFF707FF0246CE
:1056680028B940F24511044B044800F003FD01231A
:105678004461036110BD00BF92630008A363000882
:105688002DE9F04F17460A693B6989469A42A2BF3D
:105698003B460F4699463D69D9F810A0BB68796822
:1056A80005EB0A06B34285B0B8BF0131FFF7DEFE4D
:1056B80030B902464FF4B171404B414800F0DAFC72
:1056C80000F114042346002204EB860E734520D310
:1056D80007F1140809F1140108EB850501EB8A03A9
:1056E8000293EB1B153B23F0030304331537BD422C
:1056F80038BF04230193029B03918B420CD8002EE0
:1057080003DD5EF8043D002B55D0066105B0BDE809
:10571800F08F43F8042BD9E7B1F800A0BAF1000FD5
:105728001FD0C446A14600275CF8042BD9F80030E6
:105738001FFA82FB9BB20AFB0B333B44D9F800707B
:10574800120C3F0C0AFB027202EB13429BB243EAB3
:10575800024365454FEA124749F8043BE4D8019BE8
:10576800E750039B0431B3F80290B9F1000F20D041
:105778004746A4464FF0000A2368B7F800B0BCF8C3
:1057880002209BB209FB0B22524443EA02434CF825
:10579800043B57F8043B4FEA134ABCF80030BD42BB
:1057A80009FB0A3303EB12434FEA134AE5D8019A7F
:1057B800A35004349FE7013EA1E700BF92630008AD
:1057C800A36300082DE9F843154612F003020746C3
:1057D8000E4607D0254C013A002354F82220FFF743
:1057E800A7FE0646AD103DD0FC697CB91020FFF736
:1057F80087FD0246F86128B940F2B3111C4B1D48D9
:1058080000F038FCC0E901440460C460D7F81C808B
:10581800D8F808404CB940F271213846FFF71AFF12
:1058280000230446C8F8080003604FF00009EB079E
:105838000AD5314622463846FFF722FF80463146D0
:105848003846FFF753FE46466D100BD0206838B92E
:10585800224621463846FFF713FF2060C0F8009023
:105868000446E4E73046BDE8F88300BF5464000806
:1058780023630008A36300082DE9F0470C46074698
:1058880091462369496803EB6218A3684FEA621AD4
:1058980008F10106B3420BDB3846FFF7E7FD054682
:1058A80048B902464FF4EF71274B284800F0E2FB55
:1058B80001315B00EEE7002300F1140100F1100252
:1058C8001846534533DB20692AEAEA7A04F11403BF
:1058D80019F01F0901EB8A0103EB800C2BD08A46D3
:1058E8000022C9F1200E186800FA09F010434AF89E
:1058F800040B53F8042B9C4522FA0EF2F3D8ACEBB8
:105908000403153B23F00303043304F11500604539
:1059180088BF0423CA500AB108F10206013E38467E
:1059280021462E61FFF7E2FD2846BDE8F08742F8E0
:10593800040F0133C5E7043953F8042B9C4541F89B
:10594800042FF9D8EAE700BF92630008A3630008B0
:1059580003460A69006930B5801A0ED11433143130
:1059680003EB820401EB820154F8045D51F8042D25
:10597800954203D005D24FF0FF3030BDA342F3D398
:10598800FBE70120F9E700002DE9F74F89460646B5
:10599800114648461446FFF7DBFF051E12D129467B
:1059A8003046FFF763FD024628B940F237213E4BE7
:1059B8003E4800F05FFB0123C0E90435104603B000
:1059C800BDE8F08FBCBF4B46A1463046D9F804105D
:1059D800BABF1C4601250025FFF748FD024618B945
:1059E80040F24521304BE3E700F1140BD9F8107071
:1059F80009F11003C5604FF0000C09F11405D946F0
:105A0800266904F1140E05EB87080EEB8606019350
:105A1800019B5EF8040B53F804AF81B201931FFA9F
:105A28008AF35B1A000C6344C0EB1A4000EB234076
:105A38009BB243EA004376454FEA204C49F8043BC1
:105A4800E6D8331B153B23F0030315340433A64271
:105A580038BF04231D445B441E462C4644450ED3E0
:105A680008F10301491B21F00301033DA84538BF94
:105A780000210B4453F8041D99B117619EE7E646CF
:105A880054F8041B1FFA81FCF444080C714400EB21
:105A98002C4089B241EA00414FEA204C46F8041BE9
:105AA800DCE7013FE6E700BF92630008A363000854
:105AB8002DE97343012190469946089EFFF7D6FCCD
:105AC800044630B9024640F20F31234B234800F018
:105AD800D1FAC9F30A55C9F313030DB143F480137E
:105AE8000193B8F1000324D068460093FFF785FDC1
:105AF800DDE90012D8B1C0F1200302FA03F30B4329
:105B0800C24063610192019B002B0CBF012202225B
:105B1800A3612261ADB1A5F2334505443560C0F1FA
:105B28003500099B1860204602B0BDE870836161AA
:105B3800E9E701A8FFF761FD019B012263612030BD
:105B4800E7E7A0F2324004EB820330601869FFF700
:105B580035FDC0EB4210E4E792630008A363000838
:105B6800936810B4013B002B936007DA9469A34251
:105B780001DB0A2902D110BCFEF7F9BB1368581CD7
:105B880010601970084610BC7047F8B506460F46F5
:105B98001446D518AC4201D1002007E03A463046F9
:105BA80014F8011BFFF7DCFF431CF3D1F8BD00001C
:105BB8002DE9F04F0D461446984606469DB018B19B
:105BC800036A0BB9FEF7EAFA6B6ED90705D4AB89FD
:105BD8009A0502D4A86DFEF7DCFCAB891B0701D53A
:105BE8002B699BB929463046FEF700FC70B16B6EF5
:105BF800DC0704D54FF0FF301DB0BDE8F08FAB894E
:105C08009805F7D4A86DFEF7C5FCF3E700230993C0
:105C180020238DF8293030234FF00109CDF80C806E
:105C2800DFF8A8818DF82A3023469A4613F8012B0D
:105C38000AB1252AF9D1BAEB040B0BD05B462246F0
:105C480029463046FFF7A1FF013000F0A780099AE6
:105C58005A4409929AF80030002B00F09F800023E4
:105C68004FF0FF32CDE905230AF1010A04930793A7
:105C78008DF853301A935446052214F8011B5348E3
:105C8800FEF789FC049AD8B9D10644BF20238DF8C1
:105C98005330130744BF2B238DF853309AF8003044
:105CA8002A2B15D0544600204FF00A0C079A21469B
:105CB80011F8013B303B092B4BD9B0B1079214E0E6
:105CC800A0EB080309FA03F31343A2460493D2E7AF
:105CD800039B191D1B680391002BBBBF5B4242F05D
:105CE800020207930793B8BF049223782E2B0AD198
:105CF80063782A2B32D1039B02341A1D1B68039246
:105D080043EAE3730593DFF8C8A0032250462178DD
:105D1800FEF741FC38B14022049BA0EB0A00824008
:105D280013430134049314F8011B062229488DF803
:105D38002810FEF730FC00283FD0274B1BBB039BE5
:105D4800073323F0070308330393099B3B44099364
:105D58006AE70C4601200CFB0232A8E700234FF04B
:105D68000A0C194601340593204610F8012B303AE5
:105D7800092A03D9002BC6D00591C4E7044601239C
:105D88000CFB0121F0E703AB00932A463046134B86
:105D980004A9FDF7BBFD0746781CD6D16B6ED90761
:105DA80005D4AB899A0502D4A86DFEF7F3FBAB893D
:105DB8005B063FF51FAF09981EE703AB00932A4621
:105DC8003046064B04A9FEF73FF8E4E7FC630008F9
:105DD800026400080664000815390008935B00088F
:105DE800B1F90C20F8B5160705460C4654D44B6893
:105DF800002B02DC0B6C002B48DDE66A002E45D038
:105E0800002312F480522F68216A2B6030D0626D13
:105E1800A389590705D56368D21A636B0BB1236C44
:105E2800D21A00232846E66A216AB047431CA38990
:105E380006D129681D292BD8284ACA40D60727D554
:105E4800002262602269D904226004D5421C01D173
:105E58002B6803B96065616B2F60B9B104F1440325
:105E6800994202D02846FFF703FA002363630DE046
:105E780001232846B0470246501CC9D12B68002B85
:105E8800C6D01D2B01D0162B1DD12F60002021E07C
:105E980043F040031BB21AE00F69002FF6D09307B6
:105EA80018BF00230E6808BF4B69F61B0F608B6094
:105EB800002EEBDD33463A462846216AD4F828C03E
:105EC800E047002807DCB4F90C3043F040034FF0FA
:105ED800FF30A381F8BD0744361AE9E701004020E6
:105EE80038B50B6905460C4613B90025284638BD58
:105EF80018B1036A0BB9FEF751F9B4F90C30002B4D
:105F0800F3D0626ED00704D4990502D4A06DFEF7D1
:105F180040FB28462146FFF763FF636E0546DA0714
:105F2800E4D4A3899B05E1D4A06DFEF733FBDDE73C
:105F380070B50C46B1F90E10154600291E4696B0EC
:105F48000CDAA389002113F0800F14BF40234FF40B
:105F58008063002031602B6016B070BD6A4600F087
:105F680049F80028EDDB019901F47041A1F50053CF
:105F7800594259414FF48063EBE78B89F7B59D0788
:105F880006460C4607D504F1470323602361012325
:105F9800636103B0F0BD6A4601ABFFF7C9FF009F1C
:105FA800054639463046FFF7D5F948B9B4F90C30FB
:105FB8009A05EED423F0030343F00203A381E2E73A
:105FC800A389C4E9040743F08003A381019B2060EF
:105FD8005BB13046B4F90E1000F01EF828B1A38961
:105FE80023F0030343F00103A381A3891D43A58183
:105FF800CFE7000038B50023064D04460846114691
:106008002B60FBF78BF9431C02D12B6803B123608B
:1060180038BD00BFF403002038B50023054D044601
:1060280008462B60FBF789F9431C02D12B6803B1A2
:10603800236038BDF403002038B50023054D04461D
:1060480008462B60FBF790F9431C02D12B6803B17B
:10605800236038BDF40300200A44914200F1FF3365
:1060680000D1704710B511F8014B914203F8014F68
:10607800F9D110BD1FB514461A46094B05461B68D1
:10608800D8684CB1074BCDE9013400912B4606493D
:1060980000F042F800F052F8044B1C46F3E700BF4A
:1060A80018000020176400082464000852640008DF
:1060B80070B5A1FB025434B92946FFF74BF90646DF
:1060C80028B9304670BD0C2200260260F9E72A463E
:1060D8002146FEF7E1F9F4E782B001B901A942B11E
:1060E8004BB113780B601278101E18BF012002B054
:1060F80070471046FBE76FF00100F8E703460846D3
:1061080041B1FF2A04D98A224FF0FF301A60704744
:1061180001200A70704700000EB403B5014603ABB6
:10612800054853F8042B00680193FFF741FD02B0BE
:106138005DF804EB03B0704718000020062008B58E
:1061480000F02CF80120FBF79AF81F2938B505460E
:106158000C4604D9162303604FF0FF3038BDC26BDC
:1061680012B152F821304BB9284600F031F82246D6
:1061780001462846BDE8384000F018B8012B0AD07F
:10618800591C03D1162303600120E7E700212046AC
:1061980042F8241098470020E0E70000024B01462F
:1061A8001868FFF7D2BF00BF1800002038B50023D9
:1061B800064D0446084611462B60FBF750F8431C71
:1061C80002D12B6803B1236038BD00BFF40300205F
:1061D800FBF73EB8F8B500BFF8BC08BC9E46704750
:0C61E800F8B500BFF8BC08BC9E4670472C
:1061F80053697374656D6120496E696369616C697F
:106208007A61646F20636F7272656374616D656E25
:1062180074652E2E2E0D0000416363656C20583A7C
:1062280020252E3266207C20416363656C20593A14
:1062380020252E3266207C20416363656C205A3A03
:1062480020252E3266200D0A000000004779726F63
:1062580020583A20252E326620207C204779726FFC
:1062680020593A20252E326620207C204779726FEB
:10627800205A3A20252E3266200D0A002D2D2D2D6C
:106288002D2D2D2D2D2D2D2D2D2D2D2D2D2D2D2D36
:106298002D2D2D2D2D2D2D2D2D2D2D2D2D2D2D2D26
:1062A8002D2D2D2D2D2D2D2D2D2D2D2D2D2D0D0063
:1062B80000000000000000000102030406070809AE
:1062C8000000000001020304020304050607080990
:1062D8000A0B0C0D0E0F10100102494E4600696E94
:1062E80066004E414E006E616E0030003031323330
:1062F8003435363738394142434445460030313227
:106308003334353637383961626364656600496EFF
:1063180066696E697479004E614E005245454E5467
:10632800206D616C6C6F632073756363656564656C
:1063380064002F6275696C642F676E752D746F6FBA
:106348006C732D666F722D73746D33325F31332E1B
:10635800332E72656C312E32303234303932362D6C
:10636800313731352F7372632F6E65776C69622F01
:106378006E65776C69622F6C6962632F7374646CE5
:1063880069622F64746F612E630042616C6C6F6385
:1063980020737563636565646564002F6275696C55
:1063A800642F676E752D746F6F6C732D666F722D09
:1063B80073746D33325F31332E332E72656C312E28
:1063C80032303234303932362D313731352F73721D
:1063D800632F6E65776C69622F6E65776C69622FC3
:1063E8006C6962632F7374646C69622F6D70726577
:1063F800632E6300232D302B2000686C4C006566EB
:1064080067454647004300504F534958002E002C1B
:106418002066756E6374696F6E3A200061737365E8
:106428007274696F6E2022257322206661696C651B
:10643800643A2066696C6520222573222C206C69D9
:106448006E65202564257325730A00000500000089
:10645800190000007D0000000080E03779C3414347
:10646800176E05B5B5B89346F5F93FE9034F384DB2
:10647800321D30F94877825A3CBF737FDD4F15755E
:10648800000000000000F03F000000000000244071
:1064980000000000000059400000000000408F404C
:1064A800000000000088C34000000000006AF840B7
:1064B8000000000080842E4100000000D0126341DB
:1064C8000000000084D797410000000065CDCD4151
:1064D800000000205FA00242000000E87648374232
:1064E800000000A2941A6D42000040E59C30A242D0
:1064F8000000901EC4BCD64200003426F56B0C4345
:106508000080E03779C3414300A0D88557347643EB
:1065180000C84E676DC1AB43003D9160E458E1434C
:10652800408CB5781DAF154450EFE2D6E41A4B44C1
:1065380092D54D06CFF08044F64AE1C7022DB54406
:10654800B49DD9794378EA440020202020202020D7
:10655800202028282828282020202020202020200B
:10656800202020202020202020881010101010101B
:106578001010101010101010100404040404040467
:106588000404041010101010101041414141414101
:1065980001010101010101010101010101010101E3
:1065A80001010101101010101010424242424242F3
:1065B80002020202020202020202020202020202B3
:1065C800020202021010101020000000000000005B
:1065D80000000000000000000000000000000000B3
:1065E80000000000000000000000000000000000A3
:1065F8000000000000000000000000000000000093
:106608000000000000000000000000000000000082
:106618000000000000000000000000000000000072
:106628000000000000000000000000000000000062
:106638000000000000000000000000000000000052
:0C66480000000000000000000000000046
:08665400D49BFF7F0100000050
:04665C000D02000823
:04666000E901000844
:1066640000127A0010000000010000000000000089
:1066740003000000B80200201C00002000000000FD
:10668400B80200202003002088030020000000003E
:1066940000000000000000000000000000000000F6
:1066A40000000000000000000000000000000000E6
:1066B40000000000000000000000000000000000D6
:1066C4000000000000000000430000000000000083
:1066D40000000000000000000000000000000000B6
:1066E4000000000000000000430000000000000063
:1066F4000000000000000000000000000000000096
:106704000000000000000000430000000000000042
:106714000000000000000000000000000000000075
:106724000000000000000000430000000000000022
:106734000000000000000000000000000000000055
:106744000000000000000000430000000000000002
:106754000000000000000000000000000000000035
:1067640000000000000000004300000000000000E2
:106774000000000000000000000000000000000015
:1067840000000000000000004300000000000000C2
:1067940000000000000000000000000000000000F5
:1067A400000000000000000005610008E16000082E
:1067B40000000000506500081564000852640008D9
:1067C40052640008526400085264000852640008CD
:1067D40052640008526400085264000852640008BD
:1067E400FFFFFFFFFFFFFFFFFFFFFFFFFFFF0000B3
:1067F400010041534349490000000000000000002B
:106804000000000000000000000000000000000084
:10681400000041534349490000000000000000000B
:106824000000000000000000000000000000000064
:046834000000000060
:04000005080013E9F3
>>>>>>> 445cb88 (Subo LQR funcional a nivel teórico para 6 y 4 VE. También subo intento de primer PID para estabilizar ángulo. Debemos de revisar este último por un error)
:00000001FF
